id,name,email,address,date_joined
1,Nicholas Wood,christopherwilliams@example.org,"7638 Christopher Alley Lake Paulaside, MD 05469",2020-09-12
2,Joseph Moore,nicole82@example.org,"06147 Dixon Park Suite 369 Gloriastad, PR 23037",2024-03-25
3,Zachary Robinson,timothyporter@example.net,USS Patterson FPO AP 41672,2020-07-01
4,Kyle Taylor,tonihill@example.com,"PSC 3789, Box 3703 APO AP 96212",2021-10-17
5,Sean Ortega,barbara00@example.com,"32710 Santos Circle East Jason, SD 23647",2022-12-28
6,Jacob Olson,kespinoza@example.net,"86110 Waters Course Santosmouth, MD 70957",2023-04-08
7,Kent Schmitt,todd94@example.com,"8993 Robin Way Suite 821 North Emily, MP 41416",2021-05-22
8,Thomas Sanchez,michael02@example.org,"4009 Bruce Ridges North Philiphaven, ID 52600",2021-02-01
9,Sharon Watson,alex20@example.org,"37467 Lara Vista Suite 404 South Harrytown, RI 23183",2020-01-17
10,Isabella Williams,tranalexis@example.com,"060 Ashley Land Rodriguezshire, FM 10344",2020-07-03
11,Mary Lee,jamiechavez@example.net,"7649 Mcfarland Corner Apt. 461 New Richardtown, SC 69757",2021-03-09
12,Krista Woods,alawrence@example.net,"63949 Joshua Burgs New Cherylmouth, GA 30924",2020-08-15
13,Heather Winters,gcollins@example.org,"59249 Grant Isle Suite 961 Priscillaside, MT 18142",2024-08-01
14,Christopher Bowman,sclark@example.com,"390 Rojas Cove Ryanfurt, WV 15718",2020-04-30
15,Jay Perez,douglas32@example.com,"502 Dunn Lodge Suite 798 Wilsonshire, KY 16036",2024-01-13
16,Thomas Thomas,richardsbrenda@example.org,"5063 Jessica Villages Port Elizabeth, PR 33323",2022-08-10
17,William Manning,ericwilliams@example.com,"3732 Miller Locks Suite 995 Port Reneefurt, DC 51875",2024-09-27
18,Judith Hill,xlynch@example.net,"18756 Morse Canyon Apt. 634 Sherryside, DE 41203",2020-10-07
19,Manuel Martin,epeterson@example.com,"60507 Daniel Junction South Ambermouth, OR 44037",2023-03-15
20,Kimberly Reed,clarkemichael@example.com,"578 Michelle Lights Suite 032 Gonzalezfort, VI 61456",2023-02-02
21,Heather Oneal,jasmine29@example.com,Unit 1569 Box 5055 DPO AE 41240,2023-12-10
22,Jennifer Burke,apotter@example.net,"8497 Olivia Spurs Rosalesland, OK 69172",2024-10-04
23,Stephanie Edwards,michael02@example.org,"66629 Thornton Pines Marshallberg, MT 36097",2020-09-17
24,Matthew Fox,john21@example.net,"40587 Brendan Pines Charlesfort, CO 57060",2021-10-17
25,Natalie Salazar,shaun69@example.net,"6991 John Divide Apt. 620 Longborough, NH 89211",2020-09-17
26,Michael Farmer,gkirk@example.com,"60060 Oliver Locks Suite 005 Jamieburgh, SD 73218",2021-01-29
27,Brian Jackson,torresandrea@example.org,"13488 Jenkins Greens Suite 522 Smithtown, CA 40672",2024-06-25
28,Kenneth Cohen,linda19@example.org,"3306 Barnes Courts West Lindsay, OK 13965",2024-03-17
29,Andrew Martin Jr.,qortiz@example.net,USS Martinez FPO AE 17535,2023-07-25
30,Ivan Kane,smithbarbara@example.com,"8338 Smith Loop Michaelstad, ND 49930",2020-07-26
31,Douglas Richards,lance23@example.org,"00578 Ashley Heights New Danstad, GA 79373",2020-12-22
32,Nicholas Diaz,tlittle@example.org,"323 Castillo Mountains North Nancy, LA 21197",2021-09-18
33,Danielle Aguilar,megansullivan@example.com,"71430 Collins Center Apt. 889 Lake Mariaton, IA 17367",2020-02-01
34,Debra Meyer,samanthahunter@example.net,"84920 Barnes Spurs Apt. 673 Kevinton, OH 22592",2022-08-17
35,David Brown,stephanieharding@example.org,"5832 Smith Skyway West Makayla, CA 72129",2022-09-04
36,Brian Fitzgerald,andresosa@example.org,"9756 Leah Land Suite 161 Hinesport, PW 32830",2024-09-20
37,Donna Smith,rodriguezmichele@example.org,"225 Carroll Haven South Todd, MI 84181",2021-11-30
38,Paul Bishop,allendonna@example.net,"96763 Richard Dam Bennetthaven, OK 29051",2023-07-20
39,Chelsea Kelly,mhahn@example.com,"5431 Snyder Mountain North Rogerport, AL 05833",2023-06-17
40,Justin Perry,briannawashington@example.org,Unit 4745 Box 9519 DPO AA 40251,2024-09-14
41,Pamela Riddle,jonathanjimenez@example.net,"0334 Wilson Station Suite 378 Rachelland, IN 86718",2024-04-01
42,Lori Rice,robertdixon@example.com,"45545 Ryan Bypass Riverastad, CO 72881",2020-10-06
43,Eric Fowler,khanangela@example.com,"70212 Williams Trail Suite 906 North Catherineview, NC 47030",2020-01-11
44,Carly Bush,phillip80@example.com,"2709 Kenneth Roads New Erica, UT 70218",2021-03-13
45,Christina Wright,douglas28@example.net,"35479 John Expressway Apt. 462 North Ellen, UT 64489",2023-02-18
46,Lauren Riggs,lisaterry@example.net,"6337 Rivera Tunnel East Garytown, FM 51688",2022-04-11
47,Daniel Wallace,julie67@example.net,"07646 Lori Squares West Duanefort, MO 19998",2022-11-02
48,Robert Smith,mary58@example.com,"PSC 8689, Box 6430 APO AP 36431",2023-09-20
49,Nancy Perez,lawsondavid@example.org,"906 Earl Lane Bensonfurt, MA 57188",2020-03-17
50,Caitlin Harris,nicole41@example.com,"50816 Gary Brooks Suite 145 Christinatown, OK 79874",2023-04-03
51,Stacy Phillips,loganmary@example.org,"8387 Garcia Lane Travisburgh, ME 37056",2021-08-30
52,Andrea Jenkins,susanking@example.com,"725 Mary Circle Suite 899 West Leslie, TX 29499",2022-10-10
53,Michelle King,elang@example.com,"94026 Michael Radial West Gregory, LA 59972",2021-12-17
54,Kimberly Levine,craigphillips@example.net,"1149 Clark Falls Reedmouth, GU 32688",2022-05-15
55,Clinton Brennan,michaelbrown@example.com,"519 Veronica Turnpike Suite 030 West Sophia, OR 02900",2021-09-09
56,Tyler Johnson,alexis55@example.net,"594 Whitney Squares Apt. 925 Lake Corey, FL 04245",2024-02-28
57,Douglas White,khughes@example.net,"658 Navarro Turnpike Apt. 015 South Corey, MT 37076",2024-05-13
58,Larry Anderson,smithmichael@example.net,"66964 Evan Knolls Apt. 951 West Mary, AL 10281",2023-10-01
59,Drew Burns,jhuffman@example.com,"PSC 9996, Box 0588 APO AE 75556",2022-11-25
60,Brent Douglas,rschmitt@example.org,"41142 Michelle Dam Paulaport, GU 53006",2020-11-10
61,David Haynes,victor44@example.com,Unit 7148 Box 8193 DPO AA 82748,2021-05-04
62,Andrew Wright,lisa80@example.com,"364 Campbell Pine Apt. 853 Cassandramouth, ME 27005",2022-08-29
63,Ryan Myers,sli@example.net,"036 Moore Ranch Suite 503 West Brandifort, FL 15770",2020-08-14
64,Timothy Ramirez,sullivanjose@example.net,"4626 Teresa Ridge Suite 420 South Justin, WV 33256",2020-09-13
65,Alyssa Schaefer,lori65@example.org,"70323 English Mall Suite 718 Port Carolyn, AZ 26144",2020-01-25
66,Theresa Jenkins,clarkchristopher@example.org,USNS Hardy FPO AA 77526,2021-02-27
67,Angela Vazquez,john50@example.net,"105 Evans Junctions Suite 535 South Jeffrey, NJ 32463",2020-11-08
68,Tabitha Martin,hcompton@example.org,"57628 Teresa Locks Apt. 007 Halemouth, TX 02735",2022-03-25
69,Joseph Travis,ronald18@example.com,"2624 Sanders Neck Suite 511 Grantchester, WA 39985",2023-08-19
70,Caleb Andrews,nhoward@example.net,"88442 Payne Road North Davidchester, NY 92461",2022-12-23
71,Christopher Christensen Jr.,ltaylor@example.org,"4334 Brian Burgs Suite 602 Brianchester, VT 55811",2021-06-30
72,Michael Wilson,aaroncarter@example.net,"213 Griffin Fort Suite 999 Jacksonstad, HI 63686",2022-12-20
73,Jeffery Gentry,rparker@example.org,"3698 Lisa Groves New Johnmouth, VA 40366",2024-03-29
74,Angela Knight,woodjessica@example.com,"5916 Dominguez Circles South Justin, ND 04825",2020-07-20
75,Howard Shepard,bryan24@example.net,"61873 Nicole Walk New Nicole, AZ 33223",2020-04-18
76,Jacqueline Smith,shuff@example.org,"667 Humphrey Common Suite 175 New Gabriellechester, HI 40950",2020-08-19
77,Melissa Buckley,james12@example.net,"642 Vargas Cliffs Lake Susanview, AR 39114",2023-11-30
78,Jonathan Yang,ramirezchristopher@example.org,USCGC Smith FPO AE 52725,2020-08-04
79,Angel Christian,traciwilliams@example.net,"7412 Frederick Road Suite 425 Lukeland, OK 85108",2024-02-18
80,Kristin Dixon,georgeharris@example.net,"92826 Austin Shoals Kellyville, FL 59941",2020-05-31
81,David Brown,jasmin01@example.net,"3132 Mendoza Walks South Michele, OK 62248",2022-09-30
82,Sophia Kirby,dmckenzie@example.org,"10924 Johnny Port South Kimberly, GU 99397",2020-01-23
83,Daniel Smith,smithkatelyn@example.net,"053 Jeremy Brooks Apt. 985 Reyesmouth, MP 34244",2024-07-31
84,Kimberly Johnson,chelseadavis@example.com,"17329 Jessica Lake Suite 976 Lake Julie, OH 44510",2021-07-10
85,Dr. Nicholas Davis,eperez@example.net,"28639 Francisco Spur Apt. 967 Candaceland, AZ 50935",2024-02-09
86,Tara Lee,nkelly@example.com,"8406 Kim Skyway Smithside, AR 93971",2020-11-09
87,Ruben Bond,roserobert@example.org,"387 Betty Corner Suite 323 Port Timothy, AZ 10300",2024-03-28
88,Jeffrey Hunter,mary81@example.org,"03243 Bell Lights Apt. 233 South Ian, NY 24349",2020-12-16
89,Amy Andrews,mcfarlandthomas@example.com,"8630 Lauren Walks Apt. 918 Port Emily, VT 66079",2020-07-26
90,Vanessa Caldwell,stephaniestanley@example.org,"9537 Daniel Harbor Suite 429 Port Lauren, IA 39597",2020-09-14
91,Theresa Cook,anthonydalton@example.net,"8587 Jackson Vista Port Laura, AZ 48225",2022-12-12
92,Nicholas Silva,debbie09@example.com,"060 Shari Ridges Morenoville, ND 55501",2021-07-15
93,Danielle Salazar,steven48@example.net,"9971 Michael Bypass Apt. 307 West Kimberly, CO 14765",2022-06-20
94,Kevin Alexander,kwest@example.org,"186 Zavala Mountains Moorebury, AK 84469",2022-01-09
95,Paula Washington,arellanojessica@example.com,"05881 Luna Cove Taylorburgh, SC 67973",2022-06-26
96,Charles Gross,aturner@example.org,"854 Nicholson Junction Apt. 531 New Kelsey, KY 17794",2020-01-12
97,Patrick Reed,harringtonjohnathan@example.net,"942 Smith Spurs East Crystalbury, WI 08031",2023-12-09
98,Jason Williams,justin52@example.net,"30668 Graves Row New Brooke, AR 65392",2020-11-17
99,Gavin Mcdaniel,audreyanderson@example.org,"0940 Thomas Club Suite 597 South Ryanview, NV 85864",2022-09-18
100,John Smith,bradleybarbara@example.net,"90363 Jessica Drive Apt. 255 Taylorshire, RI 61756",2021-06-28
101,Jeremy Krueger,burkealexander@example.net,"9167 Jones Trace South Angela, CA 80124",2022-01-29
102,Charles Burton,tleonard@example.net,"784 Harris Expressway Lake Melaniemouth, MH 82089",2022-11-19
103,Lori Hernandez,janderson@example.net,USNS Brown FPO AE 13648,2024-09-18
104,Eduardo Barton,briangarcia@example.com,"17159 Kimberly Oval Suite 548 East Michelle, IA 74832",2021-08-15
105,Susan Gonzalez,wtorres@example.org,"922 Baker Route Suite 438 Hawkinsstad, AR 25702",2020-11-30
106,Tracey Gardner,egeorge@example.com,"476 John Square Apt. 659 Autumnbury, MS 90155",2023-03-26
107,Andrea Johnson,alexis82@example.com,"67409 Ramirez Ridge South Diana, NJ 74415",2022-09-09
108,Kelsey Lam,beardcody@example.net,USNS Lindsey FPO AE 26524,2022-01-03
109,Yvonne Cunningham,heather05@example.com,USS Bryant FPO AP 59624,2021-10-11
110,Doris Sanders,burkewesley@example.org,"3769 Rebecca Forges Luischester, AK 97939",2022-08-29
111,Mary Reyes,jeffreybraun@example.org,"7845 Sarah Ports Suite 352 South James, MA 74110",2020-02-08
112,Kelli Kaiser,justin31@example.net,"22444 Johnson Stream Apt. 011 Murphyborough, KY 46561",2024-06-02
113,Adam Collins,ecantrell@example.com,"2280 Castro Plaza West Marvin, WY 27902",2020-08-29
114,Jessica Moore,cooperjesse@example.com,"51941 Lindsey Roads Suite 592 East Michael, FL 46990",2023-01-17
115,Brian Bryant,hendersonjames@example.net,Unit 2813 Box 6290 DPO AA 84785,2020-04-12
116,Donald Martinez,weeksjacob@example.net,"958 Adams Divide Apt. 529 Morristown, GU 69848",2024-02-07
117,Jerry Hutchinson,watsonchelsea@example.com,"6504 Michael Lakes Apt. 006 Powersview, WV 20039",2022-10-31
118,Nicholas Lyons,bakermichael@example.net,"58926 Sarah Islands Lake Jessicatown, NE 75780",2023-12-27
119,Kelly Howard,thompsonjoshua@example.net,"PSC 9693, Box 6040 APO AP 46008",2022-08-31
120,Jessica Adams,jeffrey44@example.net,"968 Tammy Prairie Langshire, MT 04153",2021-01-16
121,Dennis Trujillo,sarah17@example.net,Unit 3435 Box 6510 DPO AP 31702,2024-07-04
122,Robert Lane,henry89@example.org,"88119 Fitzgerald Mill Port Nicole, MH 30561",2020-08-03
123,Kristin Brown,youngdanielle@example.net,"24897 Carpenter Village Rodriguezbury, PR 05278",2022-03-31
124,Dennis Gates,christine06@example.net,"20169 Park Corner Mitchellfurt, MO 80282",2023-10-23
125,Ian Thomas,pallison@example.com,"097 Tony Isle Suite 822 Kleinmouth, VI 06108",2020-02-11
126,Michelle Cantrell,travisramirez@example.net,"86899 Steven Ramp South David, AK 14092",2020-06-19
127,Kevin Young,stewartdeborah@example.net,"0486 Melanie Green Suite 416 Clayburgh, VA 51468",2024-10-01
128,Hayden Rowland,webbdavid@example.org,"70520 Anthony Rue Apt. 198 Barrymouth, KY 35411",2021-09-24
129,James Thomas,lisacook@example.com,"10669 Allen Prairie Suite 075 North Lindaview, VA 13834",2023-09-06
130,Michael Freeman,christine08@example.net,"89321 Jacob Club Port Karl, IA 40720",2023-06-01
131,Justin Walker,jweber@example.com,"55179 Karl Course Suite 369 Rubioport, OR 93360",2023-12-13
132,Jeffrey Smith,jamie88@example.org,"108 David Parkway Apt. 716 Lake Luis, SD 56169",2021-01-21
133,Amanda Stevens,stevenphillips@example.com,"6313 Price Square West Gregory, DC 79167",2021-08-01
134,Daniel Adams,gbishop@example.org,"34355 Nicholas Flat Apt. 860 Lake Vickifurt, MH 32778",2021-04-03
135,Angela Alvarez,steven13@example.org,"863 Megan Streets Boltonberg, KY 02032",2021-07-20
136,Heidi Russo,griffithkatherine@example.org,"3123 Scott Rue Apt. 714 Murraybury, ND 61833",2022-04-14
137,Julia Grant,tsampson@example.com,"08239 Chad Neck North Brookeside, ME 00917",2021-12-22
138,Melissa Rodriguez,iwoods@example.org,"859 Smith Fields Apt. 366 North Alexander, MH 76706",2020-05-05
139,Stephen Allen,nicolasruiz@example.net,"27176 Lawrence Alley Apt. 764 Rachelfort, PA 15824",2023-06-01
140,Linda Dean,manuel32@example.org,"3713 Nguyen Lakes South Jonathanhaven, MD 60510",2022-12-01
141,Heather Lee,sgreen@example.com,"50874 Sydney Stream West Jorgetown, LA 48432",2021-08-28
142,Zachary Holmes,joshua16@example.org,"56692 Hester Hills Apt. 657 New Matthewburgh, AZ 87297",2022-03-15
143,Amy Cortez,fischerdaniel@example.org,"070 Rivera Extensions Maryport, SC 72706",2023-07-12
144,Denise Graham,charlesharris@example.org,"75523 Krista Valleys Apt. 309 Fitzgeraldshire, NM 86941",2021-07-30
145,Ronnie Torres,frankbrown@example.com,"2335 Smith Valley Lake Melissa, SC 62670",2020-11-24
146,Lee Walls,emurphy@example.com,"9333 Medina Squares Johnsonmouth, PR 38279",2023-10-02
147,Michelle Williams,zacharythompson@example.com,"7929 Miller Place West Jasmine, GU 88743",2020-03-26
148,Paul Morris,barberricky@example.net,"24353 Harris Curve Suite 864 Lake William, MD 17320",2024-02-09
149,Alexis Schwartz,yjones@example.net,"84087 Davis Locks East Dustinside, NC 28305",2021-09-12
150,Ms. Audrey Aguilar,brianbraun@example.net,"49470 Robert Park Apt. 473 Destinyhaven, AZ 46387",2022-06-07
151,Marissa Alvarado,adamsdavid@example.org,"1728 Angela Radial Lake Jeremy, NM 19296",2021-07-15
152,Amanda Thompson,erik52@example.com,Unit 9132 Box 3240 DPO AA 19249,2022-01-29
153,Jennifer Warner,andersonerica@example.net,"72880 Kelly Flats Suite 240 Jenniferchester, FM 60705",2020-12-14
154,Jennifer Rowland,carolynturner@example.com,"4854 Kathryn Harbor Adamsburgh, DE 64742",2024-09-28
155,Rebecca Mathis,mitchellgregory@example.com,"7532 Henderson Drive Apt. 424 Tammyborough, ND 57546",2023-04-30
156,Samuel Dickerson,nhill@example.com,"2293 Maureen Fall West Justinstad, AS 51752",2024-05-07
157,Cheyenne Maxwell,daviskatie@example.org,"5661 Clarke Streets Suite 459 Jeffreyberg, DC 75389",2021-09-08
158,Connor Allen,howelljohn@example.net,"19070 Brown Vista Darrellchester, FM 44780",2023-10-27
159,Tyler Harper,andrew55@example.com,Unit 3874 Box 3183 DPO AA 23742,2022-01-09
160,Corey Schroeder,dana37@example.org,"4856 Macias Mission Suite 152 Meghanton, HI 23908",2021-08-11
161,Frank Evans MD,kim60@example.com,"167 Harris Brooks Apt. 145 East Donnaberg, AS 39955",2023-12-17
162,Alexandra Singh,qwiggins@example.com,"55237 Diana Manor Suite 212 New Michelleton, TX 04950",2020-06-30
163,Nicole Mooney,haleybrooks@example.org,"8282 Clark Viaduct Suite 673 Scottport, OK 65565",2024-04-26
164,Roberto Atkins,paulsnyder@example.net,"396 Rebecca Flat Apt. 854 Monicaside, HI 23625",2020-11-27
165,Rebecca Velasquez,vford@example.net,"3124 Jake Islands Suite 682 Crossport, NY 51034",2023-03-24
166,David Mcintosh,anthony13@example.com,"040 Nicole Spurs New Michelle, PW 75048",2020-09-01
167,Daniel Heath,travis61@example.org,"248 Evans Manor Lake Christinafurt, LA 32875",2021-11-19
168,Stephen Smith,tanner94@example.net,"756 Rachael Forges Suite 093 North Donaldport, OR 39777",2020-10-11
169,Jason Calderon,markwagner@example.com,"750 Griffin Rest Port Benjaminmouth, OR 85699",2020-02-17
170,David Bartlett,dlopez@example.com,"45321 Holland Prairie Robertsburgh, AL 70704",2024-04-17
171,Justin Shelton DDS,nathan31@example.com,"457 Harris Flats Suite 521 Lake Melvinshire, GA 47988",2022-12-05
172,Thomas Jackson,sheryl75@example.org,"329 Timothy Lodge Sanchezchester, HI 65341",2023-10-20
173,Jeffrey Garza,pbond@example.net,"530 Audrey Rest Wrightmouth, HI 01790",2022-05-29
174,Anthony Smith PhD,tiffanyjackson@example.org,"26934 Sanchez Knolls Apt. 923 Lake Sarahhaven, NH 45425",2022-03-12
175,Laura Robinson,hoffmandouglas@example.net,"4836 Jonathan Shoals Apt. 498 New Courtney, DC 79904",2020-05-30
176,Gary Williams,tmedina@example.org,"45749 Angela Trail Lawsonborough, NJ 16932",2021-10-07
177,Brian Levine,melissanewton@example.org,"745 Chad Rapid Suite 383 Lisaview, FM 57658",2024-03-02
178,Candace Williams,zbarton@example.net,"7320 Latasha Wells Apt. 860 Lake Staceyton, CA 22681",2023-12-21
179,Melissa Schroeder,stephanie85@example.com,"508 Matthew Overpass Apt. 153 Michaelview, MO 34732",2022-12-28
180,Allison Parks,rblevins@example.org,USNV Jackson FPO AP 68510,2020-02-25
181,Mr. Edwin Fowler,yfoster@example.com,"41942 Melissa Crest Alexanderland, ID 36128",2020-03-29
182,Curtis Cardenas,campbelljoseph@example.org,"5620 Sara Glens Apt. 511 Thomasview, MS 22595",2021-05-18
183,Andrew Phillips,elizabethsandoval@example.org,"9920 Schmidt Drives Johnsonview, MT 37301",2023-11-17
184,Krystal Paul,barnesvalerie@example.org,"379 Wendy Glens Suite 348 Juliebury, MI 56076",2022-11-03
185,Seth Taylor DVM,robin14@example.com,"86512 Melissa Islands Coxstad, AS 29715",2020-07-03
186,Kimberly Fowler,wagnersamantha@example.org,"001 Miller Point Suite 727 Gibsonton, VI 89058",2020-05-04
187,Melissa Hoffman,cameronpeters@example.com,"79759 William Pass Port Joshuastad, GU 10933",2021-04-07
188,Sarah George,johnsonrussell@example.com,"7833 Michelle Mountains Suite 693 Lake Josephtown, AL 69793",2024-05-04
189,Lori Patel,ortizjoseph@example.org,"5424 Little Walks Apt. 008 North James, VA 50472",2020-10-15
190,Henry Moore,ysavage@example.net,"69598 Harris Flat Apt. 959 Gallowayberg, MH 26650",2020-12-20
191,Justin Schroeder,tgreer@example.net,"74456 John Groves Apt. 732 Browningmouth, PA 55355",2022-03-11
192,Jennifer Richards,alexdaniels@example.org,"7687 Melissa Parks Apt. 337 Lake Antonio, AS 89318",2023-02-03
193,Austin Hernandez,lisa87@example.org,"9653 Cohen Ports West Diana, IA 66369",2020-01-01
194,Michael Lawson,angelaalexander@example.org,"725 Lee Point Wallacetown, MA 49689",2024-07-12
195,Michael Holder,jonesmichael@example.org,"7121 John Views Apt. 287 Mcdanielborough, RI 32700",2021-07-13
196,Mr. Todd Hopkins,patrick39@example.com,Unit 4375 Box 4992 DPO AE 20764,2022-12-29
197,Daniel Baker,travis63@example.net,"1817 Brett Manors Apt. 136 Lisafurt, MP 39578",2021-10-23
198,Leah Wright,melindapugh@example.net,"449 Schultz Islands Stokesland, AK 54848",2022-04-25
199,Joshua Wells,lrobinson@example.org,"488 Troy Valley Apt. 334 Danielshire, AL 42693",2021-01-05
200,Teresa Warren,lindsay42@example.com,"96657 Wilson Forges Apt. 171 North Caitlin, CA 34420",2022-05-10
201,Ronald Dixon,lauraking@example.com,"2357 Carla Fork Teresaburgh, MD 54573",2020-04-17
202,Jeremy King,livingstonlisa@example.com,"73714 Richard Roads Youngberg, OK 22018",2022-08-25
203,Jose Walker,lindseygregory@example.org,"PSC 1545, Box 2206 APO AP 93669",2022-03-10
204,Austin Brown,rickey20@example.org,"52332 Ashley Fort Apt. 284 Hullborough, MN 76221",2020-12-21
205,Joseph Gregory,kellylyons@example.org,"033 Atkins Ways Suite 587 Jenniferview, MA 70685",2021-04-14
206,Abigail Young,pamelacampbell@example.com,"815 Gross Plaza Port Jose, IL 08534",2023-08-04
207,Tiffany Vargas,joshuacombs@example.org,"80295 Maddox Bypass Suite 940 South Deborah, CT 01772",2024-05-07
208,Christopher Oliver,ucox@example.com,"5610 Cruz Fords Suite 354 East Chadview, TX 97454",2022-09-24
209,Sandra Jones,dorothy73@example.com,"17244 Robert Village Port Claudiahaven, PR 13752",2022-01-22
210,Edward Dunn,stewartsierra@example.net,"02829 David Row Apt. 253 Jenniferhaven, NC 15088",2023-10-28
211,Justin Williams,steven32@example.com,"PSC 4008, Box 5579 APO AP 82646",2020-11-06
212,Larry Rogers,williamhunt@example.net,"76201 Porter Well New Haley, OR 81507",2022-07-30
213,Brooke Butler,marymorales@example.com,"664 Miller Meadow Apt. 405 Lake Laura, DC 75913",2022-10-24
214,David Smith,blackchristopher@example.org,"PSC 0926, Box 6476 APO AA 33056",2023-06-02
215,Jack Lamb,hollybennett@example.com,"1409 Roberts Village Suite 185 West Kathleen, TX 18674",2022-01-01
216,Nathan Harrison,burkedouglas@example.net,"16563 Natalie Pass Apt. 846 South Jodi, WV 34068",2020-01-05
217,Kathryn Phillips,jmartinez@example.com,"13727 Mason Cove Apt. 235 Dakotaport, IL 39507",2024-04-10
218,Jessica Carr,david76@example.org,USCGC Collins FPO AP 93410,2022-11-15
219,Dr. Kelly Bates,emcdonald@example.com,"330 Jacqueline Spur New Annmouth, OH 56591",2020-05-03
220,Philip Dunn,vasquezandrew@example.com,"98912 Todd Lock Suite 014 New Angelaview, FM 48281",2021-07-24
221,Leslie Humphrey,djohnson@example.org,"089 Jessica Extensions Suite 466 Hudsonland, CO 17143",2021-02-13
222,Michelle Hayes,holly57@example.net,"2703 Brian Green Hamiltonberg, WA 70906",2023-04-10
223,Chad Chan,fostertyler@example.org,"832 Chavez Meadow West Jason, GU 50290",2020-07-13
224,Colin Harris PhD,brittneypacheco@example.net,Unit 0581 Box 7119 DPO AP 44381,2023-11-21
225,Rebekah Hodge,kristyavery@example.net,"52059 Justin Road Sierrashire, NY 70384",2024-07-18
226,Jerry Williams,lucas71@example.net,"14799 Emily Island Wendystad, GA 16770",2024-01-24
227,Samantha Williams,audrey62@example.com,"4590 Hendrix Gardens East Corey, NJ 52862",2022-06-19
228,Mario Hunt,thomas11@example.org,"61726 Evans Bypass Cooleymouth, MD 58271",2024-08-21
229,Paul Hartman,john82@example.net,"PSC 3272, Box 3690 APO AA 53461",2023-04-22
230,Matthew Camacho,carlsonlisa@example.org,"7854 Pruitt Ridge North Jason, AL 40699",2020-07-10
231,Lauren Castillo,keithmiller@example.org,"2509 Anthony Ridges Apt. 108 Lake Nicolehaven, LA 66381",2020-04-30
232,Derek James,deborahlarsen@example.org,"841 Randall Groves Allenhaven, MO 09361",2024-06-28
233,Brandon Juarez,triciawright@example.org,"86159 Sara Greens West Juliehaven, MN 18838",2023-11-14
234,Madison Crosby,vazquezlaura@example.net,"632 Alvarez Points Apt. 827 Wendyville, SD 87766",2020-04-09
235,Deanna Fisher,zbriggs@example.org,"729 Diaz Burgs Huntmouth, WA 47907",2024-07-28
236,Kathryn Mills,ddavis@example.net,"140 Myers Garden Suite 718 Melissamouth, MS 10525",2024-10-05
237,Tracie Chavez,michael82@example.org,"347 William Springs Suite 219 Noblefurt, FM 21443",2021-09-30
238,Brandon Ball,ucunningham@example.com,"71398 Thomas Groves Jonathanton, KY 13656",2023-06-01
239,Thomas Martin,imayo@example.org,"52465 Brandon Stravenue Suite 824 Port Brittanyville, VT 51505",2020-03-02
240,Adam Richards,trevorallen@example.org,"10013 Steven Field Suite 156 Port Jeffreybury, AR 23842",2021-12-31
241,Nancy Porter,derrick96@example.net,"8682 Nichole Points Apt. 672 Port Brianna, CA 46006",2022-05-10
242,Robert Wilson,jennifer25@example.net,USS White FPO AP 57944,2022-05-18
243,Laura Mccarty,bethany78@example.net,"772 Christina Branch Port Royhaven, LA 79499",2021-11-28
244,Kristine Navarro,cwatts@example.com,"1607 Nicole River East Lisa, MH 08479",2020-09-01
245,Daniel Howe,uholland@example.net,Unit 9577 Box 4172 DPO AE 50033,2022-07-15
246,Diane Mcintyre,qnielsen@example.org,"23654 Torres Circle Apt. 302 Hallborough, MN 43322",2020-10-01
247,Jay Pierce,brittney95@example.net,"96105 Katie Corner Apt. 987 Matthewmouth, PR 18083",2023-11-04
248,Debbie Espinoza,pameladudley@example.net,"262 Lucero Squares Williamville, DE 61240",2021-10-10
249,Sergio Sanders,lori62@example.org,"83458 Ortiz Path Suite 831 Kelleymouth, MP 12139",2020-12-16
250,Thomas Little,david03@example.com,"12390 Massey Lake Apt. 540 Matthewmouth, GU 01258",2020-10-28
251,Suzanne Payne,mcampbell@example.com,"630 Travis Ways Suite 427 Sydneystad, AZ 76197",2023-07-25
252,Jason Chen,kayla58@example.com,"1908 Laura Square Ortizfurt, VT 71240",2022-07-05
253,Stacy Liu,karaharding@example.net,"853 Sullivan Forest Graceville, MN 22417",2020-07-12
254,Monica Harmon,emurray@example.com,"PSC 7891, Box 9681 APO AE 83831",2020-12-29
255,Heather Jones MD,david62@example.net,"66993 Tyler Shores Suite 372 Brianport, AZ 49583",2020-07-08
256,Ebony Turner,ykeith@example.org,"6806 Hardin Wall Suite 738 Ashleybury, HI 32447",2024-04-10
257,Matthew Waters,hreese@example.net,"0754 Jason Spring Apt. 751 Williamsonhaven, CO 66779",2020-02-04
258,Benjamin Donaldson,matthewpowers@example.org,"319 Lane Extension Suite 442 Dillonside, KY 66067",2020-05-09
259,Brian Sheppard,jay18@example.com,"11925 Spears Ramp Williamtown, DE 05699",2020-01-04
260,Anne Bailey,christineshaw@example.net,Unit 3142 Box 2962 DPO AA 79748,2020-09-23
261,Emily Moreno,macdonaldthomas@example.com,"438 James Brooks Suite 108 Lesliehaven, AS 00618",2022-08-05
262,Stephanie Glenn,david83@example.net,"18640 Clark Highway Suite 863 Ericaport, FM 19705",2022-06-29
263,John Rogers,kevinthomas@example.com,"2257 Wolfe Circles Apt. 749 Port Ricky, ND 45677",2021-09-08
264,Jesse Stephenson,wyattjames@example.net,USNS Munoz FPO AA 81854,2024-05-29
265,Amanda Davis,jennifer40@example.com,"9972 Eric Parkway Curtisburgh, ME 76113",2023-01-29
266,Rebecca Nixon,oberry@example.org,"73824 Michael Mews Bennettfort, NV 20417",2022-06-29
267,Robert Watts,matthew39@example.com,"588 Valenzuela Turnpike Apt. 795 Lake Kurt, VA 55035",2022-12-25
268,Mary Arroyo,eric35@example.net,Unit 4985 Box 3242 DPO AA 06641,2021-07-09
269,Kevin Larson,tperez@example.net,"49300 Sheryl Loop North Jason, RI 86613",2023-06-13
270,Joel Johnson,oscarspencer@example.net,"670 Ross Lodge Suite 979 Gibsonfurt, KS 59984",2021-05-19
271,Philip Mason,pamela45@example.net,"017 Travis Inlet Apt. 968 Normanborough, OH 16857",2024-09-09
272,Jessica Evans,qrandall@example.net,"7819 John Point Bartlettstad, ME 06108",2022-01-29
273,Stacey Cortez,rgarrett@example.com,"45251 Mccann Groves Apt. 884 Brownfort, ID 38463",2022-06-26
274,Jesse Santos,gsawyer@example.org,"8278 Barbara Cove Stevenfort, HI 04909",2020-10-13
275,Sydney Walker,cbrock@example.org,"5587 Jack Pass Apt. 209 South Paulfurt, MD 30084",2020-12-03
276,Debbie Walker,davisjessica@example.com,"3761 Erickson Knolls Suite 867 Weberville, LA 52595",2023-12-13
277,Derek Larsen,vanessanelson@example.net,"76533 Amy Prairie East Ronnie, GU 41983",2023-06-09
278,Amber Jones,nicole81@example.net,"20223 Nicole Crossing Stricklandshire, AZ 08624",2022-04-01
279,Logan Wiley,joneslisa@example.com,"476 Benjamin Fort Dakotaview, ME 97431",2021-01-26
280,April Frye,dreid@example.com,"548 Keith Villages Apt. 039 Port Ronaldland, PA 12850",2020-02-14
281,Christine Baker,tammyfoster@example.com,"189 Michael Manor Suite 603 West Bobbyfurt, TN 22226",2022-11-23
282,Paul Horne,spencerwalker@example.net,USS Jones FPO AP 07026,2024-09-07
283,Pedro Williams,cdiaz@example.org,"0062 Angela Roads Port Karaville, WV 61877",2020-01-14
284,Jon Ruiz,matthewgordon@example.net,"390 Baker Turnpike New Jesseberg, NV 40720",2024-01-26
285,Dr. Shannon Smith,anthony62@example.org,"226 Smith Square Lake Kaitlynview, NC 65507",2022-10-26
286,Michael Odom,gravesandrew@example.com,USNS Reed FPO AA 12349,2021-02-13
287,Amanda Mcdonald,kathleenjohnson@example.com,"8474 Michael Station Wrightville, KY 38999",2022-10-09
288,Jennifer Ballard,jessicamoore@example.net,"9257 Gray Burgs Suite 032 West Christophershire, PW 29495",2021-02-27
289,Heather Graham,joshuabishop@example.com,"126 Gerald Centers North Tommy, KY 62198",2021-09-24
290,Deborah Rogers,sherrymerritt@example.org,"038 Thomas Pines Suite 389 Jamiefurt, GU 60844",2020-01-04
291,Carl Brennan,kelleybryan@example.net,"14761 Roberts Lock Apt. 873 West Brandonville, TX 88844",2024-07-22
292,Jackie Franklin,wanderson@example.org,Unit 9460 Box 8198 DPO AE 94625,2020-04-30
293,William Wilson,tbenjamin@example.org,"5133 Jill Falls Apt. 119 Dannystad, KY 62120",2024-01-30
294,Jennifer Wong,john82@example.com,"23941 Kimberly Course Port Karen, NC 53275",2021-09-21
295,Gabriel Franco,mckeedebra@example.com,"PSC 1328, Box 2539 APO AA 99222",2021-01-23
296,Christopher Hernandez DDS,torreslisa@example.net,"186 Chloe Parks Apt. 462 Maldonadofort, UT 25226",2022-09-06
297,Valerie Gibson,kimberlysoto@example.com,"987 Jeremy Course Smithfort, DC 27934",2022-12-02
298,Holly Fisher,jonathan71@example.com,"67937 Monique Stravenue Apt. 138 New Chrisshire, AS 18310",2024-05-21
299,Jennifer Carroll,fordjanet@example.com,"77653 Gardner Alley Lake Staceyville, MS 61962",2024-04-27
300,Richard Nelson,larsongina@example.net,"815 Rasmussen Corners Tommyhaven, MH 40784",2022-07-12
301,Patrick Bishop,daniel76@example.net,"PSC 3926, Box 8410 APO AE 47494",2022-06-07
302,Mark Jones,obrown@example.net,"303 Stephanie Point Suite 987 Elizabethmouth, WI 13259",2022-08-30
303,Sandra Wood,townsendchristine@example.com,"156 Stephen Park Lake Brianmouth, IL 80061",2024-01-07
304,Jenna Wong,jamiemullen@example.org,Unit 4912 Box 8704 DPO AA 13109,2020-02-03
305,Hector Gutierrez,julia47@example.net,"2468 Martinez Prairie Edwardsberg, IN 43727",2023-09-16
306,Fernando Sandoval,deanna57@example.com,"83363 Boyer Ports Apt. 738 Seanborough, NC 69949",2024-02-03
307,Anna Collins,matthew05@example.com,Unit 8955 Box 1426 DPO AE 74772,2020-07-04
308,James Hatfield,chanson@example.net,"7172 Gonzalez Port Apt. 080 Davidberg, OR 77828",2024-06-25
309,Robert Manning,stewartchristina@example.com,"54182 Davis Rest Apt. 187 Evansfurt, ID 40648",2022-01-17
310,Billy Johnson,amywillis@example.org,"79858 Odom Road New Cassandra, GU 39331",2020-09-24
311,Edward Brown,wrighttara@example.net,"133 Logan Trail Apt. 484 Port Kennethburgh, NY 37865",2022-02-04
312,Victoria Shepherd,sotorichard@example.org,"46923 Mcdaniel Pike West Trevorview, AL 26640",2021-02-23
313,Michelle Marsh,rodriguezkyle@example.org,"6512 Elizabeth Glen Apt. 202 New James, WA 25878",2021-04-10
314,Joanna Bishop,ltaylor@example.org,"461 Perez Common Michaelview, WI 14300",2023-06-01
315,Marc Ramirez,wilcoxkevin@example.org,"17398 Kristi Parks Suite 129 Lisashire, FL 76356",2024-02-17
316,Jacob Flowers,williamcortez@example.net,"738 Smith Wells West Thomaston, WA 30762",2022-08-31
317,Daniel Gaines,uboone@example.com,"779 Joshua Cliffs Whitehaven, OK 31876",2020-07-07
318,Thomas Gonzalez,moorekathryn@example.com,"307 Shaw Haven West Stephanieshire, FM 51633",2021-06-04
319,Kelly Gutierrez,susan67@example.org,"830 Joanne Estates Apt. 739 Mackbury, MA 89832",2024-04-18
320,Jasmine Baker,april76@example.org,"3419 Manuel Rest Suite 328 Pearsonport, WA 51774",2021-09-01
321,Stephen Leach,johnsonashley@example.net,"50336 Natalie Field Apt. 919 Karenmouth, PR 97615",2022-03-02
322,Ana Thomas,cwarren@example.com,"8365 Marshall Bridge Suite 213 Nathanton, LA 86325",2023-05-26
323,Daniel Brown,rodriguezangela@example.org,"679 Morgan Throughway Bradytown, AR 95230",2021-09-25
324,Christopher Romero,velasquezchristopher@example.com,"84717 Davidson Oval Suite 696 Victorborough, WY 44879",2022-03-14
325,Kristi Hall,ralvarez@example.org,"24103 Jamie Motorway Marilynshire, NJ 47857",2022-06-05
326,Jenna Davis,youngerika@example.net,"0335 Gina Key North Samantha, VI 54348",2020-12-20
327,Tamara Dickerson,danielcochran@example.net,"901 Long Way North Donna, MO 63786",2020-01-13
328,Christopher Mitchell,xhoward@example.net,"8697 John Trail Suite 950 Michaelberg, MA 84773",2023-06-19
329,Barbara Mccarthy,catherineboyd@example.org,"638 Jasmine Extension Apt. 894 West Gary, WV 11004",2020-04-07
330,Calvin Rodriguez,garrettnelson@example.net,"3262 Martinez Walk West Margaret, VT 60991",2022-08-14
331,Brent Hernandez,wmoran@example.com,"812 Peterson Stravenue South April, KS 92413",2023-06-11
332,Daniel Barrett,cuevassamantha@example.net,"428 William Drives Suite 381 Brianberg, HI 72561",2024-07-27
333,Travis Martinez,henryhale@example.com,"742 Vincent Passage East Donborough, NV 84908",2020-09-19
334,Anthony Knight,dylan61@example.com,"34054 Larson Square Apt. 013 Jamiefort, RI 75450",2023-12-31
335,Alan Ortiz,kurtjackson@example.com,"49132 Stanley Ferry East Lonniefurt, NY 85360",2022-12-29
336,Cynthia Blackwell,pparker@example.com,"26526 Jones Mall Suite 702 New Gregoryside, SC 15322",2024-06-13
337,Melissa Burton,janice62@example.com,"36212 David Courts Apt. 961 Danaville, KY 49597",2020-09-03
338,Mark Hutchinson,jennifercoleman@example.org,"62332 Chloe Valley Apt. 205 Brianbury, KS 88784",2022-01-10
339,Gary Mccoy,josephwatson@example.org,"03122 Adam Grove Suite 971 Ryanport, ME 68945",2020-12-27
340,Jerry Nelson,kayla50@example.net,"813 Stewart Freeway Apt. 943 Lewisborough, VI 68012",2022-06-26
341,Matthew Brown,rodriguezjennifer@example.com,"551 Meyers Parkways Suite 182 Oconnellfort, NH 64802",2024-04-03
342,Lisa Joseph,matthewtaylor@example.com,"6780 Hanson Bridge Apt. 038 New Allenshire, RI 34588",2020-03-08
343,Joseph Mitchell,mduffy@example.org,"PSC 6217, Box 3902 APO AA 25995",2020-10-10
344,Courtney Brown,heidibarrett@example.net,"0667 Becker Pike Freemanmouth, AK 87193",2023-05-09
345,William Crosby,scottsmith@example.net,"34228 Sandoval Road Apt. 207 West Victoria, OH 06336",2023-11-29
346,Patrick Mercado,amartin@example.com,"48043 Eric Spur Port Roy, VI 07518",2020-08-06
347,Joseph Sandoval,briandonaldson@example.net,"987 Joseph Ferry Suite 593 New Rebeccashire, OH 78271",2020-03-08
348,Kelly Carroll,fostersusan@example.net,"0826 George Grove Gonzalestown, MD 92753",2023-05-24
349,Alexandra Rivera,john26@example.net,"98228 Hodge Track Suite 783 South Robert, NJ 38666",2022-06-02
350,Keith Vance,ashley64@example.com,"5443 James Brook Port Justinburgh, RI 00535",2020-02-24
351,Jared Brooks,zachary94@example.org,"6570 Acevedo Street Davidton, PW 57328",2021-10-17
352,Ryan Kelley,jessicaharrell@example.org,"138 Arellano Skyway East Seantown, NM 44054",2022-05-17
353,Nicholas Stewart,taylorashley@example.com,"8577 Nathaniel Shoal Oscarstad, MI 63103",2020-01-26
354,Brenda Stanley,stephanie81@example.com,"3698 Evans Center Hernandezfort, WI 17491",2024-06-03
355,William Phillips,kcisneros@example.com,"3830 Moore Corner Kathrynshire, VA 55239",2020-02-23
356,Nancy Brown,anthonycalhoun@example.com,"60100 Nicholas Station Apt. 464 West Franciscoburgh, WV 50951",2022-05-04
357,Claire Lewis,garzabryce@example.com,"671 Jimenez Underpass Suite 813 South Scottburgh, ND 67345",2021-07-01
358,Sabrina Mclean,fflores@example.org,"1899 Murphy Motorway North Jesse, SC 66209",2020-12-30
359,Kevin Kim,tparker@example.net,"8093 Myers Plaza Lake Christine, HI 62257",2020-11-10
360,Sarah Gordon,wjackson@example.net,"0766 Grant View Lake Dylanberg, PR 41086",2020-03-13
361,Joe Grant,lmora@example.com,"61974 Troy Brook Suite 446 East Trevor, CT 47025",2021-05-03
362,Laurie Bryant,lisasmith@example.org,"471 Carrie Highway Apt. 762 Gibsonhaven, CT 85484",2020-04-21
363,Carlos Franklin,fmiller@example.org,"22651 Thompson Island Apt. 416 Thomaschester, MI 08657",2024-01-19
364,Heidi Anthony,robinbailey@example.org,"24967 Cameron Springs Michaelborough, MA 57523",2021-10-06
365,Deborah Shaw,maria78@example.org,"124 Ricky Keys Suite 961 West Shawn, AZ 84648",2024-02-29
366,Sara Bartlett,kyle01@example.org,"1532 Hernandez Land Apt. 130 Christophershire, NV 92618",2022-10-14
367,Andres Robinson,blakejason@example.com,Unit 8967 Box 9045 DPO AP 37980,2023-05-28
368,Ashley Sutton,vgraves@example.com,"24541 Blake Bridge Jennastad, MT 28059",2020-09-06
369,William Hardy,thomasjoshua@example.com,"8447 Perkins Shoal Apt. 075 West Jonathan, AK 23473",2023-07-01
370,Deborah Johnson,john09@example.com,"60866 Holt Alley Suite 774 Sextonland, NV 08078",2021-07-18
371,Jack Schwartz,aliciamcpherson@example.net,"19707 Joseph Cape Lisamouth, VA 44962",2022-10-16
372,Maria Contreras,derrickcarrillo@example.net,"578 Calhoun Ridge Stacyborough, IN 72573",2023-05-19
373,Kara Ortiz,laurennelson@example.com,"7475 Diaz Track Apt. 892 Arthurville, NC 16157",2021-04-03
374,Christian Marks,mward@example.com,"93039 King Wells New Joshua, WY 39211",2022-04-30
375,Scott Perez,sarah63@example.com,"155 Johnson Crossing West Michael, HI 35027",2022-11-27
376,Jordan Marks,james24@example.net,"965 Heather Mountain Apt. 233 New Jenniferstad, VT 73141",2024-05-02
377,Dr. Matthew Fowler,jessica24@example.com,"8833 Mark Streets North Nicole, WI 79525",2022-04-13
378,Amy Navarro,cpeterson@example.org,"7120 Sanchez Locks South Angela, IL 29380",2024-04-02
379,Amanda Gonzalez,ndaniels@example.org,"92044 Elizabeth Drive Suite 144 Garzachester, NV 38915",2020-06-29
380,Tyler Pierce,tyler73@example.net,"78162 John Centers Apt. 258 Claytonhaven, NY 23898",2023-12-20
381,Jeffrey Alvarado,julianherrera@example.org,"67127 Terri Corner Suite 435 Michellebury, ND 10350",2024-05-19
382,Joel Foster,kbowman@example.net,"987 Carroll Shores Apt. 622 Port Nicolechester, KY 43171",2021-10-30
383,Zachary Jackson,uhunt@example.org,"91838 Deborah Forge East Jackhaven, MI 29224",2023-10-27
384,Bonnie Brown DDS,xmorse@example.net,"6494 Dave Rapid Suite 621 East Stephaniemouth, CO 41195",2021-12-10
385,Rachel Hester,guzmanpedro@example.net,"417 Sean Passage Suite 995 Ashleyton, MN 56569",2024-08-30
386,Brittany Malone,tsanford@example.net,"3919 Brooks Garden Suite 419 Nunezview, MO 80898",2023-02-11
387,Jennifer Kemp,lpena@example.org,"6616 Moore Shoal Apt. 257 Lake Samantha, CT 18813",2024-04-12
388,Tanya Taylor,andrea71@example.com,"7963 Valdez Courts Suite 294 Christinafurt, FL 85103",2020-03-27
389,Brian Johnson,omckay@example.net,"86079 Daniel Glens Samanthastad, AR 35272",2021-02-09
390,Cindy Scott,eross@example.net,"87260 Johnson Parkway Lake Matthew, OK 36806",2022-09-24
391,Jason Davis,tony03@example.com,"963 Levine Estate Suite 848 Morrowmouth, PW 89148",2021-12-18
392,Audrey Watson,laceymoore@example.org,"348 Nancy Neck Jasonbury, NJ 61543",2020-09-25
393,Gary Rogers,browngina@example.com,"1744 Amanda Tunnel Apt. 560 South Edward, IA 86466",2020-08-02
394,Tonya Burnett,adamsjulie@example.net,"203 Ewing River Suite 490 East Hunter, LA 28749",2022-10-08
395,Deborah Williams,wwilliams@example.net,"69999 Sharon Point Lake Brandy, IL 92379",2023-08-01
396,Rebecca Hebert,rachel61@example.com,Unit 6567 Box 9780 DPO AA 38276,2024-06-24
397,Gina Moore,carlos76@example.net,"467 Michelle Cape Apt. 979 East Destiny, NM 27515",2020-06-24
398,Dustin Norris,johnstonchristopher@example.net,"86439 Patel Highway Suite 848 North Christine, MD 57096",2024-09-01
399,Brittany Guerrero,holly70@example.org,"8445 Edwards Turnpike Apt. 371 Clinetown, PA 06022",2022-09-24
400,Paul Williams,xbeltran@example.net,"059 Hardy Ford Suite 381 North Brian, DC 73107",2020-08-04
401,Chad Bailey,samantha78@example.org,"8051 Kathryn Forks Port Mary, PA 76511",2022-04-29
402,Yvonne King,xsmith@example.org,"835 Holland Freeway Suite 045 Virginiafort, ND 11292",2024-04-10
403,Gregory Martin,tjones@example.org,"088 Gaines Isle Apt. 885 Lake Richardtown, PR 86402",2022-02-02
404,Stacey Harris,cassie67@example.com,"1060 Anderson Glens Suite 468 Lake Heathershire, SC 62078",2021-11-01
405,David Bean,drakerobert@example.com,"557 Rachel Crossroad Suite 304 New Danafurt, NE 57411",2020-03-07
406,Alice Mueller,medinadavid@example.org,"3568 Cox Crossroad Suite 636 Kimberlymouth, KS 17915",2022-10-20
407,Henry Hubbard,mendozaanthony@example.net,"3493 Moore Fort Apt. 947 Hillport, NV 36294",2022-03-17
408,Laura Perry,nosborne@example.org,"9361 Martin Via Suite 722 Isabellaville, MH 40010",2023-08-15
409,Brooke Rodgers,nicolepitts@example.com,"41835 Cameron Ridges East Victoria, ND 85585",2023-07-02
410,Matthew Cooke,williamsmaria@example.org,"7077 Meyers Spring Apt. 574 Christopherfurt, WY 22191",2023-08-19
411,Crystal Montgomery,ufreeman@example.org,"3992 Campbell Stravenue Suite 434 Port Marissa, AZ 92918",2024-08-29
412,Carl Raymond,ericthomas@example.org,"9275 Melissa Prairie East Danielle, VI 29034",2020-09-14
413,Abigail Young,jane74@example.org,"PSC 8847, Box 8289 APO AE 67168",2021-01-09
414,Mr. James Serrano Jr.,robertberry@example.com,"899 Steven Bypass Suite 476 Lake Samantha, NH 95184",2022-01-02
415,Lonnie Marquez,dhernandez@example.com,USNV Douglas FPO AP 04468,2021-12-24
416,Tiffany Martin,jameshull@example.com,"645 Norma Causeway Hughesfort, ND 64082",2024-03-29
417,Candice Ibarra,fwheeler@example.net,"89092 Payne Parkway Suite 428 North Lauren, MI 05755",2023-02-28
418,Amanda Abbott,barrondwayne@example.org,"5381 Larry Radial Apt. 414 Lake Brandonburgh, ND 81210",2021-09-15
419,Derrick Lutz,sallen@example.org,"32891 Diane Point Suite 160 Lake Christopherburgh, NM 59264",2021-01-05
420,Louis Jackson,hugheskevin@example.net,"7287 Andrews Estate Apt. 198 Maryborough, CO 46826",2023-04-25
421,Wayne Peterson,dcollins@example.org,"79609 Spencer Spur Vincentton, MO 24682",2024-01-26
422,Latasha Powell,sherrycooper@example.com,"86640 Lauren Underpass Apt. 580 North Kimberly, NE 83060",2021-03-05
423,Emily Yang,marylindsey@example.org,"25287 Owens Expressway East Nicholas, AS 47800",2024-09-02
424,Joshua Bailey,bowenelizabeth@example.org,"8148 Matthew Courts Apt. 692 New Jamesshire, ND 13199",2023-02-22
425,Paul Watson,ronaldmack@example.net,"87807 Coleman Curve South Daniel, VT 96364",2023-11-09
426,Dylan Smith,courtney42@example.com,"5805 Weaver Mills Suite 075 South Lisaport, FM 87374",2021-08-12
427,Jillian Williams,tyronelynch@example.net,"33143 Christina Shoal South Jasonbury, PA 85356",2020-09-27
428,Bryan Ford,ispears@example.com,"1600 Ashley Crescent Suite 907 Freyland, FL 88343",2022-07-17
429,Gregory Mccann,jeffreymontgomery@example.net,"2454 Shah Green Suite 553 Rodriguezshire, FM 82301",2023-10-17
430,Denise Graham,gregorysmith@example.com,"1364 Jackie Heights North Robin, WA 02412",2022-02-20
431,Melanie Wiggins,ebentley@example.net,"3182 Sean Shoals Stokeschester, AK 46732",2020-08-01
432,Patricia Reed,ilee@example.net,"33867 Barbara Ways Apt. 210 Mauriceside, SD 86249",2024-06-15
433,Monique Gilmore,pcampbell@example.org,"45247 Gill Green Port Barbara, IN 58563",2021-07-23
434,William Cuevas,tpotts@example.com,"04279 Bartlett Hollow Buckhaven, NJ 32434",2023-09-02
435,Debbie Ramos,kristinabrown@example.net,"1220 Sheila Key Port Christinaburgh, MT 69656",2023-12-21
436,Joseph Sandoval,erica74@example.org,"04460 Stephanie Hill Apt. 114 Robinsonport, FM 94135",2024-06-22
437,Lindsey Henry,lmccormick@example.org,"480 Miller Lights Suite 294 Spencerhaven, OR 15516",2020-07-08
438,Jacqueline Hunt,devin29@example.com,"69879 Cooper Isle South Edwardberg, IN 25647",2023-05-09
439,Joy Lee,keithkent@example.net,"60612 Zachary Meadows South Thomas, ND 96483",2023-08-31
440,Stephen Barber,erinjackson@example.net,"56154 Carr Glen South Johnny, MP 12525",2022-06-12
441,Steven Pacheco,shawn74@example.org,"34134 Lee Islands Melissamouth, VI 67966",2023-10-10
442,Samuel Ferguson,morgan00@example.com,"90739 Dennis Loaf Suite 819 Carriemouth, MI 05984",2020-03-03
443,Chad Velasquez,mccarthykathleen@example.org,"92309 Baker Rue Suite 115 Roblesview, GU 45368",2021-03-08
444,Shawn Martinez,rachel75@example.net,"6152 Zachary Stream Apt. 192 Alyssachester, WI 52613",2020-03-05
445,Steven Hale,raymond64@example.com,"93898 Olivia Mission Apt. 530 New Theresa, VI 62796",2020-08-20
446,Tina Johnson,ksanchez@example.net,"40191 Mccullough Island Suite 792 New Gregorymouth, KY 81247",2020-07-20
447,Lisa Reed,pmurphy@example.com,"770 Thomas Harbor West Jeffreyfort, GA 97790",2023-03-30
448,Erin Keller,juliachang@example.org,Unit 2255 Box 5838 DPO AE 07732,2024-08-23
449,Bailey Curtis,susanmcgrath@example.com,"67818 Sarah Trail Apt. 377 Carolynview, OH 30862",2024-02-06
450,Mr. Nathan Elliott MD,qstephenson@example.com,"913 Rosario Burgs Lake Cynthia, AZ 19960",2022-09-24
451,April Lee,nathan00@example.net,"216 Erika Fall Christopherside, ID 73472",2024-06-12
452,Jennifer Garza,kylepearson@example.org,"1474 Wyatt Mountain Apt. 099 North Robinview, FM 29124",2023-12-30
453,Lisa Logan,alvaradoelizabeth@example.org,"8902 John Curve Apt. 931 Parkerville, VA 49824",2023-06-19
454,Amy Dougherty,fredericknorton@example.org,"33636 Stephen Neck Apt. 333 Johnsontown, MD 54462",2020-11-02
455,Brittany Avery,alexmatthews@example.net,"79888 Bradley Knoll Moraleshaven, AK 68676",2024-03-15
456,Diana Francis,spencerjennifer@example.net,"84727 Serrano Haven Apt. 725 Michelleland, MO 75498",2021-05-04
457,Jeffrey Spencer,carolyn42@example.com,"42756 Joseph Dale Williamsbury, PA 24759",2023-12-09
458,Heidi Greer,brownjeff@example.com,"474 Jonathan Ways Stewartmouth, WV 82496",2024-09-15
459,Jay Fleming,daviswilliam@example.com,"099 Brewer Crossroad Lake Ryan, NC 08753",2022-03-23
460,Carrie Gallegos,fsmith@example.org,USNV Beck FPO AP 76284,2024-06-14
461,Russell Moss,jason32@example.com,"09434 Farley Stream Bettyland, NE 16259",2022-09-05
462,Sean Johnson,donald12@example.com,"3656 Hampton Motorway Suite 778 New Justinstad, ME 87871",2022-08-14
463,Timothy Williams,amandaarnold@example.net,"PSC 5703, Box 5434 APO AE 43035",2023-03-01
464,Matthew Cooper,mayoandrea@example.org,"9953 David Bridge Apt. 444 Angelamouth, PA 34381",2022-06-16
465,Pamela Morales,kduarte@example.com,"43420 Moreno Plains Apt. 651 Mooreberg, AS 12122",2021-02-15
466,Eric Foster,diana90@example.com,"97289 Allison Oval Craigshire, NM 47581",2022-02-18
467,Kimberly Cooke,xweaver@example.com,"35976 Larry Valleys Suite 789 Lake Erik, WV 72327",2021-07-25
468,Michael Lane,traceypham@example.com,"5494 Bennett Extension Apt. 691 Jonesborough, NH 88515",2021-02-05
469,Paul Pugh,michele23@example.net,"652 Miller Walks West Geraldstad, AK 60266",2021-02-12
470,Stephen Johnson,creed@example.com,"527 Douglas Run North Johnfort, NY 60101",2023-11-14
471,Matthew Patel,lamhannah@example.com,"5068 Robert Crest Carriebury, NJ 32851",2022-06-16
472,Jennifer Mcdonald,frances15@example.net,"833 Aaron Island South Cynthia, PR 87615",2022-02-27
473,Lydia Knight,patrick87@example.org,"88255 Karen View Payneside, VT 08996",2023-03-09
474,Alexandra Donovan,sarahperkins@example.org,"389 Austin Ferry Apt. 366 Debrashire, CA 13891",2022-01-19
475,Melissa Neal,toddrebecca@example.org,"77799 Beverly Wall Suite 741 West Calvinview, CT 29330",2023-01-10
476,Jennifer Walter,elizabethvalentine@example.org,"6508 Weaver Ramp New Mitchellmouth, DE 11571",2023-07-23
477,Jeanne Hunter,charles90@example.org,"673 Anderson Gardens Suite 232 Samanthashire, ME 91680",2021-01-10
478,Heather Evans,gerald67@example.org,"958 Williams Mount Suite 964 Johnsonborough, PR 02013",2022-06-02
479,Douglas Turner,ellen04@example.org,"059 Henderson Walks Suite 991 Reginastad, NY 24011",2022-03-10
480,Christopher Marsh,morenomichael@example.net,"97693 Stacey Village Johnfort, MT 52895",2022-08-12
481,Nicole Suarez,owencourtney@example.com,"841 Lance Station South Emmaview, DC 93463",2024-03-07
482,David Thomas,harrisonshelly@example.com,"75958 William Inlet Suite 066 Lake Jonathanport, MD 40441",2023-10-07
483,Vanessa Ryan,kirbylawrence@example.com,"1713 Miller Road Suite 627 North David, PW 90266",2024-01-22
484,Peter Baird,nicholsstephen@example.net,"63196 Palmer Parkways South Robert, MO 66129",2021-01-07
485,Dominic Parker,arobinson@example.org,"613 Schultz Inlet Suite 364 Josephmouth, CO 58575",2024-09-21
486,Tiffany Harris,mendozakimberly@example.com,"937 Mitchell Run Suite 371 West Leslietown, CA 36864",2023-04-05
487,Sherri Patton,acampbell@example.net,"38427 Mcdonald Extensions Lake Daniel, IL 81661",2022-08-15
488,William Lamb,johnparks@example.com,"962 Rickey Cliff North Jamesfurt, IN 53071",2023-06-04
489,Michelle Potts,bernardtyler@example.net,"427 Moore Meadow Port Loretta, IN 14926",2023-02-05
490,Christopher Mcclure,steven65@example.org,"07820 Benton Row Suite 647 South Cheryl, NM 64359",2020-09-02
491,Julia Mendoza,vmorris@example.com,"94813 Brown Prairie Apt. 144 Port Brittanychester, MS 16705",2020-04-20
492,Christina Smith,martindakota@example.org,"PSC 6873, Box 9006 APO AP 82274",2022-06-17
493,Kathy Obrien,dawn31@example.org,"546 Daniel Corners Apt. 683 Richardsonborough, TN 24718",2020-03-20
494,Daniel White,robertdonovan@example.org,"6913 Brooks Canyon Apt. 860 West Amymouth, MN 57517",2021-09-27
495,Todd Cannon,robert81@example.com,"02678 Sanders Wall East Patriciaview, CO 61865",2022-06-30
496,Seth Lynch,sking@example.net,"24829 Timothy Views Apt. 126 Scottmouth, GU 97655",2021-06-07
497,Johnny Fisher,kmartinez@example.com,"38610 Aaron Freeway Mcdonaldside, MS 31800",2024-04-05
498,Bonnie Jones DVM,courtney55@example.org,"3730 Aaron Flats New Alyssachester, WA 93817",2022-10-20
499,Deborah Reynolds,mitchellallison@example.net,"78434 Wallace Lakes Suite 385 Baldwinton, AL 70713",2024-02-20
500,Cindy Williams,reneealexander@example.com,"8603 Wolfe Heights East Brandiland, KY 33286",2024-02-16
