id,name,email,address,date_joined
1,Mark Prince,arthur54@example.net,"391 Amy Forge Apt. 726 East Steven, WA 60345",2021-03-21
2,Emily Cole,james88@example.com,"8100 Ernest Fork New Sara, RI 19219",2023-03-18
3,Kenneth Ferguson,mcrawford@example.com,"884 Larry Manors Suite 008 Melissashire, ID 96020",2023-04-03
4,Gregg Knight,ywallace@example.com,"326 Paul Circle West Matthew, NY 93067",2021-07-31
5,Amy Haynes,mark99@example.com,"PSC 0440, Box 4256 APO AA 50115",2022-04-16
6,Eric Martin,sarah85@example.org,"78866 Hamilton Stream Chelseaton, NH 36864",2023-09-19
7,Derek Scott,sanchezlauren@example.com,"4057 Scott Island Apt. 412 Courtneyport, VT 35539",2022-10-17
8,John Wallace,suzanne15@example.org,USNS Mcbride FPO AP 34402,2023-04-24
9,Robert Jensen,sandymcguire@example.org,"9087 Long Rest Josephville, NM 12507",2020-03-20
10,Brandi Gonzales,ashley34@example.com,"348 Christopher Lake Apt. 202 Lake Taylorhaven, MS 63077",2023-12-10
11,Nicole Riley,nicholsrhonda@example.org,"0772 Walker Causeway West Heather, NV 31867",2020-09-14
12,Michelle Russell,vdunn@example.com,"301 Larry Lake New Michael, AS 41033",2021-04-20
13,Brenda Williams,gregoryallen@example.net,"61682 Moody Ways Port Melindaborough, CA 49682",2024-04-27
14,Todd Hines,michaelcasey@example.net,"51108 Melanie Prairie Apt. 371 Ballardberg, MD 81152",2022-10-16
15,Andrew Martinez,trichards@example.com,Unit 2399 Box 2127 DPO AE 60776,2023-09-30
16,Brianna Williams,brianlopez@example.org,"28363 Tony Isle Mccannside, KS 60575",2022-01-02
17,Dominic Martinez,michael70@example.com,"4558 Williams Trail New Anna, MI 43239",2024-02-05
18,Nicole Sloan,fdavis@example.net,"641 Jeffrey Flat Apt. 181 Port Jillside, AR 82749",2020-10-14
19,Brittany Cook,phamdana@example.net,"765 Perkins Club Suite 492 Williamside, PR 05075",2022-12-05
20,Mark Thompson,browncarl@example.org,"30756 Stephanie Lakes Brucehaven, ND 89438",2023-09-04
21,Shannon Giles,lucasthompson@example.net,"124 Johnson Drive Suite 645 Christophershire, KS 65679",2023-06-24
22,Antonio Sawyer,clarkjames@example.org,"1518 Emily Village New Crystal, HI 25144",2023-04-13
23,Kiara Robinson,mary53@example.com,"023 Watson Corner Apt. 490 Sharpland, MD 85450",2023-09-26
24,Elizabeth Wiggins,shirley81@example.org,"63035 Whitaker Valley Apt. 958 Griffinport, NV 28762",2022-02-05
25,Ryan Myers,vfuller@example.net,"213 Jason Roads Apt. 485 Torresville, FM 54423",2022-07-30
26,Alyssa Higgins,lindajarvis@example.com,"8018 Brittney Freeway Danielton, WY 53944",2022-05-09
27,Denise Jenkins,zcain@example.org,"4351 Hopkins Vista Apt. 797 New Jason, DC 82919",2021-07-26
28,Zachary Thompson,howard22@example.net,"98938 Donna Ports Suite 589 Port Paul, IA 57276",2020-01-29
29,Thomas Rogers,sheppardcarl@example.net,"55556 Ashley Corner Suite 679 Robertbury, WI 10170",2023-07-23
30,Brooke Farrell,ronnie49@example.org,"608 Lewis Forks Valenciastad, OH 93644",2021-04-08
31,Ashley Green,vmitchell@example.net,"67707 Colleen Ports Suite 536 New Ericfurt, OH 67315",2021-06-23
32,Elizabeth Peters,nathan44@example.net,"3746 Wilson Via Apt. 555 New Kristinburgh, IL 20146",2022-05-24
33,Ethan Crawford,michaeladams@example.net,"44150 Susan Square Christianstad, LA 49833",2023-01-07
34,Ryan Davis,djones@example.org,"7826 Michelle Villages New Lisa, NJ 08712",2020-07-17
35,Haley Barker,bryanweaver@example.com,"741 Jones Mission Suite 344 Gibbsbury, MA 38003",2023-01-12
36,James Doyle,hollygonzalez@example.net,"44076 Carol Unions Apt. 923 North Anthonyburgh, OR 95231",2021-12-29
37,Andrea Mitchell,stevengonzalez@example.com,"4661 Robinson Point New Jonathan, AK 74350",2024-07-09
38,Max Sullivan,robert70@example.net,"9095 Robert Squares Apt. 618 Davisville, AK 65555",2023-07-06
39,Adam Garcia,cgriffith@example.org,"542 Gill Crest West Susanshire, WA 97758",2024-06-19
40,Abigail Pearson,mandy74@example.org,"915 Evans Station Williamsonton, GA 29884",2022-05-23
41,Melanie Gibson,psmith@example.net,"98131 Wallace Highway Apt. 465 Hunterhaven, CT 83401",2024-02-13
42,Roger Clayton,wperez@example.org,"204 Berry Run Apt. 000 Townsendport, GU 83988",2022-01-11
43,Kevin Lynn,josephtaylor@example.org,"242 Adrian Mall Suite 970 New Daniel, VI 27315",2020-08-10
44,Lisa Price,dakotakirby@example.net,"4183 Brown Islands Lake Eric, LA 62395",2023-09-12
45,Shawn Adams,aprice@example.org,"26425 Vicki Burg Starkberg, WA 71568",2021-10-09
46,Jennifer Rojas,johnwilliams@example.net,"70803 Leon Canyon Suite 409 Lewisbury, GU 01104",2021-09-10
47,Anthony Lawson,gregory28@example.com,"51977 Lori Pines East Zoe, IL 53230",2022-02-20
48,Claudia Jackson,daniel13@example.net,"091 Wilson Shoals Apt. 414 Freemanland, PA 61191",2021-03-25
49,George Sullivan,janet70@example.org,"014 Clark Springs West Kelly, ND 30283",2020-05-24
50,Carla Greer,valerierhodes@example.org,"PSC 4331, Box 5975 APO AE 24371",2024-02-02
51,Tara Lee,melissaarnold@example.net,"380 Allison Ferry Lake Michaelbury, AL 24967",2020-10-02
52,Erica Dunn,penamicheal@example.com,"03071 Jesse Mountain Apt. 157 Maddentown, MP 20300",2022-02-01
53,Karen Reeves,cwilliams@example.com,"51654 Patricia Flats Apt. 658 Port Susan, MS 78528",2020-08-12
54,Cynthia Baker,hsmith@example.com,"0558 Gordon Point Apt. 181 Lake Jonathantown, IN 19508",2022-06-26
55,Derek Wells,johnlarsen@example.net,"7258 William Orchard Lake Elizabeth, TN 29069",2021-04-05
56,Mitchell Bennett,michael00@example.net,"PSC 8336, Box 4451 APO AP 37141",2020-09-08
57,Pamela Stafford,brianguzman@example.net,"390 Allen Mount Apt. 410 Beardport, CT 29299",2021-07-14
58,Jill Wong,jay63@example.net,Unit 1877 Box 9197 DPO AA 72643,2024-02-01
59,Laura Ryan,stephanienichols@example.com,"64442 Harris Highway Andreaberg, AK 50689",2023-10-15
60,Michael Mclaughlin,frederick46@example.com,"7234 Gibbs Oval Christineside, CO 54284",2023-08-02
61,William Jennings,amber80@example.net,"3334 White Field Lake Cassandraside, ND 28042",2023-11-02
62,Stacy Thomas,christiangutierrez@example.org,"55848 Brian Plains Port Joseph, MO 01063",2024-04-14
63,Linda Ferguson,pearsonstephen@example.com,Unit 6459 Box 4386 DPO AE 86495,2022-09-04
64,Kathleen Cervantes,marciagonzales@example.net,"508 Shelley Pike Loganton, NJ 88339",2021-01-29
65,Kelly Stephens,michael44@example.net,"PSC 6206, Box 7533 APO AP 56204",2022-01-13
66,James Murphy,fthomas@example.org,"166 Garrett Oval Lake Dannybury, WV 15250",2020-05-25
67,John Brown,troywebb@example.org,"5900 Sara Wall Suite 999 Hallborough, MA 17305",2020-01-10
68,Daniel Wood,craigbuckley@example.com,"02704 Theresa Trace Millerstad, TX 11902",2020-10-15
69,Carolyn White,sellis@example.com,"33282 Mitchell Harbors Juliaburgh, KY 80587",2022-07-25
70,Richard Henry,vroman@example.org,"0516 Raymond Motorway Sarahberg, NV 06943",2022-07-02
71,Kenneth Oconnell,drakejohn@example.com,"94886 Jacqueline Land Suite 541 North Tammyburgh, IA 08067",2020-05-09
72,Laura Escobar,mclaughlinmichael@example.net,"PSC 7291, Box 0950 APO AA 67335",2020-07-12
73,Kelly Benson,john61@example.com,"695 Miller Freeway Suite 026 Port Isaac, PR 23207",2022-06-17
74,Felicia Nelson,otrujillo@example.org,"0650 Tiffany Gateway Apt. 700 Kristinborough, OH 88509",2023-08-18
75,Derek Velez,wisekatherine@example.com,"449 Kayla Course South Pattyport, NE 32447",2020-04-14
76,Samuel Smith,brandon51@example.net,"6592 David Plaza North Daniel, PR 72319",2020-08-21
77,Diane Ballard,cynthia21@example.net,"68228 Joshua Forges Suite 974 Thomaschester, DC 41201",2023-09-26
78,Christopher Pierce,xandrews@example.com,USNV Jefferson FPO AE 42634,2021-11-25
79,Mitchell Miller,alexa24@example.com,"723 Powell Plains Ianshire, SC 04345",2021-12-27
80,Allison Wise,scott69@example.org,USS Wallace FPO AA 67246,2021-11-18
81,Charles Smith,sawyerjose@example.org,"159 Tina Alley Apt. 692 Stephanieland, AZ 63992",2023-03-08
82,Matthew Willis,youngmichelle@example.com,"80745 Weiss Fall Suite 396 North Rogerhaven, MO 10041",2021-09-02
83,Jennifer Perkins,lopezgregory@example.org,"PSC 0360, Box 4555 APO AP 77635",2022-01-30
84,James Baldwin,waterskurt@example.com,"82586 Brandon Place Suite 208 South Jackson, GU 12412",2021-06-20
85,Ryan Davenport,yatesjohn@example.net,"0608 Jackson Route New Jessica, UT 99195",2022-07-16
86,Christopher Herring,singletonheather@example.net,"217 Odom Cape Apt. 909 East Mercedestown, CO 08628",2023-08-31
87,David Knight,ericmcneil@example.org,"820 Cross Gardens Port Brett, GA 48924",2023-04-16
88,Suzanne Howard,edwardsdenise@example.net,USCGC Boyer FPO AA 72061,2021-11-22
89,Ashley Page,anthony97@example.net,"606 Crystal Plain Apt. 977 Elliottberg, UT 30730",2024-05-02
90,Andrew Hunter,gabriela97@example.com,"1184 Eric Islands Apt. 035 New Sarah, NM 45175",2024-09-13
91,Marc Fox,charlesalexander@example.org,"343 Russell Walk Jessicaside, FL 95016",2022-09-09
92,Shawn Mckenzie,ofowler@example.com,"606 Tiffany Prairie Suite 401 North Karachester, OK 90327",2022-11-08
93,Omar Jackson,ucruz@example.net,"8654 Gibson Course Apt. 452 Fredfort, MD 20853",2021-05-26
94,Kevin Swanson,smithgregory@example.com,"9527 Nathaniel Trail Brayville, DC 02337",2022-05-11
95,Kathryn Miller,lawrenceroberts@example.org,"84038 Conway Hill Lake Meghan, VT 32720",2024-07-08
96,Derrick Brooks,mendezalexandria@example.net,USCGC Davis FPO AA 76910,2020-06-08
97,James Brennan,justin32@example.net,"PSC 8586, Box 6369 APO AE 78427",2023-09-14
98,Crystal Norris,jacob36@example.org,"02258 Francisco Road Apt. 710 New Krystalmouth, SC 35502",2022-09-21
99,Jason Sawyer,charles43@example.org,"293 Bauer Estates Apt. 437 Phamshire, RI 91858",2023-05-08
100,Michael Ford,rick47@example.com,"5538 Martin Highway Suite 054 South Sandra, DE 18440",2021-05-26
101,Jennifer Poole,dwayne39@example.org,"0855 Allison Points Apt. 786 South Jasonton, AR 85687",2021-06-10
102,Nicole Hogan,sandradecker@example.com,"752 Derek Mission Suite 599 South Christina, MN 73490",2023-03-17
103,Diane Glenn,flindsey@example.net,Unit 8077 Box 2547 DPO AP 29537,2021-12-05
104,Krystal Watson,ymunoz@example.org,"7505 Andrade Club Apt. 913 Josephville, GA 45247",2020-10-17
105,Christopher Simpson,bradleyandrew@example.com,"PSC 0703, Box 0755 APO AP 30393",2021-12-26
106,Chelsea Morgan,mark19@example.net,"40390 Miles Drive Apt. 825 Samanthafurt, GA 63996",2022-12-03
107,Robert Smith,howerobert@example.com,"2567 Gregory Prairie Suite 938 West Davidland, OR 39249",2024-05-11
108,Jonathan Elliott,schneiderkelly@example.org,"PSC 6713, Box 0570 APO AA 75385",2020-11-01
109,Debra Brewer,hartmancharles@example.com,"8665 Anna Fork West Steven, NC 39188",2024-04-17
110,Nancy Rodriguez,veronica42@example.org,"1345 Evans Lakes Suite 990 Villanuevaberg, CA 44582",2024-07-10
111,Alexis Roth,judith20@example.net,"04889 Krista Stream Suite 460 Smithfort, CO 31321",2022-04-07
112,Sean Adams,chelsea51@example.org,Unit 6333 Box 8810 DPO AE 45011,2022-05-02
113,Richard Henderson,swatkins@example.com,"5339 Elizabeth Gardens Lake Frederickshire, MH 10948",2023-01-31
114,David Henderson,jeffrey09@example.net,Unit 2452 Box 4375 DPO AE 53972,2021-04-23
115,Victor Davis,joycedavid@example.com,"PSC 9918, Box 5983 APO AP 90471",2020-09-25
116,Bradley Ortiz,kathleen28@example.com,"PSC 3878, Box 0828 APO AE 04686",2021-12-25
117,Randy Ellis,christopherharrison@example.net,"4280 Brandon Mill Suite 023 Prestonburgh, IL 40719",2024-08-03
118,John Gibson,brian98@example.com,"25213 Kelly Park Port Lisaton, TX 06401",2024-03-22
119,Daniel Roberts,jessica07@example.org,"96498 Mendez Creek Meadowsshire, MN 70201",2020-11-13
120,David Johnson,amandaclark@example.com,"2855 Moore Trail Kimberlybury, OK 55352",2021-10-12
121,Rita Chavez,shannon74@example.net,"55485 Stephens River Apt. 029 Fisherport, CA 47066",2021-09-13
122,Alisha Hurley,coreygallagher@example.com,"866 Clark Prairie Apt. 738 East Billy, MT 59239",2024-02-17
123,Elizabeth Fuller,ray35@example.net,"260 Gray Stream Apt. 114 North Samanthaview, AL 55806",2020-05-19
124,Timothy Chase,brittanymorris@example.com,"745 Mckinney Forge Suite 268 South Deborahshire, MP 32530",2021-02-02
125,Lisa White,roberttaylor@example.org,"257 White Extension Apt. 931 North Alexandrabury, MS 48688",2022-11-21
126,Jonathan Carpenter,jamiegutierrez@example.org,"64194 Guerrero Turnpike Nathanberg, MN 95272",2022-02-05
127,Christian Garza,sheila63@example.org,USNS Bryant FPO AE 81453,2024-02-26
128,April Cruz,sawyeraaron@example.org,"07805 Powers Wall Suite 331 Goodmanstad, MA 16901",2020-10-31
129,Stephen Johnson,adamsjordan@example.org,"77029 Martinez Isle South Marchaven, MO 19971",2021-01-15
130,Andrea Beck,chrisdavis@example.com,"1937 Brandon Route Suite 351 South Megan, MN 71935",2024-02-29
131,Gerald Moore,vaughannathan@example.com,"41251 Maldonado Burg Suite 444 Burkestad, MN 52959",2020-06-16
132,Sarah Jones,robert84@example.net,USNS Barton FPO AP 72732,2024-05-17
133,William Vazquez,dixonjeffrey@example.net,"4791 Fisher Turnpike Suite 794 Elizabethmouth, RI 44489",2024-02-24
134,Amanda Willis,dawnhernandez@example.com,"88524 Richard Views Apt. 813 North Kaitlin, WI 87230",2020-04-17
135,Amanda Moses,leemaria@example.com,"3237 Brandy Plains Apt. 335 South Ronaldbury, DC 16221",2023-04-28
136,Christopher Hill MD,robertsangela@example.org,"443 Keith Plain Apt. 287 South Miguelfurt, OK 24922",2020-07-29
137,Jill Johnson,wendygregory@example.org,"11067 Higgins Heights Suite 032 Port Jamesview, NV 63556",2024-08-22
138,Michelle Wallace,eferrell@example.net,"23196 Sims Tunnel Apt. 572 South Valerie, OR 79826",2022-11-18
139,Ricardo Jordan,sandra48@example.com,"8054 Alexander Road Apt. 313 Bradleyberg, MA 76792",2023-07-29
140,Kevin Costa,rodriguezdavid@example.org,"01453 Mitchell Causeway Millerside, TX 33403",2024-06-01
141,Alexander Grimes,smyers@example.com,"8121 Harris Shoals Suite 332 Matthewchester, SC 53847",2023-04-05
142,Ashley Hays MD,obradley@example.org,"59228 Schroeder Locks Suite 338 Deniseville, AL 71385",2024-09-19
143,Robert Johnson,zstevens@example.net,"61480 Mcdowell Spurs Apt. 127 North Adrienne, GA 25027",2020-10-29
144,Casey White,aliciaho@example.org,"55325 Wilkinson Stravenue Suite 565 Carlosville, CA 26985",2024-04-01
145,John Torres,marcusbenson@example.net,"168 Michael Port Georgeview, WV 68882",2023-05-29
146,Andrea Hunter,gmack@example.org,"79266 Smith Road Suite 699 Taylorborough, NE 91272",2024-02-14
147,Michele Jordan,fcuevas@example.net,"145 Campbell Mountains New Josephview, AK 53221",2023-10-29
148,Albert Fletcher,emily19@example.com,"8390 Nathan Oval Apt. 991 New Angela, AL 39809",2020-06-30
149,Brandy Berry,martinezmichelle@example.com,"54173 Wesley Freeway Contrerasview, LA 88171",2020-09-23
150,Betty Hines,stricklandrobert@example.com,"156 Wilson Rapids North Jacob, NJ 23155",2023-01-20
151,Michelle Stone,leesean@example.org,"53359 Foster Neck Suite 134 Shawton, VI 47571",2021-08-27
152,Michael Scott,don78@example.com,"PSC 7461, Box 3121 APO AP 95227",2021-07-31
153,Christopher Collins,rebekah70@example.net,"04093 Jennifer Turnpike Apt. 935 Boyerfort, MD 47991",2023-06-16
154,Melissa Downs,bhawkins@example.org,"74090 Katherine Highway Apt. 125 New Jennifer, DE 51952",2021-11-27
155,Katrina Ramsey,alicia23@example.org,"47154 Werner Manor Collinsborough, ME 07210",2024-05-20
156,Valerie Anderson,khowell@example.net,Unit 3987 Box 8270 DPO AP 89605,2022-03-21
157,Michelle Edwards,simmonsmitchell@example.net,"0410 Snow Island Suite 293 East Jamesborough, MI 08637",2022-07-04
158,Andrew Jackson,amueller@example.org,"657 Fields Glens West Bruce, AZ 44740",2022-02-19
159,Jason Moore,ruthgibson@example.com,"31880 Garcia Lock Apt. 336 East Thomasmouth, AR 25573",2021-09-17
160,Jeffrey Miller,john94@example.org,"79441 Matthew Branch Apt. 263 Phillipsborough, WI 87606",2020-02-26
161,Dr. Paul Medina,zachary38@example.com,"712 Katelyn Station New Juan, MP 50961",2023-05-03
162,Scott Lewis,vhall@example.com,"2201 Graham Knoll Apt. 660 New Pamelafort, GU 97981",2023-03-27
163,Christopher Tran,tracyherrera@example.org,"45295 Heather Island Apt. 193 West Thomas, RI 57693",2023-10-03
164,Joy Klein,cgray@example.org,"112 John Cape Kathrynside, KS 86280",2020-12-14
165,Alexandra King,bbrown@example.net,"237 Chambers Islands New Jamesville, MO 16591",2022-11-26
166,Kimberly Cooper MD,stephensbryan@example.net,"13037 Lynn Shores East Arielfort, NH 37912",2023-02-02
167,Sarah Hernandez,ashleygonzalez@example.org,"48189 Ramirez Lights South Joseph, CO 59736",2023-10-30
168,Bianca Turner,jennifer81@example.org,"11352 Susan Unions Port Sherristad, NY 19214",2024-04-27
169,Erica Rivera,danieljohnson@example.net,"91529 Johnson Stream Laramouth, NV 60159",2022-12-08
170,Victoria Palmer,ryan61@example.net,"5273 Gonzalez Cove Suite 114 Nathanfort, WA 53352",2020-05-13
171,Lawrence Estes,mccarthyluke@example.org,"8220 Bobby Trail South Aimee, NC 17034",2023-01-05
172,Melissa Young,ortizjohn@example.org,"7827 Washington Shore Ashleymouth, OH 54607",2022-10-27
173,Barbara Smith,bakerfaith@example.net,"152 Weaver Ferry Ericaview, KS 15170",2020-05-06
174,Lee Sanchez,william88@example.com,"3731 Davis Ridge South Yolandastad, AS 46166",2020-05-25
175,Ronald Melton,gramirez@example.net,"75071 Jones Camp Anneshire, WV 97127",2020-04-03
176,Mitchell White,lawsonjulia@example.net,"50848 Gregory Prairie West Matthewton, WI 01935",2021-03-22
177,Rose Kennedy,hopkinsmichael@example.net,"PSC 6809, Box 9917 APO AP 86726",2022-01-18
178,Valerie Nichols,mathewsashley@example.org,Unit 3258 Box 7204 DPO AP 85642,2022-02-08
179,William Conley,gutierrezmarcus@example.com,"68205 Meredith Fields Suite 946 East Adrian, OR 95305",2020-01-15
180,Sarah Adkins,kimberly02@example.com,"6599 Wright Spring South Michael, IA 21672",2021-05-23
181,Lauren Schmidt,gwoods@example.com,"046 Butler Locks Port Zachary, NC 54640",2022-10-23
182,Olivia Phillips,frosario@example.com,"617 Mark Key South Timothyside, GU 49504",2022-04-10
183,Richard Smith,ashleysmith@example.net,"81720 Pope Passage Apt. 251 Garciaside, ME 97711",2022-10-31
184,Brian Medina,lori04@example.net,"1872 Valerie Haven Suite 315 North Gary, TX 74389",2022-10-20
185,Patricia Smith DVM,eatonkenneth@example.org,Unit 3974 Box 4735 DPO AE 48293,2020-08-11
186,Pamela Davis,lobrien@example.com,"18471 Miller Islands Schwartzberg, MS 45016",2021-12-28
187,Kenneth Tyler,sonya85@example.org,"53110 Jason Lodge New Davidfort, GA 93210",2022-06-18
188,Rachel Ross,jonesfrank@example.org,"084 Evans Motorway Danielberg, CO 61525",2024-04-30
189,Dawn Campbell,sheila18@example.net,"469 Kelli Well Markberg, MA 76675",2024-02-26
190,Amber Lindsey DDS,srogers@example.org,"508 Monica Mountains Apt. 635 Lake Madisontown, PA 43025",2021-03-03
191,Tommy Hall,kathryn16@example.net,"269 Dominique Trail New Robertberg, NC 70998",2021-01-07
192,Kara Blankenship,christinewilliams@example.com,"09325 Gardner Underpass Suite 684 Ericshire, DE 89708",2020-10-12
193,Erik Shaw,jordanyoder@example.org,"798 Nichols Knoll Port Christopherfurt, FM 62463",2020-02-19
194,Paul Nguyen,zblack@example.com,Unit 2156 Box 6291 DPO AA 44874,2020-04-20
195,Joseph Moore,ann00@example.net,"9574 Nicole Curve Apt. 092 East Phillip, ND 24584",2024-02-27
196,Tara Stewart,johnnyle@example.net,"41216 Gene Flat Perezmouth, MD 27473",2023-08-10
197,Hailey Myers,destiny62@example.org,"807 Melissa Extensions Apt. 072 New Tyronemouth, WI 67171",2023-12-06
198,Victoria Clements,rodriguezdaniel@example.com,Unit 8186 Box 2267 DPO AA 11348,2022-02-26
199,Michael Wright,hopkinsjennifer@example.com,USCGC Harris FPO AA 29994,2020-12-05
200,Alexa Jones,mariajensen@example.net,"227 Jason Branch Port Daniel, IA 16959",2023-08-16
201,Keith Day,andrew56@example.org,"93389 Chase Glen Montoyaberg, OR 21606",2023-01-30
202,Victor Shannon,lisacox@example.org,Unit 2353 Box 2139 DPO AA 66564,2021-09-18
203,Karina Daniels,cesar83@example.com,Unit 9205 Box 5060 DPO AE 41427,2023-01-19
204,David Valdez,amy40@example.org,"47868 Garner Loaf South Jakeshire, NH 66151",2024-08-28
205,Mary Hardy,marshalljessica@example.com,"3124 Tonya Run Suite 577 Kelleyfort, KS 52746",2024-03-15
206,Timothy Vasquez,eddiemiller@example.org,"68830 Jimmy Landing East Nicole, GU 97482",2021-03-04
207,Deborah Patterson,stephaniebrooks@example.com,"5060 Short Lodge Greenehaven, WY 68681",2023-02-11
208,Susan Watts,shelly48@example.net,"13536 Jennifer Stravenue Apt. 115 South Thomas, OR 26264",2022-07-26
209,Jennifer Haas,uespinoza@example.net,"53076 Hopkins Shoals Suite 578 West Josephburgh, PA 17402",2020-08-27
210,Timothy Wong,sydneyalvarez@example.com,"516 Montoya Inlet Apt. 627 Anthonychester, MI 70341",2022-09-19
211,Gabriel Scott,calvinfranco@example.com,"05904 Maria Rapids Suite 645 Port Tiffanystad, NC 17254",2021-04-12
212,Leslie James,brandtderek@example.net,"91676 Ayala Springs Suite 131 Port Bradleybury, GU 29631",2023-10-16
213,Patrick Nelson,jennasexton@example.com,"737 Nicholas Mews Mariomouth, OR 99838",2021-03-18
214,Matthew Stephens,mitchelldennis@example.com,"49010 Ross Orchard Suite 532 South Davidville, TX 97573",2023-05-31
215,Daniel Miller Jr.,johnsondanielle@example.com,"7654 Kelley Greens New Christopher, DC 93280",2021-01-14
216,Jason Anderson,stephanie67@example.net,Unit 1424 Box 1061 DPO AP 91912,2023-04-29
217,Fred Leblanc,nedwards@example.com,"378 Amy Pike Suite 851 Smithhaven, OR 78143",2022-02-22
218,Nicholas Kelley,lgolden@example.org,"4278 Barnes Stream Samanthabury, TN 18855",2023-06-12
219,Charles Herrera,ohawkins@example.com,"466 Christensen Shores Suite 244 Lake Tyler, MN 34940",2021-06-02
220,Kathryn Christian,aguirrejason@example.org,"01139 Ramirez Isle Apt. 737 New Alexandrahaven, VA 63058",2023-08-29
221,Marcus Hamilton,jared24@example.net,"0636 Thomas Crossroad Suite 887 Port Marthahaven, FM 83806",2024-10-02
222,Peggy Brown,shannonwilliam@example.org,"4205 Tammy Road Apt. 298 East Andrea, GA 65167",2023-02-14
223,Melody Bruce,reyeskaren@example.com,"4549 Michael Way Suite 694 West Heidi, NY 77896",2022-11-22
224,Ryan Brewer,james32@example.org,"874 Lee Mission Suite 635 East Brittany, OH 76243",2024-02-22
225,Audrey Salazar,daniel63@example.com,"76769 Donald Plaza Apt. 362 Hallburgh, ID 12138",2022-05-20
226,George Banks,qsmith@example.com,"859 Fletcher Field South Daniel, MI 06807",2023-11-06
227,Renee Jensen,jeremymccoy@example.net,"391 Nancy Drive Suite 244 East Shellyberg, NH 84559",2021-10-15
228,Bradley Smith,kevin02@example.org,"54416 Virginia Canyon Barbaraview, LA 40463",2023-11-26
229,William Martin,tiffany07@example.net,"6786 Riggs Mall Apt. 508 North Kathleen, MI 74406",2021-07-13
230,Howard Acosta,qgrant@example.net,"605 Burgess Haven Apt. 739 New Stevenborough, MP 51063",2024-03-06
231,Douglas Wagner,briansmith@example.net,"2749 Kim Lakes Suite 260 Joneston, VA 29282",2024-04-06
232,Jennifer Compton,fjenkins@example.com,"6898 Jacobs Motorway Suite 237 Martinborough, MT 54577",2022-08-23
233,Deborah Taylor,wcrawford@example.org,USS Wood FPO AA 47258,2022-09-09
234,Jessica Schroeder,sara50@example.org,"646 Mary Stravenue Apt. 893 New Charlesstad, WI 12754",2023-08-23
235,Stephanie Myers,john97@example.org,"41484 Price Hollow Joelside, WY 27148",2021-08-27
236,Aaron Rodgers,mirandarobinson@example.org,"9881 Allen Branch Apt. 335 Michaelville, PR 20164",2021-04-29
237,Jason Porter,sanchezcarrie@example.com,"8379 Dillon Cape Apt. 910 Port Ashleyberg, TN 70753",2022-01-02
238,Pamela Ramirez,dustin38@example.org,"497 Brandon Pine Lisaport, VI 16943",2022-02-11
239,Jonathan Blake,aprilwiley@example.net,"186 Reyes Junctions Suite 696 Sloanborough, OH 53586",2022-06-27
240,Justin Ryan,ericjohnson@example.com,"4918 Larry Row Alexandraville, FM 45298",2022-06-30
241,Beverly Ingram,vincent80@example.com,"52785 Cowan Mountain Apt. 453 Port Lucas, MO 79355",2020-11-13
242,Mr. Randy Contreras,gregory13@example.com,"7372 Brown Cliffs Rogersport, AR 33509",2020-12-03
243,Michelle Palmer,melissa66@example.net,"3972 Boyd Crossing Suite 961 Lake Joshua, FL 92733",2024-07-31
244,James Fowler,vgarcia@example.net,Unit 2964 Box 6812 DPO AP 62138,2020-09-03
245,Breanna Williams,alexander47@example.com,"12911 Garcia Mount Suite 639 Jeffreyhaven, IN 25538",2021-01-06
246,Troy Murray,amanda74@example.net,"9204 Cruz Dam Suite 992 Jeffreyville, NV 57645",2024-07-25
247,Lisa Hughes,alecmassey@example.org,"7821 Hartman Plains Lake Catherine, NY 09416",2020-03-31
248,Christine Neal,danderson@example.com,"699 Gentry Overpass Apt. 185 West Tyler, NJ 92425",2023-09-05
249,Adam Berry,cfreeman@example.org,"56553 Powers Shores Rowlandchester, MI 47522",2024-01-11
250,Sarah Gillespie,brandon69@example.net,Unit 4429 Box 0982 DPO AA 51653,2024-01-11
251,Justin Buckley,patrick88@example.net,"84590 Nelson Views Suite 479 Port Keithstad, WY 37866",2021-05-28
252,Scott Villarreal,rmckee@example.com,"938 Lewis Pine Suite 435 East Jasonshire, MD 64966",2021-11-22
253,Jesse White,cfoster@example.net,"144 Palmer Motorway Apt. 623 Carpentermouth, MI 72981",2023-03-12
254,Ralph Ingram Jr.,bethanyrichardson@example.net,"90407 Rose Meadow South Danielborough, DC 36774",2020-05-29
255,Bradley Roberts,kelly85@example.org,"7099 Williams Fork Suite 400 Sandersport, NV 76932",2023-10-01
256,Lisa Anderson,angelajones@example.com,"52147 Everett Squares South Justin, CO 97599",2023-01-06
257,Emily Herring,jacquelinemaxwell@example.org,"749 Stephanie Lakes West Maryton, TN 27960",2023-12-26
258,Kevin Smith,kyle55@example.com,"68759 Brett Track New Ana, NH 77089",2021-08-08
259,Nathan Johnson,brittany31@example.net,"7885 Black View Goodmanside, SC 31644",2020-01-28
260,Mia Arias,michele91@example.org,"2415 Katherine Port Apt. 325 Cunninghamstad, GU 87658",2023-04-17
261,Victoria Wade,ruthhaley@example.org,"00616 Charles Fields Burnsburgh, CO 63842",2021-05-21
262,Joan George,terry33@example.com,"126 Lauren Radial Port Shannonfort, MA 96691",2021-06-29
263,Jacob Henderson,tcobb@example.net,"20602 Michael Avenue Apt. 323 Kevinfurt, NY 64676",2021-06-08
264,Justin Smith,ccollins@example.com,"84526 James Road Suite 732 North Justin, NE 37765",2022-05-14
265,Anna Chandler,qcharles@example.com,"7928 Paul Knoll Apt. 412 New Elizabeth, KY 73599",2024-05-11
266,Jessica Thomas,jamesemily@example.org,"85773 Shelby Terrace Lisaton, PR 04616",2023-05-24
267,Michael Hernandez,cole95@example.net,"177 Jacob Extension Lake Amandatown, WY 65653",2024-09-21
268,Vanessa Higgins,jkirk@example.org,"731 Moran Trail Suite 972 Woodsburgh, MT 19751",2023-10-10
269,Carl Watson,austin40@example.org,"76252 Arthur Meadows Lake Johnfort, NH 75570",2022-12-14
270,Kristen Wong,carrlisa@example.net,Unit 5727 Box 9980 DPO AA 73812,2023-04-12
271,Samuel Stanton,kthomas@example.net,"20387 Price Alley West Williamburgh, MO 56996",2020-02-11
272,Joshua Wells,wcarter@example.com,"10746 Smith Trafficway Suite 276 North Patriciaberg, DE 16381",2024-09-15
273,Jacob Johnson,millerlauren@example.org,"370 Sanchez Haven North Jessicaberg, WA 17608",2021-01-10
274,Lori Knight,edwinkelly@example.com,"4294 Miller Lodge Levinefort, NJ 35819",2024-08-28
275,Tracy Myers,gdean@example.org,"26762 Kirby Points East Paige, OR 38538",2024-04-24
276,Rhonda Munoz,fluna@example.com,"96458 Robert Roads Suite 993 Courtneyborough, MP 03980",2022-10-08
277,Scott Wagner,christinamoody@example.com,"360 Day Tunnel Christophermouth, VI 48417",2021-11-14
278,Elizabeth Jackson,amy22@example.com,"9166 James Street Suite 864 South Larryfurt, OH 35968",2022-04-27
279,Timothy Fox,hughesvictoria@example.net,USS Henry FPO AA 30097,2020-12-21
280,Michael Singh,lindahoover@example.net,"483 Molina Street Apt. 950 North John, IL 27245",2020-04-21
281,Douglas Delacruz,summermoran@example.com,"05235 Smith Meadow New Bradleyport, AL 29563",2023-04-20
282,Frank Gilbert,grayjoseph@example.com,"236 David Camp Suite 566 Clarkview, VT 11409",2021-04-24
283,Samantha Davis,ssampson@example.net,"73428 Stanley Springs Suite 168 East Jessicaborough, NV 99136",2020-10-06
284,Angela Berry,gabriel35@example.org,"36597 Stone Route Port Valerie, VA 81256",2024-07-26
285,Julie Blackwell,lisagomez@example.com,"63433 Clark Brooks Apt. 771 Wilsonmouth, GA 65410",2020-12-05
286,Christopher Walker,zwhite@example.com,"51632 Maldonado Stream Longfort, IL 28331",2024-01-11
287,Christine Holloway,bmason@example.org,"22504 Larson Squares Suite 230 South Tinafort, AR 82057",2023-10-11
288,Anna Fields,lrios@example.net,"32471 Mitchell Shoal Apt. 774 Port David, PR 68705",2022-01-30
289,Tammy Goodman,wvasquez@example.com,"694 Nichols Pines Suite 312 North Jenna, WI 49637",2020-12-03
290,Thomas Reilly,anitaward@example.net,"4790 Miranda Points East Melissaland, CT 47411",2023-02-06
291,Karen Franco,tmichael@example.com,"PSC 0259, Box 8315 APO AA 50267",2020-11-08
292,Richard Smith,wilsonlisa@example.org,"107 Lopez Tunnel Smithstad, TX 33566",2021-10-09
293,Zachary Leonard,barbara28@example.org,"187 Andrews Junctions Lake Robertside, SC 60512",2022-09-26
294,Rachel Peterson,greghuff@example.org,"140 Kelsey Glens Cookbury, UT 05907",2022-07-26
295,Scott Wilson,graybeverly@example.com,"PSC 9071, Box 9949 APO AP 70986",2021-08-30
296,Cody Turner,ichavez@example.com,"822 Jones Meadows Apt. 605 Millerview, MI 57323",2023-07-19
297,Mr. Matthew Anderson,stephanie41@example.net,"979 Hamilton Estate Apt. 372 West Sabrina, AS 55604",2020-07-24
298,Anna Paul,diana82@example.org,"01995 Cervantes Meadow Lake Jonathan, DE 35945",2020-01-15
299,Charles Freeman,richsamantha@example.net,"30201 Catherine Drives Greenville, NM 01006",2024-04-26
300,Erin Miller,kimberly21@example.com,"7142 Perez Causeway West Jonathanport, WA 65420",2023-09-14
301,Christine Vaughn,juanrobinson@example.net,"0836 Donald Club Campbellstad, HI 06013",2022-08-16
302,Emily Hines,marshallteresa@example.net,"54402 Pam Knoll Mercerton, WA 33864",2022-02-05
303,Gina Nolan,goodwinhoward@example.net,"81196 Keith Springs Gardnershire, ND 36242",2024-08-26
304,Crystal Johnson,vwright@example.com,"27483 Eric Mission New John, VT 59529",2022-09-02
305,Angela Gonzalez,rlucero@example.com,"833 Terry Divide Apt. 351 East Jenna, NE 70596",2020-02-18
306,Jason Hudson,kentangela@example.com,"0232 Simmons Drive Apt. 453 Port Josephbury, WV 38716",2020-04-05
307,Christine Harris,fyoung@example.com,"741 Glass Trail Apt. 135 Joshuaview, OR 45682",2023-08-30
308,Jesse Miller,mezakathleen@example.net,"7932 Jackson Village Suite 588 Kimberlyside, KY 53870",2022-08-01
309,Tina White,brittany04@example.org,"1643 Angela Rue Apt. 673 Port Jaredbury, IL 44230",2020-08-11
310,Jessica Shepherd,brownronald@example.net,"140 Kevin Freeway Suite 655 Hernandezborough, WY 31931",2021-12-27
311,Brian Hernandez,morganbenjamin@example.org,"252 Dana Pike South Russell, ID 97457",2021-11-16
312,Daniel Hernandez,cherylunderwood@example.net,"PSC 3397, Box 9907 APO AA 40175",2021-11-05
313,Lisa Dunlap,bradyallen@example.net,"335 Waters View Suite 257 Lake Amanda, DC 16289",2021-12-03
314,Ashley Johnson,mthompson@example.net,"7422 James Crest Suite 189 North Richardstad, SD 89455",2021-07-26
315,Brenda Webster,lunajohn@example.org,"PSC 3628, Box 7481 APO AE 84277",2022-11-22
316,Veronica Rodriguez,hutchinsonjohn@example.org,"3634 Joseph Brook Port Tiffany, VI 76628",2022-12-05
317,Tammy Bonilla,wjohnson@example.com,"80357 Williams Parkways Apt. 402 Turnerview, VI 32954",2020-02-28
318,Shawna White,arnoldcassandra@example.net,Unit 1151 Box 5417 DPO AP 56854,2023-03-19
319,Teresa Torres,robert26@example.com,Unit 8511 Box 9227 DPO AA 86566,2020-07-17
320,Alexander Rogers,kayla23@example.com,"0014 Timothy Shoal Port Deborah, ND 88662",2022-05-27
321,Sarah Cooley,ryanhartman@example.net,"3878 Rogers Lock New Jennifer, SD 83525",2023-10-07
322,Mark Mccann,leonard21@example.net,"28860 Carlson Corners Apt. 593 North Anthony, SD 44558",2023-09-01
323,Jane Green,iking@example.com,Unit 4885 Box 1242 DPO AE 33232,2021-12-29
324,Andrea Davidson,scott67@example.net,"5902 Charles Village Samuelshire, MH 83233",2020-06-05
325,James Zamora,lisa55@example.com,"02633 Stacy Square Suite 957 Robertsburgh, WA 38551",2020-06-10
326,Andrew Woods,nathansaunders@example.com,"5610 Cook Villages Apt. 233 Daniellefurt, MI 17056",2020-12-01
327,Amber Alvarez,mercertracy@example.com,"2616 Jennifer Village West Tim, TX 56408",2023-01-22
328,Austin Fisher,jonesashley@example.net,"061 Lambert Brooks Suite 681 Lake Chad, MS 49960",2022-05-19
329,Jodi Gonzalez,wallertina@example.org,"6298 Stewart Route Suite 503 West Carlyland, AK 25092",2024-03-08
330,Julie Williams,aphelps@example.org,"372 Kathryn Ridge Apt. 336 Jaredside, GU 25900",2021-04-16
331,Stephanie Davis,nfleming@example.com,"3918 Gerald Lights New Carol, AK 97805",2022-05-25
332,Alexander Sutton,vincent64@example.com,"PSC 5298, Box 9368 APO AA 34609",2021-12-04
333,Shelby Lawrence,ericamcintyre@example.com,"236 Keller Loaf Bakerhaven, SC 99858",2023-01-30
334,Linda Allen,josechambers@example.com,"84894 Lee Points Lake Hunter, IA 74138",2021-08-04
335,Michael Smith,johnsonashley@example.com,"50971 Robert Mount Port Timothy, GA 28739",2020-09-06
336,Adrian Mcdonald,craigpaul@example.net,"5407 Reed Points Apt. 231 North Frankbury, RI 69512",2020-12-16
337,Charles Holder,adrienne93@example.org,"265 Duran Via Wrighttown, AS 51660",2024-03-24
338,Veronica Li,lisawarren@example.net,Unit 2776 Box 4151 DPO AP 72795,2024-02-21
339,Aimee Singh,angelawoods@example.org,USNV Horn FPO AE 62258,2021-03-01
340,George Wallace,cwilliams@example.org,"98602 Nguyen Parks Apt. 082 West Maryland, GA 21966",2020-01-03
341,Michael Donaldson,ariaspeter@example.net,"556 Donna Trail Suite 712 South Seanborough, TX 43232",2023-08-06
342,Corey Morton,ruth89@example.net,"7265 Newman Extension Suite 956 South Jonathanville, TN 34258",2023-04-12
343,Kerri Moss,rsnow@example.com,"88277 Dana Union Suite 593 Knoxberg, GA 08563",2020-01-07
344,Victor Johnson,robert32@example.org,"30286 Hernandez Forges Apt. 770 South Nicolestad, MH 13595",2020-10-17
345,Joseph Zimmerman,erika39@example.org,"6682 Eric Curve Apt. 161 South Jennifer, MP 02157",2024-04-29
346,Sandra Evans,deanna17@example.org,USNV Hernandez FPO AE 43569,2023-07-05
347,Jacqueline Todd,thompsonryan@example.com,"783 David Locks Apt. 161 Harrellton, VI 12610",2023-03-21
348,Hector Carlson,christinamiller@example.net,"14366 Nathan Mountain Suite 367 Hernandezville, AL 39403",2021-10-16
349,James Frank Jr.,xnguyen@example.org,"2304 Duane Tunnel Mckenziebury, KS 90084",2024-05-17
350,Scott Blake,theodoreschneider@example.net,"185 Madison Parkway Stephanieport, MH 77555",2023-05-07
351,Joseph Wilson,sreese@example.com,"43327 Richard View North Valerieshire, AR 48603",2020-08-07
352,Hailey Phillips,rickeygibbs@example.net,"64001 Simon Plaza Apt. 033 Jessicaton, OK 62275",2020-02-17
353,Bryan Lawrence,darrylthompson@example.com,"866 Mitchell Plaza Suite 334 Port Laura, TN 72042",2021-11-13
354,Melanie Graham,pattondebbie@example.org,"45909 Brent Trail Suite 316 Port Deannaville, ID 99875",2023-10-11
355,Chelsea Bentley,twarren@example.org,"03181 Christina Village Suite 179 Wiseland, MI 99697",2023-09-30
356,Ms. Cynthia Day,jlambert@example.net,"PSC 1990, Box 1060 APO AA 70722",2023-03-23
357,Bethany Hanson MD,tammy15@example.com,"967 Morris Plains Suite 840 North Melissa, UT 63648",2022-12-31
358,Bobby Chavez,samantha03@example.com,"901 Jackson Mews West Jo, SC 31695",2020-12-08
359,Lisa Bailey,jacksonsandra@example.net,"9480 Holloway Center Apt. 957 Austinburgh, MO 80911",2021-09-09
360,Stacy Webb,colleensanchez@example.org,"3907 Meghan Expressway Apt. 925 Nguyenfurt, MN 53372",2022-10-21
361,Lauren Ross,nyoung@example.com,"600 Terri Parkway Suite 435 New Carol, NJ 72489",2023-06-18
362,Desiree Crawford,awilliams@example.org,"314 Patel Forges Suite 417 Peterchester, SC 48914",2020-09-04
363,George Garcia,nicoleadams@example.net,"35660 Nicole Rapid East Jeremy, NE 49903",2023-09-17
364,Karen Simpson,curtisjacob@example.com,"443 Pierce Inlet Suite 573 Brownchester, AZ 90757",2023-08-11
365,Michael Ellis,rhess@example.com,"PSC 6355, Box 0472 APO AE 34005",2022-12-31
366,David Thomas,jamie84@example.org,"487 Reed River Port Branditown, PR 96080",2024-10-01
367,Nathaniel Morrison,heather77@example.org,"0007 Graham Estates Apt. 927 Port Marcusborough, NM 55777",2020-08-15
368,Jeffrey Castro,petersonchristopher@example.com,"443 Terry Ford Apt. 341 West Robin, OR 19497",2020-03-27
369,Bruce Molina,jennifer57@example.org,USS Garza FPO AA 77717,2022-01-15
370,Cheryl Evans,jenniferbrady@example.org,"70346 Randy Trail Mathewsport, AR 38097",2020-03-11
371,Lauren Wood,welchashley@example.org,"55930 Holt Stravenue Suite 048 Fisherland, AL 23452",2020-09-02
372,Alicia Bishop,vmiller@example.net,"83343 Kirby Rest Suite 127 Jacksonfort, ME 43232",2022-07-18
373,Taylor Brown,whitneychaney@example.org,"653 Strong Roads Suite 603 Johnsonborough, MI 36919",2020-01-01
374,Michael Gonzalez,mmendoza@example.com,"362 Wright Island Suite 347 Brockborough, AZ 30053",2024-05-14
375,Kristen Johnson,lauracarr@example.org,"130 Santos Run Suite 224 East Hollymouth, NC 45401",2023-04-07
376,Jonathan West,kellyshannon@example.net,"8731 Smith Landing New Juliemouth, ME 70526",2022-07-23
377,Mrs. Laura Crawford,tiffany58@example.org,"1927 Patton Valley Suite 503 Hayesshire, DC 69426",2023-05-06
378,Christopher Young,martinezashley@example.org,"186 Jeremy Loaf Suite 477 Campbellview, OK 68541",2023-05-31
379,Heidi Fox,gwalters@example.org,"0849 Phelps Plains Port Tony, AR 79707",2022-01-23
380,Danielle Wang,alyssahoward@example.net,Unit 9717 Box 5549 DPO AA 32480,2023-10-05
381,Yolanda Jackson,qwilliams@example.org,"21186 Stephens Station Suite 742 West Jamesmouth, UT 84797",2023-01-14
382,Chad Jones,diazpatrick@example.com,"7874 Jeremy Point Apt. 851 Zimmermanhaven, OK 67810",2022-07-15
383,Christopher Rowland,cynthiarodriguez@example.org,"744 Troy Island Port Diane, VI 29634",2021-01-03
384,Dwayne Hayes,fwallace@example.org,"8766 Anthony Mission Apt. 179 South Sarafurt, VA 64481",2020-04-13
385,Sandra Fry,tdelgado@example.net,"2724 David Rest South Jon, FL 38053",2022-04-28
386,Matthew Contreras,courtneymiller@example.com,"238 Burns Dale Eileenhaven, OK 73173",2023-02-03
387,Kimberly Smith,ian30@example.org,"0089 Porter Overpass Suite 343 West Dale, MI 35593",2022-01-04
388,Heidi Blevins,kathryn09@example.org,"71028 Wilson Haven New Austin, NV 75174",2024-07-23
389,Jonathan Lewis,bowersmargaret@example.net,USNV Walker FPO AE 49551,2021-09-13
390,John Pugh,robertgonzalez@example.net,"02203 Robert Fords Phillipsburgh, OH 74159",2023-01-26
391,Christopher Lynch,lewispeter@example.com,"354 Franklin Mountains Davisburgh, IN 85247",2023-01-15
392,Shannon Cabrera,gwhitney@example.net,"135 Freeman Estates Suite 035 Lake Logan, FL 49789",2023-03-03
393,Fernando Tucker,ronald80@example.com,"822 Gomez Garden Kaylaborough, SD 22589",2020-12-05
394,Robin Wade,dsmith@example.com,"87560 Jackson Vista Suite 439 Justinshire, FM 83802",2021-12-28
395,Shawn Campbell,snyderchristopher@example.net,Unit 7064 Box 9885 DPO AA 35154,2022-08-21
396,Mr. Michael Taylor DVM,phillipreynolds@example.com,"PSC 0561, Box 5872 APO AE 74925",2022-12-05
397,Evelyn Young,lewisphilip@example.net,"006 Paul Landing Woodston, OR 86123",2021-01-24
398,Jason Chang,bryanjames@example.org,"63559 Antonio Mill Apt. 971 Kennethmouth, MP 72821",2023-01-12
399,Brett Mckay,susanyang@example.org,"8414 Knox Village Port Zachary, AR 60531",2023-01-09
400,Charles Anderson,adamsmegan@example.org,"714 George Gardens West Holly, MP 07254",2020-09-27
401,Benjamin Gutierrez,nstevenson@example.com,"17110 Steven Ferry Apt. 715 Julieville, ND 04155",2020-08-03
402,Jamie Rodriguez,castillocalvin@example.net,"412 Reyes Ports Muellerville, CT 52176",2020-05-08
403,Maurice Rose,zreed@example.net,"45152 Harris Plain Suite 999 West Brandon, VA 45458",2023-07-20
404,Tommy Marsh,davismichael@example.org,"85014 Haley Bypass Carlland, LA 58906",2022-06-07
405,Miranda House,morrisalexandra@example.org,"640 Nguyen Village Apt. 194 North Angelborough, PW 28138",2024-04-22
406,Cathy Kim,qobrien@example.org,Unit 5137 Box 2169 DPO AA 54899,2021-10-24
407,Julie Hutchinson,jillgriffith@example.net,"750 Angela Camp Apt. 128 New Luis, AK 56286",2023-06-17
408,Michelle Sanchez,bishopjennifer@example.net,"PSC 9476, Box 0213 APO AP 51005",2023-09-09
409,Colleen Graham,kennedydaniel@example.com,"PSC 1425, Box 7414 APO AP 10775",2022-01-31
410,Benjamin Cameron,brian09@example.org,"742 Delacruz Vista West Cristinahaven, AL 74152",2022-07-07
411,Charles Duran,katherine16@example.net,"685 Tiffany Village Apt. 078 Connieborough, NH 28919",2021-04-25
412,James Brooks,teresa61@example.net,"555 Daniel Ways West Donna, NJ 36272",2023-10-12
413,Julie Wong,christopherharris@example.org,"PSC 3521, Box 6286 APO AP 75704",2020-06-20
414,William Smith,tara52@example.com,"734 Beard Loop Suite 574 Wellston, OK 42024",2021-08-02
415,Tina Reese,edwardbenjamin@example.net,"61573 Davis Cliffs New Sethborough, IN 47775",2023-07-02
416,Nichole Davis,wilsonpaul@example.com,"068 Berry Trace Suite 201 Jimeneztown, RI 48461",2022-12-26
417,Tiffany Choi MD,zsheppard@example.com,"7066 Steven Village Suite 122 West James, MN 69707",2023-02-05
418,Tonya Stephens,rcurry@example.org,"648 Martin Light Port Kaylee, VT 82363",2021-04-08
419,Tamara White,timspence@example.org,"88198 Jillian Route West John, OR 50980",2024-03-23
420,Randall Hoffman,jnewton@example.org,"053 Peterson Plains Emilyfort, SD 91481",2020-12-09
421,David Baldwin,brandon34@example.com,"4805 Erik Canyon Suite 757 Johnsonview, VA 48615",2024-05-08
422,Walter Rangel,pglover@example.net,"925 Alexandria Points Apt. 814 North Jenniferchester, MD 15600",2021-02-01
423,Monica Sanchez,andrea57@example.net,"4221 Harris Canyon Matthewchester, NJ 12545",2023-05-22
424,Seth Peters,smithryan@example.org,"31859 Krause Shore West Olivia, MN 31650",2024-09-10
425,Hunter Norton,clinton66@example.org,"124 Moore Square Craigchester, DC 62662",2023-03-24
426,Paul Vaughan,aneal@example.com,"696 Martinez Ports Apt. 091 Lake Jameshaven, WI 72798",2021-01-07
427,Natasha Young,joshuacross@example.com,"4437 Davis Coves New Emma, DE 03991",2022-10-21
428,Christopher Nelson,jillrodriguez@example.com,"135 Vincent Stream Suite 371 Hintonchester, GA 84067",2024-02-02
429,Michelle Rogers,zmelendez@example.net,"23515 Powell Spur North Jamietown, MS 86937",2020-04-02
430,Michael Graves,sarah47@example.com,"0483 Holmes Pike Whiteshire, DC 39270",2020-08-15
431,Michelle Weaver,garciastephanie@example.com,"805 Brooks Locks Apt. 414 West Leslie, NH 40381",2021-06-05
432,Mr. James Hernandez,michelle10@example.org,"7955 Sean Crescent Benjaminfurt, IL 87984",2020-01-16
433,Amy Garcia,smithraymond@example.com,"3341 Kevin Rapid Apt. 941 Dannyberg, WI 64551",2020-08-15
434,Grant Robbins,heatherclark@example.org,"86973 King View Lake Sethburgh, MI 48246",2021-04-26
435,Benjamin Khan,danielbailey@example.net,"1997 Anthony Parkway Apt. 213 West Samanthafort, MN 45899",2023-06-26
436,Nicholas Dyer,kristi29@example.org,"062 Kennedy Mountains Apt. 208 East Robertfort, OK 39266",2024-04-09
437,Melissa Johnson,kmerritt@example.org,"29455 Willis Highway Suite 717 Port Sean, FM 59808",2022-06-21
438,Morgan Avila,jrowland@example.net,"0405 Jeffery Freeway Suite 718 Jeremyview, IL 52832",2023-08-03
439,Ms. Mikayla Cervantes,harmoncasey@example.net,"384 Butler Forest New Eric, NM 57125",2020-07-22
440,Melanie Craig,haynesanthony@example.org,"817 Pearson Court Floresmouth, ND 75028",2024-01-25
441,James King,jamescabrera@example.com,"8762 Jason Mountains West Tammy, MO 78308",2021-01-06
442,Michelle Mcdowell,christianbrown@example.com,"610 Jason Trail Suite 010 Andrewfurt, WI 55885",2020-04-17
443,Jeffrey Hartman,jamesprice@example.org,USNV Williams FPO AA 62242,2020-02-09
444,Erin Fisher,dianewebb@example.org,"51480 Breanna Rapid Apt. 173 Lake William, DC 38971",2021-01-06
445,John Mora,garciasusan@example.org,USNS Lopez FPO AE 10164,2021-12-17
446,Carla Parker,xavierward@example.org,"09821 Christopher Forges Walkerbury, AS 60951",2024-06-22
447,James Robinson,rebeccalester@example.com,"394 Andrew Land Suite 222 Lake Evelyn, UT 32253",2023-03-12
448,Miguel Davis,sherrysalazar@example.org,USS Roach FPO AP 67507,2021-09-24
449,Angela Sanchez,lopezerica@example.com,"2142 Keith Greens Apt. 155 Beckmouth, NM 02554",2022-12-04
450,Diane Thompson,awolfe@example.org,"26278 Tiffany Hill New Donald, WI 13126",2023-05-26
451,Harry Fisher,mitchellcharles@example.com,"198 Melanie Court Suite 023 Markview, OK 48897",2024-08-15
452,Brad Estrada,justinduran@example.org,"705 Desiree Plaza Kellyside, VT 06199",2022-10-30
453,Deborah Stone,michelledavidson@example.org,"261 Rice Court North Samuel, DE 71127",2023-05-03
454,Kristin Gonzalez,mreyes@example.net,"71071 Hernandez Estates Apt. 795 Colemanside, AL 40468",2021-04-10
455,Carly English,jessicabrown@example.org,"87533 James Forges North Haydenmouth, PR 12949",2023-10-12
456,Dave Hoover,douglasmorton@example.com,"99243 Daniel Turnpike Port Anthony, DC 57464",2020-07-12
457,William Bass,sfrank@example.org,"PSC 4950, Box 5151 APO AP 09038",2020-03-03
458,Danielle Thomas DDS,zachary95@example.com,"94431 Rebecca Radial Apt. 320 East Melissabury, MA 67192",2023-02-23
459,Dale Kennedy,barrettkimberly@example.com,"3461 Jennifer Turnpike Brownstad, AL 46001",2022-12-22
460,Jamie Sandoval,dcollins@example.com,"121 Larry Squares Apt. 153 Mccarthybury, OH 97589",2021-11-12
461,Arthur Poole,stephanie49@example.org,"7754 Vaughan Knolls New Sandrachester, KY 58480",2022-12-22
462,William Goodman,travis17@example.net,"921 Susan Station Apt. 281 New Valerietown, TX 67706",2024-02-02
463,Brandi Brown,melissahenry@example.org,"056 Schultz Turnpike Suite 795 Lake Monicatown, VA 18222",2022-03-12
464,Joyce Hall,wwillis@example.org,Unit 5062 Box 6091 DPO AE 47460,2021-07-24
465,Timothy Beck,kelsey57@example.com,"2004 Palmer Rest Caseyberg, SC 10545",2022-07-19
466,Barbara Mccarty,weberlaura@example.com,"97511 Andrew Crossing Apt. 432 East Thomasborough, ID 19809",2021-08-16
467,Judy Luna,erikmedina@example.net,"PSC 4693, Box 4472 APO AP 32764",2021-11-08
468,Lisa Mccoy,laurahernandez@example.com,"9779 Fuller Vista East Joel, OR 79422",2021-06-09
469,Ashley Jones,nwhite@example.org,"63794 Bailey Causeway New Chad, NJ 58039",2020-10-13
470,Matthew Taylor,ymartinez@example.net,"7212 Pierce Trace Suite 522 Port Jamesshire, AK 79469",2021-03-05
471,Rachel Moore,dorothy57@example.org,"41728 Reid Isle Apt. 802 Armstrongmouth, NE 18901",2020-12-20
472,Elizabeth Hill,karengomez@example.com,"6693 Wilson Meadow Apt. 541 Acevedoshire, MD 57469",2021-11-23
473,Carrie Green,woodstimothy@example.net,"296 Palmer Manor East Lauren, HI 41682",2022-08-30
474,John Burton,fnavarro@example.com,"0145 Rebecca Branch Apt. 868 Anthonyburgh, VT 21583",2023-12-08
475,Veronica Booth,mary70@example.org,"22097 Bruce Mills Apt. 353 Heatherburgh, MS 14753",2024-07-31
476,James Zavala,kimberly01@example.com,"64990 Leonard Stream New Kenneth, MH 63193",2024-01-20
477,Laura Jones,dorisheath@example.org,"87090 Mckenzie Shore Natalieburgh, GA 31287",2021-07-23
478,Kenneth Cooper,scottanthony@example.org,"6845 Floyd Streets Tamiburgh, OH 10810",2024-05-22
479,Deborah Alvarado,omarrichards@example.org,"3967 Hannah Station Suite 127 North Richard, MD 84228",2024-09-18
480,Stephanie Greer,gerald15@example.net,"5362 Justin Ranch Thomasview, WI 75885",2023-05-08
481,Jerry Clements,chenaustin@example.com,"0260 Jones Lake Suite 751 Joshuamouth, NM 78215",2023-02-07
482,Virginia Petty,bdelacruz@example.org,"43631 Best Mall Ortizstad, MH 78367",2023-03-16
483,Mary Thompson,eric63@example.com,"766 John Turnpike Murphyfort, WY 64363",2024-07-04
484,Andrew Lewis,olivia22@example.org,"03703 Maxwell Pike Apt. 987 North Barbarashire, ID 28386",2024-05-25
485,Molly Hall,rodney15@example.org,"95763 Amy Lodge Apt. 707 Mckeeshire, WY 22448",2023-07-26
486,Joseph Trujillo II,christianmerritt@example.net,"3287 Warren Roads Apt. 943 Port Noah, PW 17773",2023-06-02
487,Dr. Sean Munoz MD,kennethallen@example.com,"43078 Shelton Extensions Suite 956 Lake Kyleport, ND 63926",2023-10-31
488,Stacy Herrera,cheryl35@example.com,"15225 Dickerson Vista Suite 244 West Heather, WY 42529",2021-08-25
489,Mario Short,jeff41@example.org,"39068 James Well Rhondamouth, KY 64459",2022-07-14
490,Michael Evans,carpenterjohn@example.net,"062 Scott Isle Port Angela, IL 78391",2024-08-15
491,William Grant,karakane@example.com,"442 James Isle Suite 644 North Jacquelinemouth, MN 36050",2023-06-20
492,Shannon Bailey,campbellbrandon@example.org,"1116 Smith Plaza Port Pamelashire, RI 81188",2020-09-04
493,Susan Guzman,andrewrobinson@example.net,"12144 Timothy Ports West Saraside, SD 16435",2021-10-08
494,John Reid,corey03@example.org,"79830 Kevin Land Apt. 381 North Sherryview, OK 78904",2020-07-22
495,David Tyler,dwaters@example.org,"511 Michael Bypass Suite 410 South Richardview, WY 13183",2020-07-04
496,Eddie Orr,ebarker@example.com,"9528 Ryan Stream Lake Jaclyn, OK 89310",2024-09-27
497,Marissa Arellano,johnpowell@example.org,"5512 Webb Station Taylorbury, MA 41924",2021-12-02
498,Grace Anderson,rodgersjacob@example.com,"949 Gloria Court Ellisberg, ND 77565",2022-12-17
499,Adam Aguilar,smithchelsea@example.com,"5364 Hamilton Mountain West Amy, MO 13445",2021-12-19
500,Marisa Mendoza,cruzpeter@example.net,"09979 Mark Stream North Tammy, AR 46559",2022-03-04
