id,name,email,address,date_joined
1,Jessica Green,johnbanks@example.org,"PSC 0509, Box 3850 APO AP 10611",2021-02-05
2,Christina Goodwin,beanemma@example.net,"54812 Rodriguez Forge Apt. 024 Ashleyfort, NY 79999",2023-10-12
3,Joshua Villegas,travis62@example.com,"4722 Harris Field Martinezmouth, MO 50366",2024-03-28
4,Richard Torres,nicholas87@example.com,"2380 Michael Rest West Kathryn, AL 30033",2020-08-10
5,Christina Cain,jhowell@example.net,"565 Derek Club East Cathy, AK 11864",2022-03-16
6,Elizabeth Rangel,bernardgilbert@example.com,USNV Baker FPO AP 17043,2022-08-04
7,Timothy Baird,aprilguerrero@example.org,"773 Mark Knolls Suite 897 Riverafort, DC 21255",2021-02-16
8,Lawrence Blake,harperthomas@example.org,"826 Everett Alley Apt. 999 Craigton, SC 10294",2021-02-12
9,Catherine Wade,rellis@example.org,"1610 Natasha Prairie Suite 105 North Seanton, SD 53158",2021-11-22
10,Natalie Hall,robertmiller@example.com,"29801 Solomon Rue Apt. 994 Lake Jamesshire, DC 95425",2021-10-04
11,Benjamin Rivera,hweber@example.net,"911 Kramer Mount Suite 176 North Matthewfort, CT 28241",2020-04-09
12,Ashley Foster,ashleyrivera@example.net,"47580 Martin Row East Brendaview, PW 47278",2020-09-05
13,Jesse Becker,james65@example.net,"6830 Thomas Alley New Kevinborough, VT 95481",2023-04-10
14,Lisa Weber,goodwinheather@example.net,"3948 Douglas Creek North Laura, NH 20406",2023-02-11
15,Jason Rivas,amanda79@example.com,"86843 John Square East John, KS 87595",2024-04-11
16,Ashlee Shepard,leonard43@example.com,"0974 Smith Ridge Apt. 833 Kerryland, ND 18628",2022-09-11
17,Mary Hayes,jenniferjackson@example.com,"1606 Vaughn Spring Suite 544 Adamhaven, VT 92513",2021-06-05
18,Jared Bates,wallacemarc@example.com,"743 Perez Isle Suite 358 South Monicaburgh, MS 12701",2023-10-01
19,Elizabeth Murphy,kelleyleah@example.net,"528 Taylor Grove Jacobtown, PR 05317",2020-07-09
20,Patricia Barry,hshaw@example.com,"746 Carrillo Islands Suite 071 East Michael, NE 59177",2021-09-28
21,Kyle Osborne,richardsusan@example.com,"7334 Gibson Islands Campbellport, NC 84096",2021-12-10
22,Michael Diaz,ghowe@example.net,"5541 Green Cliff Apt. 521 Whiteside, ND 07582",2023-05-18
23,Theresa Mack,kevinwalker@example.net,"19519 Cook Crescent South Sheryl, TX 07589",2023-02-25
24,Paul Gutierrez,zdavis@example.org,"768 Leah Course Port Natalie, ID 12607",2023-05-31
25,Eric Graves,ihenderson@example.com,"11577 Eric Streets Suite 269 Lake Courtneyfurt, ND 23963",2020-12-08
26,Yolanda White,dillon49@example.net,"831 Kathleen Cape North Rachel, NJ 64678",2023-04-16
27,Cynthia Mercado,twilliams@example.org,"23745 Johnson Cape North David, PR 08071",2021-04-21
28,Michael Davis,heathderek@example.net,"571 Michael Flat Lawrencefort, MD 22616",2020-07-08
29,Michelle Watson,hamiltonjoseph@example.org,"489 Ortiz Trail Apt. 791 Kevinfort, VI 60022",2021-12-30
30,Becky Aguirre,jillbeck@example.com,"7175 Deborah Shoal Robertton, MP 40188",2022-05-23
31,Julia Thompson,lopezshawn@example.org,"612 Alyssa Walks Camachoport, WV 23226",2023-10-10
32,Dennis Arroyo,harry18@example.org,"145 Linda Ports Suite 405 Dennisstad, AS 73642",2022-08-17
33,Tiffany Bond,espinozakeith@example.net,"26236 Samantha Islands Port Brandiville, TN 44152",2023-02-18
34,Scott Hall,hopkinsashley@example.com,"149 Pierce Shoals Apt. 051 Richardland, IL 99426",2021-09-24
35,Louis Lawson,rosstodd@example.org,"5649 Bates Cape Suite 982 South Georgeberg, SC 82934",2023-07-20
36,Angela Hill,kyle86@example.org,"1664 Nichols Union Apt. 039 Port Sheilatown, MT 79846",2024-07-18
37,Vincent Bates,oneillwilliam@example.com,"079 Vasquez Ways Mcgrathbury, MA 20034",2020-10-15
38,Jennifer Herrera,benderspencer@example.org,"54344 Spencer Estates Suite 757 Marcusbury, SC 07344",2024-07-02
39,Angela Ponce,fmoore@example.net,"5902 Newton Prairie Suite 833 Wangmouth, NC 83768",2022-11-11
40,Matthew Smith,fwallace@example.org,"067 Lori Valley Suite 233 Lake Justin, MO 06272",2022-12-13
41,Craig Lowe,jennifer61@example.com,"5707 Zamora Via Suite 672 Lake Jennaburgh, PA 14696",2021-03-04
42,Julie Becker,jonesalexandra@example.net,"3404 Theodore Pines West Douglas, GA 55245",2023-06-24
43,Dr. Lauren Boyer,alyssa08@example.org,"3957 Harrell Tunnel Tinafort, MS 04805",2023-10-11
44,Nathan Hart,kimmoore@example.com,"5402 Angela Gardens Lanetown, WI 56991",2024-04-24
45,Michael Lawson,tcontreras@example.org,"99978 Carlson Mountain Apt. 115 Troyport, OH 02044",2024-01-02
46,Veronica Singleton,cholmes@example.net,Unit 6487 Box 9846 DPO AA 51794,2020-09-09
47,Crystal Gordon,fbeck@example.org,Unit 3939 Box 3633 DPO AA 29048,2023-02-05
48,Cody Berg,xbeck@example.net,"97259 White Viaduct New Daniellestad, IL 75004",2021-12-23
49,Steven Johnson,fergusonlisa@example.org,"PSC 7172, Box 2807 APO AE 97447",2023-03-30
50,David Obrien,donaldrose@example.org,"862 Gill Gardens Jasonchester, WA 66201",2021-06-29
51,Stacey Hickman,nicole01@example.com,"48260 Combs Station New Shawn, ME 84984",2024-02-26
52,Benjamin Sullivan,tjohnson@example.com,"57053 Martinez Unions Angelamouth, WV 22538",2021-07-18
53,Marcus Torres,caitlinsmith@example.com,"06626 Sheppard Pass Suite 027 North Rogerhaven, ME 27653",2022-04-09
54,Lisa Ball,elizabethdiaz@example.net,"474 Kenneth Avenue Apt. 594 New Patrick, HI 51497",2024-05-13
55,Amy Smith,sherry44@example.net,"02803 Anthony Rapid Apt. 469 New Bruce, CA 96892",2022-07-07
56,Steven Valdez,bentonadrian@example.org,"221 Chan Oval Suite 176 Daytown, MS 57437",2021-07-02
57,Jasmine Luna,stephen54@example.net,"PSC 5391, Box 7858 APO AE 94340",2020-01-17
58,Samantha Payne,fpayne@example.org,"84903 Erin Via Erikborough, MA 90220",2021-03-22
59,Ashley Morales,sheila00@example.org,Unit 1974 Box 7357 DPO AE 50415,2023-08-08
60,Kenneth Young,andrew15@example.com,"475 Robinson Islands Apt. 250 Wallsburgh, NY 22682",2022-07-12
61,Michelle Nicholson,amberhicks@example.org,"550 Michael Highway Suite 976 East Joseph, ND 25821",2023-08-17
62,Natalie Thompson,ucampos@example.com,"92038 Kevin Grove Apt. 417 South Tara, OH 69374",2023-11-06
63,Deborah Lawrence,orose@example.com,"78269 Michelle Hills North Kimberly, NC 06097",2020-02-09
64,Elizabeth Clark,cherylmerritt@example.com,USNS Perkins FPO AE 92740,2023-01-31
65,Angel Edwards,curtismatthew@example.net,"60330 Robert Ridge Apt. 693 Jessicaborough, TN 05097",2020-02-20
66,Mr. Clifford Wilson,davidmorton@example.com,USNV Burns FPO AP 04146,2023-11-05
67,Phillip Hunt,mgraham@example.net,"284 Reeves Tunnel Apt. 914 South Sethborough, IL 12699",2023-12-15
68,Brian Roberts,christineclark@example.net,"07628 Cole Crest Apt. 834 New Joshuahaven, ME 03574",2023-02-27
69,Kristine Roberson,brewerchristina@example.org,"43041 Reyes Plains South Victor, WV 14369",2020-07-15
70,Gwendolyn Smith,amber70@example.org,"PSC 7150, Box 3281 APO AP 45921",2022-04-28
71,Matthew Meza MD,markmitchell@example.org,"13700 Payne Groves East Justinstad, DE 16977",2022-01-29
72,Marc Lyons,qthomas@example.net,"646 Jonathan Passage Brownberg, WV 62773",2020-05-26
73,Brandon Austin,ccarroll@example.net,"738 Friedman Meadows Kellytown, NJ 09703",2023-05-23
74,Christopher Gibson,milesstephanie@example.net,"407 Pratt Freeway South Jeremy, ME 64705",2023-06-06
75,Joshua Coleman,obrienwilliam@example.com,"5817 Antonio Landing Suite 697 Erinview, CO 54300",2020-12-30
76,Joseph Martin,jasmine08@example.com,"850 Johnson Ports Suite 357 Donaldport, OK 44608",2021-08-19
77,Michael Lawrence,lorrainegoodman@example.org,"413 Kimberly Curve Apt. 283 South Laura, TN 05813",2024-08-09
78,Richard Scott,sandrabentley@example.com,"1492 Snow Valleys Port Cole, AK 60020",2021-04-17
79,Michele Rich,katrina13@example.com,"8083 Hall Creek Williamschester, AR 60717",2021-01-26
80,Amy Leon,kristinacardenas@example.com,"94314 Gates Forge Apt. 550 New James, NV 59186",2023-12-06
81,Sydney Jones,taylorbarnes@example.net,"26622 Reynolds Tunnel Apt. 954 Jenniferview, PR 36989",2021-09-28
82,Joshua Anderson,alishathompson@example.org,"PSC 5484, Box 1768 APO AP 22863",2023-11-02
83,Stephanie Ball,cathy24@example.com,"70584 Gonzalez Courts North Alexisshire, UT 99739",2024-04-11
84,Terry Chang,ibrown@example.net,"1144 Michael Ford New Jasonburgh, MP 59612",2022-06-14
85,Elizabeth Johnson,duane77@example.net,"8625 Morgan Glen South Ashley, NY 21683",2022-12-15
86,Adrian Holder,phillipsdestiny@example.net,"768 Donna Trace Yatesville, VI 26618",2020-09-08
87,Michael Davis,hendersonandrew@example.com,"65258 Colleen Pine Apt. 074 East Kimberlyburgh, AR 20669",2020-03-13
88,Paul Simon,rebeccahaynes@example.net,"0502 Steven Trail West Brett, CO 82052",2024-07-04
89,Christopher Griffin,pstokes@example.org,"9039 Matthew Pines West Brandon, SC 54605",2021-04-16
90,Mrs. Alicia Webb,ramirezalicia@example.net,"13914 Lewis Circle Apt. 553 Amytown, VI 25508",2024-05-25
91,Barbara Hunt,martinlisa@example.com,"981 Ann Ramp Jamesberg, MH 55780",2023-06-25
92,David Smith,crystalsuarez@example.net,"813 Martinez Squares Apt. 900 East David, OK 27841",2023-07-11
93,Janice Monroe,wyattsusan@example.org,"704 Nancy Expressway Suite 279 Cookberg, AL 89194",2021-04-14
94,Samantha Fowler,davidwarner@example.org,"8845 Wallace Forge Apt. 854 New Michaelmouth, MN 98484",2022-11-14
95,Julie Barnes,itaylor@example.net,"1064 Moreno Mission Suite 775 Craigfurt, GA 99635",2022-09-30
96,Brian Anderson,andreashaw@example.com,"3731 Makayla Prairie Salinasport, MA 08267",2023-01-20
97,Dylan King,karen23@example.com,"273 Debbie Mill Suite 590 South Johnburgh, UT 03919",2023-08-08
98,Terry Blake,frankedwin@example.com,"367 Harris Forge Melissafurt, WY 27548",2021-05-14
99,Mandy Burns,caitlin03@example.com,"32944 Sarah Unions Apt. 157 Kathymouth, WY 56960",2020-12-02
100,John Wu,jessicaalexander@example.com,"2047 Wilson Village Port Kathleenside, MD 41979",2024-08-22
101,Zoe Hinton,chloe04@example.com,USS Cain FPO AE 78164,2024-03-19
102,Shelia Lambert,travis74@example.com,"385 Madeline Drive Dyershire, IL 99755",2023-09-06
103,James Taylor,laurie82@example.net,"2878 Rodriguez Bypass Apt. 357 West Belindaberg, SC 46923",2020-04-19
104,Maria Davis,sberry@example.com,"72635 Davis Rapid North Elizabeth, AL 74231",2021-10-06
105,Stephanie Elliott,jamiefuller@example.org,"9886 Martin Island North Frank, MO 36093",2020-05-10
106,Nicholas Reid,tannercardenas@example.com,"2626 Grant Pike West Heatherport, PA 97989",2020-03-24
107,Teresa Mitchell,chelseawalker@example.net,"781 Audrey Radial Apt. 741 Danielleport, NV 41384",2023-10-04
108,Sharon Carlson,desiree23@example.com,"313 Randall Highway Apt. 338 Dustinville, LA 54564",2020-09-04
109,Cody Walker,dcarpenter@example.com,"66696 Caleb Crossing Port Jameshaven, MI 88083",2021-05-17
110,Andrew Smith,paula25@example.org,"PSC 8884, Box 1298 APO AE 19378",2023-12-12
111,Jacqueline Hansen,thomaschristina@example.com,"78157 Carolyn Inlet Charleshaven, CA 35311",2023-01-03
112,Rachel Juarez DVM,hannah24@example.com,Unit 7218 Box 5448 DPO AA 48164,2023-06-27
113,Luis Ho,andrea01@example.net,"797 Valentine Ramp Suite 174 Bobbyfurt, CA 37791",2023-12-11
114,Logan Brown,maria07@example.net,"6966 Matthew Bypass New Doristown, TN 60513",2021-11-07
115,Caitlin Long,qdavis@example.org,"92217 Lewis Ranch Davisshire, NC 61026",2022-09-06
116,Casey Brooks,jgoodman@example.com,"93960 Johnson Mountains Suite 476 Mcgrathborough, VT 58905",2022-06-15
117,Sarah Sawyer,burnslucas@example.net,"156 Zachary Rue Lake Robert, ME 90915",2020-02-16
118,James Black,ybarnes@example.com,"230 Mcguire Key Apt. 844 Whiteheadview, FM 46470",2021-07-30
119,Brittney Mccullough,barry16@example.com,"9744 Nielsen Oval Lake Tara, CA 89783",2021-04-21
120,Victoria Carr,cmorris@example.net,"2027 Kathryn Neck Ricardoport, TX 43534",2024-07-20
121,Diana Sexton,randallhayes@example.org,"32813 Jennifer Alley New Christine, KS 12341",2020-09-04
122,Carla Powers,newmankathy@example.net,"808 Jason Isle Apt. 894 West Mirandaside, GA 30239",2024-02-21
123,Sheila Wood,hmarshall@example.net,"12828 Justin Mountain Apt. 354 Bensonport, AL 80601",2021-01-27
124,Harry Sampson,petersonmegan@example.org,USS Evans FPO AE 40126,2023-03-14
125,Benjamin Solomon,larrygilmore@example.com,"974 Nichole Ports Suzannehaven, KS 91518",2022-11-21
126,Tonya Palmer,gabrielmoore@example.net,"6310 Lopez Rest Suite 645 Lake Timothyshire, KY 99206",2023-10-21
127,Rachel Long,brandon87@example.net,"43159 Caitlyn Mission Welchfurt, SD 18528",2022-11-18
128,Theresa Green,uwoods@example.com,"923 Brown Grove Jamesberg, PR 95343",2021-10-11
129,Kelly Rose,lisagray@example.com,"647 Marcia Overpass Suite 465 New Jody, NV 96259",2020-09-12
130,Mark Rocha,woodzachary@example.net,"39677 Wiley Junction Andersonburgh, AK 18991",2020-12-28
131,Lori Rodriguez,bradley47@example.net,"9586 Scott Spring Samuelberg, OH 33709",2022-01-18
132,Andrea Watkins,millerangie@example.org,"092 Chambers Causeway Apt. 408 Port Jonathan, FM 68248",2024-03-29
133,Emily Cannon,ashleymyers@example.org,"992 Shah Viaduct Suite 872 West Colinport, VT 17744",2022-03-30
134,Joel Simpson,michaelgutierrez@example.net,"004 Sanchez Ramp North Patriciaville, NY 73315",2024-09-05
135,Mary Cruz,ballardjoseph@example.com,"465 Valerie Mews Suite 180 Robinsonhaven, ND 61582",2020-10-31
136,Curtis Hobbs MD,anthonyoconnor@example.net,"322 Jones Lane Katiehaven, MP 12122",2024-02-12
137,Gregory Davis,phillipcabrera@example.com,"31584 Beard Road Apt. 321 Wilsonside, ND 45236",2022-06-02
138,Edward Medina,eevans@example.net,"111 Shannon Park Schneiderview, GA 47057",2022-07-25
139,James Cunningham,matthew42@example.org,"217 Joseph Mountain Mariastad, VT 48236",2024-01-04
140,Brittany Flores,kimberly83@example.net,"00898 Sheri Turnpike Suite 647 Lake Craigmouth, ME 54888",2020-05-11
141,Craig Jackson,lisa84@example.com,"24663 Kayla Canyon New Ashley, WA 56726",2024-10-05
142,Debra Collins,valerie99@example.com,"5037 Rowland Bypass Apt. 697 Timothyview, UT 98238",2024-07-24
143,Scott Anderson,brandi56@example.org,Unit 2451 Box 1351 DPO AA 66049,2023-07-19
144,Jody Allen,george54@example.net,"11112 Eric Cliff Valerieside, AK 15010",2022-12-03
145,Jeremy Herrera,zbrown@example.com,"44972 Gilbert Mills Suite 353 Thompsonton, PA 51698",2021-09-26
146,Carrie Dennis,carmen15@example.org,Unit 0850 Box 6230 DPO AP 56782,2022-06-14
147,Brittany Blair,utran@example.org,"5622 Megan Cliff Duffyshire, WY 51361",2021-10-18
148,Robert Gonzalez,patriciaweaver@example.net,"52682 Gregory Spring Chandlerside, CT 58305",2023-10-09
149,Valerie Torres,hardyandrea@example.org,Unit 5351 Box 7491 DPO AE 33257,2023-08-26
150,Tammy Perkins,zjoyce@example.net,"06157 Tricia View Apt. 342 West Jenniferbury, NM 21968",2022-11-04
151,Carlos Martinez,hudsonsusan@example.net,Unit 4047 Box 0620 DPO AA 88835,2020-09-30
152,Alexis Green,stuartmargaret@example.org,"040 Murphy Terrace North Denise, TN 99506",2024-03-28
153,Ana Santos,mfrederick@example.com,"995 Thomas Passage East Scottburgh, PW 63187",2024-05-07
154,Elizabeth Beltran,kylemoore@example.net,"8888 Lauren Crest Williamsburgh, RI 45060",2020-11-20
155,Ashley Smith,hardyadam@example.org,"71594 Jesus Heights New Kimberlyfort, MA 37182",2021-03-01
156,Brandy Saunders,floresmartha@example.org,"371 Brandon Rue Apt. 317 Delgadomouth, KS 67400",2024-08-21
157,Brenda Brown,gary68@example.org,"100 Johnny Divide North Jonathanberg, TX 88128",2024-09-03
158,Tammy Tucker,harriscathy@example.org,"9985 Felicia Inlet Suite 272 East David, IN 26220",2022-05-16
159,Gabriel Dixon,warrenrussell@example.com,"012 Patrick Manor Apt. 799 Wongside, NC 62947",2020-10-16
160,Steven Brown,josephadams@example.org,"65141 Miller Road Apt. 692 New Lauraburgh, MH 95812",2022-05-01
161,Keith Williams,jennifer20@example.org,"78127 Joshua Lodge Lake Evan, PR 79790",2020-11-24
162,Brandi Gray,edward65@example.net,"630 Reyes Corner Suite 515 East Dennis, MA 13178",2024-05-28
163,Sergio Allen,tuckerscott@example.net,"09217 Thomas Meadow Vanceland, NY 49021",2020-07-07
164,Amanda Baker,monicasmith@example.net,"2375 Matthew Canyon Apt. 644 New Brooke, NV 45254",2023-05-08
165,Albert Ward,brendaparrish@example.net,"071 Bradshaw Isle Riveraburgh, IN 92206",2021-08-19
166,Claudia Nichols,renee50@example.net,"01151 Taylor Corners Suite 854 West Katiemouth, KY 98784",2020-05-02
167,Daniel Powers,wilsondylan@example.org,"3522 Jordan Rapids Apt. 345 South Kimberlyfurt, AZ 42602",2024-04-29
168,Annette Kelley,andrelong@example.net,"64456 Dylan Ports Apt. 851 Robertston, NE 99903",2021-08-16
169,Jonathon Livingston,justin45@example.org,"5416 Ramirez Stravenue Davisburgh, MT 88536",2022-06-24
170,Michael Stewart,amy60@example.net,"79420 Johnson Pass Suite 040 Port Michaelshire, HI 16838",2023-05-06
171,Cynthia Mays,christopherhumphrey@example.net,"7908 Ashley Coves Mariahmouth, NM 67698",2023-06-10
172,Heidi Vasquez,josephfry@example.org,Unit 1439 Box 5755 DPO AP 84556,2023-10-02
173,Theresa Russell,fbailey@example.net,"6423 Paul Motorway Suite 249 Davidstad, MD 77439",2022-06-14
174,Danielle Patterson,ashley39@example.com,"531 Rodney Meadow Apt. 540 South Andrewburgh, AK 45149",2023-12-09
175,Sarah Baker,michelle64@example.org,"865 Price Mall Apt. 871 Jenniferfurt, NC 58772",2024-04-30
176,Kevin Lucas,roberthodge@example.com,"704 Vaughn Mill Nunezton, WA 49359",2021-05-07
177,Heather Nichols,robertarobles@example.net,"236 Jonathan Garden Henrymouth, NC 56822",2024-03-02
178,Jessica Boyer,paulkirby@example.com,"486 Norton Corner Lake Christopherfurt, UT 44995",2020-05-13
179,Jennifer Stone,troman@example.com,Unit 0817 Box 9151 DPO AA 37990,2023-01-07
180,Eileen Anderson,escobarjulie@example.org,"7662 Teresa Viaduct Suite 239 Christophertown, ND 62327",2022-12-13
181,Christopher Sullivan,yolanda66@example.net,"932 Bennett Trail Linburgh, DE 81674",2022-06-17
182,Rebecca Lawson,mosleyjay@example.com,"57450 Cunningham Rest Adrianafurt, DE 75197",2021-06-15
183,Kirsten Ho,jasminturner@example.net,"4485 Freeman Valleys Suite 369 Camposhaven, SC 73693",2024-05-07
184,Patrick Edwards,lwade@example.com,"1008 Jason Landing Suite 695 Maxwellmouth, VI 66930",2021-08-20
185,Melissa Collins,curtisbrandt@example.com,"66911 Hayes Trafficway Stricklandstad, WY 10636",2021-07-15
186,David Mora,garzaclinton@example.org,"176 Flowers Junction New Ashley, NE 53336",2020-05-23
187,Ruben Galloway,owilliams@example.org,Unit 7459 Box 5560 DPO AE 84457,2022-10-07
188,Steven Vargas,stephanie02@example.net,"816 Rivera Camp South Tracy, CO 29771",2023-02-16
189,Tim Villarreal,deborah45@example.org,"16617 Joel Plain Apt. 231 West Richard, WI 95897",2022-04-21
190,Summer Hill,sjones@example.org,"2892 White Mount Suite 134 Williechester, HI 45778",2021-03-12
191,Marcus Strong,mariah21@example.org,"512 Sullivan Cliff Apt. 357 North Eddieside, AK 40470",2023-12-25
192,Matthew House,brandy34@example.org,"06782 Clifford Mountain Lake Kara, NY 27376",2024-08-29
193,Carolyn Diaz,ibrown@example.com,"9359 Johnson Fort New Cynthiafort, OK 20465",2023-10-07
194,Joseph Watkins,blackwellamanda@example.net,"236 Coleman Islands Lake Kevinland, KY 92795",2021-09-15
195,Michelle Warren,briggstrevor@example.org,"018 Morgan Point Apt. 197 Ericburgh, FL 87581",2024-05-29
196,Pamela Moore,martinkenneth@example.org,"92417 Silva Ways Macdonaldshire, VT 28741",2023-11-20
197,Victor Franklin,christopherhood@example.org,"29540 Smith Fall Apt. 288 South Michael, AR 96536",2021-08-09
198,Lindsey Anderson,stephen44@example.com,"015 Austin Coves Townsendshire, RI 49497",2022-11-23
199,John Bishop,aarongonzalez@example.com,"051 Jillian Shoals West Maria, KS 12086",2023-11-01
200,Samantha Case,anthonywilliams@example.org,"56807 Montoya Roads Apt. 535 Coleville, MP 71696",2020-06-05
201,Jacqueline Rojas,kperkins@example.org,"548 Justin Tunnel Apt. 743 Boydstad, MH 35841",2021-06-28
202,Jennifer Sweeney,dconrad@example.org,"601 Jamie Curve East Codyville, PW 16823",2021-01-19
203,April Hunter,adamharris@example.net,"73256 Regina Lakes Apt. 646 South Patty, DC 59221",2022-04-20
204,Sally Dixon,hawkinsjoanna@example.com,USNS Greer FPO AE 19524,2022-07-22
205,Gary Johnson,ogreen@example.com,"5044 Monica Highway Apt. 157 East Samuelfort, UT 38408",2023-06-14
206,Kelly Meyer,hopkinskatelyn@example.org,"3915 Russell Prairie Suite 607 Benjaminside, IA 94823",2021-11-08
207,Ronald Ruiz,tuckerdustin@example.net,"5094 Jordan Haven South Joseph, NH 17002",2024-03-07
208,Jacob Lang,taylor64@example.com,"64511 Williams Garden Yangville, NJ 61012",2021-11-29
209,Margaret Torres,tracy57@example.org,"26018 Clark Road Suite 545 Lake Juliefort, AL 88676",2023-03-25
210,William Patel,gsmith@example.net,"474 Paula Plaza Apt. 573 Nicholaschester, ME 62637",2024-10-03
211,Stephanie Hanson,lewishaley@example.com,Unit 3632 Box 0982 DPO AE 90070,2023-11-02
212,Dennis Bowman,dennisriley@example.org,"04899 Amy Highway Apt. 130 Stephanieton, FL 13315",2024-07-27
213,Adam Grant,deborahphillips@example.net,"58029 Joseph Creek Suite 921 New Keith, PW 63870",2024-03-07
214,Sherry Torres,brownmary@example.org,"342 Steven Union East Johnstad, ME 74416",2020-03-07
215,Rachel Flores,katrinabrown@example.net,"72628 Benjamin Shoals Sarashire, FL 32646",2021-10-26
216,Janice Waters,jeff03@example.net,"75134 Parsons Pike Lake Benjaminfurt, TX 18668",2020-08-02
217,Crystal Reyes,kjohnson@example.com,"173 Martin Track Suite 078 Nicolefurt, KY 21075",2021-01-23
218,John Moss,jasonsharp@example.net,"4290 Avila Gardens South Brenda, ME 97643",2024-09-28
219,Gary Pierce,qponce@example.com,"711 Carpenter Station Lake Joshuastad, CA 57612",2023-02-25
220,Nicole Richard,sanchezjason@example.net,"55731 Figueroa Station Ellisshire, NV 40868",2023-08-15
221,Cathy Wilson,reneelowe@example.net,"3791 Anderson Divide South Christopher, OR 14906",2024-04-11
222,Patrick Gutierrez,dbrown@example.org,"74354 Keith Extension Suite 084 Lake Carl, WI 27937",2023-02-18
223,Mallory Norman,suzanne28@example.net,"478 Amanda Mountain Apt. 477 West Kristaberg, OH 34478",2022-06-21
224,Javier Daniels,aguilarshaun@example.net,"2469 Rivera Prairie Suite 024 Reedton, IN 95482",2020-01-30
225,James Whitaker,alvin78@example.com,"1874 Mathis Mountains Apt. 106 West Heatherbury, GU 29851",2023-04-09
226,Ashley Paul,virginiaschaefer@example.net,"23688 Nancy Cove Suite 361 New Karen, ME 99799",2022-05-21
227,Charles Larson,shawn17@example.org,"751 Samantha Springs Apt. 610 Phillipburgh, GA 28115",2022-05-19
228,Christine Savage,darren68@example.net,"348 Maddox Station Hallborough, MO 03289",2022-04-23
229,Catherine Braun,millerashley@example.org,"2377 Karen Burgs Garciaside, IN 95634",2023-02-02
230,Carlos Russell,tanya16@example.org,"390 Murphy Fields Apt. 710 Toddbury, MI 19807",2021-06-04
231,Anna Campbell,virginiasalazar@example.com,"PSC 4862, Box 4735 APO AA 62960",2023-03-04
232,Amanda Summers,bakerandrew@example.org,"997 Johns Summit Jenniferfort, OK 53566",2023-02-27
233,Logan Johnson,davissara@example.org,"9363 David Square West Elizabeth, MH 47832",2023-11-08
234,Zachary Thomas,shane13@example.org,"118 Conway Mill Port Katherinestad, MT 86087",2022-04-01
235,Mary Patton,yjones@example.net,"6951 Alicia Vista Morseport, FM 97120",2022-03-26
236,Daniel Kent,sanfordronnie@example.net,"891 Gonzales Mountains Apt. 423 New Bradybury, AR 03333",2020-07-04
237,Samuel Hart,brownjoshua@example.net,USCGC Garza FPO AP 15708,2021-01-05
238,Amy Yates,marisa24@example.net,"925 Nancy Dam South Megan, ID 92915",2022-01-01
239,Shannon Smith,villegaslauren@example.org,Unit 5657 Box 5546 DPO AP 06681,2021-02-10
240,Darren Scott,burnettmarco@example.org,"4971 Martin Throughway Suite 852 Gomezside, GA 23978",2020-08-15
241,Derek Weaver,brandoncampbell@example.com,"51333 Sullivan Pine Apt. 062 New Richard, NH 28250",2024-08-31
242,Jennifer Jenkins,lisa66@example.org,"1821 Nelson Villages North Johnberg, MT 57337",2022-12-24
243,Kevin Smith,hharris@example.net,"199 Craig Vista Reedshire, FM 60182",2023-10-06
244,Eric Strickland,jillian32@example.org,"774 Miller Lakes Suite 935 Reedbury, AS 84702",2024-08-09
245,Alexander Sanders,dawsonjames@example.com,"903 Vicki Hill Joshualand, PW 30020",2020-02-07
246,Steven Mills,franklinbecker@example.com,"565 Gentry Tunnel Travisborough, IA 12400",2022-07-24
247,Michael Leon,ydennis@example.com,"74818 John Mall Apt. 019 West Margaret, AS 35696",2021-10-01
248,Wesley Evans,ginaallen@example.com,"359 Baker Burg Suite 751 Jackieville, AL 76292",2024-09-01
249,Sarah Monroe,bryancampos@example.org,"35020 Ashley Park Apt. 065 Brendaburgh, MA 04057",2023-07-31
250,Eric Roman,douglasferguson@example.com,"0544 Wood Motorway Jacksonstad, CO 03636",2020-04-11
251,Summer Kelly,edward74@example.com,"451 Chapman Place East Kayla, MA 73666",2023-09-09
252,Jason Faulkner,lisawarren@example.com,"PSC 9550, Box 5320 APO AE 27714",2022-02-28
253,Gail Johnson MD,proctorrebecca@example.net,"PSC 7368, Box 9262 APO AA 63834",2020-06-06
254,Martha Cook,eharvey@example.com,"4859 Dillon Valleys Port Wayne, ME 32089",2024-07-10
255,Douglas Wright,qgonzales@example.org,"2882 Morton Valleys West Peter, MN 47678",2020-03-25
256,Cathy Thompson,rprice@example.org,"30154 Rios Mountains Suite 753 New Krista, MD 63678",2020-08-21
257,Lisa Garza,nsalazar@example.com,"2660 Diana Coves Apt. 296 East Deannachester, AS 97168",2020-06-20
258,Sean Foster,brittany08@example.org,"8193 Miller Spur Suite 634 North David, NH 28138",2021-06-21
259,Marie Anderson,courtneyreed@example.org,"33388 John Underpass Apt. 905 North Mariaton, MA 13025",2023-12-03
260,Regina Chavez,margaret97@example.com,Unit 7727 Box 1510 DPO AA 01854,2020-07-07
261,Katrina Miller,pfarley@example.net,"88608 Donald Gateway Suite 950 Rebeccafort, HI 85952",2023-02-14
262,Michael Norris MD,justin60@example.com,"162 Michelle Center Port Shirley, AL 60828",2021-12-28
263,Alan Melton,afuller@example.net,"4534 Higgins Lodge Thompsonhaven, GU 47068",2024-09-11
264,John Scott,kyle88@example.net,"575 Parker Manor Jenniferview, PW 92979",2020-12-23
265,Steven Davis,justin82@example.net,"3958 Jason Skyway Port Victoria, SC 31454",2021-09-22
266,Douglas Scott,phamilton@example.net,"755 Stephen Fields Suite 478 Jamesland, DC 99912",2024-04-26
267,Christina Orr,marcusluna@example.com,"04567 John Meadows New Kristintown, NC 79906",2024-04-03
268,Larry Johnson,tammy25@example.com,"61762 Houston Groves North Brendaville, GU 20402",2023-06-26
269,Shelby Herrera,jordannatalie@example.org,"6384 Abigail Highway Robinsonstad, MS 66822",2021-02-05
270,Sandra Phillips,byrdangela@example.org,"PSC 7596, Box 0105 APO AP 46591",2023-01-14
271,Casey Pierce,dchavez@example.org,"99022 Lee Dam Port Pamelabury, AS 26062",2022-07-20
272,Thomas Smith,christopherfoster@example.org,USS Sanders FPO AP 11504,2023-04-28
273,Sally Morgan,staceyhill@example.com,"569 Lewis Park West Charles, MT 12789",2020-03-08
274,Joseph Pitts,joycefoley@example.com,"29931 Terry Grove South Kellyhaven, AZ 40335",2021-03-29
275,Denise Burgess,bwilliams@example.org,Unit 4929 Box 0382 DPO AA 78416,2024-04-16
276,Joann Good,chavezanthony@example.net,"968 Johnson Stravenue Apt. 738 Laurenfurt, MP 97882",2024-09-18
277,Stacey Coleman,gallagherjonathan@example.com,"4505 Barrera Lodge Port Destinyberg, WV 17992",2023-06-14
278,Edward Scott,smurphy@example.net,"995 Philip Vista Suite 313 Howardtown, WY 59050",2022-02-15
279,Michelle Duke,jennifer85@example.org,"937 Joyce Plain Suite 155 Alexandraside, FM 59680",2020-01-10
280,David Michael,crystal26@example.org,"45040 Crystal Streets Apt. 863 East Raymondberg, IA 66374",2020-01-26
281,Maria Stevens,wmonroe@example.org,"29018 Mark Glens Annettefurt, PR 82887",2022-03-14
282,Ryan Harris,terri54@example.org,"96676 Johnson Pines Suite 459 North Belinda, GA 63580",2020-09-11
283,Ernest Huang,karendavis@example.com,"332 Edwin Place North Savannahchester, UT 96046",2020-12-31
284,Michael Harvey,xmay@example.com,"0142 Rogers Overpass Apt. 810 Wademouth, KY 68151",2023-06-12
285,Brandon Vazquez,dodom@example.com,"9512 Stephen Inlet West Eric, AL 17394",2022-04-16
286,Lisa Davis,llara@example.net,"645 Kristin Fork Gloverborough, ID 21288",2023-07-06
287,Richard Jones,cody31@example.com,"8171 Jones Loop Benjaminton, RI 48484",2021-07-05
288,Catherine Wood,bellbrian@example.org,Unit 6872 Box 8389 DPO AE 66975,2021-02-22
289,Crystal Harris,davidbrewer@example.net,"PSC 7302, Box 4348 APO AE 15495",2022-05-15
290,Mark Moon,perezmatthew@example.org,"66237 Eddie Road Apt. 054 Williamsport, SD 51070",2020-06-27
291,Richard Owens,gregory10@example.com,"753 Clayton Walk South Williamside, WY 43884",2022-12-16
292,Lisa Washington,qgaines@example.net,"3305 Hudson Key Apt. 487 West Natalieport, AZ 80871",2022-02-18
293,Diana Turner,philip39@example.com,"698 Stanley Fords Apt. 545 South Deannaville, MP 78300",2023-06-09
294,Patricia Smith,shellypatton@example.net,"05634 Carr Alley Suite 111 Schmidtburgh, CT 92936",2021-11-28
295,Andrew Kelley,montesjanet@example.com,"9903 Washington Mews Moorefort, TX 48395",2021-08-05
296,Savannah Daniel,robertparks@example.net,"765 Brown Ranch Apt. 938 Andrewside, CT 41656",2022-03-21
297,Patrick Dixon,wmitchell@example.net,"9939 Gray Course Suite 936 Dianestad, AR 81699",2020-04-02
298,Jorge Mccarty,brownkimberly@example.com,"854 Laura Throughway Lake Kimberlytown, SD 48523",2023-10-14
299,John Hurley DDS,bishopsandra@example.com,"0061 Petersen Drive Suite 948 North Toddshire, IA 06140",2023-07-11
300,Jacqueline Cameron,zmorris@example.net,"41965 Mary Meadows Apt. 171 Katherineport, ID 43941",2022-10-12
301,Amanda Miller,angelafox@example.net,"3856 Walton Canyon Riveraport, OH 90455",2022-08-25
302,Gary Harrison,ybender@example.com,"40133 Kayla Forges West Ericborough, TX 69997",2022-11-07
303,Diane Daniels,gamblecaroline@example.net,"15962 Madeline Vista Suite 211 East Donald, DE 75630",2020-07-18
304,Christopher Fernandez,alexanderkaren@example.net,"88765 Megan Shores West Meganview, ND 71740",2022-04-19
305,Yolanda Miranda,richardbennett@example.net,"89261 Anthony Brooks Apt. 935 Lunabury, GA 10577",2021-11-06
306,Tracy Rich,gilbertdaniel@example.org,"49399 Nicholas Mountains Apt. 968 Dylanburgh, TN 31556",2021-06-14
307,Joshua Atkinson,nathan36@example.net,"6088 Crystal Flat Castanedastad, NM 97718",2020-03-01
308,Douglas Mccormick,matthewhall@example.net,"9358 Ann Common Apt. 004 Raymondmouth, NJ 92770",2023-07-02
309,Tony Perez,herrerajoshua@example.net,"25702 Kelly Streets Apt. 909 Nicoleshire, WI 70072",2021-03-17
310,Joe Willis,ginaadams@example.net,"656 Weiss Circle Johnsonfurt, VI 61027",2024-09-12
311,Jacob Rivera,stephenmorris@example.net,"233 Kathy Unions Apt. 827 New Faithberg, MP 89444",2022-06-08
312,David Jacobs,aaron22@example.org,"43250 Danielle Turnpike Suite 318 Elijahside, GA 75783",2022-05-21
313,Hunter Stanley,drichardson@example.net,"876 Caitlin Mission North Jeffrey, IN 02748",2023-04-14
314,Lauren Montoya,douglasburke@example.net,"995 Taylor Points South Javierchester, GA 07253",2022-06-06
315,Carla Wheeler,sarah92@example.org,"3894 Delgado Causeway Suite 755 East Nicolefort, ND 54642",2023-12-07
316,Kevin Green,otapia@example.org,"PSC 1520, Box 2304 APO AA 25375",2023-08-08
317,Ms. Heather Bautista,ryanellis@example.com,"6631 Reed Cove Johnsburgh, NC 17924",2020-01-07
318,Tracy Garcia,fwalters@example.net,"3325 Bryant Orchard Apt. 419 Port Joeltown, LA 67789",2023-05-25
319,Frank Johnson,brent29@example.org,"36980 Jacqueline Flat Apt. 295 New Travis, MI 37829",2020-09-14
320,Kathryn Andrade,vickiedunn@example.net,"448 Jennifer Trail South Stacytown, UT 44783",2024-01-12
321,Anthony Adams,hgrant@example.com,"641 Melissa Dale Apt. 314 Reedchester, MD 86847",2020-08-16
322,Kyle George,felicia03@example.com,"43017 Barron Prairie Scottchester, AR 94366",2022-07-19
323,Gail Martinez,robert37@example.net,"82301 Glen Park Port Marilynside, AS 45882",2023-05-07
324,Amanda French,lisa21@example.org,"626 Jonathan Court Port Ashleyton, MH 93656",2022-11-08
325,Suzanne Parker,qrodriguez@example.com,"917 Lynn Terrace Christopherport, NY 11872",2023-03-02
326,Audrey Hall,jonathanjones@example.com,"3877 Jack Manor Apt. 626 Matthewmouth, FM 59610",2023-07-02
327,Eric Carrillo,james37@example.org,"68503 Watts Ramp Suite 059 Port Tiffany, IL 44294",2024-02-11
328,Robert Jones,levi48@example.org,"03577 Delacruz Lane Suite 989 Johnstad, RI 62756",2022-03-23
329,Laura Mitchell,normanshannon@example.net,"0328 Mark Mill Suite 430 Johnshire, MI 74061",2021-08-06
330,Kathleen Livingston,maddenstephanie@example.net,"41463 Salinas Roads Suite 906 Collinsborough, HI 52914",2021-09-18
331,Jeffrey Norris,annette55@example.com,"45392 Valdez View Jamesview, TX 66464",2020-01-15
332,Laura Case,brian93@example.net,"74127 Jimenez Lock West James, AR 59765",2022-02-17
333,Kelly Warren,michaeljohnson@example.org,USS Hill FPO AP 57265,2024-06-25
334,Sharon White,alexandragould@example.org,"81414 Nguyen Roads Robinsonshire, CO 42107",2024-01-25
335,Alexander Espinoza,kbowman@example.net,"28336 Nicholas Courts Suite 047 Christopherland, CA 35510",2023-03-01
336,John Hampton,heathermora@example.org,"3746 Davis Way Larrymouth, KS 19763",2023-01-05
337,James Whitaker,james24@example.com,"31548 Robert Camp Alanchester, ME 16748",2022-02-20
338,Miranda Black,benderyolanda@example.net,"85184 Kim Light Apt. 512 Russelltown, OH 93851",2020-10-26
339,Daniel Anderson,lopezjacob@example.org,"31598 Cynthia Port East Glenview, ND 18224",2024-08-13
340,Lisa Garcia,xlong@example.net,"9480 Sheila Terrace Port Brian, MS 01376",2023-11-22
341,Ashley Cochran,petersonmallory@example.org,"78454 Timothy Trafficway Port Matthew, OR 52303",2020-12-18
342,Diana Bailey,pchavez@example.org,"00335 Garcia Knolls Apt. 233 New Douglas, PW 80715",2020-07-05
343,Lisa Alvarez,kayla99@example.org,"5422 Hernandez Mall West Scott, WV 58060",2021-10-16
344,Jeff Hughes,sandrawhite@example.org,"6712 Boyd Expressway East Kristenfort, PA 77333",2020-03-09
345,Christina Dyer,clowe@example.net,"03291 Antonio Rapids Apt. 031 East Jenniferhaven, HI 11643",2021-11-03
346,Kristopher Freeman,maryrobinson@example.net,"84440 Justin Gateway Apt. 058 Brauntown, WV 15644",2023-11-29
347,Diana Baldwin,bmorrow@example.com,"8793 Lisa Summit Suite 867 Lauraborough, WA 16726",2022-04-08
348,Rachel White,greenjack@example.com,"334 Aaron Course Suite 665 Schmidtmouth, NH 81890",2022-02-22
349,Sarah Cooper,sarahgarrett@example.org,"5487 Holmes Wells Suite 301 New Peggyside, ID 87733",2023-06-12
350,Patricia Hale,mary21@example.com,"1159 Franklin Views Apt. 983 Robbinshaven, OH 40974",2022-06-11
351,Andrea Gonzalez,bwilliams@example.net,"387 Cunningham Falls Apt. 331 Rosston, MS 24390",2023-08-17
352,Adam Vasquez,johnmunoz@example.net,"69172 Kelli Inlet Kyletown, RI 19494",2023-09-30
353,James Johnson,morrissamuel@example.com,USCGC Parker FPO AE 22050,2022-09-04
354,Emily Alexander,paynekenneth@example.org,"95083 Crosby Lakes Jesusmouth, CT 00637",2021-09-08
355,Timothy Flores,hevans@example.com,"47277 Christopher Mills Suite 624 Port Tracy, IL 93084",2021-06-14
356,Matthew Blair,brianna14@example.org,"2012 Richard Extensions South Thomasfurt, NV 27834",2023-11-30
357,Dave Townsend,jacqueline11@example.com,"865 Sanders Lights Suite 798 Taylorshire, NE 14807",2023-09-23
358,Dana Pearson,fgray@example.net,"67817 Brandy Oval Apt. 207 New Mary, KS 83314",2020-08-25
359,Kendra Russell,ipotter@example.com,"098 Teresa Valley Port Heather, AS 26279",2022-12-10
360,John Short,michelle16@example.net,USCGC Villanueva FPO AE 78687,2022-01-16
361,Dr. Ronald Salinas,johnsawyer@example.net,"919 Campbell Prairie Suite 543 Stonehaven, CT 76045",2020-03-26
362,Audrey Stewart,rwhite@example.org,"707 Sanders Green Apt. 373 Lake Matthewshire, NY 32611",2024-02-15
363,Jonathan Gamble,utaylor@example.com,"61293 Sheri Ports Andrewsmouth, KS 88940",2022-06-07
364,Angela Garner,pbrock@example.net,"6597 Tony Lights West Mariaburgh, LA 28449",2024-02-11
365,Jeffery Horton,ujones@example.net,"982 Zachary Rapids Morganport, DE 44144",2020-09-22
366,Tanya Fernandez,julian16@example.net,"936 Bradley Corner Chapmanstad, LA 46064",2021-09-03
367,Tammy Pollard,toni20@example.net,"581 Lisa Crossroad Apt. 297 Port Wendy, IA 27682",2022-02-11
368,Bernard Rodriguez,patrick61@example.net,"27815 Dominic Tunnel West Andreabury, KS 53423",2021-09-29
369,William Mckinney,alan81@example.net,"18248 Stephen Oval Harveyfurt, ME 73971",2020-05-12
370,Joshua Mills,lkane@example.org,"551 Wilson Throughway East Kathleenhaven, NH 56985",2021-09-05
371,Cathy Hughes,fcruz@example.com,"00576 Robin Canyon Port Jennifer, LA 66295",2024-03-20
372,George Hogan,benjaminberry@example.com,"064 Calderon Roads Chaneyfort, NV 72051",2022-11-30
373,Kevin Miller,shari57@example.com,"37951 Chung Cliffs Apt. 787 Nolanbury, FL 50185",2021-06-14
374,Michael Levine,roliver@example.net,"931 Patrick Track Suite 010 Janiceland, NM 97779",2024-01-21
375,Darren David,deborahpowell@example.org,"472 James Vista Port Carol, KY 98489",2021-03-02
376,Barbara Gibson,williamskyle@example.com,"180 Erica Curve South Timothyview, MT 81527",2023-07-20
377,Paul Vazquez,lsmith@example.com,"2110 Escobar Stravenue Wellsstad, SC 59792",2022-10-11
378,Nicole Beck,rogerspamela@example.com,"50680 Sosa Circle Suite 399 Jamesbury, OK 23327",2020-12-20
379,Darryl Lewis,marvin68@example.org,"576 Bowers Village Apt. 592 New Amanda, IN 44194",2024-08-26
380,Regina Sharp,pcollins@example.net,"510 White Mount Amandamouth, TX 44885",2022-03-07
381,Patricia Jones,katrina59@example.com,USNS Gregory FPO AE 09371,2022-07-09
382,Andrew Paul,mckenzieriley@example.net,"PSC 3882, Box 1841 APO AE 78406",2021-04-30
383,Bruce Meyer,luke07@example.org,"19135 Lisa Avenue Apt. 215 Hillville, MT 80509",2023-01-17
384,Dave Hopkins,alicialowe@example.net,"40902 Price Common Jacobstad, ND 68089",2022-04-23
385,Brittany Hernandez,sarahhicks@example.net,Unit 7768 Box 5547 DPO AP 62292,2022-08-10
386,Michael Wyatt,rcooper@example.com,"41595 Lance Junction West Sarah, FM 24078",2024-08-22
387,Bethany Hernandez,aaronflores@example.net,"93987 Glass Parks South Annamouth, VT 59283",2022-03-19
388,Amanda Flowers,qmitchell@example.org,"873 Courtney Skyway Apt. 890 Lake Brenda, SC 47044",2022-09-06
389,Karen Johnston,qmitchell@example.org,"48168 Cathy Skyway Apt. 952 Blackshire, AL 27027",2020-07-18
390,Eric Dominguez,eaguilar@example.net,"343 Daniel Harbor Lisaberg, NV 31737",2022-06-07
391,Taylor Anderson,bcohen@example.com,"574 Davis Bridge Mikaylaland, SD 60170",2022-05-15
392,David Miller,smithlori@example.com,"07456 Butler Rapids Suite 448 North Williamborough, TN 80076",2023-01-11
393,Christine Smith,hebertlisa@example.net,"73885 Rachel Field Apt. 903 West Rachelshire, RI 97701",2023-09-29
394,Jason Roberts,justinpalmer@example.org,"276 Smith Cape Apt. 114 Hughesburgh, CO 74901",2020-11-23
395,Dr. Katelyn Roberts,cookvalerie@example.org,"453 Jackson Square Suite 024 Lindsayshire, WA 04918",2021-12-12
396,Jennifer Monroe,ortegacindy@example.com,"353 Hood Center Apt. 277 Port Renee, ID 04518",2021-02-12
397,Sonya Durham,travis05@example.com,"0753 Jennifer Pine Apt. 762 West Gary, NV 66529",2021-12-11
398,Rodney Matthews,llopez@example.org,"7490 Brown Well Lake Emily, TX 44944",2024-07-30
399,Mandy Martinez,obrientara@example.com,"996 Charles Mills West Keith, HI 26217",2021-07-19
400,Stephanie Camacho,jensenebony@example.net,"913 Brown Spring Bakerton, PA 28839",2021-05-09
401,Tara Caldwell,millerchris@example.org,"8821 Villarreal Key Port Daniel, HI 18748",2022-12-09
402,Emily Carter,parkerjacob@example.net,"3952 Cervantes Mountains Spearsborough, ID 78206",2020-04-26
403,Kelly Oliver,xlowe@example.com,"417 Jessica Turnpike Randolphmouth, CT 70823",2023-08-28
404,Stephanie Gardner,jessica63@example.net,"79248 Peters Hills Apt. 910 Clarkburgh, SD 24254",2022-07-13
405,Luis Chan,karen48@example.org,"5218 Mark Lakes Apt. 289 Huntermouth, IL 02288",2023-12-09
406,Dominique Blake,smithdavid@example.org,"936 Christopher Ports East Bryan, LA 83221",2024-04-11
407,Jennifer Mason,dalexander@example.com,"928 Allison Hollow Suite 132 Port Christianland, SD 57538",2021-12-03
408,Denise Davis,michael41@example.org,"524 Calhoun Forge North Tammy, MI 08506",2020-07-18
409,David Zuniga,gturner@example.org,"920 Kristi Locks Apt. 532 New Jerryfurt, UT 19927",2024-01-13
410,James Hooper,masonnicole@example.com,"507 Wallace Rest West Ana, FL 69220",2021-07-24
411,Justin Werner,steven79@example.org,"9358 Patterson Ferry West Dawnfurt, NY 11936",2023-12-19
412,James Ramos,nixondonald@example.org,"998 Daniel Forks Apt. 813 South Johnville, OK 43763",2020-08-10
413,Joshua Thomas,butlerrebecca@example.org,"4210 Judy Key Apt. 583 Jenniferhaven, OR 85250",2021-03-13
414,Adrian Bennett,mcphersonallison@example.com,"91437 Medina Inlet Cookfurt, PR 93766",2023-10-28
415,Steven Gomez,baileylance@example.org,"026 Tina Port Suite 788 Luishaven, NH 06201",2024-02-21
416,Samantha Brown,gjones@example.com,"23890 Duffy Alley Apt. 590 Hammondborough, SC 51451",2022-09-20
417,Vincent Ray,ahart@example.org,"6314 Matthew Streets Apt. 918 North Eric, FL 50071",2022-09-04
418,Stefanie Bush,danielssara@example.net,"7739 Jay Groves Stevenland, MI 55981",2023-07-28
419,David Campbell,sandracuevas@example.net,"97944 Morales Mount Suite 076 South Aaron, CO 22771",2020-06-17
420,Leslie Murillo,kelly96@example.com,"48095 Julie Underpass Port Deanstad, IL 74389",2024-02-19
421,Pamela Fitzgerald,cwalters@example.org,"750 Byrd Tunnel New Sonia, PR 05220",2021-05-15
422,Daniel Gill,dboyd@example.org,"665 Jennifer Squares Lake Charles, MP 49849",2021-02-16
423,Eric Morgan,cthompson@example.net,"1740 Mary Ways Rodriguezbury, GU 20453",2022-11-19
424,Abigail Campbell,zsummers@example.net,"4881 Robert Hollow Suite 349 Port Glennville, NC 57781",2024-02-10
425,Kayla Ellis,bridgethardy@example.com,"133 Butler Plains West Dianatown, DC 61920",2023-05-28
426,Stephanie Massey,kimgarrison@example.com,"6491 Lawson Fields Kingshire, NM 00912",2021-08-16
427,Allison Carter,travis24@example.org,"3847 Lam Unions Suite 035 North Jessica, NM 68890",2021-02-18
428,Christopher Mitchell,randallkatherine@example.org,"1023 Gay Port Clarkfort, OR 13700",2022-10-29
429,Rebecca Allen,brett67@example.com,"17034 Griffin Rue Marquezton, KS 68925",2022-09-08
430,Karina Garcia,williamfischer@example.com,"050 Steven River Suite 587 West Mollyville, VA 94479",2023-07-28
431,Timothy Howard,lynn13@example.com,"83310 Daniel Place Port Karen, MD 65440",2020-05-01
432,Stefanie Rich DDS,kimlewis@example.org,Unit 7650 Box 3731 DPO AA 72123,2020-07-07
433,Michael Spencer,marquezkristopher@example.com,"283 Eric Haven West Paige, AK 44331",2022-07-18
434,Megan Hamilton,olsonjo@example.net,"822 Lindsey Roads Lake Katherine, MI 50775",2022-07-16
435,Christopher Joseph,catherineparker@example.org,"31918 Allen Lodge New Cynthiahaven, NY 22734",2023-07-19
436,Tracy Green,melissawright@example.org,USS Mccoy FPO AP 20455,2024-01-21
437,Christina Tyler,mccarthymatthew@example.org,"188 Jill Gateway Lake Kaylafurt, MS 35083",2024-03-14
438,Kelly Porter,paulsolomon@example.com,"2369 David Flats Suite 720 Martintown, PA 81840",2023-12-19
439,Mrs. Jade Perry MD,dmiller@example.com,"9534 Donna Ford Andrewland, PA 35241",2020-12-29
440,Tracey Patterson,heathervargas@example.com,"57612 Greg Cliffs Munozfurt, MP 77967",2021-03-23
441,Benjamin Robinson,crystal94@example.com,"848 Davis Village Port Loretta, MI 04549",2022-03-20
442,Toni Peck,dmejia@example.org,"847 Mia Unions North Steveland, MT 03840",2022-07-26
443,Leslie Garcia,xmitchell@example.org,"509 Lisa Path Mclaughlinmouth, RI 41515",2020-03-25
444,Megan West,theresa88@example.net,"0577 Paul Circle Apt. 238 North Xavierbury, PW 22531",2022-03-08
445,Lauren Reed,michaelburton@example.com,"116 Karen Avenue West Kathleenville, DC 52885",2024-08-31
446,Caitlyn Taylor,kayla82@example.net,"7156 Jerry Cove Port Jeffrey, PW 83566",2023-07-31
447,Kelly Smith,qpadilla@example.org,"2545 Olivia Prairie Shelbyville, MH 74559",2021-07-16
448,Thomas Walker,christysmith@example.net,"338 Diane Highway Lake Audrey, AR 80285",2023-03-28
449,Edward Rodriguez,pbush@example.org,"9780 Finley Dam Apt. 366 Stephenberg, IL 71418",2023-08-24
450,Henry Cox,myersdavid@example.org,"183 Heather Springs New Josephland, NC 94254",2022-01-02
451,Amanda James,patriciajohnson@example.org,"2188 Vargas Ports Apt. 498 South David, WY 47702",2023-12-27
452,Traci Gray,rgonzalez@example.org,"53624 Parsons Hollow Suite 776 Carlosshire, NV 07503",2024-05-30
453,Stuart Miller,wbrown@example.net,"PSC 3140, Box 9020 APO AA 39463",2023-04-08
454,Michael Taylor,coreyhernandez@example.com,"3921 Rivers Shoals Lake Michaelview, DE 10930",2021-02-14
455,Lori Cunningham,jodiwise@example.net,"78684 Natalie Lane North William, WY 33980",2024-08-05
456,Kendra Atkinson,nancyanderson@example.org,"06399 Crane Way Suite 246 North Charles, WV 64445",2021-06-11
457,Cynthia Wade,rlee@example.net,"69414 James Station Suite 307 Port Lucas, NV 68175",2024-08-04
458,Bobby Rios,ana54@example.net,"70412 Logan Valleys Lake Angela, SD 56332",2020-01-16
459,Timothy Jones,kellystrickland@example.net,"184 Kelly Drive East Edward, AR 28405",2020-06-21
460,Michael Jenkins,sean25@example.org,"7564 Leslie Hills East Richard, PA 56108",2022-02-23
461,Dennis Lee,ustanley@example.net,"0272 Amanda Plains Apt. 442 North Nancy, GU 79172",2023-05-04
462,Nicholas Gonzalez,tbriggs@example.net,"PSC 3453, Box 8456 APO AA 08125",2022-12-16
463,Thomas Briggs,pamelameyers@example.com,"7667 Jason Terrace Suite 316 Connortown, NJ 23973",2023-10-17
464,Michele Walsh,autumn01@example.org,"88379 Lori Place Suite 333 Lake Brianmouth, MP 30772",2022-01-10
465,Terry Silva,aaronfuller@example.org,"16861 Michelle Port South Carla, CT 38155",2024-02-13
466,Elizabeth Summers,pgonzalez@example.net,"16841 Elizabeth Burgs New Jasmineland, AS 96419",2020-08-18
467,Mr. Harold Huffman DDS,fmartinez@example.org,"48504 Angela Throughway Suite 732 West Kimberly, WI 35416",2021-06-12
468,Jimmy Myers,teresamartin@example.org,"701 Spencer Ridges Suite 304 Teresashire, OK 50795",2021-08-07
469,Joshua Thompson,alexa94@example.org,Unit 8973 Box 5857 DPO AE 02980,2022-10-22
470,Joseph Williams,bellsarah@example.com,"976 Nathan Isle Christinechester, FL 65359",2022-03-17
471,Cynthia Goodwin,cmullins@example.org,"06926 Cameron Causeway North Jeffreyfort, WI 50116",2024-07-08
472,Brittany Brown,roger96@example.net,"6040 Guzman Plain Apt. 847 Thomasburgh, MI 77864",2020-11-06
473,Tammy Deleon,susannichols@example.net,"83075 Jessica Spur Suite 128 Jamesmouth, LA 20190",2021-12-08
474,Kirk Smith,erinmelendez@example.com,Unit 9047 Box 7335 DPO AP 57862,2021-04-07
475,Christopher Gardner,sheila12@example.net,"46333 Cook Trafficway Suite 803 West James, CO 80608",2021-02-01
476,Kelly Allen,mcguiresophia@example.net,"01018 Rogers Harbors North Amandamouth, TN 56998",2021-04-29
477,Molly Walker,moyerrussell@example.net,USNS Nelson FPO AA 30478,2021-12-24
478,Sydney Roman,mbarker@example.com,"7552 Jackson Inlet North Sarahport, MH 92003",2021-02-02
479,Judith Ferguson,georgehood@example.com,"PSC 7264, Box 6014 APO AE 65808",2022-02-25
480,Mrs. Hannah Patrick MD,jesse52@example.net,"976 Rodriguez Overpass Michaelville, OH 17052",2021-05-05
481,Kimberly Conner,dennisnguyen@example.com,"35361 Harris Glens Williamsside, PR 69599",2020-07-16
482,Todd Gray,carolynmurray@example.com,"1442 Ashley Cliffs Apt. 087 East Stephen, FM 06306",2021-02-13
483,Jenna Gonzales,wilsonpaul@example.com,"304 Frank Squares Suite 163 North Sharonview, OH 87819",2023-04-30
484,Tammy Baxter,glennhanna@example.com,"372 Thomas Turnpike Apt. 933 Reneetown, WA 24326",2024-04-04
485,April Ramirez,christinaedwards@example.com,"PSC 5964, Box 7453 APO AP 81444",2022-03-09
486,Laurie Adams,jonesgregory@example.net,"88844 Lori Ports Port Jessica, WV 23045",2020-01-19
487,Casey Jones,cscott@example.com,"351 Nichols Roads Suite 920 Garciahaven, SC 24825",2023-11-15
488,John Cox,jason04@example.com,"988 Garcia Pine Suite 688 North Scott, AZ 64720",2024-09-08
489,Joanne Miller,melanie52@example.com,"42310 Carl Court Apt. 566 Pattersonchester, OK 94983",2020-08-21
490,Mark Frederick,kevindonovan@example.net,Unit 7556 Box 0975 DPO AE 17729,2023-08-06
491,Jason Brown,ricemaria@example.org,"3986 Jane Divide Apt. 748 Jennatown, DC 06746",2024-03-28
492,Michael Dorsey,evanshannah@example.com,"9862 Margaret Mountain Apt. 028 Brownberg, TN 09552",2024-07-21
493,Laura Weaver,oadams@example.com,"93879 Anne Square Pierceside, DE 37494",2020-09-05
494,Brooke Flowers,richard78@example.net,"382 George Gateway Ronaldville, MH 29522",2023-03-04
495,Matthew Martin,pstanley@example.com,"81028 Bean Mountain Suite 149 New Amy, ME 46212",2022-08-15
496,Mr. Samuel Pace,jennifer18@example.com,"87061 Smith Common Suite 827 Ericshire, PR 69136",2020-12-08
497,Tara Bennett,jordan59@example.com,"37808 Santos Light New Jeromeview, MA 34479",2024-06-04
498,Larry Winters,wandasolis@example.com,"9970 Lamb Freeway Suite 043 West Dawn, AK 86048",2023-12-05
499,Suzanne Vincent,gutierrezmark@example.net,"06334 Gerald Crest East Veronicaborough, TN 72404",2021-07-24
500,Lisa Summers,julieacosta@example.com,"693 Finley Crest Apt. 076 Tammyside, DE 74982",2024-08-12
