id,name,email,address,date_joined
1,William Travis,talexander@example.com,Unit 9293 Box 5777 DPO AA 29216,2021-03-30
2,Colton Martin,meaganbean@example.org,Unit 0334 Box 0400 DPO AE 03138,2020-11-29
3,Joseph Potter,ccastillo@example.org,Unit 5415 Box 8292 DPO AA 02396,2020-03-01
4,Kimberly Velez,douglas61@example.net,"202 Phillips Ferry Apt. 848 Adamtown, OK 55500",2020-01-09
5,James Pierce,iadams@example.com,"326 White Stream Apt. 497 Patriciaview, NM 24357",2022-12-15
6,Theresa Lee,earl90@example.org,"028 Donald Landing Apt. 001 Port Robin, MI 55371",2022-11-05
7,Kevin Allen,michael64@example.com,"2105 Eric Extension Apt. 524 East Bridget, OK 23140",2023-12-21
8,Alexandra Vaughan,martinezcolin@example.com,"44242 Walsh Branch Lake Ralph, WA 46924",2024-03-21
9,James Morris,austinking@example.net,"71842 Taylor Village New Anthonyside, OR 74959",2020-01-01
10,James Barnes,monica35@example.com,"2103 Lee Haven East Sandra, SC 84831",2020-08-23
11,Joseph Miller,martin07@example.net,"2667 Kristen Ville Port Ronald, IL 31271",2023-10-27
12,Christopher Mathis,browneric@example.org,"PSC 6656, Box 2721 APO AA 39786",2020-01-28
13,Vincent Hickman,obrienwhitney@example.com,"78294 Henry Port North Richardfort, RI 07985",2022-07-03
14,Austin Bender,bhopkins@example.com,"30470 Laura Lodge Apt. 963 West Candice, MP 88793",2022-02-21
15,David White,lynchdavid@example.org,"537 Braun Islands Apt. 494 Martineztown, MN 36276",2022-10-03
16,Thomas Osborne,nnguyen@example.net,"42504 Richard Land Johnsonbury, CT 37601",2023-12-04
17,April Weiss,bjohnson@example.org,"73285 Martin Gardens Apt. 304 Jonathontown, OH 11818",2020-05-11
18,Samuel Sandoval,burtonashley@example.com,"677 Vanessa Mountains Apt. 667 North Maryberg, DC 99553",2020-02-29
19,Paul Davila,kelly42@example.net,"10161 Christina Junction Apt. 082 East Christine, CO 04046",2022-12-17
20,Wyatt Conner,christinekennedy@example.net,"79177 Wilcox Ramp Rubenton, NY 28961",2022-10-05
21,William Hobbs,tracey53@example.org,Unit 3246 Box 6580 DPO AP 08208,2021-01-01
22,Jeremy Rivera,hgarcia@example.net,"44307 Brianna Summit Suite 639 Johnsonbury, OR 31912",2024-04-10
23,Shirley Madden,philipjohnson@example.com,"PSC 5418, Box 4423 APO AA 90390",2022-06-10
24,Alex Castaneda II,saralee@example.org,"92749 Christopher Terrace Apt. 425 Romeroshire, NJ 53752",2020-06-08
25,Sydney Russell,bryanamber@example.org,"6190 Moran Brook Suite 239 Lake Alexa, TX 81875",2024-02-25
26,Jacob Moore,pdonaldson@example.com,"5019 Kenneth Ridge Suite 572 Kellyland, UT 79926",2021-12-06
27,William Le,cantumary@example.com,"1316 Henry Vista Suite 348 New Lauren, PW 94437",2022-08-28
28,Linda Riley,jacksonchelsea@example.org,"78286 Jackson Pike Greenville, KY 50978",2022-05-22
29,Karen Davis,karen98@example.com,"68287 Mark Ports Rodriguezfurt, WY 07248",2022-12-14
30,Kayla Williamson,qpowell@example.com,"8275 Mayer Route Lynnbury, TN 57158",2023-05-07
31,Vanessa Baker,christophertrevino@example.com,"736 Michelle Plaza Russellberg, TX 89603",2021-11-11
32,Joshua Johnson,joshua79@example.org,"535 Clayton Mount North Willie, AS 28680",2022-03-14
33,Joy Martinez,aprilcardenas@example.org,"1848 Jackson Via Suite 115 Lake Stephenborough, MI 99270",2021-11-22
34,James Stein,fpollard@example.com,"62590 Misty Drive Suite 692 East Hannah, SC 89435",2021-02-20
35,Jessica Cook,jessebaker@example.org,"0595 Antonio Locks Kramerport, MD 64343",2020-08-30
36,Lori King,luis45@example.net,"29122 Carla Track Suite 208 Devinland, AS 63705",2021-05-10
37,Daniel Carr,brian10@example.net,"678 Angel Viaduct Apt. 344 West Reneemouth, OK 37265",2021-05-11
38,Miguel Meyers,youngjoseph@example.com,"045 Xavier Land Suite 674 Hernandezville, SD 54933",2023-04-17
39,Robert Moore,wattsteresa@example.net,"9266 Cobb Crossing North Beth, NJ 89837",2021-10-08
40,Scott Fitzgerald,wyattaaron@example.net,"02962 Nelson Fort Suite 985 Marshallmouth, ME 62577",2020-11-29
41,Ralph Brown,stacey96@example.org,"669 Angela Terrace South Marcusberg, OH 78958",2021-05-24
42,Christian Richardson,mcknightphilip@example.org,"3847 Schaefer Curve Apt. 867 West Michelle, TX 64296",2024-01-23
43,Tonya Haney,kelly38@example.com,"PSC 3773, Box 3957 APO AP 88768",2024-01-20
44,Mark Smith,mccalltheresa@example.com,"2239 Williams View West Ryantown, AS 16532",2023-06-18
45,Lawrence Mendez,ltyler@example.org,"1825 Jones Divide New Russellhaven, NY 59509",2022-08-20
46,George Wolfe,norrishenry@example.org,"69024 Hannah Club Apt. 954 West Codyberg, GA 84374",2022-03-07
47,Cynthia Austin,bauerjoshua@example.com,USCGC Jones FPO AE 51431,2021-04-19
48,Julie Farley,kkaufman@example.com,"5379 Maria Gateway Suite 073 East Davidborough, CA 11568",2022-09-26
49,Christina Larsen,castillolisa@example.net,"1553 Katrina Vista Apt. 411 Williamsside, AK 10464",2020-10-10
50,Kayla Moreno,jose36@example.com,"51657 Mitchell Springs Apt. 686 Weeksshire, MH 69768",2021-09-28
51,Jason Henry,margaretphelps@example.com,"8193 Jessica Ridges West Craigtown, NH 70074",2021-09-16
52,Travis Solis,staylor@example.com,"87648 Christine Knoll Suite 286 Mcgeeside, CA 99762",2021-03-31
53,Denise Brown,gmartinez@example.com,USNV Fuentes FPO AE 83991,2021-07-12
54,Allison Lee,shannon94@example.com,"529 Robert Islands Apt. 333 West Michael, MN 83166",2024-06-20
55,Wayne Rodriguez,ericharris@example.com,"978 Potts Extensions Anthonyfurt, KS 96378",2024-01-28
56,Scott Lucas,danielle77@example.com,"PSC 1803, Box 5707 APO AP 22034",2020-07-03
57,Lance Barnes,brownlisa@example.org,"558 Nancy Stravenue West Jason, PR 04022",2023-08-04
58,Steven Johnson,edwardkane@example.org,"659 Hartman Roads Jamesburgh, IA 07821",2024-03-30
59,Lynn Waller,nancy45@example.org,"2062 Lorraine Groves Apt. 200 West Michael, PW 72574",2024-03-19
60,Donald Lopez,bethanybullock@example.net,"934 Morgan Via New Austin, OR 56288",2022-06-28
61,Mary Tran,emartin@example.net,"998 Kristen Garden North Robertfurt, FL 02307",2022-12-06
62,Kimberly Hendricks,drobertson@example.com,"69020 Washington Plaza Dawnfort, MD 39992",2023-02-04
63,John Green,mirandajackson@example.net,"0280 Burton Extensions Suite 855 West Laurahaven, PW 49736",2023-06-07
64,Joseph Gonzalez,harold64@example.com,"360 Deborah Drive Brendachester, DC 81868",2020-06-28
65,Phillip Clark,david55@example.net,"32202 Jennifer Viaduct Apt. 345 Colemanborough, ID 05920",2022-02-11
66,Rebecca Brown,leslie95@example.net,"74687 Allen Flat Apt. 549 Owenfort, OH 01298",2022-12-11
67,Jerry Sullivan,fgoodman@example.net,"4737 Grace Curve Suite 244 Port Richard, UT 58668",2023-09-03
68,Matthew Perez,edgarholloway@example.com,"6144 Thomas Shoal Suite 944 Lake Lori, OK 97563",2021-04-06
69,Andrea Goodman,johnlopez@example.org,"893 William Causeway West Sergioport, KY 93103",2024-07-27
70,Megan Arroyo,daniel70@example.org,"3405 Harrison Streets Apt. 424 Andrewtown, VT 05219",2020-12-11
71,Sierra Macias,kennedyhector@example.net,"9111 Mary Ridge Livingstonville, KY 01096",2023-07-14
72,Jeffrey Andrews,anthony08@example.com,"701 King Forges Steveside, UT 33801",2023-04-29
73,Chad Johnson,hectorguerra@example.com,"80564 Deborah Terrace Suite 616 Andrewport, PA 85419",2024-01-16
74,Stephen Johnson,urichmond@example.net,"6042 Elizabeth Motorway Tonymouth, IA 82065",2021-11-02
75,Nicholas Hogan,mwalker@example.com,"2823 Lindsay Mill Suite 347 West Jason, NV 39805",2022-02-03
76,Charles James,ygarcia@example.org,"66132 Andrea Ford West Brittanystad, MT 59384",2021-10-26
77,Kenneth Combs,courtney82@example.net,"178 Newman View Suite 910 Anthonychester, ID 17646",2020-02-05
78,Maria Chan,njones@example.com,"7242 Marc Plains Davischester, VA 02078",2022-10-04
79,Natalie Moore,sandersmegan@example.org,"93127 Dawn Road East Jaclyn, PR 45686",2023-05-04
80,Andrew Jackson,wayne25@example.net,"596 Nicole Meadow Suite 184 Greertown, CO 85555",2023-04-23
81,Sarah Aguirre,catherine04@example.net,"919 Long Crescent Apt. 945 East Christopherside, DC 84496",2021-04-02
82,Jonathan Garcia,erik40@example.com,"0431 Fuentes Way Apt. 810 New Lindseyfurt, ID 08387",2022-07-06
83,Robert Alvarado,popelaurie@example.org,"642 Penny Shoal Port Joyce, KY 86219",2020-04-03
84,Rebecca Shaw,kyle23@example.org,"1318 Bean Springs Apt. 687 New Pamelaside, ND 60083",2024-05-10
85,Michael Brewer,heather38@example.org,Unit 8982 Box 9193 DPO AP 47726,2020-02-23
86,Allison George,linda71@example.org,"203 Ramirez Stravenue Suite 472 West Danielmouth, MA 44437",2020-12-27
87,Andrea Harris,dmorrow@example.org,"85166 Ann Springs South Derrickhaven, NJ 30738",2022-11-05
88,Ronald Bennett,anthony53@example.org,USNV Smith FPO AP 39779,2022-09-24
89,Jerome Campbell,starkkimberly@example.net,"45903 Joe Gateway Suite 155 West Johnport, NE 10550",2022-09-15
90,Amy Weber,abigailmurphy@example.org,"749 Rodriguez Trail Apt. 886 Port Kevinton, FL 75560",2022-03-27
91,Erin Smith,daniellerogers@example.org,"7439 Phillip Key Michellefort, FM 74001",2023-01-21
92,Deborah Washington,gomeztracey@example.net,"34371 Jensen Divide Nelsonhaven, GU 96359",2022-04-29
93,Jeffrey Ortiz,jonesjohn@example.net,"48761 Dawson Hollow Apt. 639 North Katherine, AS 23651",2024-05-18
94,Laurie Morales,allison56@example.com,"13431 Miles Prairie Crystalside, CO 37464",2021-09-12
95,Elizabeth Johnson,torrestroy@example.com,"2893 Alvarado Club North Aaron, GA 25996",2021-01-07
96,Christian Castaneda,emily73@example.org,"39819 James Manor Apt. 389 Smithbury, MP 55320",2021-06-07
97,Eugene Adams,barkerconnie@example.net,"PSC 1809, Box 7939 APO AA 94508",2024-05-07
98,Rachel Lopez,sarah10@example.org,"9352 Victor Springs Lake Jonbury, CO 43659",2024-09-04
99,Jennifer Parker,brittanyswanson@example.org,"060 Ashley Rapids Danielstad, MP 53766",2022-09-20
100,Collin Brown,schwartzrichard@example.net,"607 Noble Crossroad Miguelland, MD 80148",2023-05-27
101,Angela Jenkins,qclark@example.net,"4615 Chloe Points West Todd, TN 10860",2023-10-07
102,Brittany Murphy,scott46@example.com,"21045 Steele Ranch Apt. 519 Montesside, AK 15699",2023-06-05
103,Jason Howell,jillhebert@example.org,"3609 Christina Forest Apt. 957 East Ashleyside, MT 38391",2020-02-20
104,Patricia Lewis,saralee@example.com,"5913 Guerrero Prairie Apt. 527 Dominguezland, FM 59641",2022-07-07
105,Garrett Williams,scott04@example.net,"23736 Graham Shores Gregoryborough, NH 79435",2024-08-14
106,Christopher Hardin,raykennedy@example.org,"637 Alexis Ranch Apt. 829 Sandraborough, NH 22369",2021-01-15
107,Steven Martin,kennethpeterson@example.org,"022 Michelle Plain Apt. 209 Millston, VT 56903",2021-02-20
108,Chad Silva,maloneapril@example.net,"1260 Anderson Plaza Apt. 121 Port Melaniefort, MS 10235",2023-08-08
109,Robert Wolfe,rachel01@example.com,"092 David Spring Kyletown, WA 30529",2020-06-26
110,Lisa Wright,colesean@example.com,"54980 Karen Points Apt. 068 Reyesstad, NH 14558",2021-05-01
111,Gina Valentine,jessicahicks@example.com,"5093 James Fall Suite 663 Valdezfurt, MN 65714",2023-11-08
112,Brenda Wells,bberry@example.com,"98843 Morgan Falls Port Paige, KY 85635",2024-05-18
113,William Brown,wallamy@example.com,"67828 Christina Spur West Caroline, NV 34259",2020-09-12
114,Kimberly Henderson,hjenkins@example.net,"032 William Port Weisschester, NY 73472",2024-08-11
115,Alvin Wilcox,aliciabarrett@example.org,"286 Sanchez Streets Suite 416 South Mary, KY 27270",2021-10-28
116,Amy Combs,smithkenneth@example.org,"610 Nicole Glen Suite 649 New Pamela, OR 93018",2022-09-16
117,Timothy Reyes,robertgonzalez@example.com,"754 Barbara Shores Suite 580 Smithmouth, VT 30346",2022-10-10
118,Lisa Bush,gibsonderek@example.net,"973 Jacob Corner Kevinfurt, WA 91995",2020-05-27
119,Mrs. Karen Lowery,anthony72@example.org,"705 Brown Square Griffithmouth, MO 29897",2021-10-16
120,Mrs. Michelle Bright,hatfieldstephanie@example.com,"1161 Miller Islands Apt. 223 North Kyletown, HI 35676",2020-12-08
121,Veronica Peters,aschneider@example.com,"816 Ortiz Spur East Suzanne, AS 28941",2022-05-04
122,Sarah Smith,xjackson@example.com,"59870 Cuevas Lake West Oscarshire, WI 41365",2020-08-12
123,Tyrone Hahn,tom18@example.net,"9756 Jennifer Highway East Keithbury, AK 47472",2021-08-11
124,Sarah Baker,laurenadkins@example.com,"793 Andrea Pike Mejiaside, CA 73380",2022-08-14
125,Diane Wu,michaelhill@example.com,"281 Joshua Prairie Mcgeechester, SC 52119",2021-05-04
126,Mark Chase,zsmith@example.org,"29843 Trevor Junction Suite 997 South Travis, TN 84791",2022-03-29
127,Theresa Dodson,murphyjennifer@example.net,"54095 Graves Field Christopherstad, TX 58913",2022-04-11
128,Chad Miles,tonya98@example.net,"40725 Leonard Dam Apt. 359 Port Mary, PA 40593",2022-06-11
129,Nancy Hogan,reynoldsjeffrey@example.net,"152 Leslie Streets Apt. 886 West Lynn, VA 89621",2024-04-08
130,Anthony Norman,duane89@example.org,"052 Castaneda Mission Deanmouth, CO 06984",2021-08-20
131,Stephen Novak,oarias@example.com,"209 Lori Lakes Sarahport, OR 22300",2022-09-23
132,Brendan Willis,yumichelle@example.net,"815 Williams Row Ginaview, DC 74694",2023-10-10
133,Timothy Lyons,breanna18@example.com,"8611 Thomas Dam Suite 313 East Robertmouth, OR 41331",2021-01-15
134,Angela Carroll,bhernandez@example.com,"8419 Moore Shoals Apt. 037 Port Patricia, DE 12713",2022-01-11
135,Melissa Molina,justinhall@example.net,"3161 Peterson Camp Jameschester, VA 71788",2020-08-10
136,Dr. Brian Cooley,ericsullivan@example.com,"PSC 3599, Box 7456 APO AA 78347",2022-11-13
137,Beth White,lpage@example.net,"0065 Brown Court West Jason, AK 61347",2020-10-11
138,Justin Pearson,juliethomas@example.org,"212 Bailey Gardens South Joseph, KY 33924",2021-07-24
139,Sara Greene,anthonyburke@example.net,"06084 Robin Squares Apt. 452 Jasontown, WY 14425",2023-03-27
140,Anthony Holland,peter65@example.org,"41298 Medina Ford North Mason, FL 47718",2023-12-24
141,Paula Ortiz,melendezderrick@example.com,"68210 Craig Dale Lake Brettport, MP 06671",2023-01-27
142,Joseph Poole,jacobford@example.net,"719 Patterson Glen South Robertberg, RI 40198",2023-07-12
143,Vicki Long,sarahgarcia@example.com,"988 Nielsen Freeway Palmermouth, PR 09359",2020-10-01
144,Francisco Crosby,kmclaughlin@example.com,"22934 Hannah Prairie Suite 393 East Amanda, ID 99319",2023-03-17
145,Nancy Skinner,victoria06@example.com,"46994 Jeanette Gardens North Matthewbury, UT 59849",2023-04-18
146,Andre Jones,judytucker@example.org,"7474 Hopkins Crest Jaredtown, PA 07291",2023-08-30
147,Alexander Dorsey,mooremary@example.com,"7154 Logan Unions Apt. 429 West Melissabury, TN 56739",2022-02-07
148,Matthew Mcbride,halltheresa@example.com,"068 Wilson Groves Haneystad, NC 54709",2021-06-09
149,Mary Martinez,kyang@example.org,"621 Harmon Glen Suite 467 Lake Philipfort, DE 68968",2024-09-25
150,Barbara Morse,smithkyle@example.net,"064 Combs Locks Garciaborough, PR 15770",2021-05-18
151,Brian Robinson,collinsjames@example.org,"655 Lori Village South Holly, MN 89832",2023-01-04
152,Ashley Mclean,eshaw@example.com,"224 Jason Fort East Thomas, AL 47646",2023-09-06
153,Bethany Henderson,sextoncharles@example.net,"74719 Terry Street Apt. 812 Port Natalie, SC 20243",2024-06-25
154,Jacob Ferguson,benjamin71@example.com,"7680 Elizabeth Union Suite 333 Kristinfurt, AL 04066",2022-02-15
155,Melissa Mitchell,susan74@example.com,"5116 Michael Road Jasonbury, MO 28299",2020-09-09
156,Todd Patterson,gbryant@example.net,"69923 Rodriguez Ports Suite 622 New Donald, IA 21589",2021-01-09
157,Zachary Crawford,david65@example.com,"58473 Evans Ridges Apt. 736 Jackburgh, RI 31497",2021-06-21
158,Justin Phelps,sandersmegan@example.com,"1791 Hunter Ville Suite 222 North Jenniferchester, IA 79760",2023-08-19
159,John Mayer,cameronpark@example.com,"101 Black Causeway Suite 377 Andrewtown, RI 74734",2023-10-28
160,Amanda Ford,tammy23@example.com,"54702 Todd Springs Dannyfort, FL 52071",2021-06-18
161,Scott Martin,cynthialee@example.org,"7795 Mcpherson Pike Apt. 313 Port Victoriaton, NY 49945",2022-12-17
162,Debra Cox,ghernandez@example.net,"724 Elliott Ways Suite 417 Port Samuel, MO 85341",2023-08-19
163,Jesus Hunter,tmoore@example.com,"392 Edward Corner North Andrew, OH 71622",2024-04-06
164,Susan Randall,howardwilliam@example.org,"940 Taylor Extension Mendozafurt, PR 39796",2021-04-13
165,Rhonda Hale,richardharris@example.net,Unit 0011 Box 0071 DPO AP 23833,2020-02-22
166,Aaron Cameron,clarkkristy@example.net,"499 Leon Glen Apt. 543 Charlotteberg, IA 61048",2022-09-27
167,Amber Bailey,nicole73@example.net,"6355 Anthony Cliffs Apt. 571 North Katie, PW 82999",2020-09-19
168,Amanda Garcia,lopezhannah@example.com,"PSC 4398, Box 4717 APO AP 50365",2023-01-13
169,Amy Smith,louis20@example.org,"6980 Ramirez Course Apt. 370 Port Heather, GA 98462",2022-05-17
170,Tammy Phillips,danielle91@example.net,"581 Williams Loop Suite 881 Conwayberg, MO 70712",2022-08-28
171,Taylor Atkins,woodjoel@example.com,"54734 Johnson Overpass Melindahaven, IA 57702",2022-02-24
172,Patricia Rodriguez,xwang@example.com,"4789 Jackson Green Suite 681 West Janetburgh, VA 13158",2022-11-10
173,Heather Moore,steve07@example.net,"PSC 7551, Box 9388 APO AA 09883",2022-05-08
174,Christopher Woodward,traci32@example.org,"PSC 5900, Box 5913 APO AA 59306",2020-10-08
175,Sandra Walton,kingkelly@example.org,Unit 2238 Box 9750 DPO AP 25943,2021-08-13
176,Jonathan Thompson,obowers@example.net,"70288 Velasquez Glens Lake Cindyport, GU 19554",2024-04-30
177,Sandra Barrett,eric10@example.com,"7079 Donna Hills New Charlesbury, MP 99294",2023-05-25
178,Heidi Cooper,iwebb@example.com,"0171 Ryan Locks Suite 104 West Anthony, NV 22309",2020-12-17
179,Juan Santos,andrademary@example.com,"89895 Hunt Stravenue Apt. 507 North Stephanie, AL 15953",2021-03-08
180,Justin Burns,johnsandrew@example.org,"0560 Sarah Island Mejiaton, NC 63600",2024-09-28
181,Amy Harvey,bucksusan@example.com,"472 Danielle Plains Suite 803 Reynoldsport, DC 68503",2022-12-21
182,Emily Oconnor,ejoyce@example.org,"65609 Hatfield Dam Apt. 156 New Debbie, FL 56685",2024-04-28
183,Dean Mack,laura69@example.com,"81182 Harrison Springs Suite 428 West Jessica, IN 11558",2021-08-20
184,Pamela Wright,austin49@example.net,"06573 Javier Plains Josephmouth, NJ 29921",2024-03-05
185,Bryan Doyle,wjensen@example.org,"2695 Miller Crossing Suite 403 West Josephland, MA 63200",2022-12-10
186,Jeremy Ruiz,cburnett@example.com,"33859 Roger Overpass Lake Eddiehaven, PR 42574",2021-10-15
187,Tara Hahn,robert12@example.com,"5465 Vanessa Fort Johnmouth, KY 39752",2021-03-29
188,Steven Woods,perezmatthew@example.org,"81681 Amy Hill East Jeremiah, TX 94013",2020-10-28
189,Jessica Olsen,olivialove@example.com,Unit 3698 Box 4024 DPO AA 31660,2024-03-07
190,Joanna Cross,vanessatran@example.net,"779 Rivera Forge Suite 637 Christophermouth, VI 91678",2024-06-17
191,Amanda Cross,troy84@example.net,"0401 White Underpass South Curtis, UT 87318",2024-07-27
192,Jeremiah Short,david39@example.net,"3656 Russell Flat Apt. 968 Wattsfort, PA 76688",2020-08-11
193,Mrs. Debra Barrett,miguelriggs@example.net,"749 Courtney Mountains Elizabethbury, TX 03049",2020-07-15
194,Lance Webb,rebeccajennings@example.org,"516 Mark Route Melissaton, VI 60707",2023-09-23
195,Laura Davis,joseph65@example.com,"243 Gilbert Plain Abigailhaven, GA 96785",2023-09-14
196,Curtis Kelly,tcantrell@example.net,"27352 Fuller Corners Suite 526 Tarafort, TN 03215",2023-09-17
197,Kayla Huynh,qchristian@example.org,"0826 Rebecca Crescent Rebeccafort, IN 67303",2022-11-06
198,Sarah Smith,bryantorres@example.net,"2253 April Trail South Johnfort, MH 00656",2022-02-06
199,Scott Beck,parksantonio@example.com,"369 Wright Brook Suite 377 Ashleymouth, ND 48470",2021-12-21
200,Steven Evans,carrieford@example.org,USNS Gray FPO AA 82000,2023-05-06
201,Brandon Pratt,kennethjones@example.com,"0313 Alex Mall Williamhaven, RI 07238",2022-04-02
202,Donald Diaz,cassandra09@example.com,"80098 Mercer Fords Apt. 212 Lake Amanda, NM 35839",2022-07-17
203,Jeremy Hanna,justinparrish@example.com,"84530 Frost Creek Longmouth, CT 13976",2022-09-10
204,Allen Morgan,wilsonjay@example.com,"805 Rebecca Extension Apt. 162 Angelaburgh, OK 82375",2022-02-01
205,Alexis Hicks,lgray@example.net,"024 Jeffrey Fork Lake Raymondburgh, NH 69508",2022-09-29
206,Jennifer Johnson,cthomas@example.com,"2972 Jessica Rest Apt. 588 Bryantshire, IN 71579",2023-08-17
207,Nancy Parker,hvasquez@example.com,"95203 Kimberly Wall West Shaun, WV 94686",2024-05-02
208,Joseph Warren,jessica24@example.net,"7012 Gary Fort Lake Sarah, UT 36081",2021-12-25
209,Mark Shelton,markskathryn@example.org,"69475 Neal Dale Jenkinsstad, PR 35781",2021-05-08
210,Rhonda Schmidt,burkejordan@example.com,"66039 Stephens Trail Bowmantown, CO 27683",2020-05-15
211,Leslie Griffin,pbarnett@example.org,"3003 Kimberly Ports Danielsmouth, NH 40438",2021-04-15
212,Peggy Salinas,brittanymccoy@example.com,"56836 Parker Shores Apt. 777 East Jason, NE 08573",2022-03-31
213,Krista Fisher,zcox@example.com,USCGC Ramirez FPO AE 15753,2022-03-30
214,Heather Reeves,joshuaturner@example.com,"03827 Chloe Shores Apt. 304 Rebeccaville, KY 95526",2020-11-29
215,Kathleen Simmons,melindaharrison@example.net,"706 Mcdonald Ports Phamhaven, AZ 87133",2022-11-25
216,Brian Green,conradnichole@example.org,"90706 Breanna Cliffs Jordanborough, NH 89642",2020-06-18
217,Susan Garner,crystalwilliams@example.org,"8881 Williams Corners Lake Charles, TX 52155",2023-01-01
218,Christina Reynolds,johnrose@example.com,"37014 Wood Mall Matthewstad, GU 73576",2021-09-18
219,Jonathan Grant,andrea25@example.com,"PSC 6236, Box 0247 APO AE 55325",2024-02-24
220,Kristen Park,sara22@example.com,"PSC 3510, Box 6566 APO AE 82114",2021-04-09
221,Jake Rowland,michael70@example.com,"33809 Kyle Forks Leahview, TX 86591",2021-12-12
222,Taylor Lopez,bonniefranklin@example.net,"964 Jenna Lights Millerfort, KS 96845",2021-07-19
223,Melissa Vasquez,uayers@example.com,"7150 Miller Fall Suite 080 Hartfurt, VI 80277",2022-10-05
224,Jason Murray,qfisher@example.org,"479 Stephens Curve Apt. 815 West Michaelport, OR 56127",2021-11-24
225,George Stone,aallen@example.com,"99979 Wang Roads Apt. 242 Port Michaelview, ID 18548",2020-08-12
226,Kenneth Allen,hickmanbarry@example.com,"3028 Mary Fort Apt. 227 Fostermouth, MH 06953",2023-01-22
227,Anthony Mcpherson,jenniferbishop@example.com,"92443 Ford Centers Bakerstad, VI 46607",2020-11-21
228,Michael Hendricks,shannonmedina@example.org,"689 Morgan Overpass Coxside, MO 16700",2022-09-13
229,Melanie Bentley,lopezmarcus@example.com,"735 Velasquez Terrace Lake James, MN 04978",2024-01-30
230,Lisa Perry,ufreeman@example.org,"71652 Krystal Knoll Gregorychester, MN 55622",2020-02-16
231,Cameron Graves,jason57@example.com,"086 Raven Stravenue Ashleybury, TX 94774",2023-08-18
232,Madison Myers,taylor14@example.net,"1745 Wolfe Mews Suite 958 North Darryl, FL 14545",2020-10-20
233,Chad Martinez,markcarroll@example.org,"7124 Bryan Lake Apt. 530 Scotttown, WV 93732",2022-07-19
234,Bobby Carey,fisherbrent@example.com,"931 Hubbard Loop Apt. 544 Cruzport, WY 42639",2020-02-05
235,Charles Harrison,stephen20@example.org,"1443 Guerra Bypass Suite 902 East Brianville, CO 91229",2021-08-28
236,Steven Murillo DDS,hdaniels@example.com,"515 Nathan Dale Timothyhaven, NM 56260",2021-03-22
237,Laurie Kelley,kknight@example.com,"073 Sean Burg Suite 017 Lake Jonathan, DC 86362",2020-11-29
238,Russell Skinner,dustinfrazier@example.org,"321 Powell Heights Suite 272 South Rebeccahaven, MP 72179",2024-08-15
239,Angela Keith,uwhite@example.com,"5916 Murphy Spring Kellerfort, AS 22174",2021-04-16
240,Kimberly Mcdonald,steve04@example.net,"0784 Munoz Unions New Anthonytown, TX 82393",2023-03-22
241,Daniel Thomas,whitneyjessica@example.org,"34049 Swanson Oval Suite 774 South Heather, IN 69856",2024-08-28
242,Alice Potts,imoore@example.com,"132 Parker Locks Suite 859 North Laura, MD 44481",2022-01-06
243,Brett Hansen,vkerr@example.net,"3055 Charles Burg Dustinfort, VA 33148",2023-04-19
244,Wanda Conley,brianlucas@example.com,"830 Krause Points Apt. 181 Brookemouth, HI 68111",2021-06-07
245,Tonya Collins,jared17@example.org,"78108 Jason Spring Tinamouth, VA 90277",2021-01-27
246,Richard Edwards,qpitts@example.com,"6091 Davis Squares Suite 987 Emilyland, KY 96713",2020-04-12
247,Kenneth Young,marissa07@example.org,"4749 Daniel Prairie Scottside, ME 88706",2020-11-07
248,Kimberly Rasmussen,jennifer54@example.net,"PSC 0652, Box 1383 APO AE 06969",2023-04-02
249,Michelle Olson,angelamorgan@example.net,"04575 Smith Fords Lake Caitlinside, GA 78094",2020-06-23
250,Joe Green,mbauer@example.org,"395 Sarah Station North Timothyville, AS 87311",2022-09-27
251,Sheri Massey,robin37@example.net,"PSC 3918, Box 7780 APO AP 12590",2022-12-16
252,Mary Zavala,brownlisa@example.com,"PSC 7055, Box 9283 APO AA 87818",2023-12-18
253,Christina Harrison,daniel14@example.net,"6311 John Oval Brownfurt, WI 38317",2021-01-08
254,Edward Thompson,christinafields@example.com,"4894 Collins Mews Suite 081 East Danielleton, ND 72769",2021-05-28
255,Brandon Cooper MD,powellcarl@example.net,"93441 Bradley Alley Apt. 363 Shahbury, MT 94136",2024-03-09
256,Terry Walker,samuel33@example.net,"463 Jessica Park Apt. 414 Karenbury, MA 82549",2022-06-10
257,Cheyenne Rodriguez,alison32@example.com,"85381 Gwendolyn Passage North Melaniestad, DC 28345",2023-05-19
258,Jill Cooper,qdunn@example.com,"157 Andrea Ridges Suite 837 East Emily, CO 72905",2024-07-01
259,Michele Robinson,johnbernard@example.com,"03856 Sandra Route Suite 665 Antoniotown, IN 13145",2022-08-30
260,Rachel Young,xbrooks@example.org,"6821 Elizabeth Place Suite 287 Thomasport, WV 61639",2021-07-23
261,Peter Grant,shawbradley@example.com,"4597 Michelle Trace Rogersstad, CT 20537",2020-09-23
262,Gregory Palmer,stoutrichard@example.com,"501 Clark Avenue Hawkinsfurt, GU 89521",2023-09-01
263,Michele Allen,cheryl12@example.com,"847 Sanchez Passage Christopherfurt, MA 73966",2021-05-26
264,Stephanie Hood,brownlisa@example.org,"0347 Tammy Gardens Apt. 178 Cortezberg, IN 47642",2022-03-09
265,Cynthia Rogers MD,bgonzalez@example.com,"008 Howard Parkway Suite 534 Gonzalezfurt, NM 46663",2024-04-19
266,Amanda Ward,jmcbride@example.org,USNS Jones FPO AP 31355,2021-06-22
267,Tiffany Schmidt,ismall@example.org,"8957 Cynthia Village Davidside, KY 08835",2024-08-22
268,Robert Perez,odonnellmatthew@example.org,"3439 Turner Stravenue Apt. 585 New Ashley, MH 67807",2021-10-11
269,Jason Mccoy,samantha13@example.org,"95861 Bauer Park Thomastown, NC 83063",2021-04-17
270,Jamie Becker,blackwellvictor@example.net,"112 Amanda Mountains Suite 165 Kennedyport, MN 43195",2021-10-10
271,Michelle Newman,vjacobs@example.net,Unit 7456 Box 1368 DPO AP 42908,2021-06-17
272,Kyle Hall,dduffy@example.net,"94333 Bradley Extensions Apt. 934 East Joseph, PA 00686",2020-05-21
273,Marco Brewer,matthew23@example.net,"394 Dana Rue Jeffreyhaven, GU 51111",2023-09-01
274,Marie Davis,jeff36@example.com,"463 Schwartz Points West Cindy, SD 86948",2020-11-12
275,Emily Wood,kanebarbara@example.net,"45618 Gray Harbor Suite 173 East Kimberly, MD 71307",2020-08-06
276,Sandra Hernandez,ashleyodonnell@example.net,"8231 Lauren Mill Coxmouth, PA 42126",2024-02-21
277,Rhonda Salazar,dunlapnatalie@example.net,"875 Catherine Village Suite 119 Lake Chelsealand, ND 94597",2024-03-26
278,Ryan Smith,amber64@example.net,"2856 Duran Pines Apt. 003 North Kayla, WI 92468",2023-07-10
279,Marie Guzman,jcrawford@example.com,"105 Robert Meadows Suite 807 West Patrick, IN 98209",2021-10-29
280,Corey Tucker,robert83@example.com,"29767 Rebecca Lock Vargasstad, VA 09520",2023-05-04
281,Robert Johnson,derricktucker@example.com,USCGC Mcmillan FPO AE 08886,2023-07-16
282,Douglas Chavez,valenciaelizabeth@example.net,"337 Amy Trail Apt. 951 Matthewport, MS 27772",2023-10-17
283,Susan Yang,hrichards@example.com,"554 Jessica Rest Suite 758 East Julie, HI 93592",2022-10-29
284,Martin Morris,fkelly@example.net,"001 Martin Shore Hendersonview, GA 81172",2021-08-29
285,Kristin Smith,richardsrita@example.com,"03327 Ronnie Forge Howardfort, NM 45974",2022-04-17
286,Ryan Mcdaniel,odunn@example.net,"4138 Fox Cove Apt. 797 Lake Joshua, ME 13149",2022-12-18
287,Stephanie Sanders,williamsonalexander@example.net,"039 Tyler Valleys Apt. 362 Hoffmanside, VT 67882",2022-05-22
288,Mary Brown,donna99@example.org,"437 Santos Ramp Fuentesside, WA 52002",2021-04-14
289,James Chandler,csnyder@example.com,"2333 Jacob Oval Suite 030 Jamesfurt, NM 36636",2022-08-11
290,Jacqueline Smith,sfrye@example.org,"38424 King Port Apt. 591 North Johnbury, KS 27410",2022-06-10
291,Bailey Mccullough,stonenancy@example.com,"566 Daniel Keys Suite 020 Haileyfurt, SC 89800",2020-04-11
292,Brian Dickson,danielrachel@example.org,"0833 Torres Landing West Elizabethfort, GA 27904",2024-04-13
293,Michael Meyer,xmason@example.com,"0000 Rebecca Pine Stephenberg, MT 80949",2021-08-07
294,Tanya Powell,andrea69@example.net,"5877 Mills Street Apt. 605 Lake Wendytown, WA 96278",2020-07-18
295,Steve Carr,iwhite@example.org,"869 Kyle Extension Apt. 391 Port Dawnland, MT 07643",2024-08-23
296,Henry Stephenson,beltrantamara@example.org,"461 Amy Point Suite 532 South Jared, NE 43821",2021-03-04
297,Jamie Ross,kimberly68@example.net,"172 Snyder Dam North Michaelmouth, KY 95275",2022-01-12
298,Mary Riley,donaldlopez@example.net,"595 Mark Highway West Melissa, IL 38645",2021-09-16
299,Cathy Norris,trivera@example.net,"2124 Stacy Circle Port Pamela, OR 03993",2023-12-20
300,Dalton Taylor,hammondrichard@example.com,Unit 2065 Box 5915 DPO AP 96280,2022-10-11
301,Lisa Leonard,changchristina@example.org,"714 Fields Vista Michaelborough, AL 41904",2023-01-18
302,Kevin Brady,tinalee@example.net,"636 Matthew Unions South Krystal, ND 69474",2021-01-30
303,Stephanie Powell,hlamb@example.org,"1243 May Points South Jonathanmouth, WA 47750",2023-11-09
304,Anne Barajas,elucas@example.net,"6765 Johnson Plain West Reginashire, CA 78466",2024-09-05
305,Antonio Williamson,fthomas@example.net,"3756 Luis Rapids Chasechester, OR 87699",2021-05-19
306,Veronica Keller,snelson@example.net,"049 Suarez Street Apt. 516 Estradaville, MO 48840",2024-09-26
307,Thomas Garza,millermolly@example.org,"447 Patricia Loop Mcneilville, FL 08062",2023-03-24
308,Erik Tyler,tonymyers@example.net,"41731 Whitehead Branch New Dianahaven, KS 56905",2021-07-06
309,Chelsea Jacobson,rebeccawilliams@example.net,Unit 8100 Box 0362 DPO AP 96171,2023-10-10
310,David Thomas,christinasmith@example.com,"19037 Heath Fork Youngfurt, WY 73307",2023-07-04
311,Stacey Terry,diane22@example.com,"1728 Jocelyn Mall Suite 459 Calvinfort, IN 88001",2020-01-07
312,Wendy Chambers,brittany35@example.net,"259 Peters Isle Apt. 601 West Christinatown, MI 35028",2020-08-17
313,Randy Paul,morganraymond@example.net,"574 Elizabeth Ways Suite 593 Sarahmouth, TN 92171",2024-07-16
314,Jacqueline Hooper,prestonkimberly@example.net,"61343 Christopher Circle Suite 733 Raymondberg, GU 63274",2022-02-09
315,Michael Murphy,montgomerymadison@example.net,"319 Miller Loaf Suite 306 Sweeneychester, PR 23810",2021-09-20
316,Victoria Hoover,davidstevenson@example.net,"9117 Gaines Mountain West Daisy, IL 50887",2023-11-22
317,Jeremy Petersen,carrolldanielle@example.net,"5784 Shaffer Camp Pierceview, TX 95053",2020-01-09
318,Joshua Cooper,teresahoward@example.org,"55778 Robert Villages Apt. 096 New Elizabeth, MT 76426",2022-03-06
319,Mary Moore,jamiewalters@example.net,"440 James Plain Suite 024 West Rebecca, VA 59658",2022-04-08
320,Brandi Chapman,sanchezjamie@example.net,"31781 Oliver Loop Apt. 395 New Justinside, HI 73833",2024-05-09
321,William Taylor,bwoods@example.org,"71818 Johnson Heights Apt. 381 Stonetown, OR 42560",2020-02-10
322,Eddie Flowers,melissagrimes@example.net,"34465 Lawrence Bypass West Andrew, AZ 89610",2023-08-08
323,Anthony Anthony,juliecarter@example.net,"8660 Harper Coves Robertmouth, MN 19287",2023-07-19
324,Keith Garcia,adamware@example.com,"68139 Barr Radial Smithmouth, RI 47933",2024-02-09
325,Victoria Warren,benjaminramirez@example.org,"09592 Rose Fields Donaldburgh, KS 72823",2021-12-26
326,Paige Nash,patriciamoran@example.com,"615 Walker Lodge East Donna, WI 03577",2023-01-05
327,Larry Valencia,garyporter@example.com,"43821 Nicole Track Apt. 449 North Rodney, MN 73238",2024-07-24
328,Andres Baker,james37@example.net,USS Cooke FPO AA 13189,2020-03-24
329,Samantha Levine,gary98@example.org,"22795 Rebekah Junctions Suite 764 Robertfurt, MP 55690",2024-04-22
330,Michael Hernandez,gravescynthia@example.net,"6628 Weaver Fords Apt. 756 East Olivia, MD 91214",2023-05-24
331,Donna Koch,katrina24@example.com,"686 Powers Throughway Rachaelshire, MO 30543",2020-01-03
332,Danielle Robinson,jeffreybrooks@example.com,"053 Carlson Valleys Riverashire, ID 04902",2023-03-25
333,Linda Morris,williamsjennifer@example.com,Unit 4334 Box 7139 DPO AA 04268,2023-10-29
334,Megan Lopez,alexandralee@example.net,"564 Bennett Crescent Lake Daniel, KY 29626",2023-05-27
335,Jason Fisher,xgonzalez@example.org,USS Davis FPO AE 30386,2023-10-04
336,Reginald Gonzalez,tdavid@example.org,"3548 Gray Fields Apt. 540 Lake Kevinburgh, AK 51431",2021-05-06
337,Kristina Allen,kruegerangela@example.com,"0437 Williams Divide Apt. 954 East Elijah, OH 49568",2022-04-29
338,Carrie Bowers MD,uarellano@example.net,"279 Patterson Island Suite 285 South Amy, FM 64085",2021-04-19
339,Alejandro Green,floresdonna@example.org,"07149 Martin Union Apt. 305 West Shawn, WA 06180",2023-04-29
340,Mr. Joseph Moody,brittneymendez@example.org,"8513 Barbara Squares Suite 851 Lake Kyliehaven, MD 39308",2024-02-27
341,Travis Williams,marybarnett@example.com,"629 Deborah Forest Barkerland, MA 63370",2024-04-05
342,Christopher Herrera,amanda22@example.com,"700 Dustin Lakes Suite 226 Smithberg, VI 50203",2022-12-10
343,Jonathan Sherman,mortonthomas@example.org,"57416 David Rapids Suite 714 North Ianshire, PR 16225",2022-10-07
344,Shannon Newman,nmartinez@example.net,"85689 Cynthia Green Suite 407 South Christopher, CA 81803",2020-01-04
345,Cindy Murphy,johnsonmargaret@example.org,"65480 Williams Lock Suite 098 Lake Gregoryville, ID 14026",2022-02-03
346,Patricia Hernandez,dillon57@example.com,"PSC 4357, Box 3600 APO AE 04031",2020-04-25
347,Kenneth Montgomery,lperez@example.com,"1069 Mann Meadow Carlosland, MD 04807",2024-03-12
348,Patricia Jones,smithmichael@example.net,"1436 Teresa Branch Apt. 793 Annahaven, CA 41999",2020-09-03
349,Elizabeth Smith,barbarashort@example.net,"70578 Chad Plains Owensbury, VA 97301",2023-12-09
350,Jennifer Carlson,tinagonzales@example.com,"649 Alex Bridge Suite 656 West Adriennetown, OK 64493",2024-09-17
351,Michael Lewis,bspencer@example.com,"6751 Smith Garden Suite 546 Ramoshaven, SD 79961",2020-03-17
352,Amanda Johnson,seanrussell@example.net,"65988 Jessica Gateway Suite 612 North Stephanie, MO 17062",2021-10-08
353,Daniel Wolf,boneill@example.org,Unit 6908 Box 4994 DPO AA 79234,2020-03-05
354,Jorge Lane,hollysmith@example.net,"54637 Kirby Fork Brooksberg, WI 96470",2021-09-12
355,Shannon Stevenson,scott89@example.com,"PSC 2167, Box 9823 APO AP 51582",2023-01-24
356,Richard Hart,jleon@example.net,"0200 Adam Spur West Kathleenside, LA 73997",2020-04-12
357,Mary Ritter,benjaminsanchez@example.org,"262 Hinton Neck West Michael, TN 74939",2021-01-28
358,Megan Williams,sabrina59@example.net,"8497 Gary Stream Campbellstad, HI 21284",2022-09-21
359,Levi Clark,virginia93@example.org,"84853 Walsh Estate Suite 960 Jennifermouth, HI 97373",2024-04-18
360,Jonathan Garcia,dennis19@example.org,"PSC 5093, Box 1228 APO AA 03176",2022-01-21
361,Shannon Santana,elee@example.com,"279 Cantu Groves Cervantesburgh, NY 34377",2022-03-15
362,George Baker,chelsea45@example.com,"54049 Jonathan Island Port Kathleen, VT 32772",2022-02-11
363,Stacy Tanner,cmoore@example.com,"737 Philip Dale Michaelchester, DE 26929",2021-04-04
364,Ian Gonzalez,djohnson@example.org,"810 Thompson Rapid Jensenborough, NY 89394",2023-05-14
365,Matthew Shelton,nicoleboyle@example.net,"909 Erin Mission South April, MO 06423",2021-12-01
366,Patrick Johnson,jessica16@example.org,"87052 Clark Plaza Suite 443 Lloydtown, AS 88655",2023-04-15
367,Carolyn Bell,nathan96@example.org,"725 Brittany Route North Chelseamouth, AL 74475",2022-06-03
368,Mark Benitez,mooreeric@example.com,"547 Young Fall East Kurtstad, AS 84921",2022-08-24
369,Karina Simmons,james62@example.org,"1018 Branch Terrace Suite 019 Port Latoya, MP 32785",2022-01-02
370,Stephanie Schwartz,amyrodriguez@example.com,"7736 Edwards Passage Apt. 376 Port Mitchell, DE 60777",2021-02-14
371,Jon Park,aaronvasquez@example.org,"7686 Butler Cape Bellstad, ME 32215",2020-09-20
372,Nancy Huerta,bradleymoran@example.net,"16979 Garcia Stravenue Nicoleton, DE 17899",2022-09-23
373,Albert Wright,williamscristina@example.net,"7927 Jennifer Meadow New Katelyn, MA 18280",2023-07-30
374,Hunter Carey,brownamanda@example.org,"6295 Franklin Falls Apt. 492 South Collin, MH 36811",2021-12-26
375,Aaron Murphy,olsonjessica@example.org,"14085 Larry Well Christineberg, PW 23617",2023-03-10
376,Patrick Shannon,rcook@example.net,"99345 Mccoy Parks Apt. 824 Jessechester, NV 81746",2022-10-06
377,Steven Christian,masonlarry@example.org,"25799 Steele Station Suite 102 Kellyburgh, OH 89289",2021-04-08
378,Jessica Montgomery,mathew95@example.com,"719 Fowler Extension Apt. 979 East Robinbury, OH 66387",2020-02-19
379,Laura Zimmerman,wendymcintyre@example.com,"0382 Walker Junction Suite 585 South Anthony, AR 46064",2021-02-23
380,Samuel Hendrix,boydsarah@example.net,"247 Donald Rapids Lake Natasha, GU 04557",2021-07-05
381,Justin Garrett,holly71@example.com,"986 Christopher Parks Suite 522 Billyville, NE 09878",2022-10-15
382,Troy Rivas,megan28@example.org,Unit 6421 Box 6265 DPO AA 76049,2021-05-12
383,Ernest Stevens,benjamin35@example.net,"28439 Copeland Walks Apt. 932 Abigailbury, VI 50901",2022-01-13
384,John Reyes,courtneysmith@example.net,"37634 Doyle Avenue Apt. 816 New Michelle, MA 61079",2022-01-15
385,Jennifer Adams,tmcpherson@example.com,"22954 Garcia Forge Lake Karina, SD 60610",2022-07-01
386,Tammy Adams,brittanypalmer@example.com,"1560 Turner Keys Lake Jennifer, PW 76728",2022-11-07
387,Kathryn Holmes,angela85@example.com,"9049 Wood Drive Wallacebury, MH 03258",2020-12-17
388,Bradley Cameron,brownbruce@example.com,"753 Jonathan Station Lake Jeffrey, WV 50794",2021-02-11
389,William Burke,dstephenson@example.org,"240 Joshua Terrace Dennishaven, FL 40074",2020-01-13
390,Nancy Stone,barryortiz@example.org,"40618 Brown Mountain Port Sandra, SD 36020",2023-12-30
391,Stacy Montoya,bmarshall@example.org,"PSC 0695, Box 1769 APO AP 84205",2022-02-19
392,Mrs. Sarah Pierce,carrollaaron@example.net,"0791 Thomas Island Carriestad, IN 16567",2022-12-23
393,Dennis Rosales,umason@example.org,"98270 Rios Plaza West Karaburgh, KS 93400",2022-03-27
394,Michelle Allen,cartermichael@example.org,"6197 Jonathan Street Apt. 239 Port Davidfort, NV 69312",2023-01-10
395,Leslie Reynolds,allenkatherine@example.org,"36229 Brandon Way Suite 785 Michaelmouth, CA 07328",2022-04-01
396,Ashley Miller,tylerbell@example.com,"2584 Danny Mills North Rachelland, RI 10735",2020-02-17
397,Tony Lane,austinkelly@example.com,"419 Doyle Passage Kristinamouth, HI 41282",2024-03-06
398,James Russell,bford@example.net,"68489 Trevino Land Anthonyburgh, CT 78925",2022-06-20
399,David Cameron,iford@example.org,"56854 Matthew Creek Apt. 230 Mccormickside, NJ 65593",2023-01-13
400,Sheryl Jones,mwilliams@example.org,"3915 Janice Parkway Apt. 732 West Jacqueline, TX 15456",2022-06-17
401,Kelly Mercer,danielstuart@example.net,"554 Brown Stravenue Apt. 001 East Robin, NC 68843",2020-12-11
402,Crystal Mitchell,tammierodgers@example.com,"01011 Sierra Fords Port Alecshire, GU 33882",2024-07-25
403,Peter Gardner,juliadoyle@example.org,"47464 Bauer Meadow Apt. 695 Josephtown, OH 27921",2022-06-08
404,Bobby Williams,mwarner@example.net,Unit 7242 Box 5146 DPO AP 58948,2023-10-12
405,Gregg York,vdoyle@example.com,"6438 Pamela Tunnel Port Gregory, AS 72167",2023-08-28
406,Richard Cox,wallsana@example.org,"082 Shawn Square Apt. 823 Lake Brittneyhaven, WA 72871",2023-03-29
407,Timothy Russell,veronicastevenson@example.org,"62935 Jennifer Glen Apt. 845 Diazchester, SC 65224",2024-08-25
408,Dr. Krystal Mitchell,pwashington@example.com,"10217 Ramirez Crest Suite 318 Port Angelaborough, IL 26006",2023-06-21
409,Laurie Cooper,mary99@example.org,"4111 Buck Keys Rickystad, NV 51937",2023-05-03
410,Kathleen Moore,zpowell@example.com,"213 Owens Divide Henrychester, MP 26619",2023-05-30
411,Alexandra Krueger,tnielsen@example.org,"4925 Robert Plains Suite 958 Port Jacobville, AZ 46570",2020-01-04
412,Linda Meadows,michael86@example.net,"278 Holmes Estate South Margaretview, ID 39133",2023-07-21
413,Nathaniel Patel,amercer@example.com,"754 White Garden South Kevin, NE 47367",2020-09-23
414,Madison Williams,wbooth@example.org,"43894 Ramsey Spur Lake Derek, NC 00958",2021-08-24
415,Dylan Brock,julie32@example.net,USS Munoz FPO AE 49658,2023-08-03
416,Taylor Harrell,bryantvictor@example.org,"0933 Jane Forks Suite 989 East Heidifurt, WY 71774",2023-10-02
417,Holly Roach,lauren71@example.net,"491 Ochoa Ville Port Michaeltown, OH 59172",2021-08-01
418,Brent Boone,leebrian@example.org,"014 Kevin Knoll Suite 780 Alexandrahaven, FL 75851",2022-05-16
419,Sierra Pennington,uwilliams@example.com,"539 Amber Stream Jessicaberg, NV 85775",2020-02-13
420,Joseph Woods,williamchen@example.net,"939 Glass Fork West Karenhaven, OR 92560",2024-03-11
421,David Spencer,xhansen@example.com,"12208 Destiny Trace Tammymouth, NE 48617",2023-06-06
422,Nicholas Mitchell,clarkmichelle@example.org,"2399 Angela Green Suite 981 South Alexandrachester, VA 99888",2020-10-11
423,William Gill,tinasantiago@example.com,"84472 Patrick Stravenue North Maria, MI 57412",2023-01-22
424,Ms. Audrey Thomas DDS,chamberskimberly@example.com,USS Galloway FPO AA 88003,2021-06-18
425,Anna Taylor,hurleywilliam@example.org,"6819 Christopher Valleys West Richard, GA 37134",2023-09-04
426,Shelly Alvarez,uscott@example.net,"86527 Jennifer Cliff Amandaberg, NJ 04484",2021-11-17
427,Brian Carter,alyssa66@example.net,"9371 Michelle Ports East Kenneth, MD 06017",2021-08-04
428,Zachary Mcdaniel,edwardrobinson@example.net,"595 Barr Center Lake Jack, WI 74513",2022-12-08
429,James Burnett,cuevasmonica@example.net,"187 Stewart Circle Apt. 740 West Caseyside, CA 67098",2022-08-12
430,Kathryn Boone,bfarrell@example.com,"992 Taylor Square Silvamouth, MI 46285",2024-05-01
431,Jessica Sampson,ehogan@example.org,"3257 Sara Forest Suite 676 New Lisa, MN 34868",2021-02-22
432,Mark Wood,cmurillo@example.net,"366 Deleon Squares East Jason, AZ 30188",2020-05-29
433,Wesley Lee,gbrown@example.org,"1323 David Plains East Andrewland, WI 41611",2020-12-11
434,Steven Medina,delacruzdaniel@example.com,"293 Misty Bridge Apt. 836 East Sarah, FL 28356",2022-11-28
435,Gina Fisher,psmith@example.org,"602 Crawford Drive East Samuelbury, NM 53328",2021-04-07
436,Jeffrey Clark,beasleystephanie@example.com,"840 Tyler Row South Alyssatown, MA 26356",2021-11-01
437,Kevin Mann,cindydrake@example.org,"1406 Mitchell Path Suite 942 Lake Daniel, WA 89110",2020-12-21
438,Shawn Russell,nicolemoore@example.com,"505 Jesse Crossing New Jennifer, MI 60965",2021-05-21
439,Laura Brown,dunnalicia@example.net,"97624 Richard Prairie Suite 115 Robertview, MO 95638",2021-11-03
440,Taylor Larson,vincent02@example.org,"132 Micheal Station Schwartzfurt, MT 35100",2024-09-06
441,Allison Richardson,hickstracy@example.net,USS Joseph FPO AA 11178,2021-03-16
442,Jesse Mitchell,matthew25@example.com,"05288 James Glen Suite 692 Lake Kathryn, LA 89622",2023-03-16
443,Ryan Bowman,cookemily@example.com,"43576 Bridget Corner Suite 428 New Michael, AR 53969",2022-09-12
444,Ashley Zavala,anthony17@example.org,"220 Donald Stream Port Briannabury, NY 70224",2024-06-09
445,Sara Gates,valdezcatherine@example.net,"67115 Gray Pine Wellsshire, OH 99069",2024-01-20
446,Alejandra Roy,aprilyoung@example.net,"543 Johnson Pike Rossmouth, AR 85002",2023-05-10
447,Charles Wells,gellis@example.com,"0023 Andrea Square Suite 451 Flemingfurt, FM 94579",2020-11-13
448,Jonathon Carroll,kvargas@example.com,"161 Colon Manors East Denise, MO 47850",2021-05-10
449,Kevin Jones,ericshaffer@example.com,"09252 Michael Common Apt. 739 Mcneilburgh, ME 05956",2023-02-16
450,Dustin Shaffer,jeremy06@example.com,Unit 5796 Box 6796 DPO AA 76297,2024-06-05
451,Robin Walters,saraferguson@example.net,"5111 Martinez Mount Port Katrinachester, FL 42533",2024-01-25
452,Amy Franco,imcintyre@example.com,"92736 Janet Flats Suite 505 Allenfort, VT 52769",2023-09-25
453,Michael Gibson,robertgalloway@example.com,"35125 Liu Skyway Suite 428 Port Taylorfurt, AS 26210",2024-03-21
454,Anthony Ross,jeremyfowler@example.org,"49529 Watts Landing Lake Ryanmouth, NV 50949",2023-04-29
455,Andrea Adams,stoutjasmine@example.com,"17263 Tim Orchard Taylorberg, IA 39507",2022-08-22
456,William Little,gmartin@example.org,"59458 Jonathan Dam Apt. 806 West Judyville, AS 61614",2021-11-26
457,Jason Moore,agarcia@example.net,"79207 Gonzalez Curve Suite 793 Port Melissa, CA 74588",2020-10-20
458,Patrick Lucero,sarahgraves@example.com,"4175 Price Row Millershire, PR 30986",2023-02-20
459,Michele Wiggins,nathan65@example.com,"076 Michelle Ridge Lake Robert, IA 78642",2020-07-18
460,Angela Brown,qmorgan@example.com,"02535 Monica Cape Lake Dawn, GU 43065",2022-11-18
461,Kimberly Jones,bmcgee@example.net,"PSC 0024, Box 8251 APO AE 24999",2020-05-16
462,Spencer Shields,annclark@example.com,USNV Wagner FPO AA 99388,2021-06-06
463,Yvonne Huynh,josephdalton@example.com,"4582 Jenkins Manor Suite 396 Williamsland, FM 85519",2021-01-12
464,Joseph Winters,ttownsend@example.org,"391 Gail Green Suite 386 Wilsonport, VT 64575",2021-01-19
465,Mallory Velasquez,mooncourtney@example.net,Unit 2251 Box 8610 DPO AA 39273,2021-10-06
466,Brady Smith,jasonturner@example.net,"8771 Brown Parkways Suite 511 Ginaland, DC 96069",2024-04-15
467,Dr. Samuel Barnes DDS,brenda96@example.com,"PSC 0881, Box 6441 APO AA 77957",2024-04-03
468,Cheyenne Mccoy,dawsonlaura@example.com,"8450 Richard Port Jeremyport, AZ 47442",2021-05-04
469,Shirley Meyer,zstrickland@example.net,"494 Michael Corner Suite 242 South Lori, AR 47946",2024-07-01
470,Kirsten Fisher,marktaylor@example.com,"815 Thompson Gateway Sarahland, GU 42380",2023-01-29
471,Stacey Turner,travis97@example.net,"490 Karen Forest New Amy, MT 86722",2020-10-26
472,Sharon Huber,ashley03@example.net,"8933 Taylor Ferry South Taylor, AK 92444",2023-02-09
473,Charles Richards,claire29@example.net,"511 Roy Freeway Suite 226 Alisonville, SC 35661",2022-05-21
474,Daniel Nelson,jessica81@example.com,"4158 Kara Falls New Kristiburgh, OK 91798",2023-06-04
475,Edward Adkins,martinsusan@example.org,"29247 Wesley Place Suite 076 Toddmouth, PW 71026",2021-08-21
476,David Erickson,matthew37@example.com,"75872 Powell Overpass Carlafurt, FL 53305",2023-01-29
477,Megan Perry,oscar73@example.org,"652 Helen Lights Apt. 269 Port Joshuafurt, HI 55010",2021-03-29
478,Andrew Little,megan81@example.net,"993 Bradley Meadow Port Kenneth, SD 71278",2020-01-21
479,Peter Nguyen,becky52@example.org,"99566 Dennis Island Suite 003 Wallborough, PR 95210",2020-09-09
480,Laura Evans,kelly22@example.net,"3354 Anderson Viaduct East Manueltown, MH 26106",2023-04-05
481,Kayla Holloway,douglas36@example.net,"163 Ashley Inlet Apt. 428 Stewartstad, GA 88284",2020-03-13
482,Kenneth Rosario,dodsonwilliam@example.net,"83443 Smith Ford Suite 194 Port Tracy, MP 50989",2022-01-11
483,John King,tsmith@example.com,"288 Peters Track North Larry, OK 50807",2020-04-09
484,Michael Love,hopkinssusan@example.org,"785 Shannon Cove Suite 967 Stewartberg, UT 65645",2021-05-05
485,Lori Chapman,james20@example.net,Unit 8514 Box 4273 DPO AP 66076,2023-09-16
486,Jeanne Rivera,ibeard@example.org,"91034 Richard Street Apt. 281 Lake Kevinmouth, MH 58785",2021-07-12
487,Donna Roberson,marycollins@example.com,"529 Day Curve Apt. 685 West Shannon, MO 45449",2020-02-03
488,Alan Kaiser,garrettmatthew@example.net,"08546 Navarro Summit Suite 556 New Joseph, SC 99826",2021-06-18
489,Kara Carter,vdiaz@example.org,"461 Megan Pines Jonesbury, MH 03520",2022-11-27
490,Alexander Odonnell,ginamitchell@example.net,"3655 Gilmore Stravenue Suite 073 Nunezville, MT 11920",2021-06-30
491,Bryan Williams,brownmichael@example.com,"67882 William Centers Carrollside, ME 37958",2024-01-24
492,Edward Lopez,stephenrodriguez@example.net,"31193 Stephanie Passage Apt. 300 Peterview, ME 13287",2024-06-25
493,Michael Collins,deboraharmstrong@example.net,"87255 Christina Glens West Jamesshire, NJ 49852",2022-07-02
494,Kayla Garrison,rowlandwayne@example.org,"9606 Mary Junction Apt. 833 Lake Williamhaven, MH 80459",2022-04-14
495,Barbara Cook,sellerssandra@example.org,"432 Hayes Club New Andrewbury, IN 35461",2020-12-25
496,Cody Fuller,fuentesvictor@example.com,"639 Olson Courts South Christopher, OR 88041",2020-07-22
497,Marisa Garcia,susancoffey@example.org,"98709 Bowen Hollow Kylefurt, MO 72576",2023-04-28
498,April Armstrong,millereric@example.com,"04623 Teresa Turnpike Michaelmouth, AZ 30636",2024-07-18
499,Susan Acosta,gordoncrystal@example.net,"4393 Johnson Wall Suite 201 South Christopherburgh, SD 75789",2020-12-13
500,Maria Miller,jordanlaura@example.com,"426 Sparks Trafficway East Steven, GA 44188",2023-06-06
