id,name,email,address,date_joined
1,Monica Blake,meghan68@example.org,"63846 Harris Club Apt. 018 Johnsonbury, MD 77701",2022-08-04
2,Leslie Flores,alexisswanson@example.org,"454 Rogers Trace Apt. 087 New Justinton, NJ 44507",2021-10-21
3,Charles Villarreal,charlesmoss@example.com,"747 David Lock Suite 737 South Joshuafort, NC 88244",2021-12-05
4,Patricia Meyer,brianherring@example.net,USS Cantrell FPO AP 94931,2023-07-24
5,George Wallace,stephen64@example.net,"2410 Miller Wall East Chris, NV 62043",2024-01-18
6,Shelia Cameron,howesteve@example.org,"688 Jane Avenue Suite 151 Perezburgh, OH 21878",2024-08-27
7,Sydney Barajas,nandrews@example.net,"PSC 2614, Box 6894 APO AP 84327",2021-05-18
8,Jose Tran,laura26@example.com,"64252 Kimberly Glens Garciachester, NH 44890",2022-03-05
9,Thomas Hancock,vsmith@example.net,"07382 Brittany Lane Suite 214 North Tammymouth, CA 10001",2023-01-10
10,Madeline Johnson,john25@example.org,"685 Valencia Via Suite 925 North Alexandraborough, MS 11792",2024-06-11
11,Brandon Walter,justin76@example.com,"63127 Baker Land Suite 748 Kristyfort, OK 88333",2024-10-05
12,Bobby Harvey,raymondhinton@example.net,"864 Dylan Burg Suite 762 Lake Markburgh, TN 98691",2024-04-23
13,Belinda Mccormick,gabrielle17@example.org,"18829 Coffey Lock Apt. 155 Jeremyfurt, FM 18734",2024-04-29
14,David Hale,staceyleonard@example.org,"585 Reyes Fort Suite 612 New Jacobstad, MI 85961",2020-01-17
15,Kelly Gonzalez,christopher81@example.net,"7078 Patricia Parkways Suite 966 Patriciaside, VT 25743",2022-07-23
16,David Smith,deborah05@example.net,"983 Beasley Corner Suite 608 Cindybury, AR 58128",2020-12-31
17,Darin Martinez,mcleanjohn@example.com,"PSC 1090, Box 3437 APO AE 04719",2023-02-21
18,Andrea Tyler,hvasquez@example.com,"170 David Plaza Harmonton, IA 60440",2023-04-13
19,Gabriel Woods,heathermyers@example.net,"55003 James Courts West Alexisburgh, KY 99943",2020-06-09
20,Samantha Booker,gsanchez@example.com,"6151 Andrew Skyway Suite 149 Greenechester, WA 75472",2020-10-25
21,Courtney Hodge,debra19@example.net,"11777 Kimberly Street Apt. 152 Adamschester, AK 99372",2021-05-27
22,Casey Moore,andrew66@example.com,"1259 Marshall Prairie Apt. 207 Rodriguezland, VT 59094",2024-06-08
23,Kelli Ramirez,ypreston@example.net,"6358 Ramirez Knoll Suite 803 Lisaton, AL 30572",2024-02-29
24,Yvette Stevens,daviscarla@example.com,"2858 Perez Spur Apt. 362 Lake Wandaberg, AK 80869",2021-04-05
25,James Quinn,johnsonjulia@example.net,"18409 Brown Overpass Suite 421 North Anita, VA 04660",2022-02-25
26,Jacob Graham,jlewis@example.com,"9003 Joshua Spur Lake Marissafort, OR 04243",2021-02-15
27,Dustin Stephens,christopherwelch@example.org,"00466 Silva Locks Apt. 822 North Melissabury, CO 60530",2022-02-24
28,Amanda Kent,dcharles@example.net,"727 Ashley Wells Porterfort, MT 72129",2020-06-30
29,Levi Sanchez,lisa38@example.com,"5708 Brandy Gardens South Rachel, AL 02678",2021-05-05
30,Elizabeth Richards,sarabanks@example.com,"5658 Daniel Courts Davidton, RI 79780",2020-09-10
31,William Davis,psmith@example.com,"25154 Murphy Gateway Apt. 345 West Apriltown, SC 41576",2024-02-17
32,James Ferrell,brandonphillips@example.org,"9273 Reynolds Burg Suite 727 East Cody, NY 33737",2023-07-29
33,Michelle Schmidt,taylorguy@example.com,"850 Maria Ridges Suite 598 North Sherri, NV 10587",2023-02-02
34,Grace Robinson,devin09@example.org,"PSC 9165, Box 9405 APO AA 26908",2020-08-17
35,Michael Nelson,timothybrown@example.com,"0275 Morris Mission Suite 090 Lake Amanda, DE 75802",2022-11-18
36,Victoria Rodriguez,gduncan@example.org,"4757 Wood Pass South Kristin, UT 93474",2023-04-29
37,Daniel Ellis,bartletttyler@example.com,"PSC 2876, Box 2463 APO AP 44662",2022-07-24
38,David Esparza,scottmitchell@example.net,"9860 Warren Falls Kimberlystad, NH 61348",2021-09-12
39,Jeffrey Byrd,pspencer@example.net,"3370 Stevenson Ridges Port Carlos, OH 11170",2021-03-15
40,Mariah Schultz,ftaylor@example.com,"99669 Bruce Corner Port Jennifer, WV 31129",2023-09-19
41,Christopher Smith,klong@example.org,"058 Huff Well Suite 953 Millerberg, AL 59260",2022-11-09
42,Michael Nelson,nclay@example.net,"11494 Wendy Motorway West Timothy, UT 32533",2023-03-13
43,Ana Gonzalez,natashamckee@example.net,"9582 Sandra Flat East Andreabury, TX 70022",2023-12-18
44,Sarah Horn,harrisjason@example.org,"779 Cody Ports West George, CA 92969",2020-10-09
45,Patricia Blake,tammyhopkins@example.net,"45626 Wagner Orchard Apt. 819 Lake Stephanietown, AR 95087",2023-10-05
46,Wanda Johnson,thomasnicholas@example.org,"694 Martin Inlet New Adamfurt, GU 96007",2021-07-04
47,Russell Willis,jacobkline@example.net,"138 Lisa Divide Port Gilbertborough, GU 99543",2023-07-26
48,Rebecca Miller,darryl79@example.org,"5692 Patrick River East Theresaside, MP 89801",2020-11-19
49,Jeffrey Bradshaw,heatherbarber@example.com,"259 Eric Port Scottshire, VT 41154",2021-06-18
50,Samantha Jordan,espinozaallen@example.com,"5429 Susan Dam Suite 485 East Feliciashire, ME 94069",2024-04-04
51,Thomas Hall,cwilliams@example.org,Unit 3718 Box 7054 DPO AE 77464,2024-03-09
52,Frank Johnson,gutierrezbeverly@example.com,"78710 Stephanie Parkways Apt. 748 South Dana, MA 38036",2022-07-01
53,Andrea Garcia,rreed@example.com,"71900 Monroe Stream Apt. 108 Seanland, NV 35460",2022-09-07
54,Megan Byrd,biancafrancis@example.net,"091 Barrett Villages New Donaldbury, KS 01229",2023-09-21
55,Lauren Rivera,jennifermartinez@example.org,"283 Price Square Antoniochester, ID 10162",2023-12-07
56,Sharon Mathis,vmay@example.net,"38471 Caroline Mission East Evelynmouth, MP 46616",2023-04-24
57,Lindsay Fritz,mary51@example.net,"7638 Timothy Wells Suite 599 West Samuel, MN 60344",2022-10-05
58,Jonathan Hodge,hallgregory@example.com,"529 Jeremy Manors Suite 465 Robertburgh, CA 62582",2024-10-05
59,Meghan Conley,bishopmiguel@example.org,"74914 Juan Centers North Jacquelineborough, AS 38395",2020-02-16
60,Kevin Jones,batescrystal@example.com,"979 Mary Wells West Markside, LA 32737",2024-05-17
61,Darius May,eatongarrett@example.net,"4581 Andrew Corner Suite 719 East Brandy, DE 74775",2023-06-03
62,Roger Mcintyre,oholmes@example.org,"79652 Johnson Dale South Dennisside, NH 41652",2021-04-26
63,Crystal Mcdaniel,christianferguson@example.net,"248 Mark Club Suite 945 West Rebekahland, WI 46341",2023-06-28
64,Rachel Frank,nancy71@example.com,"335 Schwartz Mount West Amymouth, DE 31673",2020-01-04
65,Amber Stanley,adam45@example.net,"88527 Haynes Lights East Melinda, NC 19861",2021-11-23
66,Shelia Underwood,umcmahon@example.net,"72635 Drake Lodge West Gregorychester, GU 51345",2023-03-30
67,Allen Hampton,evelynsampson@example.com,"513 Jessica Plains Mezahaven, SC 60189",2023-11-09
68,Brenda Reid,phillipspatrick@example.net,"5482 Young Circles Suite 122 South Jennifershire, KY 30163",2020-07-06
69,Terry Williams,raymondperez@example.com,"77967 Randall Plains South Scott, FM 54736",2020-10-27
70,Penny Curtis,beckronald@example.net,"96034 Darlene Crossing North Joyceton, WV 67699",2022-08-22
71,Amy Leblanc,alvarezjennifer@example.net,"8086 Torres Courts Rosemouth, PR 99536",2023-01-30
72,Curtis Hogan,chasejessica@example.org,"37528 Rebecca Street Travishaven, VT 72060",2022-04-11
73,Corey Brooks,richard09@example.org,"9252 Linda Vista Suite 939 Lake Garrett, CO 24608",2024-02-12
74,Ruth Romero,zhall@example.org,"44879 Dylan Forges Apt. 055 Lake Robertside, KS 19913",2022-03-15
75,Victor Ray,lauracastillo@example.org,"057 Leah Plain Gambleberg, DE 59549",2024-01-24
76,Travis Escobar,ccastillo@example.com,"3023 Michael Mill New Allenhaven, FL 11313",2023-02-05
77,Emily Shaffer,lisaweaver@example.net,"6395 Stevens Divide Apt. 793 Port Lisa, WY 61480",2022-11-25
78,Ryan Daniels,jennifersosa@example.net,"9722 Graham Landing Suite 015 East Matthewburgh, KY 44469",2023-08-08
79,Bobby Harris,zholloway@example.com,"4879 Julie Valleys North Diana, GU 64745",2023-04-20
80,Ryan Gibbs,josephknox@example.com,"45441 Welch Road Suite 977 Port Brandi, KS 45542",2023-03-02
81,Tracey Chambers,john23@example.net,"4865 Kim Turnpike Apt. 733 New Davidburgh, NM 27618",2020-04-10
82,Jessica Estrada,mollymyers@example.net,"420 Cook Landing Apt. 435 Grossville, FL 25195",2020-04-27
83,Douglas Huerta,michelleberger@example.com,"76096 Shane View New Chadview, NE 35638",2024-05-05
84,Carmen Washington,ashleypratt@example.com,"6202 Rodriguez Harbors Apt. 745 North Natalieview, PW 67520",2023-04-29
85,Andrew Stewart,samantha54@example.org,"9538 Martinez Springs Kingbury, WA 96258",2022-08-16
86,Michael Garrett,david37@example.org,"563 Veronica Unions Paulville, CA 44322",2023-06-03
87,Angela Morris,katherine01@example.com,"68692 Flores Ferry New Alice, CO 71142",2024-01-21
88,Lindsay Robinson,george98@example.net,"56102 Walker Summit Apt. 279 South Kimberly, CT 88633",2021-01-28
89,Joseph Cook,gwendolyngriffin@example.net,"06593 Gregory Glen Suite 677 Josephmouth, SC 83012",2022-06-06
90,Jason Arroyo,avilajeffrey@example.org,"1584 Newman Spur Suite 238 North Jason, AS 41771",2022-03-18
91,Donna Lee,washingtonshelby@example.net,"86924 Stephens Tunnel Suite 559 Blevinschester, MD 70513",2023-02-27
92,Madeline Russo,jennifermcdaniel@example.net,"714 Brian Rapids Priceville, OR 47311",2024-04-08
93,Deborah Reynolds,victoria09@example.com,"768 Cortez Vista Port Karen, AS 99466",2020-09-24
94,Lisa Walker,frosttimothy@example.net,"PSC 1443, Box 4291 APO AA 20305",2021-12-09
95,Heidi Lee,sgordon@example.org,"507 Jonathon Mission Suite 101 Summersport, GU 49462",2020-12-26
96,Olivia Holmes,david65@example.net,"0492 Norton Stream Apt. 008 Brownbury, AL 78118",2023-05-04
97,Jillian Aguilar DVM,rchavez@example.net,"4680 Torres Springs Apt. 436 East Julianton, MN 83849",2020-11-07
98,Yolanda Villarreal,murrayalicia@example.com,"1260 Fisher Cliffs Apt. 770 East Chris, MA 92548",2024-01-20
99,James Randolph,anthony40@example.org,"PSC 5015, Box 5870 APO AP 61577",2021-01-08
100,Stephanie Santos,joshua11@example.org,"9347 Theresa Light Port Amychester, PA 79270",2020-08-25
101,Amy Harris,linda13@example.com,"434 Dixon Garden Apt. 621 South Lancechester, FL 67219",2022-02-20
102,Jose Coleman,mlee@example.com,"808 Thomas Plains Barnesport, UT 85676",2020-11-21
103,Samantha Bush,csexton@example.com,USS Fitzgerald FPO AP 18829,2024-10-07
104,Colton Burnett,joshuawarren@example.net,"5867 Johnson Garden Carpenterstad, VT 16093",2024-02-17
105,Jonathan Holt,danielmckee@example.org,USNS Wilson FPO AP 67510,2021-08-22
106,Beth Valencia,sandra89@example.org,"4450 Martin Cliffs Lake Gwendolynstad, IL 43392",2020-11-03
107,Andrew Olson,melaniejames@example.com,"984 Walls Stream Suite 190 Port Kyleland, PA 22136",2022-12-23
108,Marc Shelton,christopherwelch@example.org,"9294 Tran Circle Diazhaven, MD 65728",2020-10-10
109,Douglas Wilson,hunterheather@example.net,"131 Ford Circle Millerside, VI 93326",2024-08-28
110,William Horn,ronaldsmith@example.org,"84116 John Freeway Apt. 455 North Jameschester, AZ 52719",2023-11-13
111,Jared Johnson,jonathonwilliams@example.net,"53185 Michael Overpass East Tylerport, DC 08141",2020-03-26
112,Jeremiah Williams,amiller@example.org,"04679 Armstrong Road Apt. 758 Sarafort, AL 78173",2022-02-28
113,Donald Stevenson,kimberly78@example.org,"11847 Anderson Trace Apt. 637 South Janetmouth, WV 54515",2020-12-23
114,Kathleen Johnson,amy62@example.org,"755 Jodi Plains Apt. 877 New Francisville, MN 10869",2021-08-13
115,Joanne Short,dakotaalexander@example.com,"08081 Carla Flats Apt. 629 North Mark, CT 66775",2021-02-10
116,Jennifer Parker,wilsondarlene@example.com,"587 Darren Villages South Brandon, AS 14235",2021-12-11
117,Wendy Crawford,russell86@example.com,"5221 Morris Mountain Suite 193 Lake Crystal, OK 55114",2023-11-24
118,Natalie Ramirez,jacobwillis@example.org,"61470 Leon Underpass Lake Jeffrey, AK 68133",2022-09-10
119,Christopher Michael,mburns@example.org,"561 Amy Ranch West Jessica, SC 89223",2021-10-04
120,William Parker DVM,osmith@example.com,"739 Garcia Forge Lake Brianna, MA 35142",2021-03-23
121,Jessica Wall,lshepard@example.org,"604 Katelyn Gateway Stephenville, PA 12392",2023-03-09
122,Theresa Young,diazapril@example.com,"43498 Barbara Hollow Toddview, NH 95197",2022-11-03
123,Amy Sheppard,cohenmelissa@example.net,"240 Kaitlyn Forest Suite 985 Lake Mark, OK 87626",2024-07-13
124,Janet Phillips,kristopher05@example.org,"4041 Fleming Ways West Joanneburgh, WY 65812",2023-05-15
125,Mary Johnson,evansrichard@example.org,"095 Catherine Greens Apt. 755 Bensonton, PW 01551",2021-06-22
126,Brandon Anderson,adrianpearson@example.org,"082 William Cape Apt. 712 North Ashley, KY 71102",2021-07-02
127,Linda Barker,tbrown@example.org,"60424 Cooper Drives Suite 638 West Cameron, GU 31961",2020-02-10
128,Michael Anderson,dhoffman@example.com,"564 Li Vista Apt. 116 Josephside, SC 50619",2023-08-06
129,Warren Lewis,anna70@example.com,"630 Christopher Summit Adrianbury, TX 97440",2023-01-28
130,Lauren Mills,barberjohnny@example.net,"9017 Kara Forks West Julieberg, AS 96157",2021-11-22
131,Drew Torres,vfrank@example.com,"877 Tammy Street Suite 704 Mitchellport, IL 86347",2021-09-18
132,Veronica Coleman,elizabethrichardson@example.net,"31853 Kimberly Parkways Apt. 634 West Lisaton, OR 07171",2023-03-14
133,Kimberly Cooper,sanchezdavid@example.net,USNV Sanchez FPO AA 34117,2022-12-23
134,Robert Garrett,wallacemegan@example.net,"031 Ashley Shore South Jeffreyside, PR 49168",2024-07-12
135,Richard Hernandez,bobbydavis@example.net,"41101 Martin Lock Carlafurt, CT 02668",2023-09-05
136,Melanie Cardenas,daniel60@example.net,"986 Sullivan Cliffs Suite 493 Loganton, SC 22727",2024-07-01
137,Taylor Martinez,ysalazar@example.org,"PSC 2104, Box 3608 APO AA 80627",2023-11-16
138,Tina West,lopezstephanie@example.com,"02312 Smith Lakes Goodstad, ND 14289",2024-06-25
139,Christine Durham,daniel59@example.net,"58029 Jacqueline Oval Apt. 837 Dixonfort, WI 76571",2024-03-24
140,Nancy Smith,fredericktheresa@example.org,"850 Simmons Plains Cynthiaborough, GU 20740",2023-11-08
141,Tina Browning,loretta73@example.net,"1640 Emily Manor Ingramview, NM 68813",2021-01-28
142,Breanna Robinson,huntermaurice@example.com,"61913 Cole Point Port Bradleyhaven, AK 56490",2023-05-27
143,Michael Peck,qthompson@example.org,Unit 6458 Box 6402 DPO AA 73849,2024-06-09
144,Michelle Banks,uodom@example.org,"3685 Cole Causeway Apt. 645 West Anitatown, WA 20390",2022-04-24
145,Rodney Flowers,audrey15@example.com,"82742 Jean Rapid East Jonathan, OK 66489",2024-07-11
146,Amy Simmons,paulasteele@example.com,"338 Fuller Path North James, UT 35523",2023-01-01
147,Christy Lopez,jeffrey21@example.org,"563 Carlson Roads Suite 713 Peterburgh, DE 26719",2023-07-23
148,Sarah Snyder,timothy18@example.org,"46491 Henderson Valley New Matthewborough, DE 79057",2022-03-13
149,Lauren White,garciamichelle@example.org,"445 Wilson Squares Jonesland, VA 76825",2023-04-19
150,Amy Johnson,rangelmary@example.com,"524 Hall Falls Taylorfort, CO 48150",2022-01-17
151,Ashley Christian,jessica35@example.org,"9407 Jacqueline Road Millsmouth, GA 78954",2020-01-31
152,Sean Nguyen,littlejohn@example.com,Unit 2484 Box 8951 DPO AA 45314,2020-06-18
153,Yolanda Martin,david30@example.com,"4029 Alvarez Mountain Johnsonhaven, NH 72796",2023-01-26
154,Kelsey Lee,ricardo34@example.org,"4434 Shannon Light Williamland, TN 94244",2022-11-02
155,Susan Carter,william08@example.net,"8537 Craig Glen Suite 954 Tylerborough, MN 93476",2020-09-15
156,Tiffany Zimmerman,larry55@example.org,"1254 Phillip Summit Lake Waltermouth, HI 59060",2024-04-16
157,Mrs. Tiffany Horn MD,christinalewis@example.com,"26735 Mendoza Key Lake Jeffreyfurt, NH 46775",2021-06-29
158,Elizabeth Floyd,freylogan@example.com,"12768 Nguyen Inlet Apt. 834 Jeremyfort, CO 08188",2020-09-30
159,James Hayes,mitchell88@example.net,USNV Garrett FPO AA 40936,2024-05-25
160,Jasmine Mckee,courtneymcpherson@example.net,"6189 Lisa Drive Suite 744 Jenkinsburgh, ID 35634",2022-03-05
161,Melissa Werner,leslie61@example.org,"220 Mercer Stream Apt. 797 Jenkinsview, RI 05237",2020-03-12
162,Brenda Klein,philip25@example.org,Unit 8388 Box 1363 DPO AP 59395,2022-05-13
163,Carolyn Garcia,wwalsh@example.net,Unit 2409 Box 1288 DPO AA 74850,2023-08-02
164,Daniel Harmon,michaelfreeman@example.com,"324 Huynh Ferry Williamsmouth, FM 68251",2021-11-19
165,April Frank,velasquezrichard@example.com,"571 Anthony Crest Suite 126 Sanderschester, MN 43240",2022-09-07
166,Heather Foster,richardspatricia@example.net,"0681 Garrett Summit Ashleytown, VA 61349",2024-04-28
167,Belinda Ross,williamseduardo@example.com,"746 Jessica Fields Suite 042 New Jennifer, AK 46914",2022-06-15
168,Joshua Faulkner,morajacob@example.org,"08036 Greer Junction Suite 656 Sabrinafort, WA 64180",2020-11-03
169,Pamela White,swansonchristina@example.com,"443 Christopher Cliffs Suite 554 West Juanhaven, MN 08605",2023-11-22
170,Jeffrey Solis,thompsonjoshua@example.org,"461 Jasmine Rapid Suite 873 Coltonberg, NM 65530",2022-04-18
171,Derek Wood,johnpierce@example.net,"37060 Boyle Spring Suite 596 North Robertland, WI 13357",2022-06-13
172,John Brown,cynthia23@example.org,"413 Garrett Walks Lake Brandon, AZ 56287",2022-09-22
173,Ms. Sharon Moyer DDS,eray@example.org,"549 Blake View Apt. 998 West Christopher, AS 07772",2024-10-08
174,Thomas Moore,npeterson@example.com,"66225 Cunningham Bypass Joshuafort, NJ 60390",2021-01-10
175,Lori Bennett,perezalexander@example.net,"8031 Atkinson Brooks Bellfurt, DE 29425",2024-05-12
176,Teresa Richardson,wmalone@example.com,"29458 Ballard Stravenue Suite 818 Braychester, NY 91116",2020-01-24
177,Nicholas Wright,stephensfrank@example.com,"75005 Molina Stream Robinsonville, GA 49246",2020-02-09
178,Andrew Serrano,jacobsonsandra@example.net,"35331 Hinton Highway Apt. 131 South Taylor, TN 33198",2023-06-30
179,Kristi Hall,johnrodriguez@example.com,"9599 Alejandro Road Apt. 684 East Christophertown, WV 24638",2021-03-18
180,Taylor Collier,howardjason@example.net,"1131 Paula Point Apt. 073 West Carriefort, HI 74510",2022-11-13
181,Michelle Smith,joshuawright@example.net,"1644 Mary Rapid East Matthewland, PW 66240",2022-04-21
182,Christine Jordan,iellison@example.com,"3062 Eduardo Views Apt. 459 East Todd, MS 72406",2022-11-08
183,Justin Watkins,noah25@example.net,"27190 Cheryl Run Lake Jonchester, OR 05186",2021-09-07
184,Nancy Wyatt,stevenvargas@example.com,"1322 Teresa Square Suite 790 Michelleton, VI 51359",2020-02-22
185,Joshua House,mwang@example.com,"05144 Contreras Shoal Suite 260 Wilkinsonshire, MA 42319",2020-11-02
186,Clinton Potter,jasminerobinson@example.net,"45649 Boyle Cove New Jonathanmouth, NY 12171",2023-03-14
187,Kayla Le,william38@example.com,"98709 Lawrence Landing Apt. 018 Wongport, CT 18003",2023-12-03
188,Sarah Simon,timothyjackson@example.net,"7598 Zachary Island Laurenport, GU 75039",2022-10-04
189,Jennifer Taylor,mharrell@example.org,"8119 Connie Walks Suite 209 East Laurachester, NH 67318",2023-01-25
190,Martin Davis,lindsay11@example.org,"48784 Mitchell Flat Stephanieshire, LA 41859",2022-07-20
191,William Collins,christinestevens@example.com,"6379 Jerry Park Lindaport, PR 76639",2023-05-28
192,Victoria Schwartz,michael20@example.net,"7327 Victoria Keys Suite 010 New Kevinland, RI 43047",2022-06-27
193,Kayla Bryant,graydwayne@example.com,"5808 Valentine Points New Adam, MS 50373",2022-06-11
194,Dakota Proctor,salazarstephanie@example.net,"73333 Peterson Bypass Suite 565 South Abigail, DE 49250",2020-03-06
195,Michael Adams,gordoncheryl@example.org,"981 Michael Summit New Misty, ND 89248",2020-04-30
196,Tara Cain,morgancraig@example.org,"716 Billy Lake Suite 366 East Michaelview, PR 88007",2020-09-16
197,Anthony Mckinney,gonzalescharles@example.net,"2929 Matthew Summit Georgeshire, NY 84719",2023-06-28
198,Denise Tran,brownevelyn@example.org,"524 Thomas Inlet Apt. 762 Randyton, DC 50467",2020-08-29
199,Rebecca Spencer,nalvarado@example.org,"0871 Carlos Gardens Apt. 630 Jeffreymouth, ID 07097",2022-09-18
200,Meredith Sullivan,weberpatrick@example.com,"2121 Matthew Lodge North Kathyborough, HI 15069",2024-07-21
201,Michael Jones,daniel24@example.net,USCGC Torres FPO AA 94500,2022-04-17
202,Ms. April Baker,vasquezpatricia@example.net,"1413 Harris Lake Apt. 530 Michaelview, MH 26567",2021-08-02
203,John Gomez,qjones@example.net,"21499 Judith Mission Veronicaborough, KY 89283",2021-09-14
204,Mr. David Romero MD,vking@example.com,"41980 Caleb Station Apt. 122 Tylershire, RI 35452",2020-01-10
205,Carlos Harrington,rodriguezjoshua@example.net,"95838 Barnett Harbor Apt. 014 Lindaville, MN 79189",2022-08-09
206,Nicole Hamilton,ymadden@example.net,"28689 Melissa Neck Jennatown, VT 61346",2021-12-28
207,Carol Austin,alexandria70@example.org,"459 Davenport Vista Colemanshire, MA 42195",2022-03-13
208,Tracy Farmer,qhess@example.net,Unit 0084 Box 7528 DPO AP 74766,2020-02-04
209,Emily Roberts,phillipsshari@example.com,"71211 Atkinson Mount Suite 153 New Calebview, VI 37477",2022-02-19
210,Alejandra Ramirez,esanchez@example.com,"9722 Tanya Stravenue South Jenna, PW 83440",2024-05-20
211,Kimberly Harris,ukeller@example.net,"66943 Scott Parkways Apt. 092 South Oscarton, MD 70745",2023-12-27
212,Kara Golden,imolina@example.com,"500 Lambert Flat Apt. 259 South Charlestown, WI 38322",2023-01-26
213,Antonio Thornton,michaelprince@example.net,"58628 Ramsey Island Patrickton, DC 55526",2020-10-20
214,Mrs. Danielle Simpson MD,nancy06@example.org,"7727 Davis River Apt. 508 Port Carriehaven, OK 30448",2021-07-09
215,Michael Fuentes,sarah49@example.com,"5157 Sims Alley Apt. 899 Carriebury, NC 59862",2022-03-24
216,Connie Gibson,krystalalexander@example.com,"3260 Jacqueline Land South Wandastad, ME 73647",2020-09-13
217,Terry Campos,xwatson@example.net,"PSC 9578, Box 1768 APO AA 99159",2024-10-08
218,Matthew Mendez,ericsmith@example.com,"20131 Hansen Hills Port Zacharymouth, ND 25184",2023-06-27
219,Michael Jones,christie92@example.org,"997 Blake Brooks South Keithberg, KY 06372",2020-08-04
220,Donald Holloway,zyoung@example.org,"4311 Nelson Crest Apt. 505 West Jennifer, MI 76496",2024-06-14
221,Michael Melendez,angela19@example.com,"653 Diana Hollow Suite 397 Smithburgh, DC 39574",2021-05-10
222,Brian Banks,wolfamy@example.net,"585 Turner Manor Taylormouth, VT 91635",2020-09-28
223,Francis Vasquez,andrew10@example.com,"2863 Jasmine Views Jennifermouth, IL 12525",2022-06-16
224,Kevin Robbins,higginsvictoria@example.net,"4300 Walter Turnpike Maldonadomouth, VA 39033",2023-10-19
225,Jeffery Taylor,abowman@example.org,"PSC 7966, Box 3870 APO AP 69265",2023-10-08
226,Gregory Mueller,evanscharles@example.com,"511 Paul Via North Johnville, ID 80498",2021-02-05
227,Dr. Billy White,mark50@example.net,"7544 Jesse Village North Denise, GU 88136",2022-08-16
228,Scott Hayes,staceywelch@example.com,"5311 Moore View Thompsonview, PA 84526",2024-06-27
229,Jacob Barnes,kconway@example.org,"898 Karen Street Suite 788 South Austinhaven, IA 88528",2022-01-23
230,Brooke Schneider,jeffreykim@example.com,"60673 Davis Stravenue Paigestad, AS 62322",2021-06-15
231,Sharon Smith,chelsea28@example.com,"8780 Briggs Lock Apt. 897 East Josephstad, FL 90718",2020-10-28
232,Johnathan Ramos,mcdonaldcollin@example.net,"09716 Pope Islands Suite 465 East Kevinmouth, VI 34315",2021-12-02
233,Jacob Rangel,robert39@example.org,"503 Snyder Underpass Port Tamarafurt, NM 73069",2020-02-11
234,Heather Anderson,ydougherty@example.org,"425 John Coves Michaelbury, OK 47005",2020-08-18
235,Matthew Navarro,lcaldwell@example.org,"13928 Young Circles Apt. 880 Stewartberg, MP 46564",2022-09-10
236,Jade Mason,fvasquez@example.net,"529 Adams Pike Lake Johnborough, AS 33467",2021-12-27
237,Jessica Rogers,jjohnson@example.org,"37267 Jones Grove Parkmouth, MA 04890",2024-02-02
238,David Johnson,qsanchez@example.org,"74419 Alvarez Stravenue Suite 936 Jenniferside, SD 01943",2021-11-01
239,Kevin Tran,bnielsen@example.net,"16157 Jennifer Cove Suite 113 Port Danielleborough, PW 57685",2020-08-10
240,Angela Hunt,brittneypacheco@example.com,"018 Julia Lane Apt. 358 Adamsbury, CA 05207",2020-04-18
241,Edward Peterson,elizabethmullins@example.com,"455 Marissa Haven West Annabury, PR 01886",2021-10-14
242,Scott Parker,jackie06@example.net,"92139 John Well Suite 018 Brianview, OH 38489",2023-11-14
243,William Gallegos,cclark@example.org,"562 Traci Roads Jacksonfort, ND 22825",2022-04-12
244,Dr. Jennifer Wagner,lhall@example.com,"0888 Brown Islands Suite 472 Trevorview, OR 66379",2023-07-13
245,Charles Graham,douglasmurphy@example.net,"8592 Mccann Points Apt. 913 Hernandezchester, CA 27340",2021-09-17
246,Robert Johnson,albert87@example.net,"4572 Lisa Stream Apt. 370 Sharonside, MN 18308",2024-04-07
247,Keith Ortega,jenkinsjames@example.net,"47912 Matthew Dale Port Michelle, MH 58426",2020-10-24
248,Michele Coleman,joecooper@example.org,"38945 Margaret Shore Suite 061 East Jeffreymouth, MI 39971",2023-08-23
249,Mr. Matthew Combs,yroman@example.net,"061 Rivas Flat Lake Michaelshire, AK 34587",2020-06-06
250,Stephanie Woods,morenogwendolyn@example.net,"72619 Joshua Knoll Apt. 486 West Staceyshire, AZ 13683",2023-10-06
251,Mary Bradley,pharris@example.com,"406 Gail Streets West Jamesland, AR 06882",2023-09-12
252,Michael Sanchez,marilyn89@example.com,"6069 Jessica Shore North Victor, NM 45891",2022-03-30
253,Mary Williams,joyanderson@example.com,"327 Dennis Brooks Suite 431 New Lisafort, MP 36427",2020-08-30
254,Molly Ellis,dylanreid@example.org,"338 Thomas Parkways Suite 602 Hillside, IL 22705",2020-07-27
255,Brandy Moody,christopher83@example.com,"267 William Crescent Suite 138 South Janice, NM 11900",2022-02-28
256,Brandon Ayers,mark88@example.net,"89208 Shane Viaduct Apt. 025 South Jose, MI 40939",2023-11-25
257,Joshua Gates,webstermallory@example.com,USNV Rodriguez FPO AP 61770,2020-06-30
258,Johnathan Gibson,simseric@example.net,"436 Cody Drives Suite 517 Curtisville, AK 14354",2021-02-25
259,Drew Miller,earledwards@example.net,"PSC 2427, Box 7998 APO AP 00792",2021-08-04
260,Mary Carey,robert64@example.org,"63443 Miller Circle Amandaland, MT 33285",2022-10-03
261,Nancy Williams,mcdonaldkristen@example.net,"38863 Eric Stravenue North Eric, NJ 75821",2020-07-05
262,Christopher Howard,hopkinskimberly@example.org,"9383 Clark Station Suite 570 East Isabel, OR 31222",2023-11-03
263,Kyle Wilson,ryanolson@example.com,"288 Ramos Cove Port Regina, NE 32689",2021-06-17
264,Stephen Dominguez,vaughnjessica@example.org,"2050 Jones Greens Apt. 832 Isabellabury, AK 60246",2022-10-12
265,Lucas Davis,kimberly13@example.org,"11507 Parker Spurs Whitefort, MI 27932",2022-08-03
266,Edward Ramos,vgraham@example.net,"22829 Murillo Fall Apt. 424 East Nancy, MT 92456",2022-09-08
267,Travis Shepard,adamreid@example.net,"15924 Alison Pass Apt. 226 Johnsonmouth, NC 79676",2024-08-19
268,Bradley Shea,robertmcpherson@example.net,"9033 Mercer Falls Lake Robintown, SD 64647",2021-04-28
269,Melissa Love,johnsonlinda@example.org,"9587 Lisa Courts Suite 145 Lake Amandatown, NJ 01695",2022-10-17
270,Marissa Holmes,ktrujillo@example.net,"463 Bailey Fords Apt. 800 Lake Yolandashire, NC 11368",2023-06-01
271,Rachel Mcconnell,henry10@example.com,"5152 Melissa River North Leslieland, WA 68370",2022-05-25
272,Angela Williamson,andrewsbrian@example.net,"9067 Adam Pines Apt. 432 Lake Christopher, MI 92067",2020-01-01
273,Brian Avila,donnamarsh@example.net,"46450 Jose Ramp East Jennifermouth, MS 68318",2024-05-22
274,Gregory Cruz,paulasmith@example.com,"91531 Elizabeth Tunnel Apt. 343 Brookschester, HI 68675",2022-01-09
275,Brenda Kirk,betty23@example.com,"91658 Ramos Vista Apt. 543 Sandraborough, ME 62708",2022-04-23
276,Heather Scott,ejohnson@example.org,"704 Elizabeth Track West Greg, KS 74646",2024-06-03
277,Matthew Schultz,tomolson@example.org,"8415 Daniel Knolls Williamsfort, MP 56768",2022-04-23
278,William Wood,jonessean@example.com,"4708 Cross Creek Suite 662 Mcdowellmouth, NM 37517",2022-12-29
279,Joshua Williams,susangoodman@example.net,"3438 Carol Valleys Suite 270 Jacksonmouth, PR 07651",2023-09-29
280,Peggy Norton,blake27@example.net,"423 Cristina Estate Apt. 935 Potterside, AS 26467",2023-11-21
281,Angela Gonzalez,peckstephanie@example.net,"5959 Tammy Island Johnstonburgh, ND 00862",2024-03-08
282,Melanie Peck,jennasharp@example.net,"0027 Thomas Plaza West Miranda, MD 47316",2022-02-03
283,Larry Beck,millerchristopher@example.org,"7657 Katherine Courts Suite 537 Tammyfurt, WA 79470",2023-12-21
284,Amy Reynolds,eric54@example.com,"529 William Knolls East Lisaton, CO 33222",2020-12-04
285,Richard Vasquez,lisamiller@example.net,"425 Rodgers Union North Andrewstad, PR 41852",2024-10-06
286,Thomas Peterson,nathaniel15@example.com,"8218 Christopher Point Apt. 281 Gutierrezmouth, PR 47517",2024-01-13
287,Christopher Pollard,dharvey@example.net,"768 Lewis Falls Lake Troy, PA 76676",2023-02-28
288,Jackie Wood,josephgregory@example.org,"PSC 6473, Box 8325 APO AE 15677",2022-06-13
289,Sarah Sims,rodriguezheather@example.org,"73434 Anderson Haven Suite 397 East Rebeccastad, NE 00768",2021-08-07
290,William Stewart,rpotts@example.net,"85167 Yoder Ford New Lorrainemouth, AK 90360",2022-11-22
291,April Bernard,david81@example.net,"2032 Porter River Annetteville, SD 31570",2023-09-30
292,Renee Hall,kathy91@example.net,"14059 David Center Suite 970 Port Courtneyport, PW 09976",2020-06-25
293,Jason Smith,arodriguez@example.org,"2865 Curry Club Apt. 032 Lake Erika, SC 78999",2021-02-24
294,Shawn Torres,jerry25@example.org,"9493 Amy Streets West William, HI 33571",2022-09-05
295,Shawn Keller,doughertyraven@example.com,"50667 Villegas Flats Suite 398 Lake Michaeltown, FL 34824",2024-03-20
296,Betty Taylor,michael25@example.org,"1658 Clay Passage Suite 897 Port Timothyborough, PR 19111",2021-01-01
297,Christine Dixon,bradschwartz@example.org,"2921 King Street Riveraburgh, MO 01629",2024-07-25
298,Michael Mason,sethwashington@example.net,"169 Jennifer Vista West Brad, WA 89402",2020-05-17
299,Daniel Crawford,reeveslisa@example.org,"9501 Johnson Parks Walshport, MD 66464",2023-08-04
300,Cody Moore,marisa58@example.com,"17160 Kidd Plaza Suite 686 Evansfurt, CT 74267",2021-01-29
301,Gregory Price,melissa94@example.net,"660 Hayden Point Apt. 182 Veronicashire, AL 96885",2023-07-26
302,Elizabeth Anderson,rrodriguez@example.net,"600 Cherry Vista New Christopher, FM 75732",2022-09-13
303,Chad Perez,jesse43@example.net,"PSC 0183, Box 6537 APO AA 17617",2022-01-21
304,Mark Jimenez,melissa96@example.com,"86057 Riddle Grove Suite 666 Callahanside, WA 16359",2021-07-21
305,Troy Glover,tstokes@example.org,"PSC 3252, Box 9220 APO AA 55553",2023-05-09
306,Ashley Phillips,dwilliams@example.net,"3953 Crystal Creek New Ashleyborough, LA 55187",2021-09-26
307,Angela Thompson,stephanieho@example.org,"511 Randall Trafficway Apt. 129 East Donaldville, DE 69571",2020-12-29
308,Emily Dixon,hpeterson@example.net,"3583 Melton Groves Suite 322 Lake Yolanda, MS 01942",2021-03-18
309,Jared Owens,elizabeth86@example.com,"1779 Nicholas Haven Jenniferfurt, RI 41286",2024-03-07
310,Melissa Boyd,carlostaylor@example.com,"61945 Hernandez Falls Suite 464 Robertshire, LA 51803",2023-09-29
311,Douglas Wilson,zrussell@example.com,"19678 Davis Alley Lake Davidburgh, DE 24688",2021-07-09
312,Janice Strong,kschwartz@example.net,"3378 Lopez Ranch North Michael, AK 23852",2023-01-07
313,Kyle Smith,afreeman@example.net,"342 Jessica Cape Cannonville, WA 03959",2022-09-20
314,Paul Davila,hannah91@example.com,"014 Kenneth Shore Suite 405 Marksmouth, MD 08002",2021-06-19
315,Pamela Jordan,poncemelissa@example.com,"4168 Alexis Knolls Port Jodi, NH 45154",2022-12-03
316,Whitney Wilson,morganhuffman@example.net,"PSC 2629, Box 9325 APO AP 77195",2022-10-25
317,Jasmine Williams,frank08@example.com,Unit 1932 Box 7944 DPO AE 77808,2021-03-13
318,Tina Brown,pattersonlauren@example.net,"902 Eric Field Apt. 734 Kevinberg, FM 00639",2021-09-30
319,Kaitlyn Byrd,hillnicholas@example.org,"3120 Washington Lodge Apt. 666 Taylorberg, FM 95230",2021-07-25
320,Kathleen Choi,wardcourtney@example.net,"7163 Oconnor Stravenue Apt. 001 Lake Todd, AL 70586",2020-04-20
321,Carla Davis,epetty@example.org,"02469 Justin Harbors Suite 674 South Matthewhaven, VA 70971",2023-06-16
322,Nicole Hatfield,ndawson@example.net,"1033 Jackson Lodge East Richardfurt, FL 09263",2024-06-23
323,Ashley Jones,nsanchez@example.com,"44612 Barry Place Suite 001 Zacharyfurt, MO 98735",2023-12-18
324,Angela Miles,lcollins@example.org,"6980 Taylor Trail New Katie, WI 78689",2020-05-28
325,Kyle Nguyen,toddthomas@example.net,"868 Jackson Mills Apt. 225 Virginiaborough, OK 70009",2024-06-30
326,Billy Soto,thompsonkaren@example.com,"8353 Kevin Mission Suite 713 South Jose, MH 05152",2020-04-19
327,Eric Phillips,oneal@example.org,"0383 Carson Squares Joneshaven, HI 06014",2021-01-23
328,Dennis Wright,gillespiearthur@example.org,"721 Kimberly Locks Apt. 426 Lake Kevinhaven, MD 51556",2022-09-24
329,Ryan Hardin,rivaserica@example.net,USNV Pennington FPO AA 68352,2022-01-28
330,Jill Rivera,joseph44@example.net,"6726 Tate Forges Suite 800 West Vanessa, TX 75167",2024-02-04
331,Monica Flowers,jill11@example.net,"4060 Brandi Tunnel North Howardtown, NE 46433",2024-03-13
332,Kristen Molina,nelsonsandra@example.com,"97806 Betty Stravenue Apt. 874 West Michael, VT 17040",2022-06-01
333,Shannon Burton,heidiscott@example.net,"49275 Mclean Shore Lake Theresaburgh, GA 74712",2022-04-08
334,Lisa Shah,hannah35@example.net,"78421 Erin Lodge Suite 595 South Kimberly, NJ 24546",2024-03-13
335,Susan Hays,barrywilliams@example.net,"271 Williams Shoals Suite 862 West Rachel, GU 60886",2022-10-04
336,Kurt Green,matthew57@example.org,"29504 Smith Locks Apt. 267 South Davidfurt, HI 89666",2023-10-02
337,Nicole Jones,marvinstanley@example.net,"6997 George Grove Joshuaville, AR 05368",2023-02-02
338,Michelle Ochoa,joshuamoore@example.org,"3161 Edwards Pine Suite 928 Richardmouth, OH 45727",2020-10-02
339,Rebekah Zamora,currychristopher@example.net,"21403 Flores Street Suite 222 North Suzanneton, AR 28677",2023-02-09
340,Dylan Mayo,johnsondanielle@example.org,"3564 Amy Radial North Amy, IA 06040",2021-10-20
341,Theresa Zuniga,destes@example.com,"7590 Claudia Inlet Angelafort, OK 19864",2022-03-06
342,Mallory Short,hernandezdawn@example.com,"49804 James Path North Christopherport, KY 71800",2022-01-17
343,Christine Allen,mathiskelly@example.org,"438 Timothy Hills Suite 725 Cynthiaview, WY 02847",2022-10-28
344,Michael Bender,pinedatroy@example.org,"0700 Andrews Divide Apt. 775 East Josephburgh, GU 18345",2021-04-09
345,Kathleen Turner,debbiemckenzie@example.com,"98892 Owens Expressway Suite 545 Yoderside, MT 39079",2021-10-21
346,Casey Davis,philip21@example.net,"7427 Smith Parkway East George, NE 14938",2022-07-21
347,Zachary Rosario,mrobertson@example.com,"92237 John Manors Apt. 269 Bowmantown, VI 82185",2020-12-18
348,Mr. David Thompson,mikayla85@example.org,"64528 Sean Meadows Apt. 715 Lake Andrewborough, WI 56634",2024-05-14
349,Kimberly Garcia,awilliams@example.net,"47397 Johnson Walk Lake Richard, PR 64249",2020-08-26
350,Derek Shaw,rwells@example.org,Unit 3006 Box 7715 DPO AE 97481,2023-09-19
351,Marvin Baker MD,laurarobertson@example.com,"699 Miller Drives Alifort, MA 73434",2022-01-08
352,Bradley Moreno,melindastevenson@example.com,"632 Rodriguez Crossing Apt. 421 Lake Maria, MO 13578",2022-06-05
353,Brian Gardner,grodriguez@example.com,"485 Perez Row Suite 033 Thomasville, SC 45493",2022-08-16
354,Ann Chandler,baileyjessica@example.net,Unit 9974 Box 6479 DPO AA 79023,2022-07-19
355,Dr. Vanessa Barnes DDS,floresamber@example.com,"6668 Morris Ford Joshuabury, AR 44843",2020-02-23
356,John Palmer,jschmidt@example.net,"539 Russell Turnpike Charlesmouth, TX 51250",2022-10-29
357,Connie Robinson,adam36@example.org,"622 Michael Vista South Tina, FL 55081",2023-12-13
358,Alicia Beck,rayamanda@example.net,"096 William Crest Suite 825 South Christinehaven, CO 12834",2021-08-31
359,Jeffrey Bowman,qmedina@example.net,"4180 Barnes Parkway Apt. 905 New Courtney, MO 47449",2021-11-13
360,Leslie White,twebb@example.com,"3785 Thomas Points Suite 560 West Robertton, MP 00916",2022-04-27
361,Douglas Hess,jessica27@example.org,"01330 Scott Fork Suite 236 Wyattshire, KS 35244",2024-02-28
362,Jason Faulkner,allenvictoria@example.net,"356 Anderson Cape Christopherhaven, NC 74951",2021-04-22
363,Marcus Greene,wwilson@example.org,"0480 Janet Ridges Apt. 443 East Kayla, MO 13664",2022-10-14
364,Denise Davis,joshua27@example.com,"1498 Collier Place Erinberg, IL 36508",2021-07-29
365,Austin Mcdonald,kevinbeasley@example.net,"837 Wagner Union Port Jeffreymouth, WY 24527",2020-03-04
366,Elizabeth Decker,chenrichard@example.com,"194 Farley Lodge Suite 059 New Billy, TN 46505",2022-08-02
367,Alexandria Andersen,ianmurillo@example.org,"8740 Davis Unions Reyeshaven, AR 23951",2021-06-23
368,Angela Wilkins,fordwilliam@example.net,"56246 Lisa Crescent Suite 700 North Larry, AR 99659",2023-06-04
369,Brian Massey,herrerajamie@example.org,"872 Holmes Dale Gregoryside, AL 02040",2024-01-27
370,Mason Jensen,christinejordan@example.net,"5411 Ramirez Branch Suite 888 New Autumnhaven, OH 97897",2021-10-17
371,Brandon Wright,penajacob@example.net,"4859 Andrea Curve West Paulafort, IN 72772",2021-04-20
372,Billy Thompson,lucasjoshua@example.net,"52508 Larsen Fords West Madison, MI 96163",2023-01-09
373,Jonathan Lee,erin31@example.com,"5863 Lawrence Vista Suite 046 North Tiffany, KS 08134",2023-01-02
374,Lori Duncan,jbarker@example.org,"709 Dean Lake Suite 622 North Alyssaton, MP 48442",2021-03-03
375,Marcus Perry,jennabradford@example.net,"413 Gilmore Island Apt. 930 Lake Michael, MS 79613",2021-04-18
376,Sarah English,gutierrezjacqueline@example.net,"7101 Michelle Overpass New Shelby, UT 30146",2023-07-29
377,Jessica Webb,oweaver@example.net,"083 Gonzalez Prairie New Susanstad, AR 42885",2021-08-15
378,Edward Williams,bowersdaryl@example.com,"731 Henry Branch Gonzalezville, ID 23683",2023-03-09
379,Manuel Cisneros,brian87@example.net,"21739 Moss Underpass Apt. 237 Shannonbury, HI 05170",2024-06-02
380,Angela Forbes,chelsea61@example.net,"45261 Savage Corner West Johnville, KY 87980",2020-10-05
381,Jason Huerta,anthony07@example.com,USS Hansen FPO AE 87356,2023-02-27
382,Adam Riley,creilly@example.com,"57059 Robert Forge Port Karenfort, SD 99866",2021-02-05
383,Tyler Harris,kyle03@example.org,"66107 Donna Underpass Apt. 227 Andrewchester, PW 39102",2024-10-05
384,Carrie Petty,shane75@example.org,"8600 Dakota Meadows Christinaland, NM 81462",2024-08-02
385,Matthew Jones,williamvillanueva@example.org,"18813 Erica Stream Apt. 041 Christopherton, MP 91024",2024-03-24
386,Michael Clark DDS,richard60@example.net,"0309 Swanson Camp Suite 789 Kimberlyport, ID 41176",2024-05-10
387,David Holt,ngonzales@example.com,"PSC 3093, Box 4886 APO AP 92182",2022-05-29
388,Frank Williams,hudsondaniel@example.com,"1798 Lewis Manor Pattersonhaven, SD 70368",2022-04-27
389,Brittany Barton,richardsonkimberly@example.net,USS Smith FPO AE 71441,2022-07-21
390,Robert Turner,aaronvalenzuela@example.com,"348 Chad Bridge Suite 643 Onealborough, HI 16949",2022-02-28
391,Christine Matthews,torreslisa@example.net,"85495 Lopez Centers Andrewshire, TX 97165",2020-12-18
392,James Quinn,gross@example.org,USCGC Chandler FPO AP 76257,2020-01-02
393,Keith Sanchez,tony98@example.com,"4357 Moore Isle South Josephton, IA 08449",2024-07-31
394,Nicole Sanchez DDS,creyes@example.net,"49776 Johnson Wall Bowmanside, AL 20258",2024-04-12
395,Jason Johnson,tracyclark@example.net,"PSC 4111, Box 9814 APO AE 44204",2020-06-09
396,Carolyn Gomez,michaelsmith@example.net,"595 Rebekah Unions Apt. 774 South Teresa, DC 63117",2023-08-30
397,Makayla Haynes,jenningsjanet@example.org,"83442 Denise Trafficway Bowmanhaven, AS 88966",2021-04-23
398,Patrick Howard,jonathan13@example.net,"278 Wheeler Summit Suite 012 North Vincentton, ME 73196",2024-03-18
399,David Adams,peterdoyle@example.org,"63236 Harrison Skyway Apt. 586 South Angelaside, HI 84811",2021-01-31
400,Ronnie Hudson,smithbenjamin@example.net,"318 Barbara Isle Apt. 512 Phillipston, MO 98077",2021-05-01
401,Linda Santiago,stevenswillie@example.com,"100 Hampton Glen East Deborah, CO 50966",2021-09-05
402,Kayla Rollins,dixonandrew@example.net,"741 Harris Fords Apt. 522 Edwardmouth, MT 59574",2023-09-30
403,John Robinson,wlewis@example.net,"3602 Spencer Forks Apt. 286 Williamsshire, AK 52509",2024-10-05
404,Sergio Alvarez,timothyweaver@example.org,"68880 Taylor Plains Apt. 430 South Brendan, TX 96910",2022-10-30
405,Kathy Daniels,kingscott@example.com,"566 Hurst Cliffs Apt. 252 North Brian, AK 31844",2021-10-12
406,Thomas Glass,ywaller@example.net,"21844 Brandon Junction Port Jordanhaven, OH 95344",2024-01-08
407,Richard Braun,dana17@example.org,"82444 Cassandra Route Holderbury, CA 99866",2023-06-26
408,Stephanie Brown,cliffordcastaneda@example.com,"6991 Edwards Street Apt. 682 Williamhaven, CA 26368",2023-02-01
409,Amanda Hampton,rduffy@example.org,Unit 4791 Box 3730 DPO AA 88832,2020-09-07
410,Randy Hardy MD,sheriwilson@example.org,"088 John Stream Apt. 808 West Jessica, MS 27506",2023-09-04
411,Kimberly Martin,christiangreen@example.com,"684 Adams Stream Petersonland, NY 10689",2023-12-30
412,Nicole Holland,michael54@example.com,"899 Robinson Village Jacksonmouth, CT 76952",2023-07-30
413,Kathryn Williams,trogers@example.org,"09433 Joe Meadows Lake John, TX 83553",2020-07-08
414,Lindsey Bush,myerscraig@example.org,"PSC 0454, Box 7417 APO AE 76314",2020-10-22
415,Natalie Weiss,samantha32@example.net,"08767 Ronald Passage Suite 195 Henryton, HI 64410",2023-09-27
416,Mary Taylor,morrisonstacy@example.net,"16626 Andrew Coves Suite 868 Melindaside, IN 33518",2024-07-07
417,Justin Harris,hernandezjames@example.net,"95215 Bryan Heights New Herbert, FM 94504",2021-01-21
418,Lauren Wells,valeriewhite@example.org,"58430 Smith Mountain Denisefurt, AZ 95108",2020-03-24
419,Shelley Rodriguez,chanbilly@example.com,"2720 Marcus Ports Apt. 532 West Jenniferside, AZ 63209",2022-01-23
420,Nicholas Gregory,hrussell@example.org,"PSC 8617, Box 8928 APO AE 48009",2021-07-12
421,Hannah Wilson,xthomas@example.com,"6721 Shelia Lane South Anna, OK 31182",2021-12-17
422,Todd Gonzalez,kevin41@example.com,"14103 Kayla Crossing Apt. 974 Castillostad, LA 78289",2024-05-22
423,Sherry Turner,tadams@example.org,"83089 Jennifer Pines Suite 223 Matthewhaven, MO 94312",2021-06-04
424,Peter Hughes,coledaniel@example.com,"4250 Sydney Circle Suite 468 New Renee, KY 41786",2024-03-16
425,Christopher Smith,kellymoore@example.net,"952 James Harbors Suite 497 Port Brandon, CA 30487",2021-03-18
426,Todd Wilson,erintorres@example.org,"946 Sara Wall Apt. 902 New Frankchester, AK 33678",2022-02-13
427,Megan Lutz,thomaspeter@example.net,"829 Johnson Drive Kellyland, SD 40192",2020-10-14
428,James Murphy,brittanywilliams@example.net,"59764 Wanda Creek Joelside, IN 70466",2024-07-18
429,Richard Clark,deleontaylor@example.com,"94977 Baker Manor Suite 579 Timothyhaven, AL 33183",2024-03-04
430,John Ayala,normanjames@example.com,"07643 Jon Neck Suite 019 South Justinville, PA 12779",2020-01-07
431,Judy Johnson,trevor39@example.com,"987 Long Gateway New Alisha, GU 92668",2020-05-17
432,Charlene Mullen,amber59@example.com,USCGC Willis FPO AA 88796,2020-02-11
433,Benjamin Moore,rcollins@example.net,"3271 Margaret Falls Suite 591 New Julie, OR 94551",2020-11-23
434,Sherri Clements,rebeccahughes@example.org,"897 Sherry Divide Suite 252 Sandrashire, ND 51628",2020-09-28
435,Daniel Martinez,perezjennifer@example.net,"13225 Stephenson Garden Mccormickmouth, WV 07334",2023-03-21
436,Charles Cummings,wagnersandra@example.net,"874 Curtis Meadows Colestad, MS 14234",2022-05-04
437,Scott Kim,jwest@example.net,"PSC 6448, Box 4751 APO AP 45067",2024-02-11
438,Teresa Miles,maymelissa@example.org,"778 James Meadows West Loritown, MT 80691",2020-11-12
439,Amanda Flores,butlercalvin@example.net,"44190 George Plains North Samuelborough, TN 46694",2022-10-07
440,Janet Guzman,prowe@example.com,"2914 Golden Rapids Joshuabury, GA 36237",2020-04-10
441,Cameron Moon,wyatt21@example.net,"145 Lindsay Island South Mikayla, GA 78881",2023-07-30
442,Stephen Scott,jacksonbrenda@example.com,"062 Ray Ways Apt. 752 Jasonfurt, WI 95672",2024-05-26
443,Craig Wade,erinjones@example.org,"25315 Newman Lights Mayton, NV 17853",2024-09-12
444,Annette Johnson,ahansen@example.net,"8507 Johnson Mills Suite 969 Port Evan, NV 68259",2022-03-29
445,Jennifer Morales,sharongray@example.com,"249 Samantha Islands Suite 274 West Katelyn, AS 35301",2022-06-18
446,Lisa Patel,troy88@example.org,"286 Zavala Burgs North Danielle, MP 78181",2023-04-09
447,Laura Montoya,david84@example.org,"0628 Sandra Port Parkerfort, SC 99273",2022-05-23
448,Jennifer Stone,jamesmurillo@example.org,"5272 Joseph Extensions Suite 064 New Paula, CA 08944",2022-02-12
449,Joseph Bass,rgood@example.com,"95268 Alexa Run New Richardmouth, ID 57792",2021-12-15
450,Tyler Carr,fcastaneda@example.com,"2089 Frank Route North Michael, ID 52494",2020-10-19
451,Jonathan Scott,austinchristina@example.net,"524 Gregory Lane West Kelly, PW 15895",2022-08-24
452,Jesus Thomas,davidbrooks@example.org,"195 Robert Vista West Tina, AZ 54181",2021-03-16
453,Patty Barajas,kwoodard@example.com,Unit 7730 Box 8422 DPO AA 67542,2022-12-20
454,Patricia Jacobson,traceymitchell@example.com,"05370 Daniel Inlet Suite 410 South Joseph, PW 05544",2020-11-09
455,Timothy Rodriguez,nobleevelyn@example.org,"7867 Silva View Deniseport, TX 85870",2020-04-19
456,Cindy Morris,whitneymarks@example.org,"37456 Jeff Route Port Travistown, SD 95542",2021-08-18
457,Jeff Arnold,booneedward@example.com,"28634 Ryan Rest Torresville, VA 31176",2022-07-18
458,Linda Hoffman,gregoryperkins@example.com,"240 Leach Wall Suite 095 Shaneshire, PW 84683",2024-09-28
459,Chad Tran,jonathan62@example.com,"801 Carl Lodge East Jasmine, NV 87972",2024-07-31
460,Kimberly Patterson,ashleyedwards@example.com,"89549 Calderon Points Apt. 381 Johnsonport, WI 26837",2023-06-24
461,Jennifer Fields,denise08@example.org,"565 Martinez Rest Andrewmouth, IN 60574",2020-06-15
462,Donald Castillo,jonesmatthew@example.org,"3967 Robinson Mews Suite 074 Sarahborough, SC 98555",2022-01-23
463,Jacob Martin,aprildean@example.net,"7329 Allen Well Suite 767 New Jamesfurt, AR 70530",2022-11-17
464,Lori Pearson,livingstonjane@example.com,"180 Harmon Alley Apt. 176 South Robert, GU 50002",2023-02-08
465,Michael Jones,michael17@example.net,"45679 Woods Point East Deborahton, ND 75655",2021-09-21
466,Julie Gibson,ucline@example.org,"962 Michelle Tunnel Suite 397 Port Carriehaven, MS 40094",2021-06-14
467,Michael Soto,bchapman@example.com,"77512 Mike Mission Suite 100 Salinasbury, CA 27365",2023-06-16
468,Ruth Pierce,reyesrebecca@example.org,"16457 Mckenzie Camp New Sheriborough, ID 41915",2024-05-02
469,Rebekah Woodard,paul89@example.net,"24456 Brittany Unions Port Jamie, VT 44925",2024-01-06
470,Ashley Washington,douglascoleman@example.org,"4260 Ana Wells Apt. 686 Daniellehaven, GA 08476",2022-08-28
471,Rebecca Roman,sheenacombs@example.org,"296 Dawn Locks Suite 887 Jacquelineburgh, FL 54446",2022-08-21
472,Mary Kennedy,lucasgibson@example.org,"734 Scott Parkways Port Kristen, IL 71844",2024-07-14
473,Ricardo Henry,nhood@example.org,"194 Damon Groves New Jo, PA 73349",2024-08-05
474,Jennifer Giles,jon11@example.net,"2980 Heather Locks East Travisborough, VI 32524",2023-07-03
475,Melissa Rivera,christopher56@example.net,"259 Beard Streets Williamston, NV 31561",2021-12-19
476,Diane Burch,james93@example.net,"6206 Chandler Forks South Melissamouth, GA 30271",2020-02-19
477,Denise Prince,piercesally@example.org,"31310 Silva Stravenue Christopherland, KY 26202",2022-05-16
478,Christopher Waller,imacdonald@example.net,"6733 Hancock Street Apt. 766 North Jeremyport, DE 65751",2022-07-06
479,Cameron Harvey,monicaknight@example.com,"775 Elizabeth Grove Suite 504 Scottbury, AL 10243",2022-05-01
480,Jenna Black,cynthiahowe@example.net,"71042 Stuart Lights Apt. 257 Ortizville, MD 05159",2024-06-24
481,Mark Miller,pacejennifer@example.com,"15674 Jacob Highway East Jennifer, AZ 27086",2023-03-23
482,Michelle White,teresaking@example.net,"04605 Peterson Views Apt. 893 Christopherstad, WA 51799",2020-08-08
483,Dr. Gregory Howard,lamamanda@example.org,"770 Torres Mill Lake Christinaview, AR 55337",2022-04-28
484,Shirley Chung,malonelisa@example.net,"739 Bridges Roads Suite 238 Newmanstad, MN 89709",2022-01-27
485,James Wells,mrogers@example.net,"PSC 4108, Box 4343 APO AP 38280",2024-08-16
486,Victoria Flores,tamaramartin@example.com,"77452 Adams Port Matthewberg, AR 39809",2023-03-29
487,Alexandra Chandler,timkelly@example.org,"121 Sydney Plains Burkebury, NC 10682",2023-06-05
488,Michael Miller,zhernandez@example.com,"220 Jennifer Spurs Suite 048 Alexandermouth, MO 76491",2020-05-30
489,Catherine Johnson,davidtaylor@example.com,USS Greene FPO AA 58156,2021-12-30
490,Lawrence Lopez,cherylbautista@example.com,"02692 Aguirre Roads Suite 134 North Jenniferside, WA 30672",2022-07-04
491,Arthur Oconnell,anthonycoleman@example.net,"165 Jones Pass Apt. 967 Nelsonmouth, MP 65481",2022-05-14
492,Lisa Reyes,glawrence@example.com,"470 Monica Mission North Nicolasmouth, IN 54012",2024-03-26
493,Emily Bennett,toni23@example.org,"011 Jackson Forge Suite 135 Brianton, MN 76434",2023-06-14
494,John Ford,mendozatracey@example.net,"984 Vanessa Mission Thomaschester, SC 94944",2024-04-13
495,Brenda Wilson,edwardskimberly@example.org,"2813 Philip Shore Apt. 190 Reynoldsview, PA 39394",2024-03-08
496,Timothy Wilson,justincantu@example.com,"6231 Thompson Lodge West Davidland, IA 17282",2023-08-10
497,Alice Woods,murraycraig@example.com,"6561 Miguel Views Reesemouth, IL 31636",2024-01-19
498,Michael Price,donna88@example.com,"907 Morris Parks South John, FL 26908",2023-02-12
499,Bobby Walls,mccartyamanda@example.com,"5215 Williamson Corners Kruegerhaven, NE 82446",2022-02-26
500,David Ellison,norman56@example.com,"03154 Howard Dam Apt. 333 East Mariah, KY 40942",2024-07-31
