id,name,email,address,date_joined
1,Michael Gutierrez,angela30@example.com,"9555 Mason Port Suite 570 West Samanthafort, NY 73571",2021-05-09
2,Jack Garcia DVM,kristenrussell@example.org,"4241 Brandon Pike Lake Alyssaberg, OH 86672",2023-02-03
3,Wendy Hawkins,kristenlee@example.com,"311 Christopher Grove Suite 921 West Jeffrey, AZ 03381",2022-06-05
4,Kristine Stewart,sperez@example.net,"1133 Cameron Estate Stephaniestad, ME 74640",2020-03-05
5,Christopher Glenn,davidnguyen@example.com,"31250 Bradley Hills Johnsonshire, WV 83523",2021-10-11
6,Patricia Wong,mcgrathshawn@example.net,Unit 8174 Box 9818 DPO AP 79238,2023-08-13
7,Michael Wallace,michaelallison@example.net,"13968 David Parks Davidborough, MI 16399",2020-03-21
8,Jonathon Smith,ellencruz@example.net,"3162 Mary Crest Benjaminton, MS 13565",2024-04-17
9,Richard Lawson DDS,mackenzietran@example.org,"2230 Meghan Port Apt. 901 West Julie, IL 78452",2021-07-29
10,Susan Mcdaniel,robert09@example.com,"345 Lori Groves Apt. 756 North Louisbury, NJ 98646",2022-06-30
11,Darrell Thomas,darlenedavenport@example.com,"PSC 8465, Box 6438 APO AA 81309",2020-07-20
12,Ronald Lopez,iturner@example.org,"1426 Gray Camp Apt. 426 Port Shannonport, WV 02817",2021-05-14
13,Douglas Schroeder,bcox@example.com,"954 Courtney Glens Suite 152 North Jennifer, OH 98172",2022-01-21
14,Christopher Williams,hendersonrichard@example.com,USNV Palmer FPO AP 90247,2024-05-07
15,Beth Mosley,brandon87@example.net,"6956 Meyer Place Martinland, VT 17916",2020-07-24
16,Brandi Johnson,terrykirsten@example.net,"3853 Brandy Square Suite 903 Port Elizabethton, IA 54711",2020-06-13
17,Eric Hayes,vaguilar@example.net,Unit 3390 Box 7686 DPO AP 46719,2023-07-06
18,Amanda Patel,allison89@example.org,"2169 Paul Cape Apt. 336 Elizabethport, AS 26282",2023-06-12
19,Lindsey Walters,schultzlisa@example.org,"23721 Le Junction Suite 819 Antoniofurt, HI 11583",2022-02-20
20,Allison Shaw,qjohnson@example.net,"4051 Tanner Unions Sydneymouth, CT 23521",2020-05-15
21,Marie Howard,madisonortega@example.net,"293 Cody Mountains Suite 893 Derekberg, PA 77209",2021-07-01
22,Stephanie Harris,deborah30@example.net,"2563 Joseph Square Suite 496 New Clarence, PR 03213",2024-03-29
23,Gina Sparks DVM,kevin76@example.com,"4121 Molly Orchard Port Katherineburgh, NC 68197",2024-08-20
24,April Sanchez,jessica35@example.net,"2376 Jenkins Harbor East Michael, NY 62033",2023-09-18
25,Robert Lawson,george98@example.org,"0536 Reynolds Circle Greenberg, AL 53965",2021-12-06
26,Brett Sandoval,fbarron@example.com,"7959 Dalton Mission Apt. 955 Breannaland, AK 67960",2021-11-14
27,Barbara Walker,michaelstrong@example.com,"57151 Anderson Cliffs North Natalie, HI 44446",2024-04-03
28,Dana Conway,scott27@example.org,"34028 Jared Freeway Suite 815 South Cathyton, HI 22643",2020-07-26
29,Laura Zuniga,singhjacob@example.org,"81681 Michael Mountains Burkeside, IN 91698",2022-08-19
30,Timothy Whitney,cathytownsend@example.net,"564 Robert Parks Milesberg, NH 65480",2023-11-10
31,Bailey Williams,leah83@example.org,"294 William Stream Erinborough, ME 30641",2023-05-15
32,Christie Fletcher,fsmith@example.org,"64893 Beth Run Thomasberg, AZ 30581",2020-04-05
33,Michael Richards,grayashley@example.net,"41351 Owens Field Apt. 822 Lake Justin, PA 49789",2021-01-08
34,Richard Lara,cohenandrea@example.org,"744 Morris Street West Shawnburgh, IL 02180",2021-09-28
35,Daniel Hoffman,morgan99@example.org,"891 Torres Junction Greenport, FM 80014",2023-06-12
36,Bobby Kirk,laura95@example.com,"59134 Scott Via Suite 921 New Stacyside, HI 32100",2023-01-11
37,Jose Fox,irogers@example.net,"314 Peter Club Suite 774 Skinnerhaven, MI 25600",2022-03-10
38,Benjamin Crawford,nwright@example.net,USNV Williams FPO AA 13668,2020-06-04
39,Sharon Graves,mariawright@example.org,"0269 James Mission East Dean, MP 47823",2022-11-06
40,Andrew Randall,ugarrison@example.com,"583 Debra Courts Apt. 361 Kevinstad, RI 83982",2022-07-30
41,Kathy Parks,laura50@example.net,"847 Nicholas Lake Suite 811 North Catherinechester, OR 56295",2024-06-08
42,Jennifer Ramos,jessealexander@example.com,"67747 Lawson Key Suite 643 Kevinberg, GA 18618",2022-10-22
43,Paula Taylor,thomasdonald@example.org,"18533 Jenna Summit Suite 520 West Patricia, NM 11365",2020-01-01
44,Craig Flowers,alexander94@example.net,"4522 Alvarado Curve Campbellmouth, UT 90872",2020-12-31
45,Jill Soto,victoria19@example.com,"PSC 3613, Box 7309 APO AA 11024",2022-11-16
46,Jeanette Morris,joshua26@example.com,"34516 Earl Junction Apt. 273 East Stephanie, VT 51379",2023-02-02
47,Ryan Cole,jyoder@example.net,"65468 Williams Ville South Heidiland, PA 38053",2024-06-29
48,Randy Goodwin,osmith@example.com,"7046 Peterson Dale Kimfort, TN 26967",2020-06-24
49,Beth Patterson,richard60@example.com,"5125 Michael Alley Suite 574 Hutchinsonshire, SD 12719",2021-09-10
50,Ashley Finley,dennisnelson@example.org,"3203 Davis Islands Jameshaven, MT 47642",2022-10-31
51,Melissa Lambert,rodriguezmark@example.com,"1538 Gregory Trafficway Apt. 287 Rosariofort, MS 99771",2022-04-30
52,Angela Ball,jillbaker@example.net,"PSC 0921, Box 2425 APO AP 11561",2023-07-17
53,Kristi Gallegos,christinagomez@example.com,"982 Smith Meadows Apt. 207 North Anthony, ND 98103",2024-10-04
54,Colleen Harris,melissasantos@example.com,"9394 Reynolds Meadows Suite 391 New Melanie, WV 88434",2023-03-28
55,Lindsey Ford,ericsmith@example.com,Unit 3076 Box 7118 DPO AA 54376,2020-03-12
56,Teresa Guerrero,harpercole@example.net,"7804 Ryan Islands Apt. 564 Jennifermouth, KS 03036",2023-10-20
57,Kenneth Williams,smithrenee@example.net,"0153 Brooks Ridge Suite 705 Lindaton, TX 11869",2023-06-26
58,Charles Riley,amandafranco@example.net,"46301 Vincent Squares Lake Xavierstad, NJ 72235",2023-08-20
59,Bryan Rodriguez,yrodriguez@example.com,"4050 Richardson Lane Suite 785 South Oscar, HI 74362",2023-06-29
60,Holly Johnston,vjohnson@example.com,"29745 Maddox Path Port Lauren, CA 96890",2021-06-07
61,Jason Baker,patricia47@example.com,"72018 Sarah Creek Fordchester, CT 04382",2022-01-04
62,Ian Kelley,jmoore@example.com,"380 Thompson Trace Rachelhaven, LA 50701",2024-04-04
63,Julie Carrillo,jessica52@example.net,"1613 Stephen Motorway Apt. 837 North Sara, MD 57547",2023-05-08
64,Faith Watts,fmiller@example.com,Unit 9534 Box 3249 DPO AP 59423,2022-05-17
65,Laurie Wheeler,laura25@example.com,"2141 Teresa Lock Mitchellton, RI 05361",2024-06-09
66,Brandon Miller,jeffreylandry@example.org,"0798 Tammy Canyon Stevenside, NM 29483",2022-10-13
67,Timothy Carson,andrew51@example.org,USNV Butler FPO AP 75358,2020-07-26
68,Micheal Walker,mitchellrobert@example.com,"406 Amber Lodge Apt. 010 Jacksonstad, TN 18320",2022-01-31
69,Valerie Pace,hwalsh@example.com,"521 Grant Green Apt. 716 Williamshaven, MN 38695",2024-02-04
70,Robert Anthony,mitchellwood@example.net,"641 Mckinney Mount West Christopherberg, WI 63744",2022-11-08
71,Ronald Barker,jameskenneth@example.com,"714 Smith Place Markland, PW 71958",2021-07-23
72,Joshua Grant,tamarabishop@example.com,"114 Herrera Oval Apt. 865 Teresamouth, TN 43605",2021-03-29
73,Ryan Hamilton,wardjames@example.com,"55761 Williams Hollow Jamesville, MT 25508",2022-07-16
74,Anne Huffman,roger08@example.com,"76401 Cook Plains Barnesburgh, MP 18299",2023-06-16
75,Sandra Schmidt,xschultz@example.org,"24595 Jennifer Track Davidburgh, DE 40792",2024-09-28
76,Joseph Cummings,heatherwright@example.com,"91831 Clark Square North Nicholasborough, RI 87154",2021-06-17
77,Alicia Cantrell,anthony90@example.com,"1381 Campbell Village Apt. 697 Howardberg, MI 31517",2022-02-04
78,Daniel Hensley,austinwilliams@example.net,"66438 Hatfield Camp Suite 193 Dianeport, FM 92496",2023-06-28
79,Michelle Conway,yjohnson@example.net,USNV Hines FPO AP 49690,2020-09-28
80,Sharon Young,jennifermoreno@example.org,"60820 Kyle Squares North Haroldborough, CT 90972",2024-07-22
81,Angela Hall,eross@example.net,"0107 Phillip Greens Apt. 474 East Trevorbury, AL 65187",2023-04-28
82,Timothy Garcia,victoria39@example.com,"27732 Flowers Meadows Suite 921 Sellersberg, IA 43032",2024-08-10
83,Charles Cook,davismelissa@example.com,"800 Roberts Bridge Suite 117 Ericton, CT 96449",2020-05-22
84,Emily Allen,sbutler@example.org,"79790 Riley Brook West Wendy, MN 57133",2024-05-18
85,Ashley Flores,dannyrobles@example.com,"9018 Gordon Plains Suite 499 Fowlerfurt, OH 73620",2023-05-04
86,Sandra Stewart,laurenlane@example.net,"30359 Carol Green Suite 066 South Anitaton, NV 83902",2022-07-10
87,Andrew Munoz,iolson@example.net,"639 Proctor Station Burkefort, LA 25974",2022-05-08
88,Veronica Wilkins,emily68@example.com,"051 Sydney Canyon Wallsborough, OH 25261",2020-02-02
89,Michael Morgan,ywilliams@example.org,"55281 Edward Viaduct Apt. 086 Normanville, OK 79003",2023-10-17
90,Alexis James,vincentnichols@example.net,"82447 Steele Pass Suite 588 Garyfort, VI 85297",2021-08-03
91,Tracey Fernandez,alyssa16@example.net,"PSC 7426, Box 2586 APO AE 07690",2024-02-15
92,Heather Martinez,johnsmith@example.com,"9549 Hall Trace New Kevin, MT 36872",2022-09-18
93,Diane Li,lcollins@example.net,"290 Andrew Inlet Apt. 729 Port Patriciaton, VI 61038",2024-05-26
94,Richard Sanchez,heidijohnson@example.net,"96796 Michael Oval Wattsmouth, GA 79612",2022-10-26
95,Robert Cox,rmiller@example.com,"47590 Irwin Flats Apt. 962 Wellsland, CT 75751",2021-03-10
96,Rachel Newman,mchandler@example.org,Unit 5353 Box 8804 DPO AA 20054,2022-11-25
97,Amy Edwards,yjackson@example.org,"581 Davis Brook Suite 979 South James, MO 73472",2023-05-14
98,Miguel Anderson,thomasantonio@example.com,"PSC 3214, Box 1282 APO AA 67369",2020-10-09
99,Michelle Valdez,mthompson@example.com,"721 Mackenzie Shore Suite 408 South Tyler, MA 34583",2020-10-18
100,Michele Fuentes,nicole44@example.org,"62078 Brooks Greens Mitchellburgh, AR 41744",2020-06-05
101,David Garcia,jaime28@example.net,"2964 Marshall Station Suite 648 West Andreaville, ID 82010",2022-12-01
102,Gina Lang,lhurst@example.net,"965 Philip Ville Apt. 707 Schmidtmouth, IL 44149",2021-05-12
103,Christopher Sullivan,tina58@example.com,"859 Donna Ramp Apt. 719 Victoriahaven, AR 55044",2022-03-13
104,Sarah Wilkerson,fdorsey@example.org,"95737 Marcus Stravenue Elizabethborough, NY 06374",2021-10-06
105,Patty Stevens,xsimmons@example.com,"48910 Hart Tunnel Suite 738 West Shawnland, MP 75792",2022-01-30
106,Lisa Miller,cynthiaferguson@example.org,"902 April Lake Apt. 564 Ronaldstad, CT 28340",2022-03-25
107,Becky Kaufman,zschultz@example.org,"36043 Marcus Dale Laurenland, DC 77583",2020-04-20
108,Carol Bradford,phyllis70@example.net,"457 Stephanie Points Suite 250 North Diane, MA 75256",2021-08-04
109,Roger Marshall,herbertfisher@example.org,"1480 Gilbert Trafficway Suite 284 Coffeyland, WV 61225",2020-02-23
110,William Myers,noahmartin@example.com,"358 George Ville South Elizabeth, AZ 34171",2021-02-26
111,Mary Hayes,albertleon@example.org,Unit 5089 Box 2371 DPO AP 33586,2021-04-01
112,Vincent Simpson,cruzbarbara@example.com,"8344 Brian Square Apt. 655 Joshuabury, WV 78196",2023-09-18
113,Derrick Kelley,joshua81@example.net,"70846 Debra Spurs Suite 481 Adamsstad, NH 23441",2022-09-01
114,Samuel Gray,wwilliams@example.com,"75127 Richard Village Wardshire, VT 33985",2021-09-08
115,Brian Ramos,roblesheather@example.com,"77743 Smith Ports Jamesland, OK 63857",2021-11-24
116,Lynn Walker,brooksadam@example.com,"328 Tara Estates Danielborough, PR 19510",2020-04-07
117,Lauren Lawson,thomas32@example.com,"12279 Edwards Club South Robinberg, NV 57259",2020-03-02
118,Jasmine Thornton,brittneypham@example.com,"429 Suzanne Fall Jonesmouth, MA 48914",2021-10-25
119,Brandy Barber,russellbailey@example.org,"2322 Nancy Fort Suite 126 New Jennyfurt, TX 20900",2020-01-05
120,Joy Baker,amanda50@example.com,"92086 Cunningham Springs Suite 711 South Mary, PW 97024",2020-08-24
121,Laura Castillo MD,robersongabriela@example.com,"0640 Knox Mews Apt. 191 South William, KY 50755",2020-03-17
122,Kenneth Gordon,georgepaul@example.net,"737 Amanda Square Suite 137 Perezmouth, AS 83174",2022-12-05
123,Daniel Simon,hroberts@example.net,"583 Brandt Road Suite 199 Port Amberchester, IN 50906",2023-04-26
124,David Hill,jordanmegan@example.net,"3641 Christina Manors East Christopher, ID 78009",2021-11-01
125,Teresa Davis,robinsoncheryl@example.net,"1679 Catherine Valleys Robertstad, MN 98379",2023-03-08
126,Karen Wong,jvargas@example.org,"23308 Peggy Knoll Suite 722 Jenniferborough, AZ 62719",2022-08-03
127,Corey Simpson,jeannerobbins@example.org,"2433 Ramsey Extension Apt. 601 Lake Timothy, ND 33467",2023-11-18
128,Andrew Garcia,gwilliams@example.net,"PSC 8304, Box 7218 APO AE 32060",2024-02-25
129,Andrea Hughes,james81@example.org,"951 Briggs Pine Martinhaven, MS 73612",2020-12-05
130,Katherine Nelson,anguyen@example.com,"380 Thornton Motorway Suite 556 East Michael, MO 72159",2023-04-11
131,Jennifer Hester,troy31@example.com,"315 Jennifer Lane Bryanmouth, MA 12677",2024-05-14
132,Stephen Reed,barbara80@example.com,"613 Ryan Crossroad Suite 506 North Lori, CT 44385",2024-03-06
133,Julie Scott,elaine91@example.org,"4922 Patrick Field Mcgeeberg, CA 32059",2021-03-04
134,Kayla Cross,alisonray@example.net,"97839 Oliver Plain Hillhaven, AR 97935",2023-10-05
135,Charles Bradley,kathywalker@example.com,USNS Carter FPO AP 36343,2022-07-12
136,David Hale,jeremy30@example.net,"PSC 3820, Box 7759 APO AA 98288",2020-09-26
137,Kenneth Barber,williamsveronica@example.com,"050 Robert Ways Suite 964 Chapmanland, ID 04690",2021-12-25
138,Sonia Knight,ubullock@example.com,"1865 Annette Mountain Ellisside, FM 75535",2021-12-16
139,Juan Rodriguez,andrewlee@example.org,"12087 Lisa Drive Benjaminberg, TN 76334",2020-05-12
140,Jose Knight,hinesraymond@example.com,"0535 Wilson Motorway East Jasminefurt, AR 67502",2022-04-13
141,Ryan Barnes,potterbrenda@example.org,"025 Mackenzie Parks New Davidview, AR 30989",2024-02-15
142,Jessica Le,durhamalexis@example.org,"98613 Cassandra Stravenue Apt. 585 Mosleymouth, PR 43427",2023-07-22
143,Regina Rose,bjohnson@example.org,"07685 Michelle Brook North Cassandraborough, WV 07660",2023-02-04
144,Lauren Flores,carrieanderson@example.net,"379 Adam Center Apt. 712 Christopherfurt, PA 64889",2024-03-11
145,Katie Fisher,robertobrien@example.net,"32829 Foster Point Cochranview, WV 89236",2023-09-05
146,Kathryn Novak,lindalopez@example.com,"3499 Walker Track Port Christineberg, CT 96650",2023-06-09
147,Elizabeth Washington,brownpatrick@example.com,"7084 Garcia Coves Stewarthaven, CA 96055",2021-02-02
148,Laura Thomas,denise35@example.net,"4359 Davidson Rue Apt. 489 Wagnerville, NC 38987",2021-01-08
149,Taylor Smith,johnshaw@example.com,"374 Martinez Mews Lake James, WV 90848",2021-05-11
150,Kelly Howell,martinjohn@example.com,"7089 Joseph Loaf Apt. 640 Marioton, MD 90302",2021-12-24
151,Katelyn Boyd,kristin47@example.org,"46307 Gomez Mills Lake Michelle, PA 78912",2023-10-26
152,Carolyn Moon,josephreynolds@example.net,"925 Hannah Hill Griffintown, GA 92061",2022-02-28
153,Amy Miller,ryan77@example.org,"7017 Pugh Circle Suite 715 South Ryan, VT 52568",2023-08-22
154,Michael Ruiz,joshuaking@example.com,"8315 Catherine Squares East Michael, MS 09161",2024-04-06
155,Stephanie Haas,timothy00@example.net,"105 Freeman Inlet Suite 603 Meganfurt, DE 51399",2022-01-21
156,Christopher Norris,melissawallace@example.net,"70981 Rodney Square Richardsonborough, AK 42683",2023-08-24
157,Travis Giles,kinggabriel@example.com,Unit 6651 Box 7256 DPO AP 99127,2021-08-17
158,Anthony Webb,bcastro@example.com,"45835 Everett Manors Christinetown, ND 23196",2021-06-06
159,Tyrone Berry Jr.,melaniemejia@example.com,"4343 Brandon Isle Andrewland, WY 37762",2022-05-15
160,Brian White,brandonolson@example.org,"0730 Boyle Streets West Michael, MH 30012",2022-10-24
161,Mrs. Mackenzie Young DDS,luiscole@example.net,"196 Ashley Mission Lisamouth, ME 51595",2022-07-17
162,Charles Lopez,richardcrawford@example.com,"244 Allen Square Suite 982 Jeffreymouth, MA 44885",2024-04-24
163,Randy Smith,dalton16@example.net,"559 Hawkins Parkways Apt. 854 Anthonyport, MH 10373",2020-06-29
164,Madison Munoz,harrisanthony@example.net,"6306 Bauer Estates Apt. 649 Lake Anthonyland, OK 38045",2020-11-14
165,Mary Cook,lindseybrown@example.org,"215 Rowe Orchard Velezberg, WA 21569",2021-07-17
166,Christopher Torres,kylerobinson@example.net,"66434 Robertson Parkway Strongmouth, ND 71194",2022-10-15
167,Jacob Singleton,jeffreynielsen@example.com,"6520 Smith Street Suite 593 Piercemouth, WY 27064",2020-01-21
168,Angela Singh,diazemma@example.com,"5085 Trujillo Port Apt. 424 South Meredith, ME 71003",2023-09-22
169,Anna Williams,wsmith@example.com,"435 Mahoney Canyon Suite 972 Melissamouth, MP 12966",2020-02-24
170,Brittany Harris,amandamoore@example.net,"9755 Jason Track Dustinshire, NV 41596",2020-09-23
171,Joshua Vincent,mendozathomas@example.org,"355 Sara Ports Suite 590 Martinezview, OH 17670",2021-07-24
172,Sylvia Malone,eric00@example.org,"0750 Raymond Mill Apt. 430 Robertsonton, WY 89036",2022-06-20
173,Kimberly Anderson,jasonflores@example.com,"29968 Fitzgerald Squares Moyerstad, VI 30621",2022-10-26
174,Paul Graham,stephencarpenter@example.net,"29301 Bryant Extension Suite 636 West Colleenstad, LA 11456",2024-08-30
175,Vincent Rubio,robertmoore@example.org,"7913 William Isle South Tina, IN 38204",2022-02-26
176,Dale Burns,emily47@example.com,"6628 Morris Mount Suite 143 Natashaborough, ND 81870",2023-09-15
177,Brianna Scott,vcordova@example.net,"37787 Ramirez Square Apt. 696 Dawnport, GU 56155",2023-04-24
178,Michael Phillips,justincohen@example.org,"90158 Matthew Mall Suite 242 West Joshua, CO 02895",2020-05-09
179,Gilbert Smith,john16@example.com,"8632 Kathy Island North Jane, VT 04848",2021-07-09
180,Leah Lawson,richard74@example.net,"70537 Michelle Pine Suite 648 Tylerview, MI 76130",2021-03-12
181,Patrick Lee PhD,hjones@example.com,"031 Watkins Groves Suite 018 New Susan, AK 47091",2021-12-26
182,Faith Johnson,bakerbrian@example.net,"71542 Amy Canyon Apt. 148 Ericfort, MH 42960",2023-09-15
183,Jamie Choi,jennifer06@example.net,"2025 Hodges Rue Port Amandastad, IL 69829",2022-07-20
184,April Gallegos,carolinedavies@example.net,"0890 Lambert Ramp Lopezland, TX 98112",2022-09-13
185,Mr. Howard Boyd,joy91@example.org,"53021 Boyd Spring Suite 786 Jonesborough, FM 15417",2023-03-18
186,Carlos Meyer,richardlopez@example.net,"480 Joanne Path Lake Elizabethside, SC 86612",2022-10-24
187,Jeffrey Archer,carpenterjames@example.net,"65505 Diane Spur Suite 223 Englishton, VA 85291",2020-04-10
188,Brandon Prince,zskinner@example.net,"00363 Garcia Crossing Suite 151 East Markberg, HI 95828",2023-07-07
189,Melissa Acosta,trevorhart@example.com,"561 Colton View Apt. 532 Rodriguezview, GA 52437",2021-11-19
190,Joseph Jones,moorerobin@example.net,"1471 Susan Harbors Apt. 118 Port Davidtown, NV 66517",2022-01-11
191,Tracy Hopkins,perryhaley@example.com,"015 Amanda Meadows North Gordonview, VI 14584",2022-02-15
192,Zachary Carroll,charlescooper@example.com,"993 Tina Forks Apt. 014 Melissahaven, OH 01861",2022-10-30
193,John Ward,djones@example.com,USCGC Young FPO AP 98271,2023-02-13
194,Tara Harrison,martinezmargaret@example.net,"6904 Lamb Green Suite 924 Phillipsbury, UT 97538",2024-03-07
195,Dawn Roberts,lholder@example.com,"4846 Wilson Mountains Apt. 866 Deanville, GA 34021",2020-11-07
196,Tammie Ball,piercejo@example.org,"90714 Kenneth Tunnel Suite 983 East Jane, OK 81966",2024-01-08
197,Brian Cook,ballardgreg@example.com,"1855 Taylor Stravenue Apt. 185 West Shirley, TN 61407",2022-07-07
198,Nicholas Harvey,michael41@example.net,"2518 Brown Park Port Mikeland, ME 91140",2020-12-23
199,Kristina Barajas,ashley84@example.net,"309 Beth Mountain Suite 435 East Laura, MI 90458",2020-07-28
200,April Hawkins,warrenmark@example.net,"171 Jones Lodge Victorfort, WI 40478",2021-07-10
201,Crystal Cuevas,pcurtis@example.net,"0988 Houston Manor Suite 996 Carlsonside, AS 71495",2021-02-17
202,Dale Johnson,collinsthomas@example.net,"086 Elizabeth Place Marieburgh, KS 41899",2020-11-14
203,Bridget Jackson,cgordon@example.net,"5259 Watson Stream West Heatherbury, ND 76901",2022-09-07
204,Jacqueline Carroll,qphillips@example.net,"355 Eddie Groves Suite 563 Johnsonbury, FL 09708",2024-09-19
205,Shannon Martin,veronicacampos@example.com,"26092 Victoria Throughway Apt. 515 Lisaborough, SC 61843",2021-07-02
206,Stacey Roberts,dbrown@example.org,"980 Jason Road New Ericburgh, AK 69683",2023-10-13
207,Ernest Patterson,mitchellerika@example.org,"845 Hammond Square Apt. 670 South Stephen, IN 93939",2024-08-07
208,Robert Martinez,donna61@example.net,"2192 Cathy Mews Apt. 874 Charlestown, NV 34137",2024-04-20
209,David Garcia,ricebryce@example.org,"82228 Skinner Plaza Apt. 388 Samanthafort, ME 06237",2024-01-07
210,Veronica Dixon,jmccullough@example.com,"83415 Liu Union Smithland, CO 11033",2020-05-19
211,Luis Hart,ryanhaas@example.org,"008 Ramirez Shores Michaelfort, IA 04977",2022-11-17
212,Frank Madden,jenniferjohnson@example.com,"31384 Mario Extensions East Jason, AK 07181",2024-08-28
213,Karen Goodwin,miguel00@example.org,"8082 David Mission Suite 612 South Ericburgh, FL 96182",2020-01-27
214,Rodney Reyes,david35@example.net,"749 Flores Villages Suite 275 East Amyborough, FL 24343",2024-02-09
215,Courtney Nelson,william42@example.com,"PSC 1949, Box 7477 APO AE 98269",2023-05-17
216,Joseph Chambers,twilson@example.org,"9518 Silva Points Aaronland, AS 07750",2023-10-11
217,Jamie Taylor,cjohnson@example.com,"982 Kimberly Garden Apt. 388 Riosmouth, VA 65552",2021-01-08
218,Crystal Walker,eric31@example.org,"3208 Tiffany Plain Apt. 683 East Belinda, WY 65440",2024-07-22
219,Christopher Davis,dudleyjoseph@example.org,"57561 Kenneth Branch Parkerstad, WV 70672",2020-08-26
220,Christina Wilson,rfarrell@example.org,"948 Kimberly Dam Lake Kenneth, GU 88568",2020-03-04
221,Anne Rodgers,kellybrock@example.net,"747 Jennifer Plains Apt. 563 Terryville, WI 44520",2022-03-18
222,Chad Hernandez,ebony65@example.net,"80282 Brewer Vista Lake Heathermouth, AS 95841",2020-10-09
223,Brian Campbell,gcarter@example.org,"1495 Brandon Divide Apt. 242 Susanbury, VI 33382",2020-09-17
224,Maria Thomas,npowers@example.org,"897 Eugene Squares Barkerland, MO 24911",2023-08-18
225,Stephen Mcguire,ryan03@example.net,USNV Miller FPO AA 61121,2023-12-21
226,Kellie Yates,browningeric@example.com,"606 Davis Inlet Port Lori, NC 40995",2024-06-30
227,Jason Miller,manuel83@example.com,"PSC 0549, Box 8905 APO AP 98902",2024-08-28
228,Brandon Benjamin,dbentley@example.org,"977 Sarah Key Apt. 592 Wardhaven, FM 11082",2024-02-29
229,Joseph Andrews,wilsonamy@example.org,"995 Sharon Stravenue Suite 002 North Alexander, AR 43364",2021-05-21
230,Jennifer Byrd,robinsonamy@example.com,"5563 Janet Street Apt. 164 Stanleyshire, MH 15503",2024-06-29
231,Jennifer Steele,cfloyd@example.net,"PSC 2535, Box 1933 APO AP 34048",2024-06-09
232,Robert Coffey,james10@example.com,"928 Woodard Wells West Maryborough, NH 17327",2020-07-16
233,Molly Hill,matthew06@example.com,"642 Clark Locks Suite 933 New Kathryn, HI 46635",2023-05-12
234,Benjamin Jones,juliekeller@example.com,"61671 Yvette Mission Brandyfort, HI 67068",2021-03-26
235,Maria Serrano,jennifergraham@example.org,"02660 Robert Estates Suite 947 Wallaceborough, MT 23320",2022-01-14
236,Matthew Bowen,allisonwilson@example.org,USS Davis FPO AA 48157,2020-09-11
237,Mary Garcia,kristinmoore@example.org,"10770 Ryan Mountains Suite 059 Johnsonberg, SC 94395",2024-09-28
238,Melanie Nunez,sarah32@example.com,"PSC 1087, Box 0015 APO AE 37397",2021-05-29
239,Donald Holloway,ooneill@example.com,"264 Torres Burgs East Tyler, FL 76076",2021-03-25
240,Christopher Tucker,harveydonald@example.com,"13857 Alex Village Charlesberg, IA 50956",2024-01-21
241,Caitlin Francis,codymyers@example.org,"2040 David Crest Lopezmouth, TN 47553",2020-04-14
242,Linda Chavez,ksimpson@example.net,"0316 Robert Center Michelleton, NH 67949",2021-05-19
243,William Martinez,bradleydavid@example.org,"5891 Randolph Grove Jillfurt, NE 71338",2024-01-07
244,Matthew Martin,daltonholly@example.com,"4444 Mcintosh Ferry Apt. 572 Lake Taraport, SC 33105",2024-08-02
245,Mr. Shawn Andersen,duncandustin@example.net,Unit 4401 Box 3823 DPO AA 91689,2021-08-13
246,William Fernandez,jordanalex@example.com,"3321 Sexton Circles Donnaville, KS 06621",2024-09-26
247,Robert Holmes,krausewilliam@example.com,"4671 Perry Lodge Apt. 335 Lake Jacob, ID 80699",2020-05-04
248,Maria Fletcher,dharris@example.com,"353 James Islands Suite 806 South Philipmouth, OK 71136",2024-04-12
249,Terry Turner,sawyermelissa@example.com,"708 Sharon Junction Apt. 496 Lake Jessica, NH 96478",2022-01-22
250,Stephanie Edwards,lawsonkatherine@example.org,"5501 Kevin Throughway Suite 487 Port Chadport, AS 97164",2021-03-10
251,Adam Jacobson,eoliver@example.org,"2543 Amanda Creek North Mary, MD 62567",2021-07-07
252,Tonya Chen,michael14@example.org,"89885 Angela Estate South Brianside, LA 12192",2023-03-14
253,John Henry,marknewman@example.net,"103 Ruth Island Lake Garychester, CT 18100",2023-05-11
254,Jonathan Dawson,sarahroberts@example.com,"23651 Riley Overpass Apt. 123 Lake Michaelshire, VA 68643",2020-08-08
255,Michael Jordan,gonzalezstephen@example.org,"90731 Woodard Run West John, VA 49351",2020-04-14
256,William Bass,anthony17@example.com,"88386 Saunders Island New Isaiahborough, WI 99388",2023-03-14
257,Kathryn Ortiz,efarmer@example.net,"5274 Christy Isle Apt. 391 Gregoryside, AK 60257",2024-03-21
258,Brian Kennedy,paulacosta@example.com,"652 Rodriguez Well Suite 095 East Danielhaven, MS 54729",2023-11-09
259,Debra Thompson,cblackwell@example.com,"7927 Doris Groves Port Joseph, ID 73659",2022-11-12
260,Michael Cannon,mwilliams@example.com,"680 Crystal Causeway Apt. 017 Lake Paulbury, ND 82408",2022-04-18
261,Curtis Ford,marksimmons@example.com,"6294 Jennifer Squares Isaacfort, LA 89435",2021-04-19
262,Jordan Peterson,james05@example.org,"398 Timothy Park Suite 633 Christopherport, AZ 41438",2022-07-12
263,Darryl Martinez,andrewjensen@example.com,"6312 Christopher Place Suite 365 West Maryberg, MI 69254",2022-02-07
264,Eric Greene,trankelly@example.org,"31783 Catherine Squares Leahchester, VA 67743",2024-02-17
265,Michelle Baker,michelleford@example.net,"PSC 7598, Box 7257 APO AA 98389",2024-09-09
266,Maria Burns,hamptoncharles@example.org,USS Young FPO AP 03706,2021-09-24
267,Susan Ortiz,williamssydney@example.net,"81474 Jamie Roads Apt. 703 Lake Jason, MD 78652",2023-03-29
268,Joshua Williams,walter23@example.org,"135 Leah Meadows Suite 071 New Peter, WV 88783",2023-06-17
269,Samantha Kelly,mistymurillo@example.com,"98213 Andrew Circles Williamsmouth, KY 13674",2021-07-18
270,Kristin Small,allenpitts@example.org,"1972 Le Vista Sanfordhaven, GU 29393",2022-01-07
271,John Peterson,hollyreynolds@example.net,"629 Nelson Port East Natalieborough, MD 62153",2024-02-25
272,Betty Silva,robertsstuart@example.net,"364 Coleman Knoll Suite 347 Petersenfort, GA 02521",2022-07-16
273,Mathew Jensen,dhayes@example.org,"57442 Jody Underpass Suite 134 Wintersbury, MP 45872",2022-03-16
274,Tiffany Woods,nicole18@example.com,"053 Galloway Loaf Apt. 642 Cookview, MT 85122",2022-02-07
275,Shane Jones Jr.,michael21@example.org,"99486 Nguyen Spring Lake Taramouth, OR 15659",2023-06-11
276,David Shannon,janetcollier@example.org,"287 Vasquez Turnpike Millershire, WI 27595",2020-10-15
277,Paul Zuniga,juan94@example.com,"80646 Anderson Court Jaychester, OK 40696",2024-09-06
278,Christopher Parks,juan45@example.net,"767 Sanchez Overpass Apt. 648 South Davidland, NE 81760",2023-10-01
279,Debbie Weber,hornjeffrey@example.org,"12232 Thomas Ranch North Noah, CT 87945",2023-10-04
280,Andrew Maldonado,zgutierrez@example.com,"00077 Brian Vista West Drewmouth, IN 35995",2020-02-24
281,Duane Castro,katherine72@example.net,"590 Scott Glens Suite 752 Williambury, NC 64614",2020-08-05
282,Nicholas Hoover,aaron52@example.com,"08896 Mark Extension Suite 194 North Lori, NE 11711",2023-12-20
283,Alison Taylor,thomasrobert@example.net,"42091 Holden Isle Michaelfurt, CA 94983",2021-06-03
284,Carolyn Murray,gerickson@example.org,"2927 Fisher Course Suite 912 Ashleymouth, AZ 14177",2022-08-11
285,Lance Hardy,christopher51@example.net,"68244 Donna Lock Gibsonhaven, WA 28165",2022-09-12
286,Brent Brooks,chad15@example.net,"3956 Morgan Orchard Port Victoria, OH 84905",2022-08-26
287,Lauren Obrien,stevesmith@example.org,"575 Jason Creek Suite 228 South Laura, WA 56338",2023-10-07
288,Tyler Perez,abigail85@example.org,Unit 0496 Box 5313 DPO AA 03876,2023-08-26
289,Christopher Moran,parsonschristian@example.org,"3345 Branch Pike Popeland, DE 46776",2024-06-29
290,Jason Cook,janecochran@example.net,"96906 Alexis Knolls East Reginald, OH 14014",2021-10-15
291,Cody Ross,lauren40@example.com,"88123 Obrien Island Apt. 590 Stanleyview, CO 48516",2023-12-06
292,David Vasquez,hutchinsonrobert@example.org,"32871 Santiago Ridges Suite 727 New Aaronmouth, MN 87420",2022-04-11
293,Dr. Rachel Murphy DVM,loripatterson@example.net,"5520 James Ports East Richard, CA 16343",2023-05-08
294,Robert Keller,daniel26@example.com,"0568 Schmidt Stream Apt. 885 Christinaborough, ND 89408",2023-07-13
295,Luis Gonzalez,kellyweeks@example.org,"8469 Martinez Course Apt. 988 West Robert, MD 88324",2021-09-13
296,Emily Ford,emilydoyle@example.net,"83549 Brandon Ports Apt. 293 South Courtney, MN 17991",2022-10-23
297,Aaron Barron,dfreeman@example.com,"72168 Angela Prairie Suite 140 Alexisview, IA 84204",2024-07-12
298,Joanna Smith,kerri96@example.net,"29655 Joseph Estates Port Tonyberg, ID 03697",2023-06-07
299,Steven Fisher,jacob09@example.net,"8859 Jessica Club Apt. 566 Thomasberg, MT 71705",2021-04-22
300,Veronica Hernandez,vanessa91@example.com,"49614 Bailey Plains Port Nicoleland, MH 95919",2020-11-15
301,Erik Warren,whitejames@example.org,"610 Alvarez Greens West Sarah, TN 46530",2020-03-20
302,Cassandra Short,terrybrenda@example.org,"25823 Lindsey Forge Apt. 107 Lake Robert, IN 80546",2022-04-27
303,Kyle Robertson,hmiddleton@example.net,"161 Brady Meadows Gabriellestad, SC 03640",2021-06-13
304,James Williams,kpayne@example.net,"581 Hoover Walk New Michellechester, SC 25254",2021-01-09
305,Robert Gibson,heatherlarsen@example.net,"831 Smith Mountains Suite 991 Blakeland, WI 11263",2020-01-31
306,Sharon Lewis,murrayjanice@example.net,"531 Kelly Greens Suite 266 New Brandon, NH 03525",2024-01-26
307,Michael White PhD,lalvarez@example.net,"34082 Watts Ridges Apt. 750 Johnsonton, NV 25564",2022-04-30
308,Devin Levy,mariah07@example.org,"340 Anita Prairie East Kayla, ME 73514",2023-02-21
309,Julie Vasquez,pricericardo@example.net,"7419 Diaz Camp Davidchester, HI 80936",2024-07-28
310,Dr. John Mitchell,ydavis@example.com,Unit 7630 Box 7350 DPO AE 55430,2020-09-02
311,James Carlson,psimmons@example.com,"284 Tiffany Hollow Apt. 732 Dorseymouth, VA 15430",2023-01-31
312,Jennifer Anderson,gene80@example.com,"1040 Martinez Shores Ramirezchester, FL 78017",2023-06-07
313,Michael Farmer,michael91@example.net,"69674 Jacqueline Row Apt. 474 Christinafort, GU 46691",2020-04-12
314,Mary Pope,gfletcher@example.org,"82551 Walker Parkway Apt. 218 Riverabury, PA 58289",2024-09-04
315,Erika King,joan19@example.net,"8193 Veronica Mountains Suite 519 Port Jamesbury, WA 04123",2024-04-08
316,Hayley Watson,kristen82@example.com,"355 Matthew Flats Apt. 894 Williamtown, OK 17209",2020-01-15
317,Krystal Gill,ograham@example.org,"13025 Richard Corner Christophershire, FL 49406",2020-10-11
318,Mark Taylor,charles33@example.net,"154 Robinson Village North Reneechester, ME 76035",2024-03-29
319,Jennifer Jacobs,patriciarandall@example.org,"363 Ashley Plaza Suite 890 Lake Zacharybury, DC 89608",2020-06-02
320,Ashley Vazquez,susan80@example.com,"PSC 4735, Box 8732 APO AE 50556",2023-05-13
321,Katrina Parrish MD,mjohnson@example.com,"68627 Kevin Key Apt. 588 East Michael, DE 10037",2022-07-11
322,Audrey Pena,hubbardfrank@example.org,"825 Zamora Junctions Suite 009 Tarahaven, OH 18199",2021-08-26
323,Erin Castro,paul52@example.org,"264 Weber Overpass Apt. 018 Lake Joland, AR 63439",2024-01-29
324,Sarah Young,bpearson@example.net,"266 Grant Circles Apt. 322 Emilyburgh, MO 09106",2020-08-16
325,Zoe Henderson,jennycobb@example.net,"9097 Graham Shoals Apt. 136 Wintershaven, VA 66045",2021-04-09
326,Michael Smith,mitchellsarah@example.org,"1168 Stephanie Ports Suite 950 Toddport, CT 57664",2023-09-11
327,Teresa Jackson,oandrews@example.net,"561 Thomas Drive Suite 106 New Stephaniehaven, PW 08881",2021-07-17
328,Dylan Franklin,lmullins@example.net,"2426 Mosley Shoals Suite 496 North David, ID 61063",2020-11-07
329,Tracy Green,johnvelasquez@example.net,"34669 Woodward Crossroad Suite 456 South Jill, NM 28702",2021-09-20
330,Patricia Pineda,scott54@example.com,"9576 Coleman Junctions Suite 395 Lake Candiceland, PW 91592",2024-05-05
331,James Moore,djohnson@example.com,"1309 Michael Fords Apt. 910 Jasonview, HI 64159",2022-11-22
332,Jeremy Mathis,tinagarcia@example.com,"7685 Gonzales Ranch North Dustinborough, KS 92937",2021-11-02
333,Robert Phillips,joshuasnyder@example.com,"07721 Heidi Valley Apt. 768 East Kylemouth, PW 49624",2020-11-10
334,Christina Lynch,jacob53@example.net,"40699 Adam Ferry Suite 098 Lake Tyrone, NY 43900",2020-03-08
335,Timothy Graves,ericsanchez@example.org,"796 Drake Plaza Apt. 238 Elizabethview, UT 06874",2022-06-24
336,Kathryn Davis,nancyclay@example.com,"95293 Anthony Locks Suite 611 South Michelle, WY 03608",2020-03-17
337,Dustin Valencia,nanderson@example.org,"896 Johnson Mountain Apt. 950 North Peter, OR 50944",2020-03-29
338,Kyle Meyer,oberry@example.net,USNV Wright FPO AA 88417,2024-01-08
339,Karen Shaw,melissa36@example.com,"875 Kevin View Apt. 825 West Brittanyburgh, NJ 33681",2020-04-04
340,James Pratt,lisa67@example.org,"755 Burton Overpass Lake Benjaminview, IA 04430",2021-02-03
341,Yvonne Hardin,cindy56@example.com,"90481 Taylor View Apt. 796 Lake Samantha, KY 92197",2022-04-14
342,Matthew Henderson,hammondmary@example.org,"844 Johnny Harbors Suite 141 Martinland, TX 84219",2022-06-09
343,Jason Sanchez,rachel55@example.org,"7027 Scott Lodge Suite 318 Vaughanview, FL 86200",2023-08-26
344,Christopher Smith,cruzpeter@example.com,"964 Mclaughlin Shores Apt. 631 North Jermaine, WI 26363",2022-04-05
345,Larry Vasquez,maldonadokyle@example.com,"043 Michelle Knoll Apt. 863 South Coreyland, OR 43896",2022-10-30
346,Laura Acosta,awashington@example.net,"163 Kelly Hills Simmonschester, OK 60852",2021-01-11
347,Jennifer Murray,aliciagriffith@example.net,"58631 John Vista Apt. 708 Kimside, MA 99089",2021-12-18
348,Jeffrey Brown,cchung@example.net,"9784 Newton Neck Apt. 804 Juliebury, LA 56985",2021-03-14
349,Rebecca Bailey,matthewfernandez@example.net,"6029 Timothy Mall Suite 563 East Elizabeth, ME 52016",2020-05-15
350,Aaron Powell,smartin@example.com,"4812 Karina Dale Suite 619 New Brittany, TN 31067",2020-10-21
351,Gloria Tyler,stevenphillips@example.org,"8962 Fletcher Passage Apt. 074 Lake Scott, OK 01499",2022-08-13
352,Karen Coleman,nicholas14@example.org,"209 Porter Skyway Lake Laurafort, UT 45243",2022-08-18
353,Elizabeth Nguyen,susan93@example.com,"40859 Gibbs Gardens Apt. 827 Lake Bobbyport, IA 42959",2021-04-24
354,Tonya Walter,paulpatel@example.net,"4519 Joseph Squares Suite 317 Lake Chelsea, MP 97029",2023-09-05
355,Joseph Phillips,eatonamber@example.com,"0359 Thomas Ville North Mackenzie, CA 35193",2024-07-11
356,Kelly Taylor,julianmanning@example.com,"8483 George Radial Apt. 981 Russellburgh, MN 39214",2024-01-18
357,Kayla White,nharper@example.com,"94259 Daniel Corners Youngchester, NV 11016",2021-10-22
358,Gabriel Clark,caitlin87@example.com,"889 Stevenson Walks Apt. 360 Perezland, FM 24138",2024-03-15
359,Mark Allen,ginamelendez@example.net,"9467 Owens Mission Lindamouth, RI 36052",2021-08-26
360,Eric Mitchell,erictucker@example.org,"PSC 3953, Box 3113 APO AE 91579",2023-08-31
361,Lauren Ward,amy59@example.net,"892 David Mount Haroldborough, MH 93241",2020-11-29
362,James Knight,gchandler@example.com,"726 Margaret Terrace East Keithmouth, NJ 40556",2022-10-31
363,Joshua White,aaron15@example.org,"942 Michael Roads Suite 703 Port Allisonstad, MH 53727",2021-11-20
364,Derek Stokes,wbrown@example.org,"79796 Burch Springs Apt. 864 Guerrerofort, MN 98603",2021-08-09
365,Dr. Brandon Stephens Jr.,hevans@example.net,"715 Gregory Drive Apt. 607 Lake Jessicaland, IA 14842",2023-06-23
366,Jenna Santos,susancaldwell@example.org,"6830 Wilson Divide East Anthonyton, WI 23858",2020-10-18
367,David Richardson,adamstracy@example.com,"107 Harris Villages Apt. 561 Port Christyburgh, MT 67705",2020-03-25
368,Jon Adams,melissa48@example.net,"73450 Myers Pass Chelseaville, MO 37781",2023-01-08
369,Theresa Fields,spencerjesus@example.net,"749 Parker Views Apt. 475 East Dianeton, MO 92741",2023-10-23
370,Savannah Wilson,annlucas@example.org,"3292 Kelly Row South John, LA 97893",2021-12-11
371,Daniel Carroll,shaunbanks@example.org,"9025 Smith Station Apt. 801 Allisonview, MT 12042",2023-06-26
372,Carla Wilson,perezsamantha@example.net,"72351 Brooke Wall Suite 286 Victoriaburgh, MI 82900",2021-09-16
373,Stephen Rodriguez,dustin23@example.net,"PSC 6898, Box 2814 APO AE 40972",2023-08-23
374,Michael Morrow,bradyherrera@example.com,Unit 3030 Box 3286 DPO AP 18376,2022-12-06
375,Curtis Ortiz,gina23@example.org,"9275 Susan Mill Suite 002 Cookmouth, DC 82609",2020-04-03
376,Marcus Beard PhD,william30@example.net,"39835 Little Pike Suite 443 Anachester, TN 15307",2022-08-03
377,Kevin Mcgrath,mpeterson@example.com,"731 Matthew Forge Apt. 147 Lake Robertport, AR 67191",2023-04-30
378,Rachel Smith,lopeztammy@example.net,"430 Hannah Branch New Markside, FL 11098",2023-01-11
379,Jessica Shelton,heatherwalker@example.org,"12989 Michael Light Apt. 766 Jonesshire, PA 65110",2020-05-06
380,Jared Lucas,maychristopher@example.net,"5017 Butler Springs Gentrychester, AS 57785",2021-05-14
381,Courtney Robinson,calvinscott@example.com,"8845 Michael Shoals South Janice, NM 38453",2020-07-25
382,Daniel Anthony,jenniferfoley@example.net,"1698 Robert Branch Suite 973 East Chloe, IA 64947",2021-05-11
383,Raymond White,brittanyherrera@example.net,"1491 Melanie Mission New Christopherfurt, MO 52545",2022-02-13
384,Annette Chapman,jillford@example.com,"0212 Blankenship Passage West Christopher, OH 21832",2023-11-19
385,Bonnie Lopez,tammybarnes@example.org,"2454 Tanya Point Suite 597 New Thomas, AL 78597",2023-11-23
386,James Brown,josephvasquez@example.net,"1799 Shannon Mountain Apt. 995 Gwendolynview, NV 56999",2021-05-31
387,Michael Gonzalez,eduffy@example.net,"9928 Taylor Glen Christinefurt, OK 16983",2022-11-24
388,Carol Frank,david23@example.com,"67166 Darlene Prairie New Lisaview, NJ 44608",2023-07-16
389,Corey Smith,ynguyen@example.org,"6580 Michael Dam Suite 591 Robinsonview, HI 95074",2024-03-29
390,Edwin Rodriguez,zwhite@example.net,"1805 James Port Apt. 763 Bookerfort, PR 98567",2023-10-08
391,Heather Burns,crystalcurtis@example.net,"655 Stephanie Street South Brenda, SC 47555",2022-05-15
392,Michelle Johnson,jacksonisaac@example.com,"252 Eric Glens Apt. 275 South Edwinbury, PR 42104",2021-12-06
393,Zachary Reyes,mooreterry@example.net,"3947 Moore Corners South Brandonside, MI 95091",2021-06-01
394,Paul Wright,thompsonterrance@example.org,"201 David Mission Apt. 115 Edwardfurt, WV 70131",2022-10-27
395,Lisa Cervantes,andrea06@example.com,"622 Brooks Station South Christophermouth, MI 14961",2023-09-21
396,Jason Proctor,lance13@example.com,"6412 Sanchez Oval East Anna, AS 30818",2023-04-19
397,Robert Torres,melissa04@example.net,"PSC 9479, Box 9805 APO AP 23857",2024-02-01
398,Janice Hays,juliamitchell@example.com,"701 Adriana Run Apt. 689 Port Jason, PW 51810",2022-01-14
399,Autumn Moss,wilsonryan@example.com,"220 Amanda Ridge Port Nicolefurt, AZ 44229",2023-03-15
400,Shaun Tucker,crystalhatfield@example.org,"93668 Aguilar Brook Apt. 307 West Pedro, VA 08645",2023-09-25
401,Timothy Tucker,oowen@example.org,"77087 Victoria Tunnel Suite 786 New Willie, OH 06092",2021-12-30
402,Jeffery Roy,bankssara@example.net,"367 Rogers Shores Joshuafurt, NE 90707",2020-02-26
403,Deborah Wolfe,davidjordan@example.net,"143 Zuniga Ridges Apt. 190 East Elizabeth, AR 28283",2023-11-04
404,Kevin Brewer,hickmanjames@example.org,"308 Amber Station Apt. 117 Lake Donnafort, KS 46741",2024-08-13
405,Joshua Johnson,hansenlisa@example.com,"580 Jackson Drives South James, NY 95976",2020-06-04
406,Michael Gray,paula78@example.net,"158 Dana Plains Suite 596 Rodriguezport, MH 20829",2023-07-21
407,Zachary Garrett,alexander57@example.net,"37202 Hunt Track Suite 805 Port Molly, PW 75251",2020-11-22
408,Angelica King,ryan88@example.net,"922 Mercer Fort Matthewfort, IN 03788",2022-10-15
409,Anna Kaiser,zwarren@example.com,"736 Baker Roads Suite 797 West James, MH 25387",2021-10-15
410,Diane Dawson,vazquezchristina@example.com,Unit 6614 Box 4894 DPO AP 36274,2020-01-07
411,Ivan Donaldson,derrick62@example.org,"829 Allen Viaduct Apt. 724 Lake Justinstad, MN 72971",2020-06-26
412,Terri Thomas,kellywilliam@example.com,"8321 Smith Stream Apt. 067 Benjaminstad, NY 22505",2023-05-26
413,Heather Vargas,tiffanysanchez@example.com,"83391 Thomas Spur Apt. 409 South Randy, AL 18682",2023-01-15
414,Jennifer Leonard,denisegeorge@example.org,"0497 Amy Field New Josephburgh, VA 54028",2024-09-08
415,Mr. Brandon Avila,hurstcynthia@example.net,"189 Meredith Loop Apt. 322 Cookton, IA 36483",2022-03-21
416,Robert Gonzalez,michael01@example.com,"1400 Ortiz Spring Suite 378 South Amyfurt, NH 66900",2020-04-06
417,Susan Briggs,rmcdonald@example.net,"9766 Kathleen Parks Suite 830 Stefaniefort, MN 15208",2022-03-07
418,Michael Harris,palmerapril@example.org,"37105 Thomas Center Apt. 326 Vaughnside, IL 42654",2023-05-26
419,Jennifer Cruz,taylorwilson@example.net,"3801 Peterson Branch New Diane, MH 28786",2021-07-19
420,Tyler Martinez,zsawyer@example.org,"981 Kristina Crest Suite 666 Welchfort, WA 56773",2023-06-02
421,Ryan Rogers,careylauren@example.org,"807 Foster Terrace Suite 897 North Ericberg, VI 53091",2021-11-24
422,Denise Davis,johnsonsean@example.com,"415 Edward Garden Apt. 514 South Janice, NJ 66168",2024-06-12
423,Stephanie Wilkins,garciamicheal@example.org,"190 Patricia Center West Jamesburgh, SC 46305",2021-03-05
424,Nicole Armstrong,jchandler@example.com,USCGC Valenzuela FPO AE 15831,2023-08-22
425,Jeffery Harper,fherring@example.net,"65422 Horton Meadows Georgeville, MT 22658",2023-12-21
426,Johnny Smith,morristara@example.com,"47446 Lynn Cliffs East Kathleen, AR 06819",2024-09-04
427,John Alvarez,christopher90@example.com,"7522 Hamilton Island Apt. 083 Campbellland, MD 95657",2020-05-13
428,Katelyn Bautista,freddoyle@example.net,"32800 Watson Gateway Suite 631 Christinahaven, ND 25625",2023-09-08
429,Jonathan Payne,ruth29@example.com,"073 Daniels Rapids Williamsport, GU 65445",2022-02-25
430,Aaron Singh,jose63@example.org,"01267 Mark Haven Port Brian, CO 29424",2023-09-18
431,James Walters,crystalevans@example.net,"60503 Richard Pines Port Jamesmouth, MA 53265",2023-04-30
432,Beth Hatfield,millererik@example.org,"05931 Stafford Road Apt. 957 Daleborough, MO 47093",2023-08-13
433,Christopher Obrien,lstewart@example.com,"375 Crystal Route Lake Anthony, GA 58691",2024-07-17
434,Jonathan Gray,bethany20@example.com,Unit 4213 Box 5706 DPO AA 55471,2023-10-10
435,Becky Roth,clarkejason@example.org,"4072 Thomas Pike West Nicholeside, OR 98309",2021-11-13
436,Steven Stewart,guerreroryan@example.com,"32804 Harvey Route New Tyler, MN 74306",2022-02-06
437,Jacob Long,zrobinson@example.org,"061 Mackenzie Prairie Suite 831 Davisborough, ID 81042",2021-12-07
438,Ian Alvarez,fgutierrez@example.org,"51939 Neal Plaza Suite 155 Fitzgeraldburgh, OR 43741",2021-12-06
439,Jamie Sullivan,glennskinner@example.net,"PSC 8456, Box 9061 APO AA 55559",2020-11-08
440,Kelly Li,cindybond@example.org,"3583 Riddle Inlet Lake Sarah, CT 09098",2022-07-24
441,Tara Roberts,fbarrera@example.net,"06433 Cook Villages Apt. 328 Danielberg, WA 20416",2024-05-25
442,Debbie Adams,maria01@example.org,"7108 Michael Throughway Markchester, MO 62325",2023-11-07
443,Stephen Patel,carrillojimmy@example.net,"816 Brian Corner West James, DC 27265",2022-07-05
444,Jamie Roberts,claytonjonathan@example.com,Unit 8352 Box 7780 DPO AA 61792,2021-02-10
445,Catherine Campos,tamara90@example.org,"278 Billy Mill East Alexanderborough, TX 40937",2021-05-06
446,Thomas Levine,fordjennifer@example.net,"6685 Michelle Prairie Apt. 505 West Melissa, CT 55575",2021-02-02
447,Heather Hayden,jamesmorales@example.net,"191 Savage Inlet Suite 753 Robertsport, MD 58361",2021-06-28
448,Brian Hanson,gonzalezkathy@example.org,"152 Delgado Corners Suite 841 New Jessica, CO 62423",2022-01-21
449,Jeanette Benson,gonzalezchristopher@example.com,"7359 Torres Court Suite 896 East Leetown, MH 79285",2023-01-15
450,Philip Abbott DDS,robert77@example.com,"268 Smith Cliff Suite 427 East Marvin, IL 70909",2024-06-23
451,Robert Smith,william55@example.org,"662 Carrie Ridge Suite 015 Travishaven, SC 24893",2020-09-03
452,Juan Goodman,angel24@example.com,"6114 Gibbs Inlet Apt. 766 North Nicholasfort, VA 94974",2021-06-15
453,Tami Morales,vincent55@example.com,"86672 Kelly Center North Stacychester, FL 68725",2024-06-29
454,Latoya Briggs,rachel87@example.net,"7265 David Rapids Hernandezberg, MN 81509",2022-11-13
455,Cindy Lewis,johnsondiane@example.org,"172 Perez Mountain Suite 172 New Robert, IA 41796",2020-12-29
456,Evan Harper,ueverett@example.net,"0594 Norton Extensions Suite 048 Evansbury, TX 01442",2021-07-06
457,Patrick Davis,amy84@example.com,"26827 Gregory Bypass Suite 069 South Mark, MP 10334",2021-09-11
458,Theresa Parsons,daniel66@example.net,"4763 Dougherty Way Josephshire, ME 65141",2023-02-05
459,Christina Garcia,joseph09@example.com,"2876 Brandon Spurs Lucasstad, DC 56219",2022-05-12
460,Angel Hughes,gmiller@example.com,"5295 Cervantes Estates Suite 234 Erikview, PW 95839",2021-02-24
461,Erin Perez,phamilton@example.org,"4302 Randolph Spur Eileenland, GU 86459",2022-03-06
462,Brianna Yates,christopherjohnson@example.com,"2453 Chang Springs Alexandriachester, CT 75783",2020-10-07
463,Brittney Johnston,allen47@example.org,"9317 Frederick Ville Michaelland, IA 78201",2021-08-03
464,Adam Raymond,vsmith@example.com,"931 Wolf Fall North Johnmouth, AL 93054",2021-04-27
465,Robert Stewart,swilliams@example.org,USS Roberts FPO AA 50679,2022-01-24
466,Dr. Leslie Leon,patricia68@example.net,"3906 Adams Common East Emilymouth, AS 68855",2024-05-24
467,Olivia Marks DDS,ferrelljorge@example.org,"48010 Brown Burgs Suite 770 New Andrea, MI 97989",2023-10-02
468,Debra Mills,hojustin@example.com,"629 Moran Cliffs Apt. 455 Port Theresa, NJ 89478",2021-03-08
469,Amy Lloyd,susancabrera@example.org,"842 Ashley Hills Thompsontown, MN 23647",2020-12-07
470,Samantha Livingston,tvalenzuela@example.org,"6284 Robbins Squares West Danielleshire, NC 69266",2021-01-21
471,Valerie Lane,michaelcherry@example.com,"5768 Ibarra Turnpike Apt. 683 Amandaburgh, CA 88435",2022-03-04
472,Michael Perry,qbell@example.org,"865 Carter Burg Suite 037 North Frankborough, LA 15290",2023-01-05
473,Craig Miller,andrewmorrow@example.org,"1531 Michael Light West Anthonyshire, CO 10074",2022-04-15
474,Benjamin Parker,ann00@example.net,"7123 David Wells New Alan, OH 79504",2020-05-22
475,Linda Murray,alyssa42@example.net,"7676 Flores Fort Apt. 439 North Daniel, NM 53227",2020-07-09
476,Melanie Harmon,robinsonrebecca@example.com,"38876 Aguilar Throughway Apt. 104 Christopherville, MI 59354",2023-04-24
477,Stephanie Smith,xnunez@example.org,"5211 Taylor Grove Suite 099 Derrickborough, VT 11480",2022-05-28
478,Susan Harper,davisderek@example.org,"28500 Lee Points Suite 293 North Andrea, MO 39078",2023-07-23
479,Tony Floyd,nunezsean@example.net,"054 Brock Islands Port Justin, MI 93188",2022-11-24
480,Stephanie Martin,tespinoza@example.org,"27248 James Stravenue Smithport, NJ 07128",2022-06-17
481,Jasmine Harper,shane90@example.org,"99643 Brian Ville Apt. 721 Michaelside, ID 82570",2024-05-27
482,Ethan Mejia,odavid@example.net,"8310 Veronica Drives North Lynn, AR 08951",2022-07-22
483,Jessica Ortega,nicholaspaul@example.com,"692 Jeanette Roads Apt. 330 West Paul, LA 06544",2024-06-02
484,Scott Williams DDS,cellis@example.org,"220 Roger Vista Apt. 813 Lake Michele, TN 78915",2022-06-10
485,Cindy Lloyd,taylorgreen@example.net,"7876 Estrada Springs Suite 580 Heatherhaven, IA 99489",2021-08-05
486,James Roberts,kking@example.net,"40518 Melissa Wall Suite 852 Orozcoport, AL 52840",2021-04-18
487,Brian Johnson,uwelch@example.com,"0504 Reynolds Meadow Suite 574 South Ericamouth, NV 60995",2020-09-07
488,Alyssa Owens,troywhitehead@example.net,"60383 Edwards Inlet West Dylanmouth, NC 84775",2022-01-08
489,Gail Edwards,hbrady@example.com,"585 Edward Stream New Thomasberg, NJ 08158",2023-01-30
490,Dean Smith,paynejulia@example.net,"9249 Maria Centers Apt. 726 Jamesburgh, AS 24518",2022-07-04
491,Courtney Lloyd,james47@example.net,"792 Jackson Shoal Apt. 197 Lake Johnshire, AR 68255",2024-05-03
492,James Anderson,wclarke@example.com,"209 Sellers Flats Apt. 869 East Craig, PR 86850",2020-10-14
493,Anthony Murphy DDS,brendan97@example.com,"400 Mendoza Forest Aaronmouth, SD 85619",2023-10-16
494,Glen Ayala,hudsonjacob@example.net,"079 Alvarado Hill Catherineton, MA 40454",2021-09-11
495,Sandra Johnson,samantha61@example.com,"974 Harris Hollow Tatemouth, MP 24100",2024-06-14
496,Jody Ferguson,parkerjames@example.com,"0929 Hannah Roads Chadfort, NE 79285",2024-04-02
497,Paige Taylor,aaronadkins@example.com,"3993 Maria Extensions Suite 201 Port Benjamin, WI 56424",2021-07-12
498,Timothy Hall,patrickrogers@example.com,USNS Benton FPO AE 35036,2022-06-12
499,Ryan Bishop,jromero@example.com,"165 Olson Plains East James, WI 23652",2020-06-03
500,Joseph Moore,ibarrajohn@example.com,"658 Joanne Estate Millerchester, AS 50954",2024-08-19
