id,name,email,address,date_joined
1,Valerie Lewis,mbeasley@example.com,USS Reed FPO AE 92784,2020-10-08
2,Katherine Deleon,davidrichards@example.org,"PSC 2333, Box 3056 APO AA 61618",2023-10-25
3,Alyssa Johnson DVM,browncynthia@example.net,"84216 Wade Square Lake Kelseyville, MS 50623",2023-01-04
4,Jessica Walker,amy93@example.net,"01022 Ricky Plains Suite 136 South Christopher, DC 89622",2023-08-11
5,Jason Baker,vortiz@example.net,"71973 Briana Pine Bradleyburgh, IL 17949",2024-08-08
6,David Sanchez,owenlisa@example.org,"634 David Valley West Elizabeth, AR 84892",2021-01-14
7,Jeremy Hayes,davidrobertson@example.org,"827 Marie Route East Samantha, PW 46873",2021-03-24
8,Brittany Webster,ytyler@example.net,"4493 Gomez Canyon Jenniferhaven, AS 22762",2023-10-14
9,Patricia Garrett,ybarrett@example.org,"PSC 5725, Box 9914 APO AE 54209",2021-09-21
10,Taylor Dunn,kortiz@example.org,"263 Jennifer Divide Suite 741 Kyleville, AR 43253",2023-02-04
11,Timothy Martinez,crosbylarry@example.net,"1748 Timothy Meadows Apt. 506 Ericville, WA 02206",2020-04-28
12,Nicholas Barrett,cmclaughlin@example.org,"84819 Wells Bridge Camposfurt, MA 98412",2021-03-26
13,Dana Hernandez,asmith@example.com,"5867 Delgado Meadow Suite 389 Franklinberg, NE 81361",2021-02-24
14,Johnathan Keith,tharrell@example.net,"63599 Micheal Mews East Kimberly, CA 77838",2020-06-22
15,Larry Martinez,kathryn63@example.com,"02535 Williams Rue Danielshire, LA 02580",2023-05-04
16,Jessica Stanton,jessica63@example.net,"PSC 5232, Box 5035 APO AA 38195",2022-04-10
17,John Nelson,nancywashington@example.com,"2835 Roberts Ports Apt. 450 Bryanchester, AZ 47498",2024-05-22
18,Dr. Andrew Weber MD,amorgan@example.com,"8947 Williams Squares East Teresamouth, GA 04613",2022-02-07
19,Alyssa Carter,bretthampton@example.com,"568 Krystal Field North Angela, SD 22749",2023-07-19
20,Heather Hart,vasquezvictoria@example.com,"23931 Smith Dam Campbellville, NJ 42371",2023-08-21
21,John Marshall,santosrose@example.net,"6715 Walker Port Port Drew, MO 88658",2022-02-02
22,Amy Martin,ichapman@example.org,"18799 Charles Overpass Apt. 997 North Charleshaven, TN 22026",2024-09-27
23,Catherine Palmer,andrewwalsh@example.org,"665 Meyer Manor Stoneview, MD 29390",2023-12-07
24,Mary Wilson,ericksoncory@example.com,"25769 Ramirez Valleys Perryberg, MS 41652",2024-05-03
25,Luis Kirk,crystalpeterson@example.org,"8647 Crystal Burgs Suite 924 Elizabethtown, PW 86592",2021-09-18
26,John Mcknight,richardhart@example.org,"89026 Anderson Isle Apt. 215 Georgeview, MP 56569",2021-09-26
27,Robert Watts,mharris@example.org,"51926 Douglas Ranch New Jonathan, WA 12982",2022-09-22
28,Kristin Burns,qtyler@example.net,"758 Mary Vista Suite 006 New Maria, DE 59683",2021-12-19
29,Dr. Martin Ryan,morrowamy@example.com,"4821 Lisa Hill Apt. 210 New Ashleyport, ME 63487",2020-05-21
30,Joseph Ball,kevinhull@example.com,"368 Eugene Ridge Apt. 901 Kevinville, ND 25760",2024-01-21
31,Jessica Mosley,mschaefer@example.org,"41558 Gina Passage North Thomas, TN 47470",2020-09-13
32,Stephanie Decker,john95@example.org,"PSC 2950, Box 7689 APO AA 25382",2021-06-05
33,Donald Brown,laurabell@example.net,"008 Brandon Manors Shortview, GA 93317",2024-03-27
34,Melanie Ortiz,courtney91@example.net,"PSC 7444, Box 4768 APO AA 36065",2020-09-21
35,Brandy Collins,jeremiahchapman@example.org,"857 Ruiz Tunnel Lake Jennifer, ME 37401",2024-08-26
36,Rebecca Dorsey,martinezchad@example.org,"677 Cook Drive Apt. 152 North Sergio, AZ 54044",2023-01-26
37,David Anthony,gsmith@example.net,"2888 Christine Shoal West Gregory, OR 94307",2022-12-04
38,Holly Brown,jennifer51@example.com,"5787 Jason Points Apt. 853 Port Jennifer, WI 13215",2023-05-29
39,Michael Bowman,rickwilkins@example.net,"6505 Dawson Mill Port Michaelside, ND 08286",2023-11-08
40,Diane White,jacksontamara@example.com,"4306 Stephanie Streets Apt. 066 North Jenniferton, WV 23486",2021-10-31
41,Aaron Sawyer,kimberlyhunter@example.org,"9234 Shelly Land Apt. 488 Brianland, MT 32114",2022-11-05
42,David Parrish,gscott@example.net,"4521 Harvey Island Port Johnland, MI 91934",2021-05-10
43,Tara Simpson,adam14@example.com,"313 Duffy Pass Apt. 704 Port Davidshire, ND 84169",2023-04-23
44,Jose Richardson,rhonda78@example.com,"1382 Johns Harbor Apt. 321 Smithport, UT 62465",2023-09-27
45,Amanda Phillips,deborahblake@example.net,"8879 Long Ridge Suite 850 Dianahaven, NJ 67356",2023-05-04
46,Steven Jenkins,jacobhoffman@example.net,"35628 Renee Grove Suite 751 Petersland, FM 59506",2021-11-02
47,Crystal Lopez,lisabrown@example.net,"8995 Denise Lock Lake Amy, PW 20570",2022-10-24
48,Brandi Maxwell,ngriffin@example.net,"99591 Jerry Lakes North Catherineland, KS 55859",2021-06-08
49,Eric Gardner,griffinmichael@example.net,"797 Timothy Highway East Ashleystad, KS 55374",2021-08-03
50,Christopher Mccullough,mitchellsamuel@example.net,"9057 Lewis Court Apt. 379 Janetberg, OR 47849",2020-10-27
51,Derrick Wong,tylerjones@example.org,"5489 Sarah Forges North Breannaville, MD 83520",2022-08-09
52,Valerie Castro,jhall@example.net,"9467 Kristina Mission Apt. 186 Lake Sarahhaven, NE 07725",2022-01-05
53,Taylor Harvey,aaronkeith@example.net,"2099 James Viaduct Apt. 820 Cynthiabury, AR 12052",2020-09-02
54,Kimberly Thompson,courtneybrown@example.org,"89646 Steven Valley Lake Erika, VT 34695",2020-09-25
55,Danielle Sampson,scott45@example.org,USS Charles FPO AA 03090,2023-12-28
56,Jeffrey Cruz,colinhayes@example.com,"3403 Brian Prairie Powersborough, FL 83656",2022-07-09
57,Robert Sutton,mhess@example.net,"146 Young Freeway West David, MH 06461",2020-08-10
58,Kevin Dickerson,roy35@example.com,"2613 Sullivan Locks Suite 612 Davidburgh, AS 86054",2022-04-10
59,Brian Harrison,lutzmartin@example.com,"3504 Victoria Lock Cookport, WA 27670",2020-05-05
60,Troy Ward,vjones@example.net,"12088 Romero Valley Andrewton, PW 37810",2020-07-01
61,Robert Gardner,watsondawn@example.com,"85040 Dawn Cove East Brittany, ME 55442",2023-07-13
62,Paula Allen,urodriguez@example.net,"11564 Adams Motorway East Katiefurt, NH 22558",2022-11-01
63,Maureen Martinez,glenn02@example.net,USCGC Nielsen FPO AA 44197,2022-03-04
64,Alexis Patterson,heathermyers@example.net,"55305 Barnes Via Suite 497 Hallville, MT 54850",2020-03-27
65,Brian Kelly,bradleynicole@example.com,"5554 Evans Coves South Cassandra, OR 69128",2024-10-06
66,Heidi Bryant,ronald53@example.net,Unit 2792 Box 2698 DPO AA 54536,2023-10-08
67,John Morgan,pjackson@example.net,"3311 Samantha Crossroad West Christina, CO 94933",2022-11-08
68,Kathryn Vasquez,ncook@example.com,"3895 Barnes Via Gabrielleborough, TN 47741",2024-07-24
69,Nathaniel Martin,brandtstacy@example.com,"84324 Maria Point New Daniellebury, CA 82567",2024-08-08
70,Carla Johnston,shawstephanie@example.org,"9420 Brock Common Jonesberg, TX 82584",2020-03-07
71,Steven Macias,alyssa27@example.org,"56090 Jessica Lodge Suite 274 Wheelerhaven, OH 47976",2021-07-23
72,Angel Avila,alexandermalone@example.com,"264 Brittany Crossroad Suite 063 Newtonbury, VI 06092",2024-06-07
73,Robin Porter,fisherdavid@example.net,"72862 Steven Landing Apt. 705 East Melanie, IL 83944",2020-01-01
74,Kristina Esparza DDS,gregoryreed@example.com,"764 Cain Fall Apt. 915 Rodriguezmouth, GU 11254",2023-08-04
75,Jessica Rubio,jwatkins@example.net,"4087 Hood Drive North William, DC 85423",2020-06-29
76,Todd Heath,michellehaley@example.net,Unit 7546 Box 0956 DPO AE 66285,2020-01-07
77,Kristina Hubbard,acostatonya@example.org,"7142 Katherine Ranch Suite 934 Hawkinsview, CT 32342",2021-05-14
78,David Hernandez,kimberly61@example.org,"71593 Pierce Meadow Apt. 204 East Sierraburgh, AS 49688",2020-09-04
79,Patrick Lee,ccantrell@example.com,USS George FPO AP 22043,2022-12-26
80,David Lopez,kristen86@example.org,"35083 Jennifer Ville Johnsonbury, OK 74447",2020-09-20
81,Tina Nicholson,fhayes@example.com,"3158 Williams Garden Lake Tiffanymouth, KS 58200",2024-02-21
82,Timothy Cummings,riverajason@example.org,"24692 Allen Light Apt. 327 Port Belindachester, AZ 70581",2023-05-25
83,Jeffrey Ramos,floresamber@example.com,"403 Debbie Wells West Jennifer, NH 89572",2022-11-12
84,Michelle Garcia,danielle87@example.com,"07651 Kim Court Apt. 732 North Cynthiamouth, VT 27587",2023-10-24
85,Jason Rogers,stacywilkerson@example.com,USS Mcconnell FPO AA 39158,2021-09-21
86,Brett David,denisehenry@example.com,"7270 Emily Passage Apt. 010 North Keithport, FM 18217",2024-01-08
87,Jessica Pena,msmith@example.org,"337 Shaw Parkway New Brandy, NJ 26097",2022-05-20
88,Emily Roberts,arose@example.org,"588 Yang Loaf North Sarashire, GU 55195",2024-04-16
89,Cristian Ashley,garciajoanna@example.com,"92344 Parker Prairie Matthewfurt, UT 38934",2024-06-24
90,Jeffrey Mitchell,hectorgreer@example.net,"311 Adams Trafficway Suite 169 East Michaelbury, PW 56514",2021-12-12
91,Sabrina Morrow,ryan81@example.net,"576 Sutton Fall Apt. 940 New Stacyshire, SC 69644",2021-01-26
92,Norma Wilson,aroberson@example.org,"718 Brady Island Clarktown, WI 24379",2023-09-30
93,John Perez,johnsonelizabeth@example.com,"249 Jerry Freeway Harveyborough, DC 84786",2020-05-25
94,Katie Walker,patrickbooth@example.com,"853 Edwards Manor North Edwinview, SC 43252",2024-08-11
95,Zachary Garcia DDS,whitneyhughes@example.org,Unit 1926 Box 9656 DPO AE 10482,2021-04-02
96,Willie Wright,robinsonjames@example.com,"484 Wright Ville Suite 681 Port Amber, CO 60378",2021-02-07
97,Misty Thomas,matthewromero@example.com,"97699 Steven Manor Apt. 344 North Kimberlyhaven, ID 67745",2023-05-21
98,Phillip Luna,lwright@example.net,"592 Debbie Stream Port Joanna, TN 12579",2023-01-28
99,Tracey Richardson,williamsfrancis@example.net,"4748 Victor Green Kimberlyport, HI 89880",2021-12-17
100,Jeffery Silva,ramosashley@example.net,"280 Ashley Inlet Suite 146 South Patricia, UT 42233",2023-04-06
101,Christian Pratt,yflores@example.org,"700 Erin Port Garciashire, AS 16805",2022-02-28
102,Cody Ayala,jennifer17@example.net,"5684 Dakota Rest Suite 518 East Richard, ID 55668",2022-06-10
103,Laura Reynolds,aaronhall@example.com,USNS Ayala FPO AE 37989,2021-08-17
104,Xavier Valdez,jessica87@example.org,"207 Lin Spur Apt. 257 East Carly, GA 76498",2024-03-09
105,John Nicholson,avega@example.net,"24120 Powell Meadow Suite 576 Linmouth, IA 88740",2023-02-26
106,Joshua Vincent,juliejohnson@example.org,"1365 Brian Plain West Vicki, PW 59193",2023-07-08
107,Earl Johnson,jamiegarcia@example.org,"63394 Weiss Camp East Christopherside, DC 83762",2024-07-27
108,Gregg Wood,gvaldez@example.org,"19791 Cynthia Forges Suite 013 Johnport, ME 17281",2023-06-29
109,Michele Johnson,whitemark@example.net,"952 Donna Lodge Apt. 578 Hannafort, VA 05778",2020-01-13
110,Christopher Carter,danagreen@example.net,"28373 Perez Viaduct Suite 740 North Hollytown, NY 48345",2021-04-11
111,Jennifer Black,oyoung@example.com,"2917 Ryan Gateway West Ryan, MI 92732",2021-03-04
112,Emily Romero,halltara@example.org,"011 Rivera Inlet North Autumnview, TN 68632",2023-10-09
113,Diana Scott,robinsonbrenda@example.com,"258 Jones Bypass West Michael, IL 66537",2022-03-03
114,Karen Wood PhD,jessica38@example.net,"12813 Angela Course Suite 518 East Annamouth, OK 62564",2023-10-05
115,Douglas Stewart,tracy35@example.net,"2709 Brown Freeway Lake Kimberly, VA 66417",2020-12-25
116,Elizabeth Rich,uellis@example.net,"7963 Jacqueline Knolls Suite 301 Aprilbury, IL 96765",2023-04-08
117,Heidi Morgan,aprilturner@example.com,"6732 Renee Fall Lake Emily, AS 46202",2024-08-14
118,Joseph Green,wongjennifer@example.net,"105 Jessica Square Apt. 570 Thompsontown, SD 87751",2023-06-22
119,William Morales,kristenthomas@example.net,"78871 Jimenez Falls Nicolasview, FM 31013",2020-05-09
120,Tina Brennan,silvagavin@example.net,"81294 Michael Forge Kristenport, DE 17739",2021-10-30
121,Rose Wright,zayala@example.com,"1319 Neal Drive Suite 425 East Jacqueline, SD 67684",2020-11-02
122,Christopher Hanna,hallangie@example.com,"5111 Powell Landing Roberthaven, TN 01339",2021-02-06
123,Stephen Rogers,ana05@example.org,"70008 Downs Circle Suite 583 Karenmouth, MO 20489",2022-07-12
124,Brian Wood,martinezeugene@example.org,"71431 Jordan Burgs Hermanview, IL 64907",2024-03-27
125,James Ramirez,colson@example.org,"630 Stacy Isle Suite 432 Port Anthony, HI 36316",2020-12-02
126,Gregory Whitehead,michellebrewer@example.org,"44275 Pacheco Isle Suite 111 Thomaschester, IL 28117",2024-04-08
127,Deborah Castillo,tharvey@example.com,"PSC 4831, Box 4796 APO AE 78263",2021-01-15
128,Rebecca Rodriguez,williamsadrian@example.com,"2852 Mitchell Ranch Williamsonport, AR 38504",2024-09-19
129,Eric Harris,patrick68@example.com,"387 Aguirre Passage Apt. 899 Martinberg, MI 20383",2023-08-26
130,Kristen Adams,ovelazquez@example.com,"5698 Mark Port Parkfurt, MN 31168",2023-08-12
131,Sara Barnes,frank94@example.org,"607 Michael Fork Ballardport, ME 03707",2022-05-15
132,Andrew Mcdowell,katrina61@example.net,"682 Kyle Lodge Suite 366 Cordovafurt, CA 93865",2020-09-13
133,Brian Kennedy,abbottcrystal@example.net,"14955 Blevins Squares North Daniel, NV 34580",2021-01-31
134,Sean Marquez,saramahoney@example.org,"37832 Miller Circles Apt. 601 Mosleyton, VI 31017",2022-02-13
135,Joshua Sanchez,rgreen@example.com,"956 Tommy Causeway Apt. 911 South Grant, PA 05985",2023-08-19
136,Matthew Patterson,wjackson@example.org,"355 Jensen Squares Suite 072 Port Lisaside, MH 66064",2022-03-31
137,Amanda Brown,rvilla@example.org,"113 Martin Row Suite 391 Matthewshire, CA 51669",2024-01-17
138,Matthew Hernandez,hansenadriana@example.net,"988 Gregory Junction Tammyborough, SC 81825",2022-12-03
139,Douglas Torres,samuelanderson@example.org,"0912 Ford Trail Apt. 801 Meyerland, MO 31360",2021-12-30
140,Travis Thompson,yjones@example.net,"24493 Christopher Hills Apt. 652 Port William, MP 87670",2023-09-18
141,John Cole,hsanders@example.com,"153 Keith Garden Suite 572 Port Amymouth, AZ 13542",2023-10-04
142,Madison Hoffman,robert12@example.net,"721 Garcia Harbor Suite 933 South Natalie, GA 96015",2020-01-24
143,Megan Washington,vmejia@example.com,"341 Sandy Landing Berrymouth, CA 36594",2023-08-20
144,Melissa Palmer,shannon81@example.com,"8295 Marshall Glen Port Stephanie, DC 15857",2024-02-07
145,Nicole Holland,staffordjames@example.net,"91787 Steven Groves Lake Angel, CO 67474",2024-06-23
146,Kim Bryant,crystal60@example.net,"28576 Roberto Views Apt. 767 Johnsonhaven, CT 99669",2023-07-27
147,Angela Higgins,hendersonanthony@example.org,"98143 Zachary Cliff Saraville, GU 05963",2020-07-10
148,Tonya Wilson,marybrown@example.org,"05073 Bridget Greens Lake Jesse, MI 63576",2024-09-17
149,John Howard,njimenez@example.org,"593 Mason Neck Jaredshire, MA 03984",2022-01-17
150,David Padilla,jamiespencer@example.org,"471 Mills Crossroad Suite 768 West Rebeccaport, SD 96362",2022-01-17
151,Erik Daniels,allenelizabeth@example.com,"5943 Dustin Flats South Michael, NE 79020",2024-08-03
152,Jennifer Ortiz,dannyscott@example.org,"240 Kristi Brooks Suite 878 North Destinyburgh, NV 82522",2020-07-18
153,Maureen Payne,xgrant@example.com,"6419 Hunter Meadows Perryfort, HI 68120",2023-09-29
154,Andrew Hawkins,shawstacey@example.net,"106 Tyler Locks Suite 604 Port Gary, SC 05367",2021-09-03
155,Andrew Chandler,kingkelly@example.com,"930 Bryan Garden Apt. 841 Joshualand, MN 44247",2021-04-12
156,Edward Lloyd,chapmannancy@example.com,"3614 Sanders Forges West Leah, NJ 58836",2023-06-17
157,Zachary Ruiz,mvance@example.net,"230 Cheryl Crest Apt. 920 New Christie, OK 34234",2021-03-04
158,Ashley Escobar,jessicagillespie@example.com,"54159 Richard Fort Allentown, TX 60766",2021-02-14
159,Timothy Martin,qharris@example.org,"03031 Tucker Coves Suite 354 Lake Louisfort, UT 70008",2022-05-17
160,Amy Lozano,lindaparker@example.org,"472 Case Park Apt. 917 West Maryside, OK 29402",2020-07-15
161,Nicholas Knight,laurencarrillo@example.net,"024 Sheri Center Apt. 709 South Elizabethberg, MI 40545",2022-11-10
162,Michelle Anderson,ydavis@example.com,"66419 Johnson Stream South Sarahport, DE 71119",2020-09-08
163,Jennifer Hall,zray@example.net,"7504 Little Pass Port Becky, ME 77480",2022-04-09
164,Joann Ortiz,gbuckley@example.net,"1188 Wilson Stream Suite 319 East Michael, ID 35270",2020-03-21
165,Daniel Todd,khuynh@example.net,"2129 Lee Inlet Lake Brianchester, PW 29337",2022-02-12
166,George Jackson,bradleyfriedman@example.org,"1505 Anita Village Simpsonbury, CT 30708",2021-03-01
167,Roger Schroeder,cmcdaniel@example.net,"86410 Jennifer Creek Waltersland, HI 53553",2023-04-12
168,David Wood,schultzmary@example.org,"3459 Alec Green South Michael, NV 19669",2022-04-05
169,Nicole Williamson,allendana@example.com,"1147 Terri Isle Nelsonside, FL 82303",2021-12-29
170,Blake Bailey,flowersmichelle@example.net,"0933 Smith Route Suite 771 Port Meganmouth, AZ 05339",2020-11-05
171,Jonathan Edwards,thomassoto@example.net,"7870 Neal Island Apt. 533 Port Benjaminchester, GU 80794",2023-08-25
172,Robert Anderson,fadkins@example.com,"0081 Huynh Circle Laurahaven, IA 22247",2021-02-15
173,Cathy Strong,peterallen@example.net,"44597 Katrina Spring Harrismouth, LA 40959",2020-12-23
174,Stephanie Hebert,roseanna@example.net,"0437 Tim Pike East Joannamouth, MN 00913",2021-12-05
175,Austin Mcdonald,katie74@example.org,"981 Kelly Expressway Apt. 099 Port Jessicashire, CT 46261",2020-09-05
176,Melissa Hill,trogers@example.org,"07533 Timothy Mission Port Adriennechester, RI 47144",2022-09-16
177,Richard Jimenez,travismorse@example.com,"332 Booker Valley Suite 286 West Timothytown, OH 85312",2022-04-18
178,Veronica Peterson,vdavis@example.com,"2037 Sanchez Motorway Apt. 601 East Stephaniefurt, MA 84030",2021-04-19
179,Jennifer Martinez,woliver@example.net,"9013 Vazquez Rapids Suite 200 East Richardstad, IA 34480",2023-03-17
180,Adrian Paul,robert43@example.org,"125 Miller Turnpike Suite 284 Andersonfort, ID 25081",2022-02-16
181,Tamara Herring,ruth88@example.net,Unit 6332 Box 2500 DPO AP 10905,2022-12-15
182,Rebecca Howard,kingdillon@example.com,"3407 Carrie Spurs West Michael, SC 42894",2020-05-05
183,Daniel Martin,kthompson@example.org,"84582 Romero Path Lake Aaronport, MD 61825",2022-03-25
184,Victoria Steele,johnsonsara@example.org,"617 Karen View East Maria, IL 27147",2021-12-29
185,Dawn Green,robertslauren@example.net,"1400 Brian Bridge Smithville, DC 02792",2024-07-02
186,Jacqueline Robinson,david64@example.com,"03296 Torres Groves Watsonstad, IN 95213",2022-05-24
187,William Simpson,jillriley@example.net,"67832 Michelle Pines Davisfort, NH 35213",2023-10-16
188,Stephen Patrick,amanda22@example.net,"90796 Johnny Cove Apt. 936 Hoffmanburgh, MP 89692",2023-02-04
189,Mr. Jordan Blackburn PhD,carriehurst@example.org,"66755 Francis Rue Allisonbury, VI 56802",2022-09-26
190,Maureen Krueger,michael52@example.net,"552 Rosales Fork Apt. 550 Farrelltown, MI 62057",2023-08-24
191,Thomas Smith,thompsonthomas@example.org,"789 Kenneth Manor Suite 339 Robertport, PR 48706",2020-11-04
192,Randall Chambers,robertkelly@example.org,"848 Tina Roads Suite 663 Wrightfurt, OK 89206",2021-09-11
193,Johnny Schneider,gordon75@example.com,"23805 Michael Road Suite 076 East Jeffrey, SC 87898",2022-09-23
194,Daniel Alexander,allison42@example.net,Unit 6810 Box 3044 DPO AA 29966,2022-12-06
195,Jamie Soto,pbarnes@example.com,"742 Helen Fall Apt. 210 Montoyaburgh, PR 40439",2024-02-21
196,Joe Ford,wblack@example.net,"03985 Dawn Ville North Jessicachester, CT 54395",2024-04-15
197,Daniel Marquez,karenhamilton@example.org,"6873 Gordon Keys Apt. 547 North Courtneyton, MP 85512",2021-03-09
198,Rachel Edwards,roger79@example.com,"PSC 1355, Box 9764 APO AE 67020",2022-11-26
199,Courtney Rose,cpratt@example.com,"5963 Mcintosh Shoals Suite 170 Amandastad, DE 73111",2023-02-16
200,Elaine Hale,vadams@example.net,"2239 Green Lights Suite 474 Jessicahaven, IA 68550",2020-11-26
201,Julie Estes,brandimatthews@example.net,"8549 Davis Overpass Johnstonburgh, ID 94414",2021-10-20
202,Kelly Brown,brianmorgan@example.org,"7426 Amanda Port East Morganburgh, HI 92414",2024-01-01
203,Casey Brown,erickemp@example.com,Unit 4375 Box 7898 DPO AA 26989,2021-07-13
204,Tony Jones,dcole@example.org,"84969 Patel Flat Whiteland, SD 70914",2024-09-05
205,Heather Roberts,mariamiller@example.net,"31543 Monica Divide Suite 574 Perrytown, HI 41460",2022-06-06
206,Sydney Guzman,reidcory@example.com,"541 John Circles New Ann, NC 39042",2023-11-13
207,Joshua Robertson,lisamyers@example.net,"411 Lindsey Inlet Suite 219 Wayneport, MO 27865",2024-04-13
208,Robert Carr,brownrachel@example.net,"01780 Christian Square Johnland, MH 55789",2022-02-21
209,Colton Reed,robinclarke@example.com,"868 Glover Stravenue West Josephmouth, DE 79145",2024-01-02
210,Kaitlin Gonzalez,melindawhite@example.org,"59523 Robert Stravenue Suite 150 Richardfort, MP 65639",2022-02-07
211,Jose Perez,slopez@example.net,"55163 Elizabeth Mews Port Tanyaton, FL 74482",2023-04-21
212,Angela Walsh,joel48@example.org,"86545 Justin Alley Josephberg, MP 56818",2021-12-03
213,Stephanie Washington,stephen12@example.com,"118 Amy Club Robbinsmouth, MO 24138",2024-08-25
214,Joan Reed,kevin54@example.net,"37289 Kimberly Gardens Suite 358 Angelaport, NM 49708",2020-01-09
215,Christopher Wilson,marc61@example.com,"1879 George Shoals Suite 153 Heidimouth, VA 61297",2021-02-05
216,Juan Carter,anthonyroberts@example.org,"67302 James Pike Suite 891 West Danielleburgh, PW 37642",2023-01-04
217,Marcus Gilmore,robinsonanthony@example.com,"757 Barnes Oval North Lawrencefort, FL 70240",2024-07-21
218,Kenneth Carpenter,jacqueline84@example.org,"81163 Brianna Corners Suite 601 New Hannah, AZ 77612",2021-12-26
219,Allison Taylor,donald88@example.org,"38936 Erika Center North Catherine, OR 02096",2023-08-02
220,Michael Gomez,walkerrobert@example.com,"29127 Joanne Knolls Apt. 615 North Kara, GA 87774",2024-10-05
221,Nathan Brown,laceycampbell@example.net,"744 Schmitt Mountains Suite 315 East Larryfort, MA 53046",2022-03-30
222,Nicholas Smith,joshua99@example.net,"677 Collins Trace Apt. 998 East Jeremyhaven, NM 40446",2022-04-11
223,Amy Ramos,cjohnson@example.org,"213 Woods Greens Apt. 777 South William, PW 10268",2023-03-09
224,Michelle Lewis,iwarren@example.net,"02273 Thompson Motorway Apt. 243 Dominguezport, TX 11355",2020-10-25
225,Alex Washington,marissatorres@example.com,"1853 Brian Harbors Apt. 033 Lake Mark, SC 80746",2023-01-25
226,Christopher Williams,gonzalesjesse@example.org,"64979 Lori Row Apt. 610 Suzanneland, IL 14584",2020-07-07
227,Juan Turner,jaywang@example.net,"0710 Shaw Square Suite 242 Kevinburgh, WA 94818",2020-05-14
228,Shane Sanchez,zchaney@example.net,"468 Alexander Fort South Lisa, WI 65571",2024-06-10
229,Karen Garcia,sbrown@example.com,"0657 Welch Wall Apt. 820 Justinfort, IN 30724",2020-12-10
230,Matthew Perez,kirk36@example.net,"59593 Guerrero Mountain Bellton, AR 01223",2023-01-15
231,Kelly Guerrero,utate@example.net,"9362 Gerald Fords Suite 653 Mooreview, IA 12574",2024-06-30
232,Brandon Daniels,xrobinson@example.org,"75254 Kristin Ridges East Patricia, MI 63772",2024-04-13
233,Kathy Williams,robertyoder@example.net,"96825 William Groves Port Jillport, AR 16326",2020-10-23
234,John Shields,plloyd@example.net,"37235 Cox Street Shahton, PW 79727",2020-06-01
235,Melanie Stewart,martinezcrystal@example.com,"97306 Thompson Shore Suite 661 Port Lori, AL 76734",2021-04-20
236,Suzanne Ramirez,carlos10@example.org,"6296 Elliott Vista Cherylside, GU 13583",2021-10-15
237,Jeffrey Guerrero DVM,zdoyle@example.net,"36358 Steven Branch Mackland, NJ 43535",2021-03-04
238,Sarah Lynch,hornedouglas@example.org,"4106 Tara Locks Suite 502 New Laurieshire, OH 07433",2022-10-12
239,Cindy Willis,wsanchez@example.com,"11998 Vaughn Fall Ibarrachester, WV 42325",2020-02-02
240,Cynthia Munoz,uromero@example.com,"PSC 1256, Box 9603 APO AE 23459",2020-12-16
241,Sarah Gutierrez,freemanbrian@example.org,"06359 Rodriguez Field Apt. 363 Lake Paul, MD 45336",2021-12-29
242,Autumn Juarez,blackjoann@example.net,"427 Li Street Suite 989 Garciaview, SD 80653",2020-05-11
243,Jessica Snow,tsims@example.net,"30872 Quinn Point Suite 346 Port Davidstad, SD 44423",2020-07-13
244,James English,nunezsara@example.com,"877 Hill Underpass Suite 282 Nunezville, PR 84658",2023-06-22
245,John Kelly,gvasquez@example.org,"837 Christopher Knolls Apt. 729 Doylefurt, AZ 31383",2020-12-20
246,Kyle Byrd,zhudson@example.com,"PSC 4976, Box 0060 APO AE 52367",2024-02-20
247,Elaine Gates,wilsonvanessa@example.org,"6017 Juan Island North Michael, GU 65001",2020-12-01
248,Elizabeth Wood,mcdanielwayne@example.com,"997 Nicholas Wells Suite 255 New Barbarachester, SC 74887",2021-06-13
249,Claire Contreras,davidcox@example.net,"1718 Hughes Flat East Sarahland, NH 48753",2023-02-20
250,Travis Hutchinson,durangarrett@example.net,"621 Alejandro Garden Lopezmouth, IA 23338",2022-11-28
251,Connie Kelley,yrodriguez@example.org,"1495 Jonathan Locks Apt. 249 Lake Emily, FM 22129",2022-03-26
252,Larry Barton,robertrussell@example.net,"8800 Jeffrey Junctions Port Kevin, WI 84018",2023-08-28
253,Christina Tran,gordonmary@example.com,"69738 Riley Path Suite 120 Cooperport, CA 00707",2020-05-16
254,Katherine Lopez,bmiller@example.com,"53237 Tucker Terrace Mariabury, MD 06273",2023-10-18
255,Mike Ortiz,rachel18@example.com,"9522 Cynthia Gardens Suite 923 Toddstad, ID 06327",2022-01-22
256,Daniel Maddox,michael29@example.com,"36825 Mathis Forge Apt. 578 Robinshire, PA 74743",2024-07-10
257,Tommy Maldonado,tamaraarmstrong@example.net,"1274 Bennett Haven Suite 645 North Seth, MA 05598",2022-06-13
258,Jose Johnson,mary70@example.org,"305 Robertson Field Suite 973 Lake Travisberg, KS 98489",2020-02-29
259,William Molina,jason91@example.com,"1550 Patricia Brook Nicholasside, IA 85830",2021-11-10
260,James Velazquez,charlessalazar@example.com,"1205 Greene Summit North Ryanfurt, WV 82967",2024-04-18
261,Jennifer Reynolds,vholmes@example.org,"8970 Lee Falls Suite 682 North Robintown, OK 41727",2020-12-28
262,Gregory Hernandez,abrooks@example.org,"102 Megan Via Brookefurt, PW 86288",2024-09-08
263,Mark Thompson DDS,william55@example.com,Unit 0447 Box 5432 DPO AA 99596,2020-03-07
264,Nicholas Potts,emma69@example.net,"9870 Rodriguez Lodge Williamport, PR 60275",2021-04-17
265,Matthew Navarro,dwilson@example.com,"96372 Collins Drives East Josephfurt, DE 96231",2020-03-05
266,Virginia Tucker,wroy@example.com,"1650 Patrick Greens Suite 531 West Michael, MI 50678",2020-07-11
267,Nicholas Blevins,adamsmatthew@example.com,"40617 Stephen Underpass Apt. 885 Moralesbury, CT 10837",2023-03-09
268,Caitlin Perez,marypeters@example.com,"521 Margaret Road Suite 647 North Michaelmouth, MH 07029",2020-05-21
269,Steven James,roy49@example.net,"5115 Jillian Prairie West Sharonberg, ID 53338",2023-04-22
270,Derek Clark,vhernandez@example.net,"092 Morrison Keys Apt. 240 Michelleville, LA 54405",2023-10-03
271,Lori Garcia,tcook@example.org,"72362 Christopher Divide Colemanstad, MS 74585",2020-04-17
272,Daniel Calhoun,nicholas10@example.com,USS Griffin FPO AE 59818,2022-01-20
273,Jacob Walls,josejordan@example.com,"141 Peter River Suite 635 Ruizfurt, AZ 42477",2023-12-13
274,Mario Mcmahon,anna99@example.org,"PSC 6865, Box 7476 APO AE 23872",2021-11-27
275,Barbara Cox,glopez@example.com,"68500 Steven Wall North Michaelmouth, HI 72551",2024-08-29
276,Veronica Baird,keithchristopher@example.net,"198 Parker Summit Wilsonborough, NH 78598",2024-01-27
277,Angel Arias,zamoraapril@example.net,"23970 Tracy Camp Apt. 561 Lake Stacyburgh, IN 67140",2023-11-08
278,Christopher Charles,marksmith@example.net,"873 Brown Freeway Port Kevinshire, TX 38021",2022-01-19
279,Jessica Wilson,zjenkins@example.com,"50492 Steven Street Apt. 140 New Jeremymouth, DE 27016",2020-08-14
280,Christopher Stone,erikagibson@example.org,"28483 Gina Meadow Port Craig, PA 74006",2020-09-20
281,Brian Obrien,williamsmichael@example.com,"14370 Emily Fords Suite 995 Michaelland, AK 69427",2024-03-24
282,Gabriela Young,clarkzachary@example.net,"421 Brian Village Davilamouth, NJ 46173",2024-09-05
283,Dr. Kristen Henderson,tdrake@example.net,"1687 Jenna Mountain Lake Anthony, DE 22795",2022-12-22
284,Deborah Morrison,fholmes@example.net,"70829 Keith Mill Jesseview, MH 81248",2023-02-16
285,William Kennedy,brandonsanchez@example.org,"17357 Maria Expressway Suite 352 East Amanda, KS 28785",2020-09-21
286,Eric Flores,christophersnow@example.net,"5147 Bradley Forges Lake Kimberly, MH 05347",2021-05-15
287,Steven Hoover,csmith@example.net,"4253 Sanders Springs Ryanhaven, PW 17877",2021-11-07
288,Lynn Richards,bcoleman@example.net,"85948 Mark Lodge Apt. 238 Lake Danielside, FM 84850",2023-06-03
289,James Olson,valentinemichael@example.net,"8357 Sally Plaza Weissview, CA 27312",2020-08-16
290,Kim Walton,miranda27@example.net,"9149 Jenna Forge Suite 061 Annaton, CA 79814",2023-07-20
291,Anne Moon,idiaz@example.com,"8462 Thomas Drive Osbornview, VA 80750",2022-06-02
292,Mr. John Moon,qmiranda@example.net,"1760 Zachary Mission Port Christopherview, MN 83235",2023-07-26
293,Brooke Hendricks,williamdavies@example.net,"PSC 3192, Box 2392 APO AE 28376",2022-05-01
294,Cole Hunter,nicole93@example.net,"5275 Shaw Drives Suite 979 Brittanyton, MI 14865",2021-07-18
295,Leah Williams,lonnie92@example.com,"106 Bradley Lodge Apt. 601 Lake Zachary, VA 78708",2021-12-09
296,Debra Flowers,andrea12@example.org,"6154 Smith Well Suite 093 Lake Joseph, WA 22718",2020-06-23
297,Steven Mcclure,nealcynthia@example.com,"24877 Austin Land Suite 092 Pennymouth, OK 27048",2023-10-29
298,Michelle Alvarez,dennis69@example.com,"824 Glover Ford Apt. 335 Port Jacobtown, NJ 53823",2021-08-05
299,Beth Huang,garciasarah@example.com,"8312 Johnson Squares Suite 001 West Seanside, TX 45266",2024-01-29
300,Kevin Parker,brianna55@example.com,"107 Jasmine Tunnel Port Thomas, MS 66218",2023-04-23
301,Jeffrey Patel,masondavid@example.net,"60566 Hall Drives Pagestad, NE 20918",2023-12-15
302,Lucas Stevenson,briannawilson@example.net,"265 James Street Apt. 445 South Laurenborough, NM 18537",2021-07-17
303,Mark Moreno,acostadavid@example.com,Unit 1232 Box 5787 DPO AP 52966,2024-09-07
304,Jennifer Oconnor,valenzuelarobert@example.com,"787 William Parkway Smithton, IN 28835",2024-02-21
305,Latasha Leonard,amywright@example.org,"1412 Megan Road Apt. 744 Campbellfurt, IA 48325",2023-07-12
306,William Krause,darrellthomas@example.net,"426 Paul Springs Lake Alanland, PR 95773",2020-04-11
307,Luis Sanchez,samanthawiggins@example.org,"1704 Williams Port North Jessicaside, ND 92208",2023-07-24
308,Wendy Mckenzie,lindsey41@example.org,"6370 Wells Points Philipland, IN 06282",2023-02-17
309,Ashley Thomas,isingleton@example.net,"6379 Duncan Orchard Suite 612 East Jerry, KY 69771",2020-01-30
310,David Carson,adam75@example.net,"417 Brianna Squares Apt. 424 Lake Kimberlyton, NY 31988",2021-01-24
311,Danielle Bradford,brianferrell@example.net,"515 Katrina Glens Apt. 117 Duncanview, NH 73283",2021-08-14
312,Ashley Johnson,richard73@example.com,"32815 Allison Plaza Suite 783 West Andrewstad, MS 10199",2021-03-01
313,Amber Johnson,rhughes@example.com,"3685 Parks Fort South Gerald, VI 45293",2021-06-20
314,Jacob Ward,williamsjames@example.com,"1458 John Trail Stevenston, NJ 07292",2024-04-08
315,Kelly Myers,mckeetiffany@example.com,"15638 Sanchez Lodge Suite 249 Lake Paul, CO 85075",2020-08-12
316,Judith Wall,tammy66@example.net,"6749 Courtney Springs Thomasfort, MA 05876",2023-11-18
317,Robert Franklin,sara80@example.org,"2691 Robinson Bypass Apt. 590 Brandiview, NE 04557",2024-06-03
318,Jennifer Gomez,qjones@example.com,"581 Warren Ports Barryton, NM 95771",2021-06-10
319,Joseph Schwartz,andresimmons@example.net,"92366 Johnson Freeway Apt. 846 North Nicholasstad, IL 95468",2021-04-25
320,Diana Gomez,kbrock@example.org,"13906 Howell Bypass North Elizabethtown, CA 53404",2020-07-09
321,Hannah Oconnell,castillosharon@example.com,"94129 Christina Hills Apt. 031 Port Catherineborough, AL 17759",2020-10-20
322,Jennifer Mcdonald,jameshess@example.net,"PSC 6241, Box 9419 APO AP 82723",2024-07-29
323,Cheryl Gilbert,jonesyesenia@example.com,"PSC 6807, Box 8602 APO AP 24732",2022-07-18
324,Mark Bryant,gilbertnolan@example.org,"902 Rose Crescent Suite 595 Beverlymouth, MS 05881",2023-07-17
325,David Long,michael81@example.org,"0105 Johnson Views Suite 139 Christopherview, SC 34766",2021-01-16
326,Anthony Wyatt,garrettjo@example.org,"316 Adam Wells Suite 037 Lake Leahport, NC 88982",2022-03-01
327,Natalie Martinez,kenneth60@example.com,"019 Maria Brook New Tylershire, AS 90685",2020-08-19
328,Joshua Floyd,kristin10@example.net,"PSC 8628, Box 9492 APO AE 97217",2022-07-12
329,Michael Morris,calderontheresa@example.net,"259 Carol Avenue Suite 951 North Nancyville, MN 91511",2020-02-09
330,Seth Mullins,qdeleon@example.net,"5833 Young Extension Danaberg, AR 04575",2020-04-30
331,Jack Ruiz,joseph65@example.net,"931 Todd Junction Brownville, CT 79539",2021-09-02
332,Adam Morgan,rebeccaward@example.org,"714 Zachary Pike Apt. 311 New Jessicaland, AS 06718",2023-06-05
333,Gabriel Gonzalez,john10@example.com,"2504 Dougherty Motorway Port Henry, ND 75259",2024-02-07
334,Emma Gilbert,danielowen@example.org,"91567 Dawn Mount Rebeccamouth, SD 04815",2021-06-24
335,Eddie Lewis,vgilbert@example.org,"247 Lisa Fall Apt. 745 Jonesfort, NV 21584",2020-11-08
336,Madison Brooks,christopher29@example.net,"233 Delgado Ways Suite 664 Port Edgar, ND 41159",2020-09-21
337,Joshua Long,bobby75@example.com,"236 Lee Fords Pateltown, WY 92451",2022-07-22
338,John Conley,josewalker@example.net,"824 Lori Valleys Jenniferberg, AL 50096",2020-12-02
339,Allison Bullock,aprilguerrero@example.net,"530 Walker Viaduct Blairburgh, IL 61089",2022-11-09
340,Valerie Adams,dhill@example.org,"PSC 4387, Box 5294 APO AP 80843",2023-11-22
341,Emma Munoz,jeffbentley@example.com,USNS Clarke FPO AA 54023,2023-08-22
342,Philip Matthews,clarktimothy@example.net,"98693 Cole Loop Apt. 640 South Keith, OH 34966",2021-01-20
343,Alan Barker,lisa73@example.org,"1340 Jessica River Suite 742 Lake Michael, KY 33393",2022-04-19
344,Bradley Smith,david06@example.org,"30065 Munoz Center Stephaniestad, RI 61690",2022-03-04
345,Amanda Perez,lyoung@example.org,"7934 Jeffrey Valleys Lake Elizabethshire, RI 66283",2021-05-16
346,Christopher Wells,reyesjustin@example.net,"65487 Wells Hills Shellyside, VI 25240",2022-03-07
347,Tiffany Armstrong,lisaleblanc@example.org,"3794 Bartlett Crest Apt. 839 Mariafurt, UT 36541",2020-09-07
348,Jordan Ford,guerraamy@example.com,"0694 Kimberly Flat North Katrinaview, NC 68975",2024-07-30
349,Daniel Cox,lliu@example.net,"54162 Juan Inlet Suite 780 Thomasport, VA 58761",2021-04-09
350,Jose Grimes,logan33@example.com,"1900 Sheryl Ranch Apt. 999 Anitamouth, VT 19812",2022-09-28
351,Jill Smith,cynthiahoffman@example.net,"59072 Mary Pass West Justinmouth, OK 47143",2023-01-26
352,William Carter,carrstephanie@example.org,"4783 Mary Junctions Suite 377 Lisaburgh, WY 60177",2021-07-14
353,Carrie Joseph,ricecrystal@example.com,"34460 Phillips Garden Apt. 271 Lake Wyattfort, NY 55673",2022-06-02
354,Alex Rollins,kayla78@example.org,"689 Danielle Mission Suite 845 Johnview, RI 48749",2022-06-11
355,Stephen Mccoy,kleinjustin@example.net,"0557 Wayne Square Christinastad, ID 93109",2024-03-26
356,Isabella English,barnesbeth@example.net,"9416 Carlos Spur Ashleyside, PR 93068",2021-09-11
357,Brandy Daniel,sullivankristine@example.com,"79916 Juan Mountains Suite 871 Shanebury, NJ 07719",2022-12-12
358,Terrance Miller,mgibbs@example.com,"1540 Isaiah Lock Edwinstad, UT 50695",2021-11-02
359,Daniel Alexander,vcarter@example.com,"448 Tommy Trail Apt. 042 Kevinview, AL 24567",2021-03-06
360,Yolanda Young,jennifer32@example.net,"266 Arnold Shore Rogersmouth, GA 11299",2023-09-13
361,Dylan Lynch,morganjanet@example.org,"775 Frank Union Christineshire, RI 50244",2023-04-05
362,Laura Obrien,karlabaker@example.com,"7908 Garrison Causeway Suite 151 West Chadfurt, MT 40552",2023-02-08
363,Krystal Cunningham,christopher86@example.net,"755 Schneider Station Suite 320 Annabury, MA 47631",2024-01-09
364,Samantha Meyer,kayla92@example.net,"926 Anderson Prairie Apt. 546 Hubbardside, NC 57304",2021-09-04
365,Robert Bryant,darmstrong@example.net,"04440 Moran Tunnel Suite 214 Rosshaven, NE 89037",2023-12-19
366,Christine Hall,ferrellangela@example.org,"617 Schroeder Lock Apt. 034 West Zachary, NJ 14528",2024-05-18
367,Regina Castro,jenniferanderson@example.org,"53159 Joshua Mountain Christopherhaven, WY 89963",2020-12-28
368,Amanda Rodgers,xdavis@example.net,"79235 Charles Flats Curtisview, UT 91619",2022-07-12
369,Matthew Rodriguez,joshuaorr@example.org,"0584 Jordan Pines Lake Adam, ND 75298",2020-03-29
370,Caitlin Brown,luiscline@example.net,"873 Alexander Point Garzaview, VI 04457",2022-10-18
371,Mrs. Diane Gaines,stevensonkeith@example.org,"6732 Allison Drive Torreschester, MS 49544",2020-11-26
372,Andrew Patel,calhounwilliam@example.com,"29145 Derrick Stravenue Apt. 860 Lake Jamesburgh, TN 69438",2021-02-22
373,Lisa Soto,camposglenda@example.org,"2575 Norris Glens Apt. 160 Randallland, WV 79553",2021-09-19
374,Carlos Dixon,tracy81@example.net,USNS Davidson FPO AE 59443,2022-05-18
375,Bradley Mcdonald,macklisa@example.org,"152 Lawson Pine Jakeshire, IL 85097",2021-09-13
376,Lisa Wallace,clayalexandra@example.org,"0651 Ronnie Greens Suite 235 Jeffreystad, CO 03543",2023-12-12
377,Stephanie Hutchinson,edwardlyons@example.net,"8247 Thomas Common Barnettport, OH 94338",2023-11-22
378,Lauren Richardson,matthew56@example.com,"4587 Samantha Port North Danielside, NE 82586",2024-07-26
379,Jacqueline Sanchez,samantha61@example.org,"9728 Livingston Grove East Daniel, WY 81450",2023-10-31
380,Morgan Lloyd,christopherwilliams@example.org,"3719 Molly Route West Dawn, AR 73202",2022-10-03
381,Cynthia Campbell,jenniferfreeman@example.net,"0551 Little Lodge South Phillip, MT 59042",2024-04-18
382,Eric White,wolfrichard@example.net,"507 Lynn Dale South Marvinburgh, VA 50042",2020-08-01
383,David Johnson,rebeccajackson@example.net,"75861 Brooks Causeway Apt. 936 Port Jeffreyland, OH 80621",2021-11-12
384,Patricia Lee,wrightholly@example.org,"06733 Trevino Orchard Lake Riley, AS 30925",2024-06-10
385,Brandi Phillips,amanda00@example.net,"2966 Timothy Estates Suite 269 Harrisshire, FM 22825",2021-11-01
386,Lauren Stanley,rosejesus@example.net,"3169 Jamie Vista Paulton, AS 88556",2023-09-13
387,Larry Christensen,anthony94@example.net,"4547 Carl Wells New Scottstad, WY 21320",2020-05-22
388,Susan Rodriguez,harrisjoseph@example.org,"567 Emily Spur South Dianaview, IA 56026",2020-10-20
389,Ruben Baldwin,angela51@example.net,"92026 Henry Gardens Ryanview, NM 70793",2021-08-20
390,Joshua Robinson,jason45@example.org,"743 Klein Passage Suite 353 Markbury, WI 84904",2024-08-20
391,Derrick Miller,jamescameron@example.com,"0833 Dustin River North Amytown, MS 55270",2022-11-09
392,Angela Mclaughlin,tcarter@example.com,"26983 Robbins Lake Brockton, AK 47068",2022-12-21
393,Abigail Mcdonald,millermark@example.net,"76822 Ross Prairie Apt. 750 South Deborahville, HI 08102",2024-04-19
394,Darren Smith,singhpamela@example.com,"162 Strickland Shore Webbstad, KS 19426",2024-06-30
395,Frank Freeman,lopezbrian@example.com,"7393 Andrew Summit Johntown, MI 85954",2023-12-28
396,Megan Robbins,travisthomas@example.org,"PSC 2555, Box 8902 APO AE 05225",2020-11-11
397,Crystal Jackson,christinelutz@example.com,"573 Nelson Ways Suite 027 Jamesshire, MH 93811",2024-07-22
398,Vincent Hogan,druiz@example.com,"35386 Stephen Rest Suite 411 Michaelburgh, NC 04729",2020-06-12
399,Brandi Williams,lrichard@example.net,"23743 Rebecca Loop Suite 149 East Seth, MT 74426",2023-02-21
400,Michael Ray,morgan35@example.net,"4364 Jenny Stream Suite 532 West Gina, AR 13249",2023-06-15
401,Philip Fox,kylejimenez@example.org,"PSC 4191, Box 5344 APO AA 59500",2021-02-06
402,Ashley Cooper,jamesjohnson@example.org,"889 Amy Place Apt. 387 Valentineberg, UT 85969",2023-07-13
403,Dennis Pena,catherineevans@example.org,Unit 7938 Box 7840 DPO AE 95966,2020-02-14
404,Anthony Gordon,sotobeverly@example.net,"31549 Espinoza Light Apt. 090 Haynesmouth, CA 81277",2020-12-15
405,Joel Hamilton,kevin99@example.com,"6749 Sherry View Suite 936 New Amandatown, ND 36756",2020-01-24
406,Beverly Williams,tammy20@example.org,"9384 Pena Circles West Brian, SD 91008",2021-08-15
407,Melissa Mccullough,savannah80@example.org,"892 Kaitlyn Drive Suite 292 Port Elizabethbury, OR 36000",2022-03-06
408,Kenneth Edwards,qyang@example.net,"6596 Mendoza Circles Warrenberg, MO 34395",2023-01-15
409,Brian Adams,barbara77@example.net,"17960 John Gateway New Leah, ID 02440",2020-05-30
410,Justin Larsen,matthewwang@example.net,"28184 Susan Ways Suite 624 Thomasstad, AS 60242",2020-07-20
411,Dylan Brown,dstewart@example.org,"2514 Heather Cape Suite 604 New Stephanie, IA 95909",2021-12-04
412,John Johnson,melissa88@example.net,"31159 Kelly Plains Lake Allison, LA 67777",2021-01-22
413,Ashley Sanchez,glozano@example.net,"981 Brenda River Suite 884 Coxhaven, VT 58815",2024-01-03
414,Stacy Edwards,paulramirez@example.net,"080 Meadows Divide Suite 522 Kingtown, ME 17628",2022-08-29
415,Michael Pearson,schmidtsherry@example.net,"6629 Kennedy Road Port Steven, WV 59729",2021-03-13
416,Reginald Mullen,burnettjill@example.org,"37788 Bonnie Dam Suite 969 Duanehaven, UT 89889",2022-10-18
417,Robert Johnson,thomashayes@example.net,"0737 Knight Plaza Lake Anthony, VA 62613",2021-05-31
418,Elizabeth Long,dpacheco@example.com,"3243 Jackson Mall Perezmouth, IA 47055",2022-10-21
419,Warren Vance,zgarza@example.com,"271 Christina Village Suite 089 Julietown, NE 84625",2024-07-05
420,John Garcia,tinaparker@example.org,"9769 Susan Square New Donaldport, SD 89558",2022-08-26
421,Nathaniel Gray,kelsey01@example.net,"8361 Adam Harbors Apt. 145 Allisonport, MT 29230",2021-12-01
422,Russell Griffin,donnagray@example.net,"333 Diaz Turnpike South Nathanmouth, HI 79769",2024-07-20
423,Bryan Taylor,qmiller@example.net,"60627 Jennifer Dale Apt. 040 Tatefort, LA 51107",2024-04-27
424,Allen Mccarthy,ronniemiller@example.com,"346 Brian Rue West Davidmouth, MH 36294",2024-09-01
425,Manuel Scott,thomasmark@example.net,Unit 9258 Box 3175 DPO AA 33792,2021-11-24
426,Mrs. Patricia Mahoney,kreyes@example.com,"4574 Garcia Springs Suite 742 South Travis, TX 76417",2024-03-27
427,Olivia Gonzales,lauren41@example.net,"739 Vasquez Summit Apt. 796 South Cheryl, MA 36612",2020-12-29
428,Linda Horne,vperez@example.net,"271 Mary Burgs East Chad, ND 43148",2021-04-24
429,Emily Pollard,hendersonmichael@example.com,"8144 Atkins Ferry Perezville, PA 60897",2023-01-30
430,Jose Gill,acostaalexa@example.org,"85625 Sarah Circles Suite 920 Sarahfurt, NM 76174",2021-06-15
431,Brianna Marsh,adrianvasquez@example.net,"44220 Alexander Drive East Jenniferview, OK 14615",2021-01-26
432,Mary Powell,edwardmiller@example.com,USCGC Sullivan FPO AP 96737,2022-07-25
433,Abigail Powell,martinezchristopher@example.org,USCGC Austin FPO AA 40235,2024-01-04
434,Megan Frank,walshstacy@example.com,"PSC 8361, Box 5075 APO AP 85720",2024-07-18
435,Marcus Lewis,downsnoah@example.com,"6759 Davis Falls South Ellen, NM 44059",2023-07-16
436,Toni Miller,linda02@example.net,Unit 7818 Box 1456 DPO AP 97968,2022-01-08
437,Joseph Wagner,hwade@example.org,"044 James Islands Apt. 386 Lake Vernonport, TN 11966",2022-12-05
438,Kimberly Martinez,vadams@example.net,"4519 Sheppard Throughway Suite 314 Port Tinaton, IN 68561",2021-09-25
439,Joseph Benitez,sheila44@example.org,"0678 Justin Mill Morganmouth, WY 15963",2021-04-09
440,Tina Castaneda,maldonadoamber@example.net,"957 Knight Wall Josephbury, VT 54064",2022-01-27
441,David Lopez,maria28@example.com,"9426 John Station North Martin, NY 27054",2020-11-16
442,Emily Washington,meredithsanders@example.net,"5275 Freeman Ford Lake Markberg, NM 54909",2020-12-02
443,Michael Pierce,kaitlyn74@example.org,"2117 Jones Ridges Loganfurt, MO 14481",2023-12-10
444,Gerald Lee,bianca61@example.com,Unit 1779 Box 7651 DPO AP 97670,2021-01-19
445,Courtney Morrison,millersandra@example.org,"976 Sanchez Island Stephenbury, FM 42694",2022-07-17
446,Julie Morgan,joneswilliam@example.net,"000 Michael Mountain Apt. 264 Masonborough, AS 88303",2020-01-27
447,Michael Miller,kim00@example.net,"192 Harris Mills Pollardtown, GU 67891",2020-10-24
448,Krista Carr,brenda45@example.com,USS Taylor FPO AP 75477,2021-04-15
449,Jacob Mann,larry05@example.net,"070 Morales Shoals Weekstown, PR 88925",2021-04-16
450,Joseph Thompson,bmanning@example.net,"359 Castaneda Knolls Wilsonland, NM 47523",2023-01-18
451,Michael Oliver,thompsonemma@example.org,"929 Mark Knoll Apt. 370 Lake Amystad, AK 92438",2024-08-14
452,Marvin Crawford,jamieanderson@example.org,"96980 Reed Burgs West Angelton, AZ 87826",2023-11-28
453,Alicia Diaz,shane75@example.net,"612 Robert Shoal Amyberg, ND 79132",2021-03-15
454,Michael Knight,pamela98@example.net,"48735 Mark Trace New Joshua, OR 51561",2022-08-14
455,Veronica Johnson,frank15@example.org,"397 Wood Creek West Timothyfurt, FM 54910",2020-07-29
456,Steven Richardson,sanchezjoshua@example.net,USNS Watkins FPO AE 20714,2022-07-19
457,Mallory Hernandez,dylan86@example.org,"909 Goodman Lake Apt. 665 Lake Angela, CT 33333",2021-09-01
458,Meghan Murillo,tburke@example.net,"03459 Nicole Knoll Apt. 092 West Dennisview, SC 61129",2024-09-03
459,Peter Duncan,donnamorris@example.net,"PSC 2016, Box 1591 APO AP 85030",2021-07-08
460,Randy Shaw,katherinesanders@example.org,"150 Kara Squares Feliciaview, OK 13214",2021-07-08
461,Jill Vasquez,jenniferdaniels@example.net,"PSC 5742, Box 8550 APO AP 67163",2021-06-21
462,Matthew Beck,cruzjohn@example.net,Unit 9580 Box 9101 DPO AE 73093,2021-09-04
463,Julie Henson,sballard@example.net,"331 Huffman Corners Apt. 489 East Allenbury, AR 43014",2021-12-03
464,Henry Chavez,kimberly56@example.net,"313 Williams Islands Jonesberg, MT 83506",2022-12-02
465,Jesse Arias DDS,darius71@example.com,"832 Jacobson Gateway Lunachester, OR 94742",2023-05-02
466,Elizabeth Flowers,kristenwhite@example.com,"36096 Patrick Heights Suite 827 Simsville, SD 21013",2022-12-13
467,Debbie Gallagher,megan46@example.com,"3637 Watson Freeway Suite 557 New Michael, FM 42239",2022-10-14
468,Trevor Martin,normanmendez@example.com,"66833 Adams Meadow North Cynthiaville, ID 56470",2023-06-04
469,Scott Castro,qevans@example.net,Unit 7338 Box 2015 DPO AA 11383,2022-04-20
470,Joshua Cannon,wlutz@example.org,"165 Curtis Road Erinton, WV 40357",2022-04-23
471,James Lloyd,uvaughn@example.net,"79852 Zachary Fork Suite 531 South Brianside, FM 14545",2022-12-25
472,Holly Miranda,coopercarol@example.com,"3716 Bowman Locks Tarafort, SD 07514",2023-03-31
473,Sergio Allen,phillipskatherine@example.net,"25317 Nunez Flats Suite 799 South Kimberly, ID 83168",2022-09-14
474,Catherine Walker,maxwellwillie@example.net,"5794 Nelson Shores Richardshaven, MA 22007",2024-02-16
475,Mark Tanner,fthomas@example.net,"545 Tamara Isle Suite 536 South Alexisfort, TX 71698",2024-01-17
476,Mark Todd,zmeyers@example.com,"64989 Katrina Lights Simonton, KY 53760",2021-03-16
477,Stephen Johnson,greenlauren@example.net,"91542 Corey Ridges Apt. 160 North Jimmy, ND 01026",2021-07-09
478,Stephanie Ross,crystalortiz@example.org,"4523 Jason Knoll Suite 075 Lake Jaimeshire, DC 92100",2024-07-12
479,Ashley Kelly,james08@example.net,"72876 Martin Trail Stokesport, NJ 77364",2022-11-26
480,Matthew Day,devin28@example.com,"353 Waller Circle Apt. 094 New Casey, CO 56857",2021-06-05
481,Carrie Sloan,matthew50@example.net,"873 Kristi Key Suite 401 Johnmouth, AK 66638",2021-08-21
482,Rick Mendoza,bradleyrosales@example.com,"44817 George Gardens Suite 931 New Jacob, NE 85324",2023-12-06
483,Christopher Goodman,bruce84@example.org,"6444 Williams Knolls Lake Linda, PW 35297",2023-11-08
484,Donna Booker,nperez@example.org,"99674 Spencer Green Apt. 208 Thomasberg, MS 41910",2021-06-12
485,Benjamin Gordon,whale@example.com,"565 Laura Estate Suite 364 Nguyenstad, ND 30213",2024-05-31
486,Kristin Aguilar,robertbuck@example.net,"9709 Cynthia Shoal Devinstad, NY 80887",2024-09-16
487,Jennifer Christian,annahampton@example.org,"22595 Sarah Shoal Suite 321 Port Margaretfort, MN 46576",2024-04-26
488,Aimee Hatfield,qwalls@example.net,"764 Robin Wells Apt. 293 South Angelaberg, AZ 83932",2022-12-13
489,Matthew Matthews,tracy24@example.org,Unit 8286 Box 9703 DPO AA 15676,2021-02-06
490,Charles Miller,kyle87@example.com,"317 Cody Freeway Apt. 006 South Ashley, GU 28733",2023-01-06
491,Jennifer Cooper,hbutler@example.org,"85668 Brian Squares Garciaside, AR 82275",2022-02-13
492,Stacy Vega,alvarezdavid@example.net,"83902 Joseph Pine South Elizabeth, DE 40977",2023-01-21
493,Thomas Daniel,stefanie41@example.org,"81298 Wilson Mills Suite 984 South Tammy, MD 72518",2022-03-26
494,Robert Fitzgerald,john48@example.com,"32553 Abigail Street Apt. 360 Lake Monica, MS 15965",2020-10-05
495,Katherine Nelson,kellyduran@example.org,"7609 Key Points Suite 355 Garzamouth, MI 51777",2024-06-19
496,Daniel Kelley,wreyes@example.com,Unit 5036 Box 1158 DPO AA 53627,2022-12-03
497,Chelsea Rice,allison45@example.net,"9311 Amanda Alley Lake Melissa, VI 90972",2022-10-25
498,David Conner,sanchezbrian@example.com,"7333 Johnston Freeway Sergioborough, NE 16340",2022-03-27
499,Diane Barnes,brendaspencer@example.org,"287 Conley Vista Suite 318 North Mercedes, AZ 90951",2022-10-26
500,Evan Thomas,kroman@example.net,"28198 Villa Lake West Amyshire, FM 77398",2024-08-13
