id,name,email,address,date_joined
1,Charles Leonard,obell@example.org,"412 Mullen Road Apt. 432 East Dawn, VA 23669",2024-02-23
2,Edward Garcia,diana08@example.org,"04316 Bass Ridge Apt. 904 East Cesarville, NC 47773",2023-07-09
3,Ryan Mclean,jenniferbell@example.org,"521 Harris Hollow Lake Christopherbury, VI 88554",2024-04-23
4,Heather Brown,rmcdonald@example.net,USNS Becker FPO AP 16158,2020-01-06
5,David Gates,michellecain@example.com,"041 Jackson Lock Apt. 090 Camposbury, TX 81032",2022-01-22
6,Mrs. Emily Davidson,crystal56@example.com,"1411 Martinez Islands Apt. 090 Lake Emilyton, IN 50072",2023-10-09
7,Lindsey Myers,lhampton@example.net,"15440 Mercedes Well Apt. 407 Garciaville, TN 88398",2020-09-29
8,Michael Bell,avega@example.com,"2021 Steven Glens West Ambermouth, AR 10056",2023-04-03
9,Joseph Rice,evansjoseph@example.com,"9408 Hunter Keys Apt. 740 Jonathanview, ME 43172",2022-08-21
10,Mario Mueller,cynthia03@example.org,"4018 Bauer Burgs North Roberta, MH 02655",2023-01-03
11,Christopher Horne,wellsmegan@example.org,"366 West Mountain Suite 841 West Samanthahaven, AK 76035",2021-12-12
12,Amber Haley,simsashley@example.com,"178 Matthew Junction Apt. 620 Lydiastad, AL 76842",2020-01-23
13,Kristen Scott,haassarah@example.com,"84661 Jennifer Drive North Kathleen, DC 26752",2024-09-10
14,Jasmine Schwartz,murphyderek@example.com,"04828 Nicholas Meadows Michaeltown, PR 50451",2024-01-25
15,Jeffrey Lee,ostone@example.com,"6123 Burns Burgs Apt. 625 West Stephen, NY 38599",2021-04-27
16,Craig Austin,jessicaberry@example.org,"11687 David Ports Martinport, NJ 56249",2021-09-18
17,Walter Jones,jpearson@example.net,"5029 Clayton Field Suite 793 Wilsonland, CA 07226",2020-01-19
18,Jason Jenkins,anitaanderson@example.org,"9047 Cohen Mountain East Saraberg, NY 94674",2023-04-07
19,Sarah Crawford,steven65@example.org,"756 Stevenson Green Suite 458 New Randall, FM 74004",2021-08-29
20,Cynthia Marks DDS,fharris@example.net,"247 Charles Forks Suite 147 East Marcus, MA 77131",2021-01-16
21,Monica Ramirez,andrew40@example.com,"3276 King Spur Joystad, KY 01264",2020-06-22
22,Nicholas Robinson,zunigarebekah@example.org,"61507 Ford Well Apt. 493 Sandraburgh, SC 27844",2023-08-27
23,Charles Hernandez,hughesbrianna@example.org,"678 Meadows Heights Lake Jenniferchester, KY 16229",2020-05-01
24,Yolanda Macias,laurenanderson@example.com,"9814 Brewer Skyway Apt. 126 Wyattmouth, CT 30443",2023-03-27
25,Aaron Valdez,kaiserkevin@example.org,"9031 Christopher Centers Barbaramouth, FM 02564",2024-06-15
26,Bryan Daniels,mduran@example.com,"656 Ewing Shoal New Michele, WI 88732",2021-08-18
27,Robert Thompson,dharrison@example.net,"9730 Estrada Plaza Hallside, GU 75580",2023-06-23
28,Michael Jones,zacharylee@example.net,"59020 Wagner Station Apt. 036 Johnnytown, MT 38901",2024-09-07
29,Lisa Jackson,masseyrodney@example.org,"308 Bradley Crest Michaelhaven, MA 36276",2020-03-05
30,David Moore,meganjones@example.org,"0325 Morales Walks Apt. 693 Brownfort, MI 56271",2023-08-24
31,Martin Ibarra,gregoryball@example.org,"700 Li Glens Apt. 860 East Jamesberg, AS 91929",2023-03-29
32,Jessica Sutton,wallsjoseph@example.com,"8414 Watts Forge Riceville, WI 32187",2022-04-30
33,Heidi Carter,wilsonchristine@example.net,"957 Garrison Route Suite 278 Carolmouth, MI 81701",2020-05-10
34,Todd Brown,shawndavis@example.com,"79790 Kristen Dale Kathleenchester, CO 34035",2021-03-24
35,William Graves,donovanjamie@example.net,"57569 Barbara Roads Apt. 043 Beantown, MA 49881",2022-05-25
36,Phillip Cruz,howard49@example.org,"PSC 7821, Box 4984 APO AA 79016",2024-03-04
37,Michael Anderson,uporter@example.net,"2764 Davis Extension Apt. 254 West Tiffany, KY 38993",2022-02-26
38,Michael Gould,njohnson@example.org,"273 Guerrero Prairie Apt. 263 South Scott, NJ 98814",2020-10-11
39,Juan Stanton,schmidtpatricia@example.net,"11983 Paul Course Diazbury, CT 69046",2024-04-22
40,Andrew Macias,lloydmelissa@example.org,"19965 Alejandra Lock North Tanyamouth, OR 07836",2020-12-20
41,Robin Ross,megan02@example.net,"661 Javier Mountains Crawfordton, OK 92140",2020-01-31
42,Michael Sandoval,wjohnson@example.net,"9478 Stephen Inlet Apt. 092 New Brianna, MP 00596",2024-04-11
43,Joshua King,james82@example.net,"148 Brown Harbor Joneston, MN 20240",2023-01-19
44,Sarah Salazar,ramirezrachel@example.org,"46478 Adams Lakes Jamesstad, UT 74570",2020-12-01
45,Elizabeth Webb,alexis36@example.net,"901 Owens Loop Suite 964 Lake Danielstad, AL 19058",2024-04-14
46,Gabriel Swanson,smithdaniel@example.net,"12863 Porter Shoal Gallowaymouth, KS 13433",2021-02-15
47,Mrs. April Rose,ymorrison@example.net,"36680 Jacqueline Stream Lake Craig, SC 29942",2020-01-31
48,Mark Williams,fitzpatrickjessica@example.net,"269 Cynthia Radial New Victoria, ID 85337",2021-06-08
49,Angel Kim MD,hicksmichael@example.net,"35093 French Park Tarahaven, IL 53574",2020-02-23
50,Vincent Singh,ugutierrez@example.net,"30752 Brown Villages East Justin, VI 28555",2023-10-12
51,Julia Griffin,hardingdiane@example.com,"PSC 9729, Box 9049 APO AA 85659",2023-09-03
52,Troy Cross,curtiscontreras@example.com,"11426 Zachary Causeway Suite 554 East Matthew, AL 07622",2023-01-11
53,Kelly Jones,misty54@example.org,"8500 Owen Loop Fieldsmouth, VA 13135",2022-02-11
54,Sarah Dillon,coxcalvin@example.com,"636 Kathleen Green Ryanfurt, MT 87191",2022-05-19
55,David White,simmonsjustin@example.org,"40233 Kimberly Extensions Suite 298 New Michaeltown, IL 12337",2023-08-21
56,James Pineda,cellison@example.org,"8981 Sanders Heights Lake Kathleen, MN 34472",2024-03-25
57,Steven Gibson,david26@example.net,"605 Angela Loop Suite 227 Hoffmanfurt, NC 58135",2020-08-08
58,Christopher Thomas,vegastephen@example.com,"81263 Travis Grove Beckstad, MN 06850",2021-12-23
59,Brian Cooke,kylie89@example.com,"287 Hughes Harbors Suite 924 West Ryanfort, GU 72611",2020-11-24
60,Jacqueline Cannon,rodgersjonathan@example.net,"26384 Phillip Lodge New Wendy, WV 24988",2024-07-10
61,Amber Mcfarland,joshuasmith@example.org,"7206 Thomas Place Suite 694 New Jeffrey, WA 69584",2020-05-26
62,Jamie Fisher,ruizsandra@example.org,"58233 Kim Lake Apt. 758 Gillmouth, NV 38850",2020-06-22
63,Christopher Collins,scott88@example.net,"55552 Hays Radial Johnberg, KS 46842",2024-01-12
64,Nathan Gardner,oliviaschroeder@example.com,"130 Suzanne Island North Caitlinbury, DE 67227",2021-09-28
65,Michael Keller,omorton@example.org,"295 Jimmy Via Suite 818 East Lauren, IN 17806",2020-09-12
66,Darlene Roach,doris27@example.net,"316 Brianna Motorway Marshallhaven, KY 64576",2022-03-23
67,Mallory Dixon,wallmelissa@example.com,"616 Acevedo Spurs Apt. 861 Zimmermanhaven, OH 97351",2021-08-31
68,Louis Johnson,andrewmoran@example.org,"25946 Hoover Brooks Jacksonmouth, DE 99140",2023-02-22
69,John Huff,holdenbrandon@example.org,"147 Ferguson Wells New Christopher, NJ 53813",2023-08-30
70,Michelle Taylor,christopher54@example.org,"7628 Gonzalez Grove South Kim, UT 27353",2020-10-28
71,Joshua Smith,jacksonpaul@example.net,"551 Hodges Village Maytown, MO 27792",2024-08-18
72,Travis Delacruz,hjames@example.com,"44134 Kenneth Trail Pereztown, NC 40238",2021-04-18
73,Allison May,ritamiller@example.org,"446 Rebecca Terrace West Joshua, DE 96296",2024-01-11
74,Jacob Robertson,vbaker@example.org,"9388 Joel Forks Suite 380 West Gerald, IL 46111",2020-07-26
75,Denise Garza,markbarry@example.org,"0851 Trujillo Rest Suite 102 Shortville, IL 60048",2023-01-04
76,Kathryn Mcmahon,dhill@example.com,"07458 Smith Key Apt. 408 Lake Tylerton, LA 23734",2023-02-18
77,Adam Anderson,mschmidt@example.net,"555 Scott Valley Johnside, SC 32622",2020-11-22
78,Courtney Robinson,simslisa@example.net,"09013 Suzanne Mount Steventown, PR 61609",2020-05-05
79,Steve Clayton,rose34@example.org,Unit 4733 Box 5148 DPO AP 43460,2022-01-23
80,Shawn Colon,vickie64@example.org,"658 Keith Gateway Suite 959 Burchberg, MT 04192",2022-06-22
81,Daniel Buchanan,albertmarks@example.org,"153 Michael Freeway Apt. 614 Rodriguezmouth, TN 45512",2023-09-18
82,Natalie Dyer,manuel85@example.net,"812 Howard Islands Suite 781 South Christina, AS 56754",2021-10-06
83,Christopher West,cunninghamcody@example.com,"PSC 9397, Box 7457 APO AA 80903",2023-07-29
84,Darrell Ritter,ashleybutler@example.org,"37232 Knight Village Jeromemouth, OR 09833",2023-12-17
85,Laurie Barker,nicolegraham@example.net,"PSC 9474, Box 6601 APO AA 75861",2023-01-27
86,Cody Burns,sbriggs@example.com,"071 Philip Forges Suite 289 Nicolechester, SC 60726",2022-07-23
87,Paula Walters,qhall@example.com,"726 Pitts Rapid Suite 651 Donnaton, SC 81868",2022-05-12
88,Jasmine Bass,ashley74@example.com,"511 Cynthia Orchard Apt. 881 South Jeffreyfurt, RI 01422",2021-04-09
89,Lauren Richards,gmiller@example.net,"8116 Angela Pass Susanport, VA 95328",2020-07-12
90,Kristina Dean,marcuswest@example.net,"0065 Adam Shores Apt. 762 North Denisebury, ID 15163",2021-03-22
91,Vanessa Ramos,bennettpamela@example.net,"346 Poole Ridge East Christopherton, AZ 95306",2024-06-17
92,Gregory Foster,brandi60@example.org,USCGC Garcia FPO AE 37260,2020-11-16
93,Robert Green,sharonrivera@example.org,"99707 Bird Drive Apt. 414 Lake Nicoleview, GA 07791",2022-09-04
94,Kristin Wolfe,derrickpark@example.org,"814 Frye Estates Suite 828 North Emilyhaven, SD 46019",2023-07-18
95,Ashley Finley,destinymartin@example.net,"9325 Cook Parkways Apt. 196 Port Zacharytown, ME 65402",2024-06-09
96,Jimmy Mcdaniel,staffordjenny@example.org,"331 Brooks Cliffs Samuelhaven, MN 44128",2023-10-17
97,Jason Edwards,courtney84@example.org,"400 Michael Way Apt. 174 New Sherribury, DC 91708",2023-06-02
98,Angel Smith,bradleymcbride@example.com,"43263 Cynthia Fords Suite 160 New Joshuaburgh, MI 68919",2020-01-22
99,Rachel Chang,susanbarber@example.org,"533 Ramos Burg New Jenniferbury, OR 53491",2023-10-05
100,Holly Fisher,myersjacqueline@example.net,"787 Carlos Mountain Apt. 520 North Richardburgh, MA 85312",2024-03-07
101,Nicholas Bell MD,brooksdavid@example.net,"496 Rose Unions West John, PA 62434",2024-07-21
102,William Ruiz,powellduane@example.com,"241 Campbell Centers Apt. 644 Priceview, AZ 24337",2024-06-14
103,Nathan Norris,phillipsdeborah@example.org,"94236 Brandon Views Apt. 729 East Brandyland, AZ 76340",2022-02-15
104,Veronica Mitchell,allenjames@example.org,"601 Parrish Village East Debbietown, WI 95965",2024-04-04
105,Christopher Gardner,sydneytrujillo@example.net,"307 Lane Mountain Aguilarmouth, WI 21001",2023-05-26
106,Jose Jones,candace19@example.com,"334 Small Spring Hansonmouth, MT 30235",2023-04-14
107,Shannon George,eellis@example.net,"097 Dana Viaduct East Luis, NC 64083",2023-05-27
108,Karen Nguyen,wilsonjuan@example.org,"87396 Marco Camp Apt. 561 Grantberg, PR 42047",2020-05-30
109,Ryan Reyes,davidhall@example.com,"18901 Newton Coves Suite 170 Lewiston, NV 64679",2024-05-03
110,David Jones,mark90@example.net,"PSC 5437, Box 6060 APO AE 58305",2023-03-21
111,Karen Villarreal,brian71@example.com,"2279 Natasha Causeway Suite 133 South Sarahhaven, ME 39205",2022-03-29
112,Virginia Gardner,schroederbobby@example.org,"162 Andrew Circles Lake Brian, MI 95453",2023-06-20
113,Carrie Ewing,lbaker@example.net,"61764 Joyce Course Apt. 073 Lake Robertside, MS 10985",2023-11-11
114,Howard Wilson,coxbrittany@example.net,"41431 Petty Grove Suite 584 Lake Jeffreytown, DE 35982",2022-03-11
115,Brian Swanson,kristin81@example.com,"1097 Stephen Burg Apt. 041 New Andrew, PW 57955",2021-11-13
116,Brittney Combs,tylerestrada@example.org,"7339 Ashley Harbors North Davidburgh, MD 26907",2021-06-02
117,Andrea Johnson,williamjones@example.com,"56237 Stewart Wells Suite 739 North Olivia, ME 91211",2022-03-11
118,Stephen Kaiser,shortrichard@example.org,"52850 Cook Key Suite 269 North Kathryn, FL 03800",2024-09-21
119,Daniel Hill,qwu@example.net,"94924 Kathryn Gardens West Rebeccaview, WY 26417",2024-07-25
120,Jasmine Eaton,johnsondesiree@example.com,"865 Haas Fork Douglasland, DE 60043",2024-01-21
121,Mary Moore,peter38@example.com,"3820 Mckenzie Fall West Jesseborough, PA 91483",2024-06-09
122,Michelle Morgan,qfox@example.com,"51646 Robinson Crest Apt. 873 Mcphersonport, CA 70835",2020-08-27
123,Justin Wells,bethmassey@example.org,"99700 Jennifer Ridge West Johnburgh, DC 38749",2024-03-31
124,Thomas Robertson,georgekeller@example.net,"6145 Williams Springs Apt. 297 Lake Michelle, WV 94386",2023-01-07
125,Virginia Young,hayesjason@example.com,"0014 Hernandez Club Apt. 077 Christinemouth, FM 17883",2021-03-22
126,Nina Dillon,oramirez@example.com,"58482 Chang Avenue Apt. 767 Sheaside, WY 80063",2023-04-02
127,Jamie Sanders,stanleymarcus@example.com,"10151 Danielle Stream Apt. 583 East Paulhaven, WY 58010",2023-07-27
128,Julie Franklin,lindsey62@example.com,"6874 Nancy Harbors Suite 647 North Chelseaburgh, FL 13128",2022-10-14
129,Michael Sanders,mgonzalez@example.com,"73132 Kevin Wells Apt. 425 Pageport, DC 19800",2021-03-26
130,Stacie Duran,alexandra17@example.com,"51134 Miller Brooks Apt. 236 Jaredfort, MN 21485",2020-01-23
131,Tammy Davis,edward89@example.com,"607 Roberta Brooks Apt. 710 South Shirleyburgh, FL 61787",2020-08-16
132,Molly Williams,thomasmccall@example.com,"2930 Lopez Parks East Angela, VA 59720",2020-01-28
133,Joy Johnson,maryjohnson@example.org,"5732 Jose Road Apt. 099 East Amy, MN 25176",2022-03-12
134,Seth Walsh,toddteresa@example.net,"1452 Miller Well Suite 099 Lake Tony, LA 08238",2020-02-17
135,Jenny King,jaimehunter@example.com,"74236 David Underpass Hunterland, AL 10855",2024-03-07
136,Jeremy Collier,brittanyleonard@example.net,"3272 Scott Grove North Rachel, PW 22006",2024-07-15
137,Holly Sweeney,james50@example.net,"211 Pace Crescent Jeffreyberg, GA 59324",2021-02-05
138,Wayne Jackson,jennifermurray@example.org,"9300 Victor Hill Suite 180 Port Tiffany, NC 70583",2023-01-17
139,Dana Nguyen,benjamin86@example.com,"85910 Kristen Square Apt. 330 Lake Alicia, OR 58213",2023-11-16
140,Phillip Smith,kennethmaldonado@example.com,"7318 Crystal Points Suite 833 Port Teresa, CO 32872",2020-06-06
141,Francisco Mahoney,anne01@example.com,"09052 Scott Ramp Apt. 310 Lake Katelynfort, NH 26176",2023-02-27
142,Connie Collins,melissa69@example.org,"3260 Jesus Squares Apt. 351 New Christianport, NM 47146",2024-01-31
143,Mark Olson,ohughes@example.net,"27520 Fox Green Owensbury, MI 55910",2023-08-30
144,Eddie Dunn,paulsmith@example.com,"097 Reyes Hill Suite 748 West Anthonyberg, PA 93395",2020-12-11
145,Aaron Moyer,frankcampbell@example.net,"33525 Evan Roads Suite 637 Dorseyfort, AL 16566",2020-04-29
146,Emily Dillon,david65@example.net,USNS Jones FPO AE 77690,2020-07-26
147,Jesse Nunez,jonesleonard@example.com,"9496 Joseph Mall Suite 128 West Justin, DE 44085",2023-03-15
148,Jill Washington,hreid@example.com,USNV Hernandez FPO AP 17800,2020-11-12
149,Tammie Torres,meganarnold@example.org,"37125 Stacey Manors Sanchezchester, MD 80872",2021-11-11
150,Amy Page,trancharles@example.net,"7148 Jennifer Shoals Bradyfort, NH 14261",2022-12-26
151,Sarah Herring,christopher78@example.net,"5829 Harris Turnpike Tyronetown, NH 10361",2020-08-21
152,Eileen Ellis,hhunter@example.org,"12945 Rodriguez Crossroad Sandrafurt, ND 64208",2023-06-14
153,Michael Sanchez MD,ypayne@example.com,"17046 Benjamin Roads Apt. 321 West Nichole, OK 62328",2020-02-16
154,William Spencer,haneytravis@example.net,"1739 Alejandro Haven Apt. 242 Kellyside, ID 25585",2021-12-28
155,Adam Carr,valdezsarah@example.net,"93737 Floyd Union New Stephanie, GU 51587",2023-07-19
156,April Kim,qhayden@example.net,"24291 Jordan Cove Josephmouth, KY 30941",2020-02-10
157,Michael Kirk,katiekemp@example.org,"02741 Campos Valley Apt. 830 Stephanieborough, MA 39930",2024-05-13
158,Richard Green,kaylahernandez@example.net,"0248 Terrell Forges Monicafurt, CA 57984",2021-06-09
159,Anna Garcia,cynthia90@example.net,"003 Jacob Flats Suite 052 Freemanberg, AS 76352",2021-06-02
160,Lori Jones,brittanyharris@example.org,"629 Leon Avenue Apt. 115 Edwardsbury, UT 69794",2024-03-14
161,Jenna Hinton,jacksonselena@example.com,"796 Eddie Islands Suite 665 Travisland, GU 10153",2020-08-16
162,Justin Brown,nicoleblackwell@example.net,"226 Vazquez Cliffs Apt. 501 Pierceville, VA 37912",2022-09-06
163,Christopher Hester,michael05@example.org,"80530 Jessica Inlet Suite 003 Port Sarahstad, PR 41906",2024-01-21
164,James Burke,ltaylor@example.org,"5344 Perez Field East Katherinechester, CO 24816",2024-04-25
165,Robert Powell MD,yeaton@example.org,"4708 Hunter Harbor Apt. 743 Rodriguezshire, AK 86268",2023-10-31
166,Jared Ramirez,diane83@example.org,"8630 Warren Inlet Apt. 876 Tabithaberg, ME 80159",2023-06-10
167,Christopher Bishop DDS,reyesmarissa@example.net,"PSC 3308, Box 2666 APO AE 40183",2023-06-21
168,Martin Hamilton,lambertann@example.org,"567 Hogan Cliff Apt. 679 East Sharon, ND 90287",2024-01-15
169,James Atkinson,brownjane@example.com,"315 Parrish Squares Suite 918 New Peter, NM 73473",2021-11-26
170,Scott Clark,hhodge@example.net,"417 Heidi Street Suite 957 Port Bryan, PW 12456",2022-09-29
171,Bonnie Villa,michael51@example.net,"0987 Katherine Roads Apt. 964 Erinview, MD 04014",2020-06-03
172,Anthony Reyes,shelly23@example.org,"79664 Smith Greens Jonesshire, CO 29874",2021-02-19
173,Richard Garcia,cynthia60@example.org,"491 Webb Ridge Suite 621 East Zacharyshire, MN 57622",2024-03-29
174,Jessica Lopez,amanda38@example.net,"027 William Drive Apt. 547 South Luke, TX 11965",2020-03-27
175,Jasmine Oneill,jamesmiller@example.com,"234 Lewis Views Apt. 467 West Loriborough, RI 38076",2021-03-19
176,Mr. David Lopez,rochalisa@example.net,"5156 Carr Oval Apt. 372 West Ronald, LA 88728",2020-01-01
177,Christopher Woodward,danielcrawford@example.com,"569 Hudson Summit Julialand, MA 05680",2021-09-26
178,Christopher Henry,brenda22@example.org,"4880 Blake Mountains Suite 659 Port Brandon, DC 64386",2021-08-06
179,Isaiah Rios,gary84@example.net,"9938 Meza Flats South Michael, FM 30237",2020-10-03
180,Marilyn Thompson,michaelnelson@example.net,"386 Spencer Avenue Apt. 297 West Ericaport, ND 39981",2022-12-21
181,Rhonda Guzman,amyjordan@example.com,"538 Oneal Key Apt. 031 Port Robert, OH 66391",2024-06-07
182,Samuel Mcgee,dyermorgan@example.org,"43522 Warner Cliffs Apt. 324 Port Douglas, MT 23945",2022-08-12
183,Chase Henry,ricardo90@example.org,"4261 Ashley Vista Suite 083 Port Glenn, WY 18892",2020-10-25
184,Brittany Burke,eramirez@example.com,"923 Robinson Passage Bonnieburgh, CO 44108",2022-11-26
185,William Snow,taylorcamacho@example.org,"960 Kelly Views Suite 683 New Jamesfort, PA 31003",2023-08-06
186,Jose Kelly,carterjoel@example.org,"68811 Erickson Rue Lake Tiffany, HI 08582",2023-01-08
187,Daniel Carpenter,carterbrian@example.net,"722 Howard Mission Nicoleborough, ND 35298",2021-12-27
188,David Carlson,gabriel74@example.org,Unit 7535 Box 4660 DPO AA 16727,2020-10-12
189,Crystal Richardson,kevinsmith@example.net,"62671 Meghan Cove Ruizchester, ND 16536",2022-11-23
190,Alyssa Lewis,shirleylee@example.org,"PSC 0510, Box 2809 APO AP 44655",2021-11-24
191,Monica Lewis,kanejessica@example.org,"4550 Holland Summit Apt. 291 Riveraport, AZ 15376",2022-05-01
192,Stephen Shea,jameslewis@example.net,"0363 Chad View South Jesse, UT 64530",2023-07-27
193,Stacy Elliott,qnelson@example.net,"7511 Michelle Trail Suite 361 Port Amandahaven, FM 31362",2022-05-05
194,Susan Jenkins,penny99@example.net,"1588 Robert Ridges Apt. 327 Petersonland, NE 93628",2020-10-08
195,Gary Hampton,comptonkathy@example.com,"542 Young Lock East Eduardo, VI 78336",2021-04-13
196,Angel Park,aprilalexander@example.net,"21430 Eaton Highway Suite 962 New Eric, MS 32390",2022-12-05
197,Heather Coleman,brose@example.org,"60692 Samantha Alley Apt. 858 Lake Madisonstad, MI 64694",2023-12-03
198,Gregory Anderson,tamara27@example.org,"17289 Laurie Creek Apt. 987 Rothmouth, CO 90840",2023-02-14
199,Stefanie Cox,hollygriffin@example.com,"525 Travis Rapid Apt. 857 Michaelchester, DC 37275",2020-11-01
200,Christopher Mckay,burchtimothy@example.com,"17366 Sandra Common Nicholasshire, WI 14512",2021-01-13
201,Danielle Cooper,george60@example.com,"1998 Tammy Fields Suite 216 Dianastad, DC 75484",2023-03-21
202,Karen Ford,patrickpotts@example.net,"744 Obrien Road Suite 714 Brooksfort, CT 53391",2023-04-07
203,Scott Lowe,parsonsamanda@example.net,"08923 Pacheco Brook Gloriahaven, WA 05781",2022-06-29
204,Charlotte Brooks,jill66@example.com,"30940 Michael Rapids Rileyton, CT 79443",2020-01-24
205,Jamie Stewart,martineztasha@example.org,"46344 Jake Skyway Michaelborough, MA 61039",2024-06-18
206,Adam Bell,brett01@example.com,"5768 Harris Square Jacksonhaven, WI 74968",2021-05-30
207,Carrie Munoz,klee@example.com,Unit 5061 Box 0536 DPO AA 31259,2021-04-06
208,Ashley Bennett,travistran@example.com,"76486 Thomas Trail Suite 581 Kevintown, LA 24706",2023-02-16
209,Diane Hanson,andrewsmith@example.net,"45520 Jason Stravenue Apt. 303 Michellehaven, SD 64205",2020-12-01
210,Sean Henry,gary02@example.org,"28226 Cole Crossroad Suite 636 Deborahview, VI 56992",2020-02-28
211,Jason Rodriguez,rachel31@example.org,"23207 Mullen Vista Suite 103 Stephenshire, LA 44903",2020-01-25
212,Christine Johns,wilsonernest@example.com,"360 Jones Run Suite 076 Pamelaside, AS 66179",2022-10-08
213,Amanda Chan,gabriellejones@example.com,"046 Heather Dam Apt. 771 Danielton, CO 72935",2020-08-19
214,Dustin Woods,april26@example.com,"56544 Angela Walks Apt. 699 North Craigton, NJ 01915",2020-07-01
215,Christopher Atkins,carolineberger@example.org,"1550 Mendoza Wells Apt. 133 Lake Cameronton, NM 39477",2023-01-12
216,Robert Evans,anne84@example.net,"72580 Stout Divide Apt. 742 Thompsonberg, NM 49399",2024-02-09
217,Joel Smith,andrew47@example.net,"48827 Taylor Ridge Paulmouth, KY 31664",2023-12-15
218,Jillian Adams,thomas49@example.net,"633 Lawrence Meadow Breannatown, WY 37501",2020-12-27
219,Jaclyn Sharp,serranocraig@example.org,"2795 Shelley Burg New Tamaraside, MD 63397",2020-06-02
220,Carl Stone,cameron57@example.com,"72764 Steven Hollow Walkerland, WV 97278",2023-07-22
221,Kristin Alvarado,croberts@example.org,"0294 Luis Mountains Suite 570 Mandychester, NE 33283",2022-04-23
222,Steven Oliver,rgarcia@example.net,"52010 Fuller Cove Suite 212 Lauraland, FM 74299",2024-05-18
223,Joseph Orozco,brittanycook@example.com,"754 Andrew River Suite 706 New Marcusville, UT 66163",2024-07-28
224,Pamela Villarreal,annehernandez@example.org,"091 Christopher Overpass Lake Bobby, NJ 54668",2022-07-29
225,Nicole Armstrong,brittany50@example.org,"822 Floyd Plaza Suite 858 Nelsonmouth, WA 43785",2021-02-03
226,Curtis Nelson,bobbythompson@example.org,"25044 Ryan Vista Suite 124 East Billymouth, MT 37434",2024-09-23
227,Andrea Jackson,christinemacias@example.com,"14550 Micheal Station Apt. 347 Smithmouth, SD 37002",2023-12-13
228,Mary Lopez,silvamanuel@example.net,"4744 Davis Underpass Suite 630 Jessicatown, TN 18399",2023-04-19
229,David Baldwin,dsloan@example.org,"2851 Davenport Ports Apt. 433 Timothyborough, AS 75339",2020-09-27
230,Elijah Riley,ethanlee@example.com,"756 Christine Freeway Apt. 666 West Ryanstad, CA 81212",2021-02-07
231,Jessica Kelly,gonzalezpatricia@example.com,USS Simon FPO AP 33763,2020-07-30
232,Kimberly Williams,danielleflores@example.org,"7410 Williams Tunnel Apt. 594 Bensonbury, RI 34501",2021-12-04
233,Anthony Baldwin,andersonsara@example.org,"484 George Via Suite 761 North Daniel, ID 31239",2022-12-05
234,Steven Dudley,frodriguez@example.org,"48169 Schneider Crossing South Ashley, KY 34680",2022-01-25
235,Jason Blackwell,mendozajacob@example.net,"32954 Horn Prairie Jefferyshire, VI 84604",2023-06-29
236,Katherine Daniels,katherineyork@example.org,"8256 David Isle Port Sonyachester, MD 44487",2021-04-27
237,Michael Keller,timothy98@example.com,"2315 Nicholas Views Lake Danielleport, SD 09332",2020-03-08
238,Robert Pham,jodirivera@example.org,"81816 Meagan Passage Lake Victoria, MS 85956",2024-05-14
239,Scott Johnson,odelacruz@example.com,"161 Stephanie Alley South Jasonland, NC 61781",2023-06-12
240,Trevor Bradford,pattersonsean@example.net,"1333 Holmes Underpass South Elizabethland, TN 62263",2022-12-05
241,Jeffrey Barrera,wgonzalez@example.org,"084 Peter Shore North Deanna, WI 53297",2024-04-27
242,Tracy Lewis,annschneider@example.net,"724 Jamie Port Apt. 745 Michaelbury, NJ 44373",2020-12-18
243,Lynn Wood,hallen@example.net,"0087 Fowler Haven Suite 839 East Anthonyville, NH 24741",2020-12-20
244,Adriana Nelson,lindseydawn@example.org,"64877 Hutchinson Manors West Lindsayhaven, AR 04892",2020-06-17
245,Ashley Marshall,joseph00@example.com,"9149 Mata Cliff Suite 359 New Patriciaside, IA 46567",2022-06-18
246,Willie Henry,nicholaskelly@example.org,"7845 Kenneth Street Suite 525 Duncanhaven, PA 09508",2022-07-26
247,Susan Reynolds,joshuamorrow@example.org,"62293 Mack Ramp Suite 251 New Ginaberg, OK 51506",2023-05-16
248,John Frank,sstark@example.org,"52396 Silva Plains New Brandiborough, MD 06255",2020-09-18
249,Carolyn Tran DDS,coxpatricia@example.net,"425 Crawford Landing Apt. 991 Lake Peter, NH 45457",2023-10-02
250,Robin Case,rickylopez@example.com,"92778 Taylor Glen Downschester, IA 16349",2020-03-13
251,Carl Lynch,smithbelinda@example.net,USNV White FPO AA 11024,2021-10-11
252,Mary Jennings,rbass@example.org,"0731 Sloan Plaza Apt. 361 New Lisa, WV 01391",2024-02-16
253,Melissa Thompson,joelrobles@example.net,"39587 Catherine Falls Apt. 880 New Herbert, PA 82964",2022-07-28
254,Caleb Garrison,lindsay10@example.com,"3755 Paul Fords Suite 076 Angelland, NH 36830",2020-03-24
255,Mr. Erik Love,riverawhitney@example.com,"94078 Carlos Shores Jessicaburgh, CA 18836",2023-12-03
256,Nicole Smith,jcastro@example.net,USS Shelton FPO AP 80778,2020-04-01
257,Julie Munoz,allenkimberly@example.org,"341 Jasmine Circle South Georgebury, AL 26814",2022-01-15
258,Erica Rodriguez,annette52@example.com,USNS Smith FPO AE 14745,2022-11-17
259,David Bryant,samueltran@example.com,"5597 Ortiz Curve West Dustinmouth, UT 17046",2022-04-11
260,Eric Cole,smithandrew@example.net,"319 Thomas Via Suite 905 East Julia, RI 92416",2022-02-06
261,Kayla Waller,ashley03@example.com,"0183 Carol Lake Suite 766 Johnsonberg, AK 04135",2024-03-08
262,Rita Webster,jennifer86@example.org,"29078 Lawrence Summit Jasonburgh, MA 74175",2024-04-02
263,Deborah Stanley,tanya94@example.net,"3715 Cindy Extension New Marcusmouth, AZ 51681",2020-08-22
264,Frank Peters,michaelmartinez@example.org,"276 Terrance Station Apt. 242 East Jason, NE 18053",2024-02-11
265,James Webb,denise48@example.org,"93455 Ashley Islands Suite 504 South Alexiston, CT 14124",2020-05-23
266,Christopher Campbell,charles27@example.net,"7557 Andrew Mill Suite 747 Hernandezburgh, UT 54174",2021-06-10
267,Eric Mcmahon,kirkchristopher@example.net,Unit 5208 Box 3300 DPO AA 46976,2021-07-13
268,Darren Weber,jbarnes@example.org,"9959 Gutierrez Rapids Timothyfort, NJ 53125",2024-04-16
269,Jessica Brown,paulgarcia@example.net,"887 Kelly Fork North Markport, WI 37757",2023-12-27
270,Jonathan Sellers,dorothywalker@example.com,"7038 Edward Mission Apt. 264 Nguyenborough, FL 88791",2024-08-03
271,Julie Garza,stonetommy@example.com,"261 Sandoval Meadows Apt. 377 North Keithton, MN 98593",2023-09-18
272,Jose Thomas,qfisher@example.org,"015 Angela Fall Annbury, PA 42324",2020-03-18
273,Megan Martin,gloriajones@example.org,"873 Riley Pike Port Nichole, MI 29821",2022-12-11
274,Chelsea Johnson,traci69@example.com,"915 Jason Pines Apt. 315 Rodrigueztown, NC 28629",2020-06-09
275,Russell Andrews,nelsonshane@example.org,"PSC 6851, Box 9078 APO AP 11456",2021-07-12
276,Ricky Robertson,brendan06@example.org,"612 Hill Walks Suite 827 Port Denisebury, ID 41677",2020-08-03
277,Austin Lucas,duncanerika@example.org,"2544 David Trail Suite 366 West Martin, CT 50588",2020-02-10
278,Yvette Farrell,ryanwilson@example.com,"3108 Mendez Neck Apt. 405 Ericshire, IA 15655",2023-02-26
279,Jennifer Smith,huangjames@example.com,"179 Young Mountains Apt. 461 East Charles, CT 27404",2021-02-13
280,Mark Smith,tsmith@example.com,"3374 Gilbert Estate Suite 016 East Diane, PW 56347",2021-07-22
281,Brad Austin,phillipsrebecca@example.org,"3969 Erica River Apt. 130 North Amber, UT 19910",2022-08-15
282,Laura Gibson,paulakrause@example.org,"3270 Jessica Roads Millerburgh, SC 48689",2024-08-09
283,Tonya Scott,sanchezalan@example.org,"407 Joshua Brooks Apt. 074 North Curtis, MO 10825",2022-05-31
284,David Robinson,jonesmegan@example.net,"11845 Howell Mill Lake Samanthaborough, MA 08693",2020-04-03
285,Jason Sullivan,urogers@example.org,"9373 King Crest Apt. 169 South Sean, ME 97460",2023-01-31
286,Tom Wallace,schwartzvincent@example.org,"82217 Christopher Shores Suite 051 Port Eric, UT 65754",2021-05-09
287,Diane Williams,daniellevargas@example.org,"983 Anthony View Suite 075 Lake Brian, KY 77464",2020-02-03
288,Amy Garner,huntermichael@example.org,"3443 Lee Plains Suite 801 Josephhaven, RI 10552",2021-02-27
289,Judy Parker,tylergalloway@example.net,"3841 Paul Coves North Kimberlymouth, WA 43409",2022-02-01
290,Melissa Lee,williamsclaire@example.net,"745 Jacobs Turnpike Apt. 570 Jonesberg, OK 17463",2023-04-21
291,Cassidy Nguyen,charleswillis@example.net,"712 Brad Port Mathisview, FM 35947",2020-01-05
292,Daniel Peters,chadsmith@example.org,"72491 Bailey Summit Port Gary, MI 05777",2023-04-21
293,Robert Davis,vgutierrez@example.net,"580 Barber Glens Matthewborough, NC 29318",2020-08-07
294,Dr. Courtney Jenkins,iflores@example.org,"385 Young Haven Suite 987 Taraton, AK 18078",2022-11-26
295,Paul Clark,randy11@example.net,"135 Brittany Groves Port Samanthahaven, MD 63983",2024-08-25
296,Ian Lee,jramirez@example.org,"465 Cindy Rapid East William, CO 46912",2020-04-22
297,Paul Herrera,charlotteperry@example.net,"77018 Andre Loaf Apt. 915 East Erica, MD 13792",2020-06-18
298,Ashley Perry,burtonvictor@example.net,"9316 Flynn Passage West Taraland, TN 57348",2024-04-23
299,Melissa Brooks,trevor81@example.net,"069 Victoria Court Apt. 005 West Cynthiamouth, NJ 13020",2021-12-08
300,James Zhang,howardandrea@example.com,"3964 Joseph Overpass Suite 855 Davenportmouth, DE 59842",2023-07-10
301,Megan Green,david42@example.net,"59970 Church Rue Suite 462 Seanfurt, SC 33051",2020-12-15
302,Justin Johnson,kristenyoung@example.com,"186 Michael Station Arnoldton, DC 79265",2021-06-13
303,Douglas Hill,michael36@example.org,"749 Burns Canyon Jamesport, MO 61359",2023-09-27
304,Courtney Kennedy,thomaswilliam@example.org,"295 Whitney Fall Suite 674 Edwardsmouth, IN 07201",2024-07-08
305,Brett Little,debra39@example.net,"088 Patricia Branch Suite 464 Dylanberg, ND 01977",2023-10-05
306,Danielle Castro,hrussell@example.com,Unit 7761 Box 5289 DPO AA 66938,2024-01-18
307,Brian Williams,samanthathomas@example.net,"3702 Andrew Loaf East Linda, MA 20339",2023-01-20
308,Andrew Moore,amygray@example.com,"12589 Brian Dam Lake Kevin, CO 26633",2020-06-24
309,Matthew Bryant,sanderschristian@example.org,"882 Osborne Viaduct Suite 238 Patrickhaven, ND 40009",2021-10-13
310,Grant Smith,daniel92@example.com,"292 Hart Ramp Smithside, OH 22428",2022-01-24
311,Jennifer Hernandez,troymiller@example.com,"550 Bailey Cape Port Sandrafort, NV 37416",2023-09-13
312,Stephen Grant,deanna93@example.com,"103 Christopher Neck Lake John, UT 26963",2020-02-02
313,Brittany Sampson,andersonwesley@example.com,"1058 Christine Mountain East Juanfort, MO 08869",2023-03-22
314,Kelly Henry,wendy44@example.org,"38174 Vang Flat Lake Ronald, GA 17322",2021-10-21
315,Alicia Crawford,perkinsandrea@example.com,"368 Andrew Crescent New Robert, MI 34657",2024-03-09
316,Connie Robinson,sgoodwin@example.net,"682 Bryan Flat West Danielmouth, AS 06476",2020-01-21
317,Mary Johnson,gking@example.net,"78266 Jennifer Drive Thompsonmouth, WI 74387",2022-01-19
318,Christopher Ball,matthew87@example.net,"643 Brian Hills Suite 015 New Dale, MP 61847",2023-09-14
319,Penny Miller,carrnancy@example.com,"6939 Jason Vista Williamsland, ME 89548",2023-04-11
320,Karen Gardner,curtismario@example.net,"83333 David Bridge South Joanmouth, GU 77900",2022-07-29
321,Daniel Wilkins,juarezjustin@example.com,"452 Grant Place North Lauren, IN 75955",2022-02-27
322,Peter Payne,millerpamela@example.org,"2807 Christopher Spring South Alanfurt, AS 67710",2021-02-12
323,Daniel Mejia,rpatterson@example.com,"12785 Deborah Roads South Kaitlin, ND 60164",2024-02-20
324,Elizabeth Rivera,uroberts@example.org,"0139 Morgan Path Suite 239 New Amanda, WV 50846",2022-01-22
325,Samantha Rivera,deborahbryant@example.org,"7963 Robert Common Suite 379 South Summer, KS 39704",2024-06-22
326,David Sutton,simsrita@example.com,"5605 Cheryl Square Christopherview, NJ 03728",2024-05-06
327,Heather Mora,weaverstephen@example.net,"1327 Parker Crossing Burtonhaven, NV 39662",2021-01-05
328,Tyler Welch,brianrogers@example.com,"147 Montgomery Ranch Ayersbury, ME 78047",2022-09-09
329,Paul Montoya,mary30@example.net,Unit 4628 Box 9884 DPO AP 46066,2020-02-18
330,Jessica Ferguson,melissa97@example.net,"112 Munoz Tunnel Apt. 609 Christophermouth, HI 34069",2023-04-08
331,Holly Powell,donald70@example.com,"956 Jones Causeway Lake Kendra, PW 74825",2021-08-17
332,Lisa Wise,timothyewing@example.com,"043 Johnson Station Apt. 834 Barkerchester, WY 51791",2022-03-27
333,Matthew Jacobson,cporter@example.com,"83377 Diaz Green Lake Rhondaside, FL 82994",2021-06-10
334,Maria Thompson,dgibson@example.com,Unit 0052 Box 0431 DPO AE 38679,2020-02-25
335,Amanda Wall,alexahaney@example.net,"887 Jeffrey Extensions Apt. 780 North Bryanborough, DE 32344",2020-11-23
336,Michael Lopez,vasquezchristopher@example.net,"548 Saunders Pike East Louis, KY 84709",2023-01-09
337,Ashley Ortega,cunninghamjessica@example.net,"905 Melissa Parks Port Veronica, OK 73559",2024-01-15
338,Chelsea Newman,michaelhansen@example.net,"079 Ricardo Rapid Suite 681 Jacobsburgh, MS 43767",2021-12-24
339,Manuel Williams,johnsonrobert@example.com,"0325 Kathryn Extension Apt. 573 Lewisfort, NH 31856",2022-08-11
340,Maria Kennedy,kylefrye@example.com,"21045 Donna Mount Port Kylebury, GA 21801",2022-11-02
341,Lindsay Mason,tamaracombs@example.org,"3690 Harris Shores Suite 566 New Michaeltown, OH 14347",2020-09-18
342,Andre Price,robertjohnson@example.net,"617 Garrett Shoals Melissamouth, AS 05782",2024-09-09
343,Louis Smith MD,ibarradaniel@example.net,"01591 Contreras Dam Suite 962 Hughesside, AK 71054",2020-08-21
344,Brian Vargas,wooddavid@example.org,"0429 Perez Streets Suite 116 Aprilborough, VT 78164",2023-12-25
345,Nicholas Hensley,brandi88@example.net,"6017 James Oval Apt. 157 Tammystad, AR 13624",2020-07-17
346,Debra Woodard,ericabrown@example.com,"393 Jesse Cliff Perezville, ND 92714",2022-07-17
347,Benjamin Gilmore,sean55@example.com,"645 Franklin Trail Apt. 960 New Sylviaberg, OH 31781",2024-07-30
348,Aaron Oconnor,michaellutz@example.com,"8394 Cynthia Valley Cainbury, FM 17121",2022-03-20
349,Kimberly Montgomery,david08@example.net,"2535 Alexander Light Apt. 478 Rachelhaven, VA 99754",2022-05-28
350,Derek Munoz,kennedyrobert@example.org,"3237 Green Plains Apt. 337 Robertbury, WI 04730",2020-09-25
351,Susan Jacobs,leonjoseph@example.org,"2357 Francis Junction Suite 416 West Nicole, TX 17142",2023-12-23
352,Margaret Hall,kpham@example.org,"363 Erin Lights Apt. 517 Changmouth, WA 75385",2024-06-02
353,John Obrien,linda05@example.net,"633 Jacob Mountains Apt. 374 East Martin, NM 32892",2022-04-24
354,Joseph Olson,phillipkent@example.net,"81119 Thomas Springs Apt. 440 Davidport, MA 02961",2022-03-15
355,Derek Weaver,kent02@example.org,"2085 Jaime Ramp Suite 200 Millsland, FM 90208",2021-05-02
356,Linda Tran,david40@example.net,"9448 Pennington Extensions Suite 994 Whitechester, ND 80463",2023-04-02
357,Stephen Barber,edward82@example.net,"1584 Brittany Cape Suite 624 Freemanstad, WA 50499",2024-04-26
358,Gene Moore,wlynch@example.net,Unit 4120 Box 4061 DPO AE 86774,2020-05-17
359,Mark Bright,ruth16@example.org,"7137 Christopher Plains Apt. 261 South Paulside, ME 26679",2022-08-03
360,Linda Hood,qwheeler@example.net,"1855 Pruitt Drives Suite 549 Markshire, AZ 41679",2024-10-01
361,Jerry Smith,reginabishop@example.net,"46750 Martinez Roads Suite 035 Barbermouth, NM 41130",2020-10-23
362,Nancy Ramirez,nancy63@example.com,"803 Nathan Hill Alecshire, RI 81539",2023-07-09
363,Micheal Parsons,zparks@example.org,"125 Andrea Lights Lisamouth, AZ 40242",2020-01-06
364,Travis Burnett,eric78@example.org,"87587 Danielle Way Miguelmouth, PR 93925",2024-06-23
365,Mr. Ricky Jackson,crawfordchristian@example.com,"27730 Schultz Wall Apt. 037 Port Robert, VA 86209",2020-03-04
366,Samantha Chen,stephencrawford@example.com,"4113 Stewart Rapids Dixonview, IN 75048",2022-12-01
367,Deborah Allen,bairdbrandon@example.com,"482 Daniel Alley Suite 155 Jasonbury, FM 67599",2022-01-14
368,Phillip Bruce,lindseymartin@example.com,"30044 Day Mews Port Amber, MA 11083",2024-04-01
369,Gregory Johnson,madeline01@example.net,"37799 Padilla Trail Lake Kennethshire, DE 99511",2023-05-31
370,Jim Simon,anthonygonzales@example.net,"4859 Mary Villages Suite 085 Bergshire, AK 14339",2024-07-15
371,Tim Hill,andrewwalker@example.net,"6532 Victoria Route Lake Devinhaven, PA 60474",2020-11-30
372,Michael Miller,andreamoore@example.org,"984 Mark Tunnel Lake Lisa, RI 79576",2024-09-13
373,William Vasquez,gcunningham@example.net,"9413 Patricia Harbor Charlesland, CT 20188",2023-07-24
374,David David,pgarcia@example.org,"8487 Kristine Coves Suite 406 Judithmouth, MP 16476",2022-09-16
375,Douglas Lutz,nguyenmadison@example.org,"2222 Thomas Mission North Nicholasside, DC 90909",2022-03-11
376,John Johnson,probertson@example.net,"670 Jamie Flat Maciasside, NH 56194",2024-03-19
377,Hannah Robinson,jesse30@example.net,"9505 Diaz Route Apt. 825 Lake Robertstad, OR 54764",2021-07-25
378,Nicole Richardson,parkerlarry@example.org,"121 Murphy Gardens Suite 093 East Jacqueline, NH 54166",2022-08-16
379,Bridget Campbell,bsanchez@example.net,"367 Edward Village East Stephanie, OK 29427",2020-09-16
380,William White,scottperry@example.net,"60815 Gordon Highway Chavezchester, MT 52617",2022-06-17
381,Angela Freeman,fclark@example.net,"27211 Gilbert Isle West Billy, WI 22063",2021-03-02
382,Heather Olson,tylerallen@example.net,"38896 Jamie Views Deannafort, LA 14776",2022-11-05
383,Jason Wilson,ndominguez@example.com,"89966 Franklin Wells Suite 565 North Jenna, IN 13971",2023-05-02
384,Molly Ward,laura05@example.net,"5724 Trevor Estates Smithshire, RI 28336",2021-06-30
385,Tyler Mcgee,jill51@example.net,"2505 Alex Club Suite 692 Cardenaston, PA 22350",2023-01-28
386,Jessica Avila,gabriel46@example.com,"697 Hendricks Squares Apt. 439 Leehaven, MI 62044",2020-01-18
387,Laurie Heath,jill59@example.com,"5181 Blair Curve Duncanborough, AR 46277",2021-10-07
388,Colton Martinez,qalvarez@example.com,"9629 Woods Mission Brownside, MH 72989",2022-10-25
389,Debra Edwards,pamela12@example.net,"81717 Martinez Lakes Apt. 189 Port Robert, KS 39979",2021-04-14
390,Lauren Walker,summer67@example.net,"0852 Christian Trace Suite 429 Susanbury, FL 81737",2022-08-20
391,Joyce Smith,ronaldparsons@example.net,"262 Melton Lodge Suite 994 Martinezton, DC 65115",2024-08-17
392,David Nolan,omays@example.org,"10441 Little Unions Apt. 527 Pamelahaven, VA 69763",2020-05-15
393,Corey Hernandez,ymorales@example.org,"48449 Fernandez Gateway Suite 308 West Connieburgh, GU 18317",2024-03-18
394,Latoya Bell,mark35@example.com,"6984 Jeffrey Meadows Apt. 087 New Logan, HI 54277",2020-04-22
395,Justin Lewis,dandrews@example.net,"882 Morris Ridge Suite 307 Daltonton, OR 21831",2023-03-06
396,Linda Oliver,sarahunderwood@example.net,"33787 Jordan Cape Fryetown, PW 76887",2021-05-17
397,Jennifer Williams,kwaters@example.net,"96079 Sims Point West Susanville, NY 02246",2024-02-27
398,Amanda Taylor,warewilliam@example.com,"7646 Dalton Orchard Michelemouth, GA 76017",2021-07-28
399,Denise Young,smithzachary@example.net,"1270 Miguel Branch Port Jason, CA 02304",2024-03-11
400,Lawrence Ellis,aguerrero@example.org,"98971 Betty Light Suite 095 North Kelly, MH 48565",2021-01-29
401,Christian Jones,sara57@example.net,"294 Brittany Estates Suite 946 Riveraland, HI 56959",2020-12-03
402,Brandi Thomas,traci24@example.org,"3791 Shaffer Loaf Apt. 942 Port Sarahport, TX 29571",2023-02-01
403,Ian Fuentes,pattersonkatherine@example.org,"5829 Danielle Wells West Kaitlyn, ND 58033",2020-04-13
404,Gabriel Simpson,kevingray@example.net,"8164 Jones Mountains Suite 087 South Julieborough, NE 43548",2023-07-22
405,Kimberly Castro,vreed@example.com,"3613 Osborne Viaduct Suite 857 Port Michaelport, GU 78002",2021-01-09
406,Patrick Flores,wilsonwilliam@example.org,"1871 Edwards Port Apt. 917 Port Thomasfort, OR 53195",2022-12-11
407,Pamela Johnson,katherinejohnston@example.org,"06605 Miller Wells Loriville, IL 85071",2020-09-12
408,Rachel Anderson,huertarichard@example.com,"34743 Meredith Manors Port Jameschester, PR 86063",2023-07-22
409,Charles Randolph,hcollins@example.net,Unit 4265 Box 6739 DPO AE 91043,2023-05-06
410,Jeffrey Moore,wendy00@example.org,"65814 Palmer Summit Suite 509 Natashaville, NC 50196",2023-05-06
411,Jacqueline Baker,zbaker@example.com,"975 David Square Mitchellland, ID 94133",2022-06-08
412,Dylan Martin,christinephelps@example.net,"828 Madison River Suite 371 Gomezfurt, NM 72505",2020-11-24
413,Anthony Daniel,todd99@example.com,"5672 Johnson Islands Apt. 704 Fordmouth, VT 29651",2023-07-30
414,Samantha Sellers,nicholas15@example.net,"5766 Elizabeth Neck Apt. 615 North Beverlyland, NE 39880",2022-05-21
415,Kelly Brennan,nicholasjohnston@example.com,"0995 Hunter Neck Caitlinfurt, NM 54217",2021-08-22
416,Curtis Chambers,nmejia@example.com,"4780 Catherine Shoals Rebeccaside, MS 97485",2020-10-21
417,Ana Mosley,jessicasmith@example.net,"277 Everett Courts Johnburgh, VT 10671",2023-04-14
418,Rhonda Mcmillan,isaiahsmith@example.net,"83738 Orozco Spur New Davidstad, AK 29072",2023-12-15
419,David Randall,nvalencia@example.com,"00432 Wilson Haven Stevenchester, AZ 86763",2023-03-18
420,Margaret Jones,marie65@example.org,"5748 Stewart Lake Apt. 610 Lake Marymouth, UT 97215",2024-03-30
421,Adam Burke,richard96@example.net,"41582 John Branch Suite 808 New David, GU 09457",2022-12-23
422,Kelsey Sanders,luisbryant@example.com,"69140 Christine Harbors Suite 406 Priceport, CT 16443",2023-09-29
423,Wanda Tyler,mgoodman@example.net,"919 Steven Key Evelynton, NV 81273",2022-09-27
424,Tracy Olson,kiara47@example.com,"272 Cheryl Falls Suite 278 Lewisport, MA 39056",2021-12-16
425,Craig Weiss,william56@example.org,USS Smith FPO AA 92287,2024-09-29
426,Jacob Bailey,molinakayla@example.net,"PSC 1625, Box 4028 APO AE 79207",2023-05-29
427,Miguel Riley,fperez@example.org,USNV Bass FPO AE 23857,2022-06-11
428,Laura Jackson,rita36@example.com,"8252 Moore Rapids Apt. 740 Lake Patrickmouth, MI 64717",2021-11-20
429,Daniel Estrada,ablevins@example.net,USNV Sanchez FPO AE 83912,2024-01-19
430,Courtney White,ellisjose@example.net,"3560 Patricia Common Apt. 369 Tiffanytown, MH 06354",2024-04-24
431,Christina Randolph,vanessajackson@example.com,"027 Paul Lights Suite 516 Palmerbury, DC 57048",2020-06-13
432,Emily Reid,christopher10@example.com,"5873 Tiffany Crest Suite 114 Michaelfort, HI 40157",2023-05-07
433,Eugene Allen,davisjeffrey@example.net,"26220 Salinas Tunnel Suite 124 Patriciaborough, VA 11271",2020-08-18
434,Scott Berg,marisa02@example.net,"4312 Smith Tunnel Suite 842 Schroederborough, IN 88429",2023-09-26
435,Cindy Coleman,juan77@example.com,"232 Martinez Springs Suite 427 East Aaron, NJ 08813",2023-01-22
436,Gregory Lawson,brooksrobert@example.com,"460 Davidson Way Suite 668 West Ricardoshire, PW 94245",2022-02-04
437,Matthew Hendrix,samuel37@example.org,"254 Andrew Station Suite 299 South Thomasland, AL 48639",2020-08-18
438,Julie Bailey,johnsonpamela@example.net,"7126 Theodore Radial Apt. 084 Clarkside, GU 17645",2023-12-16
439,Danielle Cuevas,margaret16@example.org,"57666 Swanson Key Michaelhaven, SD 51877",2022-01-25
440,William Watson,andrewnelson@example.net,"028 Welch Walks South Taylorborough, TX 25152",2022-03-29
441,Joseph Lewis,bflores@example.org,"73751 William Cove Apt. 624 South Lisabury, NM 07225",2022-03-08
442,Donald Beck,ustewart@example.net,Unit 9657 Box 3304 DPO AA 02020,2022-03-07
443,Brenda Riggs,tiffany38@example.com,"758 Harvey Cliffs Georgefurt, MA 20168",2024-05-04
444,Samantha Doyle,natalie64@example.com,"334 Mendoza Plaza Suite 597 East Charles, PA 07530",2024-03-17
445,Ann Valentine,herreradonna@example.org,"7389 Brittany Shores Manuelberg, GU 04292",2023-10-20
446,Patrick Cardenas,eriksellers@example.org,"30992 David View Lake Lance, IA 08080",2024-09-20
447,Sandra Hodge,brittany93@example.com,"PSC 8495, Box 3339 APO AP 44539",2023-01-11
448,Michael Kim,caleb37@example.org,Unit 3724 Box 0157 DPO AA 43356,2024-08-18
449,Melissa White,robert90@example.org,"9734 Allen Run Apt. 391 Port Christianbury, UT 21189",2020-10-18
450,Scott Beltran,matthewdavid@example.com,"1569 Wright Fort East Joshuashire, NH 90551",2022-02-28
451,Wanda Young,zroberts@example.org,"869 Clark Locks Suite 133 North Alecburgh, MI 65715",2024-04-15
452,Sierra Wilkins,mark61@example.com,"953 Christopher Estates Kendrafurt, GU 12323",2020-06-29
453,Mark Wells,heather15@example.net,"08360 Russell Mission Lake Ashley, TX 61208",2021-04-20
454,Robert Murray,clarkejeffrey@example.com,"997 Jason Place Ramosburgh, MS 54946",2020-07-04
455,Mary Miller,ywilliamson@example.org,"1231 Joseph Prairie Lopezport, ID 44686",2022-09-02
456,Dr. Katherine Rogers,rebekahmcclure@example.net,"502 Livingston Plain Suite 433 South Timothy, PR 84310",2020-11-11
457,Robert Farmer,theresacook@example.org,"879 Johnathan Crescent South Scottstad, OK 37555",2021-07-31
458,Brian Jennings,williamcalhoun@example.org,"8616 Michelle Turnpike Suite 790 Lake Brittany, NM 11169",2021-07-26
459,Pamela Donovan,anthony89@example.com,"1269 Costa Shoals Bradleyburgh, MP 15591",2022-05-23
460,Cheryl Glover,jonesrussell@example.com,"830 Norton Village Port Toniside, MI 49732",2020-09-07
461,Grant Jackson,pmurray@example.org,"574 Kathleen Roads Suite 679 Klineberg, MS 66023",2022-11-27
462,Peter Parker,brenda41@example.org,"677 Palmer View Suite 236 Lake Kristi, MH 81572",2023-11-26
463,Sandra Fox,tiffany61@example.org,"80626 White Via Barnesbury, DC 92657",2024-02-03
464,James Young,jeffreywright@example.net,"7733 Skinner Passage Suite 490 Loweshire, LA 13751",2021-04-12
465,Albert Johnson,reidlauren@example.com,"0079 Lewis Radial Blevinshaven, WA 66119",2023-06-30
466,Timothy Knight,rossstephen@example.org,"70722 Boyle Drive Lauriefort, MO 48869",2020-08-13
467,Joel Anderson,gabrielmcdonald@example.com,Unit 1067 Box 5441 DPO AA 50739,2021-06-17
468,Dennis Rodriguez,brianlawrence@example.net,"0075 Matthew Shores West Annaburgh, UT 70973",2021-01-25
469,Joseph Robertson,treyes@example.org,"5092 Cynthia Roads Suite 287 Thomasside, GU 56759",2021-11-03
470,Dr. David Martin,lisaellis@example.net,"939 Ramsey Club Suite 512 Port Michael, OR 68210",2024-05-16
471,Tammy Kidd,bkeith@example.net,Unit 9359 Box 2511 DPO AA 87518,2024-09-22
472,Charles Martin,crystal10@example.org,"153 David Wells Apt. 618 Katrinahaven, NE 91196",2024-01-10
473,Frederick Roy,gardnerrobert@example.net,"7969 Joshua Union Suite 184 Lauraport, UT 69071",2021-06-28
474,Suzanne Williams,dklein@example.com,"1074 Bryant Streets Suite 678 Lake Jamesborough, SD 57026",2022-01-25
475,Frederick Holmes,ebennett@example.com,"99866 Holly Corner Suite 964 Port Stacey, PR 82856",2023-08-30
476,Lori Ross,tpeterson@example.com,"2658 Walter Trail Robertchester, MO 34151",2023-01-21
477,Melissa Osborne,upotter@example.com,"995 Watkins Road Apt. 700 Lewisberg, NV 92980",2023-05-21
478,Stephanie Harris,smithgina@example.net,"PSC 5247, Box 5314 APO AE 55575",2020-11-12
479,Leroy Clark,sbuck@example.com,"9767 Sherry Cove West Ericfort, CA 58635",2020-04-10
480,Nicholas Hughes,gomezaustin@example.com,"73667 Morgan Bridge Bowenmouth, UT 51381",2021-05-16
481,Austin Larson,perezrobert@example.com,"1835 Meredith Lock West Karenmouth, KS 30469",2021-11-17
482,Teresa Leach,david64@example.org,"362 Reed Dam Suite 739 Lake Gerald, DC 53198",2020-11-24
483,Molly Phillips,toni45@example.com,"164 Parsons Ridges Apt. 917 Myersfurt, DE 91011",2023-11-12
484,Melinda Jackson,tiffany94@example.org,"70944 Carter Mills Apt. 002 Lewisshire, IL 21490",2020-05-20
485,Jerry Lynch,baldwinmichelle@example.org,"785 Geoffrey Orchard Gonzalezburgh, PR 20318",2021-07-13
486,David Krause,vhenderson@example.org,"93941 Laura Row West Gina, ND 07509",2024-03-10
487,Kari Landry,daviderickson@example.net,"32922 Sanchez Heights Suite 063 Castrohaven, CT 94240",2021-04-23
488,Andrea Wright,tiffany00@example.com,"199 Roberts Manors Apt. 475 Lake David, MD 82591",2024-08-01
489,Nicholas Mills,ngentry@example.net,"0278 Robert Lakes Thomastown, FL 65726",2021-06-22
490,John Green,wendywhite@example.org,"8052 Jacob Cliffs Suite 324 Emilyfort, AS 26778",2022-10-09
491,Todd Jones,nathanielbender@example.net,"PSC 9888, Box 0406 APO AE 18022",2023-06-19
492,Thomas Hernandez,browndebra@example.org,"6167 Gregory Circles Apt. 858 Chadmouth, CT 02106",2020-10-07
493,John Rodriguez,mosscarrie@example.org,"343 Sara Village Apt. 561 Rodriguezshire, MA 23014",2024-03-25
494,Shawn Sanders,yudouglas@example.net,"8553 Tiffany Square Suite 423 West Micheleland, UT 12179",2023-09-08
495,Jacob Terry,kennethwhite@example.net,"7580 Matthew Mews Port Susanside, OH 92820",2021-06-20
496,Mr. Anthony Kirby Jr.,darrell63@example.net,"7166 Benjamin Island Suite 137 Lake Rebeccafort, UT 45527",2022-03-19
497,Jessica Macdonald MD,hopkinsstephen@example.org,"17882 Pearson Fort Maureenchester, PR 72194",2021-09-09
498,Jacob Smith,sherrera@example.com,"108 Manning Common North Gregberg, PR 32017",2024-03-22
499,Daniel Mckinney,rfox@example.net,"124 Wilson Island Kaylaland, MP 85106",2021-05-21
500,Cindy Harris,drodriguez@example.org,"5808 Charles Ridge Suite 062 North Jenniferhaven, CO 48347",2023-02-11
