id,name,email,address,date_joined
1,Shaun Bray,ericbutler@example.org,"6392 Barnes Springs Apt. 595 South Tracey, VT 77886",2021-04-14
2,Devin Wang,diazheather@example.org,"645 Angela Road Sotomouth, MD 58808",2023-05-03
3,Larry Braun,huertakimberly@example.net,"81694 Swanson Run Suite 508 Jenningsburgh, NY 48246",2021-02-13
4,Steven Neal,stevensharp@example.org,"078 Fernandez Port Apt. 611 West Sandraberg, ID 72618",2023-03-18
5,Carlos Bishop,robertaboyd@example.net,"8834 Ashley Hollow West Kathryn, KY 42541",2021-06-24
6,James Howell,umartinez@example.net,"22955 Martin Bypass Suite 991 Hillport, TX 75147",2023-05-07
7,Jeremy Hicks,rose02@example.net,"1906 Deborah Plaza Suite 955 South Michelemouth, AK 13375",2024-09-12
8,Dr. Miranda Lee,jonathansmith@example.com,USNS Parker FPO AP 31554,2024-02-04
9,Elizabeth Mora,toddalexander@example.net,"14481 Tamara Branch Suite 202 Lake Hunter, PW 89181",2023-07-22
10,William Fletcher,idavis@example.net,"793 Bishop Isle Lake Hollyfurt, IL 85390",2020-11-12
11,Charles Wilson,zross@example.com,USCGC Jones FPO AP 60167,2020-05-04
12,Kendra Mitchell,ssaunders@example.org,"563 Sherry Flats Suite 684 Nelsonton, CA 92585",2022-08-25
13,Heidi Cooper,michael55@example.net,"78861 Greene Green Suite 735 North Kyleville, ND 18561",2020-02-20
14,Annette Martin,atkinsmichael@example.org,"775 Martin Light North Aliciafurt, OH 06057",2022-10-11
15,Jennifer Smith,james86@example.org,"43483 Dylan Brooks Cooperview, MS 85592",2021-12-18
16,John Kramer,epoole@example.com,"490 Paul Harbor Suite 425 West Adamburgh, ID 25117",2021-01-29
17,Jermaine Nichols,pmyers@example.com,"1293 Smith Course Apt. 217 South Donna, PW 48959",2021-06-18
18,Jessica Rodriguez,mitchellheather@example.com,"80687 Jennifer View Apt. 913 Sarahport, LA 21501",2023-12-18
19,David Johnson,frankjohnson@example.net,"22070 Holland Estate Glennland, WV 67201",2023-02-28
20,Stephen Taylor,dixonwayne@example.com,"889 Karen Pines Apt. 369 Morenomouth, VA 17284",2020-10-07
21,Howard Dominguez,warrenwilliam@example.net,"68932 Palmer Burgs Suite 828 West Robertmouth, NE 30939",2024-03-01
22,Aaron Moore,courtney63@example.com,"9926 Gonzalez Canyon Suite 649 Port Amymouth, WV 98417",2020-04-25
23,Jennifer Matthews DVM,kblair@example.org,"4122 Holden Forge Oliverborough, FL 20265",2023-12-13
24,Tyler Santos,hartjohn@example.com,"344 Tammy Drive Apt. 706 West Ericville, WY 25534",2020-06-27
25,Brad Wilson,jimmy77@example.net,"PSC 8642, Box 1198 APO AA 04020",2021-10-01
26,Mrs. April Walsh MD,umedina@example.net,"79585 Hartman Oval Deborahside, FM 90357",2021-08-20
27,Joshua Torres,mackevan@example.com,"046 Andrea Manors Thompsonmouth, NH 57431",2020-08-03
28,Julie Carson,alexandersteven@example.com,"2926 Tyler Branch East Alexandra, OR 05320",2021-06-12
29,Luke Jackson,jennifer69@example.com,"98756 Clark Port Port Michaelfurt, IN 33570",2021-08-03
30,Jennifer Haney,oclark@example.net,"3749 Tonya Tunnel New James, MT 80698",2022-12-12
31,Thomas Nelson,mckinneysavannah@example.com,"87343 Brian Causeway Suite 297 Millerland, GU 59546",2023-06-11
32,Bianca Johnson,ggibson@example.com,"23949 Jasmine Walk Robinsonstad, IN 62490",2022-03-17
33,Heather Edwards,christopherthornton@example.com,"18119 Wilkerson Rest Johnsonburgh, CT 95887",2020-06-13
34,Melissa Anderson,watersjennifer@example.com,USS Porter FPO AA 69295,2022-06-21
35,Jenny Roman,jessica84@example.org,Unit 7621 Box 8006 DPO AA 91252,2024-04-26
36,Kelsey Clark,gabriella15@example.org,"93271 Heather Turnpike Suite 806 Kathleenshire, OR 65598",2021-01-02
37,Carolyn Price,moniquewilson@example.net,"PSC 9416, Box 7468 APO AP 80778",2024-02-28
38,Kaitlin Carter,knelson@example.net,"539 Taylor Point West Justinmouth, UT 99014",2023-03-22
39,Nancy Flores,ospencer@example.net,"4904 Blevins Lodge Apt. 460 Lake Molly, FL 91494",2024-02-28
40,Rachel Stewart,stephaniewalter@example.net,"27656 Brian Falls Suite 296 Lake Nathanhaven, NJ 86305",2021-04-26
41,Nathan Anderson,ckennedy@example.com,"9395 Christina Rue Collinsstad, NJ 85474",2021-03-20
42,Carla Williams,bsanchez@example.org,"9442 Samuel Canyon Katrinaville, OR 64070",2022-12-20
43,Tara Barajas,debrathomas@example.net,"75870 Joanna Wall Port Melanie, FM 04459",2021-02-02
44,Keith Patterson,karenroberson@example.net,"7736 George Harbors Suite 461 Port Aaron, WV 77097",2022-04-03
45,Rachel Holder,jonesamber@example.com,"48399 Taylor Tunnel Apt. 254 New Justin, WA 39072",2020-08-06
46,Brian Lee,ericblanchard@example.org,"64253 Kennedy Heights Suite 339 Bennettburgh, GA 67008",2023-06-05
47,Stacy Huynh,sarah92@example.com,"677 Villarreal Orchard Evelyntown, MO 82800",2021-07-17
48,Kathleen Walker,mark34@example.net,"033 Harrington Cove Scottland, GA 76167",2020-05-10
49,Tracy Lee,nicole19@example.org,"506 Olivia Garden Alexandriatown, AS 45420",2021-05-31
50,Tom Mccall,lwalker@example.com,"80341 Atkinson Islands Suite 270 Bestshire, WV 92695",2020-07-28
51,Angela Carroll,ivanhorton@example.net,"00496 Santiago Parks Lindaville, OH 81401",2024-09-28
52,Angelica Cooper,megansmith@example.org,"512 Gregory View Apt. 916 South Maryhaven, WI 32233",2024-03-22
53,Donna Wilkinson,cvasquez@example.com,"221 Daniel Drives Apt. 038 Justinside, AL 90552",2022-08-10
54,Melissa Williams,teresa01@example.net,Unit 8655 Box 3237 DPO AP 08028,2021-10-18
55,Samantha Hughes,qmurray@example.net,"62748 Graham Point Gabrielamouth, SD 72900",2024-06-01
56,Erin Moore,toddmurray@example.org,"767 Tina Plains Apt. 960 North Jonathantown, MI 74005",2021-06-01
57,Julie Blair,kathrynsullivan@example.com,"522 Owens Isle Suite 412 West Jacob, RI 33273",2022-07-25
58,Monica Davis,robert85@example.org,"19641 Carol Wall South Kristintown, OH 85482",2020-04-28
59,Linda Owens,zpeterson@example.net,"97656 Jessica Plains Apt. 527 Andreville, AR 07592",2024-07-07
60,Jennifer Pierce PhD,ymoon@example.org,"90426 Nicole Turnpike South Theresa, WV 08490",2023-12-16
61,Sean Wilson,stephen41@example.net,"075 Warner Isle Suite 773 Carrietown, OH 64844",2024-06-07
62,Christopher Franklin,brownsusan@example.net,Unit 9499 Box 8308 DPO AE 88390,2024-06-16
63,John Harris,christineyoung@example.org,"27710 Willie Road Suite 390 New Rebecca, LA 28382",2022-12-14
64,Shawn Mendoza,durandavid@example.com,"PSC 5070, Box 1768 APO AA 57974",2021-08-04
65,Edward Norton,palmerrichard@example.net,"08664 Johnson Islands South Anthonyhaven, RI 85746",2022-08-08
66,Taylor Bryan,robertmoore@example.com,"3726 Hernandez Coves South Timothyburgh, MI 21119",2021-09-27
67,Steve Rasmussen,alyssa92@example.com,"92419 Taylor Turnpike Apt. 745 North Sarahton, KS 48056",2023-07-10
68,Pamela Odonnell,foleyjason@example.net,"0251 Deleon Street North Donaldburgh, UT 11420",2022-02-28
69,George Morales,jessicasingh@example.org,"705 Carpenter Villages Castroside, AZ 98112",2023-02-06
70,Dr. Susan Bridges,davidflores@example.com,"14804 Russell Union Port Joshuahaven, FM 36719",2022-01-31
71,Victoria Meyer,ashlee45@example.com,"62761 Thomas Point Suite 561 Johnsonton, IA 48617",2023-01-30
72,Sherry Ford,francisco10@example.net,"9140 Sheila Rapid Suite 207 Cynthiamouth, WA 12617",2022-11-09
73,Monica Tapia,xtaylor@example.com,"886 Davis Mews Suite 788 Campbellfort, OR 23915",2020-05-22
74,Dustin Edwards,sandovalkimberly@example.org,"41919 Short Manor Apt. 879 Jonesfort, FM 47641",2022-05-11
75,Tanya Wilson,ecox@example.com,"PSC 6386, Box 5284 APO AA 94187",2023-11-25
76,Jason Peterson,adkinsanthony@example.net,USCGC Bauer FPO AP 82624,2024-08-17
77,Brenda Vang,paulbrendan@example.org,"83506 Hill Plains Lake Anthony, MN 84240",2021-01-04
78,Anthony Shaw,ohorton@example.com,"1389 Kenneth Squares Rojasmouth, PW 98562",2023-11-20
79,Elizabeth Robinson,ccamacho@example.net,Unit 1257 Box 8120 DPO AP 12027,2021-08-19
80,Jonathan Ortiz,turnerjoseph@example.org,USNV Howard FPO AE 98353,2021-06-02
81,Samuel Hicks DDS,srich@example.com,"3853 Logan Shoals Maryville, DE 82216",2020-11-01
82,Jacqueline Jones,matthew81@example.org,"3355 Angela Village Suite 081 Anthonyborough, ID 67608",2024-01-08
83,Matthew Cruz,joannastout@example.com,"181 Angela Pike Christinemouth, FM 39589",2024-01-30
84,Cheryl Smith,cantrellerika@example.net,"955 James Landing Garciaport, DC 15236",2020-07-29
85,Phillip Lang,gaycristian@example.net,"792 Darrell Port Lewisberg, IN 32123",2020-09-30
86,Robert Francis,leerebecca@example.net,"5843 Perez Ramp Suite 107 East Anthony, MH 52586",2022-06-11
87,David Morton,jefferyhunter@example.org,"5781 Owens Station Johnsonview, VT 11814",2023-06-17
88,Rebecca Davis MD,pguerra@example.org,"1468 Alyssa Oval Suite 078 Ariastown, ND 05262",2021-06-27
89,Leslie Carroll,baileytim@example.net,Unit 1338 Box 1832 DPO AA 99614,2023-09-10
90,Erica Dean,moorechelsea@example.org,"590 Taylor Point Kathleenland, AK 68056",2021-06-19
91,Christopher Hale,ambersharp@example.net,"PSC 2800, Box 2453 APO AA 05485",2023-10-20
92,Gabriela Wood,eric83@example.org,"38991 Lee Forks Apt. 320 Lake Davidview, HI 80378",2021-04-24
93,Kaitlyn Brown,williamslynn@example.org,"9353 Lisa Plains Montgomerymouth, RI 25959",2024-02-17
94,Joseph Mueller,ronald39@example.org,"PSC 8318, Box 4066 APO AA 24812",2020-05-17
95,James Lam,mariarodriguez@example.com,"964 Michelle Inlet Sosatown, IL 77711",2021-03-22
96,Robert Keith MD,andreadiaz@example.com,"9827 Troy Trail Lake Jimmy, AL 56864",2023-11-05
97,Kerry Taylor,cford@example.net,"4435 Melissa Islands Lake Erik, MT 80512",2023-06-02
98,Jacob Morales,whitecaitlin@example.net,"51460 Morris Skyway New Gregg, NJ 08978",2022-04-18
99,Grace Bradley,ann35@example.com,"1464 Brian Wall Suite 870 North William, NE 48513",2022-01-12
100,Benjamin Sullivan,trancorey@example.org,"505 Annette Spur Robertbury, PR 01060",2022-02-11
101,Michael Mcdaniel,kenneth45@example.org,"6217 Ruiz Viaduct Apt. 318 Port Jonathanstad, CO 58292",2021-01-30
102,Matthew Williams,donna32@example.org,"0640 Cooper Unions Suite 162 Oliviastad, DE 66677",2022-08-20
103,Abigail Spears,elijahhenry@example.org,"394 Crawford Lights Apt. 837 Johnsonfurt, ME 98006",2021-04-28
104,Barbara Silva,brianmartinez@example.net,"358 Villarreal Knoll Suite 543 Carlstad, OR 15596",2024-02-11
105,Jonathan Lucas,john21@example.org,"9982 Cuevas Gateway Suite 111 Lake Pattyshire, LA 14532",2021-10-19
106,Karina Williams,xdean@example.net,"7210 Wolfe Square Apt. 158 Kimberlyton, MO 63890",2024-04-12
107,Michael Jones,martinezlarry@example.net,"8341 Steve Park Suite 315 North Mary, TN 71781",2020-10-16
108,Ann Brown,nchandler@example.org,"8895 Christina Bypass Apt. 556 Mcintyretown, MD 04412",2021-12-14
109,Gregory Jones,morganjennifer@example.com,"529 Timothy Tunnel Suite 850 Whitakerborough, OK 86086",2020-05-19
110,Samuel Chambers,aanderson@example.net,"158 Phillips Inlet Garciashire, NM 84114",2022-04-15
111,Christopher Moss,smithjames@example.org,Unit 2868 Box 6446 DPO AA 51302,2021-05-11
112,Jennifer Moore,bdavis@example.net,"80647 Bennett Causeway Lake Erica, MT 70838",2024-06-04
113,Anthony Miller,kathleenbaker@example.org,"8652 White Locks Smithshire, WA 73467",2020-08-24
114,John Green,justin63@example.org,"551 White Mountain West David, IA 15381",2024-09-24
115,Justin Rice,mross@example.org,Unit 9065 Box 0022 DPO AE 53572,2021-03-21
116,Joseph Davis,garrett75@example.org,"37679 Delacruz Field Lake Johnberg, NY 87011",2024-05-02
117,Jack Cross,anna49@example.com,"731 Cunningham Knoll Suite 389 Edwardtown, TN 87082",2020-07-19
118,Mitchell Barr,michelle53@example.net,"94315 Montes Heights Suite 607 Port Calebton, IL 98082",2023-06-07
119,Christopher Jordan,joserojas@example.org,"13252 Nguyen Expressway Suite 449 Jennifermouth, NJ 55349",2022-03-11
120,Elizabeth Hayes,obailey@example.org,"510 Gibson Camp Lake Michaelhaven, AZ 49498",2020-11-26
121,Robert Sellers,teresa54@example.org,"881 Hayes Loop Sheriland, NJ 95077",2021-09-27
122,Jonathan Harvey,mwebster@example.org,"8240 Moore Land Suite 222 Patrickmouth, TX 43023",2022-11-09
123,Angela Knox,ruthsilva@example.net,"81045 Richard Wells Apt. 584 Jacquelineville, NM 64434",2021-09-27
124,Jean Miller,sullivanronald@example.com,"528 Christine Corner Apt. 563 New Brian, TN 38339",2022-11-17
125,Linda Burgess,markpalmer@example.com,"8692 Holmes Ramp North Jimmyview, NE 95448",2021-12-13
126,Emily Ross,ygill@example.org,"0218 Doyle Point Suite 031 Lake Lindsey, DC 70510",2022-01-13
127,Cassandra Hodge,norrispaul@example.org,"68401 Ruiz Trafficway Matthewsmouth, MD 18560",2020-06-24
128,William Greer,christophergarrett@example.com,USNS Powell FPO AA 67855,2023-03-26
129,Eric Mclaughlin,rachael97@example.org,USNV Chen FPO AA 50741,2020-09-09
130,Michael King,matthewray@example.org,"389 Michael Fields Apt. 114 North Matthew, IL 97833",2023-10-01
131,Gregory Jensen,vmurray@example.com,USNV Ruiz FPO AP 43325,2023-09-20
132,David Gates,brian04@example.com,"8095 Mary Spring West Allen, MI 26374",2021-02-09
133,Edward Parks,elizabethgordon@example.com,"90250 Kenneth Oval Kylestad, MS 71746",2021-05-31
134,Beth Sanchez,aguilardonald@example.org,"83021 Deborah Road Moonstad, PW 48765",2024-06-05
135,Tracy Smith,rlynch@example.org,USCGC Anderson FPO AE 57235,2022-11-06
136,Christina Turner,yhamilton@example.net,"4918 Paul Mission Suite 271 Wrightmouth, RI 80415",2020-10-20
137,Cheryl Vargas,xwhite@example.net,"024 Reed Views Apt. 646 South Mary, MO 86861",2023-06-10
138,Kevin Johnson,cainwesley@example.org,"28655 Mary Summit Suite 663 Port Anita, HI 84920",2023-11-25
139,Kristina Bailey,berrybruce@example.net,"378 Karen Union Suite 487 Hollandmouth, DE 15525",2023-09-19
140,Eric Daniels,tsanders@example.org,"155 Lawson Mountains Apt. 335 Mindystad, IL 33905",2020-06-19
141,Crystal Williams,andersonstephanie@example.org,"0289 Nelson Stream Lake Jennifershire, MN 91131",2023-04-11
142,Alan Torres,kathleenellis@example.net,"43730 Ayers Plains Santiagoside, OH 89459",2022-05-19
143,Michael Sutton,laura73@example.org,"916 Robert Landing Suite 769 Patriciabury, WY 18088",2022-03-18
144,Amanda Smith,heather65@example.org,"7733 Tran Place Williamston, MI 58429",2023-05-01
145,Mercedes Yu,natasha44@example.net,"8367 Thomas Inlet Apt. 350 Lake Jesseville, MA 18890",2020-10-25
146,Timothy Hoffman,austinjones@example.org,USS Evans FPO AP 93609,2023-10-07
147,Amy Burgess,jennifer89@example.net,"196 Garcia Harbor Suite 492 West Jose, CT 78842",2023-07-18
148,Raymond Warner,kimberlyfisher@example.com,"148 Peters Falls New Felicia, VT 20773",2022-10-31
149,Laura Wade,lowevictor@example.com,USNV Carter FPO AP 44492,2020-09-13
150,Mr. Randall Miller,stephen96@example.net,"9372 Mayer Inlet West Heathertown, DE 65699",2021-07-08
151,Ian Gutierrez,jenniferwebster@example.com,"57082 Melissa Village Lake Joshua, NM 67799",2020-04-23
152,George Bruce,lonnieperry@example.org,"331 Nicole Spurs Apt. 775 Powellborough, WV 56198",2024-05-07
153,Laura Bates,melinda37@example.com,"5452 Michael Loaf Apt. 870 East Robertoport, AS 28616",2024-06-17
154,George Fields,barbaralogan@example.org,"370 Brianna Meadows New Gina, NJ 94435",2020-11-21
155,Cindy Anderson,kgentry@example.net,"16947 Baker Islands New Logan, TX 15906",2020-04-23
156,Frank Ellis,qkelly@example.net,USNV Bell FPO AP 51034,2021-07-10
157,Rebekah Wood,brooksbenjamin@example.net,"7633 Emily Forest Walkerbury, VA 66601",2024-09-21
158,Tiffany Turner,xgalloway@example.org,"970 Daniel Spur East John, OH 32335",2023-12-17
159,Troy Little,katherine24@example.com,"158 Robert Island Suite 881 Lake Mark, MO 42527",2023-05-05
160,Charles Bennett,kmoss@example.com,"4709 Shields Street Benjaminshire, OK 02874",2021-09-21
161,Daniel Anderson,davisarthur@example.org,"8327 Melissa Mount South Maryborough, NV 85493",2021-09-29
162,Nicole Dickerson,zlogan@example.org,"945 Nicholas Forge South Christopher, PA 75481",2020-01-06
163,Tammy Giles,hchapman@example.com,"8055 Figueroa Ways Apt. 852 Schwartzshire, NC 71407",2022-08-03
164,Jasmine Watson,zcarroll@example.com,"0036 Troy Isle Angelaberg, IA 71834",2023-11-20
165,Kenneth Daniels,nancy03@example.org,"9355 Moore Haven Apt. 333 Solisberg, PA 52628",2023-02-12
166,Jodi Hines,hchung@example.com,"378 Garcia Street South Dorothytown, MH 90285",2020-05-09
167,Stephen Stanton,powellmelinda@example.org,"86869 Reed Pine Johnfurt, UT 19604",2021-11-22
168,Jamie Carroll,amyhurst@example.net,"427 Walton Mountain Deborahberg, CT 90889",2024-02-12
169,Mitchell Davis,johndudley@example.net,"57549 Rivas Stream Apt. 737 Loveton, CA 30561",2022-08-29
170,Steven Lopez,shermanamy@example.net,"385 Johnson Estates Kirkside, PA 05731",2020-11-28
171,Sheri Richardson,khoward@example.org,"53668 Troy Meadows Suite 009 Brandihaven, NV 71767",2024-08-01
172,Robert Vaughn,frios@example.org,"2411 Andrew Brook Suite 695 Ericamouth, PW 76461",2023-08-14
173,Anne Martinez,danielshields@example.net,USS Lee FPO AE 29662,2021-10-06
174,Dr. Richard Barrett,nicole32@example.net,"957 Bradley Meadows Suite 728 Lake Alyssa, KS 33441",2024-06-01
175,Kimberly Webb,crawfordjames@example.com,"3630 Jill Port Apt. 025 Lake Dean, UT 02620",2022-06-25
176,Elizabeth Mendoza,bandrade@example.net,"1731 Nunez Cape Suite 006 Spencerstad, NY 38243",2022-01-01
177,Jerry Castro,daniel46@example.com,"932 Duane Plaza Ariasfurt, MO 23022",2022-03-13
178,Jessica Johnson,kingjohn@example.com,"8787 Scott Centers Lake Joseph, OH 89941",2024-03-07
179,Paul Sullivan,raymondchristina@example.net,"6097 Kevin Junctions Apt. 061 East Joan, MT 61108",2020-05-25
180,Michael Forbes,alexandernorton@example.org,"0089 Hamilton Skyway Suite 409 Andrewshire, AZ 35340",2020-10-16
181,Joshua Curtis,zchurch@example.com,"8061 Lisa Ports Apt. 362 New Jeffreystad, WI 59280",2021-01-02
182,Jim Glenn,sharon81@example.net,"26653 Fleming Highway New Charlene, FL 78902",2020-08-07
183,Joseph Reed,donna21@example.net,"1373 Candace Bridge West Christine, CA 04320",2022-09-01
184,Stacy Rose,smithbrittany@example.net,USNS Silva FPO AE 81534,2020-09-05
185,Kelly Roberts,justinadams@example.org,"99587 Pena Curve Apt. 656 East Kelly, WA 52059",2022-10-01
186,Stephen Griffin,matthewsaustin@example.org,"342 Flores Burgs West Kristin, KY 81358",2020-02-03
187,Albert Davies,william24@example.net,"69787 Miller Valleys Port Eric, GU 83602",2021-10-07
188,Michael Greene,devon35@example.net,"919 Meyers Mews Taraport, TN 76069",2021-05-09
189,Eric Acosta,knightjames@example.com,"6782 Gutierrez Mews Suite 492 Maxwellborough, GA 33228",2020-12-02
190,Brandon Zamora,harrisonvincent@example.net,"35159 Ryan Rapids Apt. 615 Port Mirandamouth, DC 56814",2024-02-13
191,Karen Juarez,john50@example.com,"70957 Montgomery Green Georgechester, UT 32046",2023-06-22
192,Frank Perez,ellen40@example.com,"2627 William Shore Suite 992 Smithhaven, VI 12134",2021-05-31
193,Marvin Barber,jennifer35@example.net,"36091 Dunn Row Suite 491 Byrdside, GA 37537",2021-04-27
194,Michele Burns,baileyisaiah@example.net,"751 Christina Tunnel Apt. 147 Port Debbiefort, ME 60998",2022-10-04
195,Matthew Murphy,melissa92@example.org,Unit 5108 Box 0332 DPO AA 17685,2020-05-24
196,Michael Mason,william56@example.com,"10746 Garrett Drives Shannonville, MI 78647",2020-08-03
197,Jamie Baldwin,eric48@example.org,"683 Ellis Rapid Suite 299 Hernandezside, SD 32792",2020-06-23
198,Danielle Romero,jessicamaxwell@example.org,"8745 Daniel Drive Apt. 991 West Patricia, ID 47043",2021-08-15
199,Renee Jones,morganwise@example.org,USCGC Ryan FPO AP 89183,2023-03-08
200,Heather Watson,nicole52@example.net,"24555 Frank Crossroad Apt. 170 South Joe, NJ 77314",2024-02-05
201,Karen Barton,wbates@example.com,"PSC 9841, Box 3028 APO AA 81097",2023-03-16
202,Sarah Simon,anna07@example.com,"PSC 3854, Box 2214 APO AA 85862",2022-09-08
203,Danielle Liu,julia37@example.net,"7913 Lewis Spurs Michaelhaven, CA 44172",2021-01-20
204,David Wilson,wmendez@example.net,Unit 8675 Box 8016 DPO AE 26980,2024-08-14
205,Rick Russell,milleralexandra@example.net,"2481 Shane Manors Apt. 850 Port Nicholas, AS 87867",2024-02-04
206,Paul Sims,john16@example.org,"7054 Keith Harbors Nicolestad, OR 33442",2021-10-02
207,Amy Washington,bvaldez@example.com,"9794 Brittany Parkways Vanessamouth, MA 84007",2022-02-04
208,Mr. Nathan Hill Jr.,andreataylor@example.org,"85586 Dennis Oval Apt. 040 North Amyland, DC 78904",2022-10-14
209,Stephen Moody,johnhogan@example.net,"2067 Ferguson Parks Suite 772 Port Mirandahaven, PA 77010",2022-01-22
210,Nicole Miller,kellysimmons@example.org,"10830 Powell Crossing Suite 160 East Rileyhaven, NC 14703",2024-03-03
211,Adam Meza,michael02@example.org,"3495 Burns Parkways Suite 221 Port Jesseside, WV 21127",2023-06-26
212,Melissa Navarro,brian62@example.net,"25467 Chelsea Vista Apt. 459 Juanchester, WV 54880",2021-02-24
213,Riley Williams,aosborn@example.org,"4086 Caitlin Parks Apt. 056 Caitlinville, NV 59810",2023-10-11
214,Zachary Bridges,gabriel65@example.org,"15017 Wilson Creek Hermanchester, OH 37360",2024-04-23
215,Emily Davis MD,gbennett@example.org,"11463 Brandon Street Suite 833 Lake Kenneth, OR 47057",2022-10-02
216,Marc Stewart,rhonda47@example.net,"4615 Amy Mills Apt. 209 West Stephaniefort, GU 70548",2024-01-20
217,Mary Chan,patrick96@example.com,"56040 Singleton Knoll Apt. 102 South Michaelview, MS 45116",2021-07-04
218,Ann Flores,emma07@example.com,"62304 Bradley Vista Apt. 448 Port David, TN 68820",2023-12-12
219,Brett Mason,megan56@example.net,"08967 Courtney Parkways Ericport, CA 87601",2020-01-20
220,Laura Thompson,kanemichelle@example.com,"825 King Springs Courtneytown, RI 86597",2023-02-20
221,Cheryl Huff,zacharyfernandez@example.net,"19465 Harris Gateway Suite 937 Lake Jamesstad, CO 93088",2023-09-19
222,Patrick Cox,davisedward@example.org,"445 Claudia Point Suite 440 East Jonport, AR 16985",2020-03-07
223,Michael Key,benjaminrobles@example.com,"5438 Bryan Burgs Port Nicholas, FM 81253",2022-12-31
224,Richard Bell,martindaugherty@example.org,"65099 Robertson Shoal Port David, FL 89182",2021-05-05
225,Benjamin Newman,currymichael@example.net,"3274 Jon Pass Williamsfurt, VT 64579",2020-05-01
226,Jerry Wright,sjones@example.net,"153 Mcdonald Lane East Lesliemouth, SC 17032",2021-09-22
227,Dylan Skinner,robertcarter@example.net,"7733 Mora Summit Suite 332 Lake Jonathanhaven, VA 57745",2022-06-23
228,Mallory Hudson,arnoldmichelle@example.net,"87598 Dougherty Garden Robertberg, MN 44267",2020-02-06
229,Michael Anderson,kimberly99@example.net,"3437 Kendra Squares North Larrymouth, SC 05942",2020-03-24
230,Jeffrey Anderson,ibrown@example.com,"995 Jones Lakes West Ericmouth, AR 37757",2021-02-09
231,Jennifer Clark,brianna76@example.org,"117 Kristopher Garden Irwinborough, MP 69952",2022-12-24
232,Steven Smith,deanjames@example.com,USNV Moore FPO AP 78099,2021-06-17
233,Blake Bennett,acostamichael@example.org,"2436 Angela Junctions Suite 810 North Kristen, WY 88696",2023-04-18
234,Brent Mendoza,andreawatts@example.org,"96183 Cisneros Place Brianton, VI 55529",2022-05-13
235,Daniel Davis,novakkristopher@example.net,"5077 Dorothy Mill Apt. 192 Ashleyburgh, MO 85666",2020-06-12
236,Pamela Lozano,anngarcia@example.org,"22964 Horton Squares Lake Ashleyville, SD 80075",2021-05-02
237,Chad Campos,becky07@example.net,"054 Hernandez Rue Apt. 757 Kathyside, PA 47041",2024-09-16
238,Elizabeth Leon,moorejeffrey@example.org,"14015 Walker Forge Butlermouth, VI 58773",2023-09-04
239,Mark Thomas,hortonpatrick@example.net,"14544 Warner Shoal West Michael, FM 03170",2020-08-25
240,Lisa Jacobson,davidromero@example.org,"575 Wood Divide Apt. 698 New Davidport, PA 36010",2020-09-14
241,Becky Conley,bobby07@example.com,"55392 Olsen Divide West Dale, FM 06256",2024-05-28
242,Amanda Ramos,ebrooks@example.net,Unit 5057 Box 2716 DPO AE 87901,2023-04-02
243,Sarah Brown,christopher31@example.net,"4219 Gross Street Suite 380 Port Carol, IL 59835",2021-11-29
244,Mr. Patrick Fletcher DVM,deborah02@example.org,"7215 Joe Ranch Port Margaretton, DE 09342",2024-04-17
245,Lauren Scott,stephensonnathaniel@example.org,"9729 Michael Springs Apt. 160 Lake Heatherville, RI 12382",2024-08-20
246,Julie West,muellerbrandi@example.net,"04448 Holly Run Stacyfort, MI 63273",2023-07-02
247,Kimberly Thompson,ellisrebecca@example.org,"761 Monica Green Apt. 667 West Maria, MH 50573",2023-04-14
248,Nancy Cross,williamadams@example.net,"83150 Joshua Corner Suite 825 Richardberg, OH 77626",2022-10-22
249,Lisa Rogers,theresa55@example.net,"7011 Richard Mills Apt. 695 Juarezchester, SD 99135",2021-11-18
250,Steven Walker Jr.,eramirez@example.com,"73193 Lisa Burg Suite 088 New Michaelburgh, ND 84532",2023-11-06
251,Nicholas Barry,steven29@example.net,"87631 Chase Circles South Elijahchester, AL 64718",2024-02-17
252,Hector Jackson,barnesgina@example.net,"3238 Amy Pike Johnsfort, AZ 51179",2021-11-07
253,Christopher Key,ianruiz@example.org,"4703 Kaylee Meadows Apt. 112 Smithmouth, FL 74475",2020-11-08
254,Roy Schmidt,jaguirre@example.org,"9863 Breanna Port Suite 589 Jordanmouth, KS 79411",2020-02-24
255,Stephen Garcia,kelly69@example.net,"411 Walker Station Jeffreyland, FM 57631",2022-06-24
256,Caroline Cantu,myersallison@example.com,"0459 Ashley Ranch Apt. 222 New Rachelton, VT 46718",2020-09-28
257,Alexis Shah,andrewmorris@example.org,"84927 Kara Ville Apt. 902 West Ashleyton, VA 27875",2022-11-22
258,Eric Sanders,michaelhiggins@example.net,"24073 Kim Light South Lukefurt, AL 06221",2022-03-21
259,Mrs. Jennifer Diaz,jacob10@example.net,"5583 Kevin Extensions Apt. 095 South Ruthtown, UT 28521",2023-02-11
260,Jennifer Clark,garciaellen@example.org,"0332 Davis Key Suite 522 East Matthew, CO 75489",2022-02-16
261,Charlotte Kirby,uwang@example.org,"PSC 7606, Box 7324 APO AE 04763",2022-02-12
262,Matthew Bell,angelabarton@example.net,"3252 Joshua Green Suite 643 New Michaelport, VT 93180",2023-04-26
263,Christine Taylor,kristinrichardson@example.net,"5483 Campbell Stravenue Suite 861 North Ryan, WY 65196",2022-06-16
264,Veronica Cruz,michael44@example.net,"170 Humphrey Harbor North James, ID 92553",2022-11-10
265,Benjamin Reyes,candice29@example.net,"81804 Fuller Knoll Suite 666 Lake Nathan, NM 17091",2023-09-27
266,Leonard Long,jade89@example.org,"2993 Amanda Circle East Renee, VT 82347",2020-08-26
267,Anna George,graymichael@example.com,"773 Amber Keys Espinozaberg, ME 53675",2023-07-01
268,Brian Wheeler,dianamartin@example.com,"326 Kelly Ridges Mccarthytown, CA 63468",2020-01-23
269,Nicole Moody,bernardrobert@example.net,"966 Howell Parks Apt. 920 Megantown, IL 93134",2021-06-09
270,John Sosa,joshuataylor@example.org,"00503 Parker Alley East Nathanborough, ME 78129",2022-05-21
271,Mr. Thomas Chapman,jacobcooper@example.net,"05113 Tran Squares New Jonathan, VA 18969",2023-05-13
272,David Rivera,janetmaldonado@example.com,"29677 Joshua Road Suite 185 Port Maryfurt, MH 43385",2020-10-25
273,Scott Green,morrisbrian@example.org,"61883 Bradley Turnpike Grahambury, LA 87832",2022-12-17
274,Brian Gutierrez,taylorapril@example.net,"8054 Micheal Passage Apt. 648 Port Meagan, NH 79987",2020-05-10
275,Chelsea Mccall,sawyermichael@example.org,"71760 Martinez Courts Suite 051 North Juan, MO 90683",2020-10-02
276,Summer Reyes,hwhite@example.net,"468 Matthew Courts Apt. 214 Davidmouth, MS 82252",2020-04-15
277,Belinda Martin,noah84@example.com,"62326 Jones Falls Port April, AS 17095",2021-06-10
278,Lynn Adams,stevengonzalez@example.net,"809 Mills Branch Rushchester, OH 73527",2021-12-05
279,Margaret Yu,scott87@example.net,"6659 Joseph Streets Suite 335 North Ryanshire, CT 32292",2021-03-29
280,Kevin Gonzalez MD,sarah92@example.com,"99754 Ruth Path Lake Christinaside, NM 58555",2022-03-22
281,Rebecca Boone,fshort@example.net,"369 Lisa Ford South Jacquelinestad, CA 94942",2024-04-12
282,Amanda Taylor,joelochoa@example.org,"55155 Walter Crossroad Toddborough, CA 64635",2024-01-23
283,Danielle Fisher,dixonmariah@example.net,"6387 Clark Turnpike Apt. 840 East Patrickburgh, DE 07199",2024-04-04
284,Seth Bryant,maciassteven@example.net,"99479 Walker Parks West Russell, TX 17151",2021-03-05
285,Nicole Wyatt,charles92@example.com,"7932 Tara Manor Lake Kristen, GU 56666",2024-02-10
286,James Yoder,rcarter@example.com,"9683 Arnold Plains Hamiltonberg, TX 09222",2023-08-26
287,Anthony Hughes,edwardsjoseph@example.org,"228 Craig Ferry Suite 819 East Alexisshire, VI 53295",2022-01-22
288,Angela Woods,gary57@example.org,"8931 Baker Summit New Joe, FM 43690",2022-01-09
289,Andrew Todd,shaun09@example.net,"31752 Mullen Inlet Monicashire, SD 31319",2020-06-25
290,Matthew Mcdaniel,daviescraig@example.com,"33548 Catherine Circles Lake Joshualand, TX 62241",2024-07-11
291,Stanley Miller,jonathanrobinson@example.com,"236 Wood View Shawhaven, WI 34548",2022-09-16
292,Jennifer Barrett,scottharris@example.net,"050 Jessica Meadows Suite 798 New Shane, WY 87217",2023-01-10
293,Anita Bell,savagejoseph@example.net,"6135 Watson Knoll Port Charlesland, CO 15077",2023-04-26
294,John Grimes,shannonlewis@example.net,"373 Peggy Centers Suite 578 Stricklandburgh, RI 30511",2022-08-31
295,Patricia Burch,bradshawashley@example.com,"45946 Sandra Mount Apt. 276 Boyerburgh, NJ 83340",2020-05-11
296,Kenneth Perry,ryan14@example.net,"59142 Grant Mill Suite 433 East Joshua, PR 61864",2024-05-16
297,Holly Reid,michaelmartin@example.net,"348 Coleman Hills Apt. 577 Ayalaton, NE 11797",2024-08-20
298,Monica Cook,butlersherri@example.com,"998 Tyler Fields Suite 616 East Michaelshire, LA 06711",2024-02-29
299,Gary Wilkerson,bryan76@example.com,"0280 Bryant Fort Apt. 156 Lake Kyle, MP 61082",2023-08-04
300,Erica Silva,kathleen31@example.com,"26314 Amber Harbors Apt. 887 Wrightton, GA 81658",2022-11-10
301,Linda Lucero,jesse18@example.org,"85697 Brandi Centers Suite 568 Lake Rebecca, TN 12678",2020-07-12
302,Courtney Garcia MD,fallen@example.net,"4667 Joshua Overpass Apt. 766 Levineshire, AK 29499",2022-08-04
303,Maria Campbell,ashleyhuang@example.com,"23621 Jorge Square Brianland, LA 18598",2024-05-19
304,Edward Burns,donald58@example.org,"26861 Kristin Club Port Karen, ME 73292",2022-07-23
305,William Orozco,jonathan48@example.net,"0558 Jeremy Fort Apt. 352 West Ericafurt, ND 84751",2023-05-24
306,Matthew Duffy,vpeterson@example.net,"9472 Armstrong Mountain North Deborahton, ME 96481",2022-03-24
307,James Williams,xshepard@example.com,"98532 Lisa Springs East Leslieport, ME 31223",2024-01-18
308,Michelle Mueller,ugibson@example.org,"34888 Michael Camp South Joseph, SC 15797",2022-04-10
309,Melissa Holden,markforbes@example.org,"65590 Berry Locks South James, FL 50170",2020-10-01
310,Kathryn Navarro,yharris@example.net,"3822 David Groves Suite 792 North Rodneyburgh, LA 58794",2020-04-03
311,Dean Stein,uyoung@example.com,USS Murphy FPO AE 13529,2020-03-30
312,Bryan Brown,kevin97@example.org,"81226 Cameron Parkways Apt. 280 Walkerbury, NY 19698",2021-12-27
313,Deborah Page,lauren22@example.org,"697 Carr Mount Lake Garyfurt, VI 19775",2024-01-31
314,Joseph Little,nfarrell@example.net,"22986 Jon Junction Lake Ericfort, VT 90692",2024-05-22
315,Dennis Torres,pamelagomez@example.org,USNS Johnson FPO AP 12105,2020-10-21
316,Leslie Jones,edwardspam@example.org,"509 Rhonda Pike Suite 468 Port Alexishaven, RI 46377",2023-03-06
317,Chase Haynes,michael03@example.org,USNS Hawkins FPO AA 69208,2023-04-03
318,Stephanie Carey,morganbrittany@example.org,"66821 Rose Villages Suite 435 East Christopher, MN 94276",2023-10-11
319,Wendy Scott,zjordan@example.com,"5733 Carrillo Harbors Apt. 016 Lake Loriton, ND 71914",2023-10-03
320,Charles Jimenez,craig44@example.com,"07646 Evans Plain Apt. 945 Port Elizabethside, SD 52821",2021-06-18
321,Lisa Smith,jonathan76@example.net,"322 Ellis Well Apt. 046 Lake Katiefurt, PW 26930",2023-06-06
322,James Miller,heather55@example.com,"4269 Little Track Apt. 690 West Amberstad, IL 73776",2021-04-07
323,Anita Evans,longgeorge@example.com,"8731 Davis Shoal Apt. 743 Moranhaven, TX 88329",2022-10-10
324,Matthew Padilla,jennifer10@example.com,"80483 Morgan Mill West Thomastown, AR 78596",2021-06-09
325,Brian Williams,wmitchell@example.com,"73167 Peters Lock Apt. 649 Rodriguezfort, NC 32541",2021-05-08
326,Lisa Hale,jenkinschristopher@example.net,"1029 Cynthia Port Apt. 556 Johnside, CO 64968",2021-03-24
327,Virginia Johnson,bwest@example.org,"7432 Ho Rest Lake Edward, IL 82892",2023-03-28
328,Terri King,ltaylor@example.org,"94974 Mendez Radial West Teresa, UT 12893",2020-10-11
329,Toni Lucas,jessicaarmstrong@example.net,"224 Sharon Camp Apt. 621 West Allisonmouth, CO 10884",2021-08-22
330,Melissa Forbes,singletondavid@example.org,"075 Ortega Court Apt. 852 Jacobschester, PA 39016",2021-03-19
331,Suzanne Jones,carolpayne@example.net,"920 George Ramp Apt. 960 Aliciafort, VI 59583",2023-01-03
332,Kristy Yang,pli@example.org,"838 Hess Lights Apt. 353 West Dariusborough, PW 82667",2021-12-30
333,Mallory Roberson,paulalexander@example.net,"12655 Dakota Prairie Amyshire, MS 51541",2023-04-18
334,Mrs. Sandra Mitchell MD,shelby97@example.com,"03594 Joshua Freeway Apt. 987 West Christopher, MI 47180",2021-09-26
335,Ashley Moreno,maryboyd@example.net,"5639 Mclean Extensions Apt. 525 New Brookeshire, AS 36594",2022-07-24
336,Jonathan Beard,ashleymary@example.com,"4310 Lyons Viaduct Schaeferhaven, ID 58776",2020-07-02
337,Mr. Jacob Jones,barbara44@example.org,"493 Adrian Hill Apt. 990 Lake Thomaston, SD 56951",2020-01-29
338,Steven Jones,angelacervantes@example.net,"65434 Farrell Stravenue Suite 214 New Rachelshire, NJ 27691",2022-07-13
339,Brandon Frey,rodrigueztim@example.org,"8864 Benson Route New Nathanielberg, TX 22701",2020-08-03
340,Karen Herring,kharvey@example.net,"17579 Dixon Walks North Tammie, CO 97059",2022-10-09
341,Natalie Martin,ojordan@example.com,"63446 Moore Crest East Sabrina, TX 11372",2024-08-25
342,Susan Orozco,reginaalvarez@example.com,"9852 Gallegos Pass Apt. 933 Martinezshire, CO 98487",2024-02-09
343,Mariah Wallace,corybutler@example.net,"849 Nicole Greens Apt. 430 North Aimee, OR 37136",2023-07-26
344,Jennifer Peterson,anthonyhawkins@example.org,"PSC 9614, Box 2446 APO AP 07427",2024-02-20
345,Dawn Kelly,kdominguez@example.net,"01185 Hood Shoal Suite 913 South Teresa, MH 82449",2020-07-02
346,Andrew Turner,amiller@example.com,"27282 Russell Trafficway Suite 527 East Connie, IL 61543",2022-11-04
347,Jonathon Ellis,michelle24@example.net,"17752 Savannah Creek Apt. 270 Port Sabrinamouth, IL 46082",2023-08-14
348,Carol Wheeler,victor15@example.net,"34838 Natalie Run Perrymouth, FM 43243",2023-06-03
349,Kyle Hogan,sarahmurray@example.org,"9916 Weber Inlet Port Nicholas, CA 33211",2022-11-25
350,Sonya Gray,stephenmontgomery@example.net,"80223 Hudson Mill South Scotttown, NV 46492",2021-08-01
351,Kimberly Evans,gutierrezmegan@example.org,"81369 Wagner Shores Mccartyville, MN 16307",2022-10-11
352,Allison Johnson,latasha21@example.com,"2918 Vanessa Points New Bobby, GU 95247",2023-01-16
353,David Lamb,lmccall@example.com,"1004 Kimberly Valleys Suite 402 Lake Claudia, NH 60244",2024-04-05
354,Kathleen Henry,clarkbriana@example.net,"902 Kelly Stream Apt. 174 North Leahmouth, AZ 88281",2023-11-06
355,Lisa Reilly,andrew89@example.org,"707 Joseph Centers Suite 936 Bradleyfurt, FM 62060",2024-06-29
356,Jay Hernandez,ramirezbrian@example.com,"545 Hamilton Meadow Lake Elizabeth, AL 03839",2021-12-23
357,Michele Martin,villarrealmichael@example.com,"71374 Lauren Locks Apt. 618 Andrewport, NC 76315",2023-04-14
358,Joshua Stevens,taylorstacey@example.org,"41277 Whitney Valley Apt. 376 Summersberg, SD 53913",2021-05-24
359,Megan Mccoy,ortegacaitlin@example.net,"3935 Henderson Plains Suite 048 Jamesville, VA 54773",2021-11-03
360,Charles Baker,anthony15@example.org,"846 Tiffany Run New Heather, MN 76268",2021-04-10
361,Dawn Jones,kennedychristie@example.net,"755 Jason Union Suite 392 Dunnview, AK 16816",2024-03-30
362,Michael Clark,jeffery25@example.org,"8112 Collins Estate Suite 488 Gregoryfort, OH 58795",2020-10-29
363,Donald Brewer,landryariana@example.net,"6563 Chelsea View North Joyce, FL 25153",2023-12-02
364,Melissa Foster,rodriguezbrandon@example.org,"5200 Arthur Walk Harrisborough, MN 68043",2022-06-04
365,Julie Moses,rachel22@example.com,"828 Kathryn Burgs Suite 381 South Jillian, CO 03842",2020-08-27
366,Marc Moore,michelle85@example.org,"5167 Wiggins Passage New Lisa, MH 69311",2023-09-20
367,Jason Brown,ericksonjohnny@example.com,"35644 Michael Well Suite 720 Waltersville, NH 29380",2024-06-05
368,Mr. Jonathan Sutton,allisonbradley@example.net,"7541 West Neck Suite 441 Walterborough, FM 27435",2020-01-02
369,Holly Smith,samueljones@example.net,"440 Maureen Rapids Suite 352 Garciaville, GA 31669",2024-08-28
370,Joel Deleon,langgregory@example.net,"8453 Bridget Lights Lake Michael, IN 32347",2021-03-15
371,Rebecca Miller MD,larry32@example.com,"33636 Amanda Streets Leachview, NE 73428",2023-10-12
372,John Burns,ashleychristian@example.com,"124 Smith Junctions Cherrymouth, LA 17409",2023-06-08
373,Rebecca Hernandez,heidi61@example.com,"275 Lewis Island Port Heather, AR 23618",2022-08-07
374,Sarah Morales,pmitchell@example.com,"391 Cindy Dale Suite 275 West Ryanbury, UT 22567",2024-01-16
375,Drew Hopkins,christinamartin@example.com,"2081 Thompson Islands Suite 262 South Ashleyview, IN 61420",2022-04-19
376,David Garcia,allenmary@example.com,"079 Price Course Moniqueborough, NJ 49494",2021-05-23
377,Matthew Washington,vwood@example.com,USCGC Walsh FPO AP 39321,2020-07-11
378,Wayne Esparza,claytoncunningham@example.org,"22248 Rivas Coves Apt. 708 North Ashley, WV 58999",2020-03-23
379,John Mason,kchang@example.net,"139 White Terrace Suite 515 Bonillafurt, NY 61154",2022-07-30
380,Jennifer Henson,wallaceashley@example.org,"933 Nathan Mews Apt. 435 South Cynthiafurt, MH 98371",2022-02-05
381,Ethan Roberts,josephpineda@example.com,"411 Thomas Neck Suite 625 Tammyport, GA 35887",2024-01-31
382,Loretta Garcia,amy87@example.org,"95064 Moore Course Port Donnaville, OK 30943",2022-03-28
383,Mrs. Sheri Watson MD,starkjanice@example.net,"4620 Ramirez Lake Matthewburgh, WY 21864",2022-07-18
384,Deanna Estrada,amyavila@example.net,"16489 Ashley Crest Melissaborough, HI 90255",2023-01-31
385,Brian Brock,priscilla41@example.com,"15663 Cheyenne Summit South Raymondland, CO 27278",2020-03-27
386,Alexis Frank,smartin@example.com,"PSC 7839, Box 1056 APO AP 63729",2020-10-05
387,Michelle Sexton,tammy26@example.com,"22212 Justin Crescent Katrinaport, GU 41482",2023-05-08
388,Adrienne Berry,jmcknight@example.org,"9062 Charles Roads South Cynthiaville, HI 19685",2021-06-01
389,Bryan Rowe,moorejustin@example.org,"499 Damon Passage Millerchester, MS 62456",2022-06-11
390,Mrs. Jennifer Ward,juannelson@example.com,"2808 Jill Points Suite 529 Jenniferfort, NJ 49664",2022-08-02
391,Joanna King,darrellmartinez@example.org,"4750 Jones Ports Apt. 503 Conleyburgh, AS 78539",2023-07-24
392,Monica Walton,luke59@example.com,"826 Brown Stravenue Katrinaborough, TN 80342",2023-05-16
393,Maria Armstrong,heidi89@example.org,"3649 Hampton Haven Lake Angela, ND 73971",2021-11-11
394,Keith Powell,knguyen@example.com,"3856 Norman Ranch Suite 103 Richmondmouth, HI 86013",2023-08-18
395,Ryan Lawrence,kevinmartin@example.com,"5911 Macdonald Cliff Johnville, IL 77528",2024-01-14
396,Danielle Rodriguez,ndiaz@example.com,"9217 Tiffany Hill East Gabrielle, IA 07276",2021-06-10
397,Gary Murphy,mary64@example.net,"797 Sheila Burg Suite 989 Fowlermouth, MP 71602",2022-07-30
398,Patrick Cardenas,catherinegonzales@example.org,"2779 Scott Ports Apt. 588 Johnshire, NV 94532",2021-09-07
399,Edward Johnson MD,jeffrey76@example.net,"1066 Stephanie Path Tamaraton, ME 44909",2022-12-08
400,Anna Andrews,robingood@example.org,"1519 Bryan Port Luisland, VT 88272",2021-01-24
401,Shannon Day,kroberson@example.net,"827 Ochoa Lodge West Logan, LA 24646",2023-06-30
402,Joseph Brown,vickieellis@example.org,"76880 Barry Summit Suite 810 Cruzbury, OR 53136",2020-05-30
403,Carol Howard,stephensjoseph@example.com,"9988 Haas Springs Lake Lauratown, MT 61924",2023-07-01
404,Sierra Sellers,lbowen@example.net,"0403 Caroline Fords Apt. 938 Hunterberg, CO 24943",2023-12-15
405,Debra Smith DDS,jonathan86@example.com,"76801 Estrada Mountains North Jocelynmouth, TN 31541",2023-01-13
406,Monica Ramsey,johnsonjacob@example.org,"328 Rhodes Mount Edwardview, MA 90060",2020-12-26
407,Michael Downs,ernest27@example.com,"81836 Craig Burg Suite 292 Bauermouth, NV 02976",2023-01-19
408,Charles Taylor,jonesrhonda@example.net,"4057 Christopher Oval Suite 741 Lake Johnport, NC 12437",2022-04-23
409,Laura Gonzales,owenmelissa@example.net,"4826 William Roads New Michael, AZ 43271",2023-07-22
410,Joanna Duncan,gregory19@example.net,"9475 Patrick Highway West Jasonville, SD 52204",2023-05-07
411,Michael Pittman,wagnerzachary@example.com,"387 Sandoval Expressway Apt. 133 Bradleystad, AZ 02936",2023-02-12
412,Teresa Alexander,zperez@example.org,"439 Eric Greens Apt. 279 East Barryland, AZ 66234",2023-08-09
413,Joan Schwartz,andre26@example.net,"7469 Brooke Island New Natashashire, MH 51778",2021-04-05
414,Michael Griffith,gabriela22@example.org,"95068 Rodney Overpass New Marchaven, VI 03025",2021-07-06
415,Shirley Mejia,paige85@example.org,Unit 4375 Box 1119 DPO AP 05058,2024-04-06
416,Michael Sanders,christopher01@example.com,"78434 Tracey Via Suite 422 South Susanport, TX 53944",2023-10-20
417,Erik Johnson,fgarcia@example.net,"954 Sandra Junctions Rogerville, WY 20170",2023-11-27
418,Edward Allen,paul28@example.org,Unit 1763 Box 3680 DPO AP 57632,2022-11-25
419,Helen Le,mackenziehernandez@example.org,"PSC 9866, Box 0174 APO AA 63544",2024-10-07
420,Jessica Ibarra,mosleyjulia@example.net,"PSC 6809, Box 8350 APO AE 24289",2024-10-06
421,Matthew Hoover,xsmall@example.com,"984 Micheal Stream Apt. 381 Gutierrezside, AL 52681",2021-07-31
422,Zachary Boyle,candiceayala@example.net,"904 Boyd Mall Apt. 377 Heidiport, NH 93584",2020-08-16
423,Kevin Schmitt,christopher57@example.org,"691 Jones Throughway West Sara, MI 42341",2023-03-03
424,Jacqueline Santana,jessica69@example.net,"925 Bush Cove West Melissabury, AS 48058",2020-07-20
425,Candice Summers,michaelglover@example.net,"377 Dawson Drives Apt. 740 Alexanderfort, AZ 26563",2024-07-19
426,Juan Jacobs,dawnphillips@example.org,Unit 8490 Box 0405 DPO AA 89642,2023-09-20
427,Lori Perez,jtorres@example.net,"24105 Delgado Grove East Kyleview, WV 63305",2023-02-23
428,Brenda Little,douglas15@example.org,"67507 David Parkway Port Sabrina, SD 30667",2022-12-12
429,David Brown,smithlaura@example.org,"851 Best Drive Suite 361 Dunnside, TX 96481",2023-03-24
430,Matthew Ortiz,maryroberts@example.com,"164 Amber Track New Robert, RI 89656",2021-10-24
431,Kristen Davis,gpeck@example.net,"8598 Kimberly Rue Port Craigton, WY 81747",2021-08-28
432,Brett Bass,edwardslinda@example.net,"235 Joshua Station New Phillip, ME 22267",2022-06-16
433,Sheryl Garcia,melissa99@example.com,"22678 Ortega Spring Port Lisaport, VI 06131",2021-05-26
434,Rachel Bailey,patricia18@example.org,"08093 Beltran Lake West Daniel, AL 43746",2023-06-28
435,Melissa Dawson,zcampbell@example.com,"8563 Kristina Mountain North Hannah, VT 26821",2020-08-24
436,Stephanie Chase,jacksonjustin@example.net,"3667 Thomas Crescent East Christina, DE 76234",2021-08-11
437,John Sutton,morenoamanda@example.com,"891 Garcia Dale Apt. 561 Mayoville, OR 77744",2023-05-05
438,Sylvia Wong,rebecca54@example.net,"7981 Nicholas Spring Suite 387 Paulview, DE 22187",2023-03-22
439,Grace Hernandez,nedwards@example.com,"79863 Amy Parks Suite 892 Davisborough, MN 65252",2023-01-08
440,Nathan Taylor,jason39@example.net,"52990 Joseph Loop Evansburgh, VI 66733",2022-05-07
441,Allen Williams,paul56@example.net,"592 Black Plaza Apt. 166 Sanchezview, IL 62123",2021-01-07
442,Holly Butler,danielsrachel@example.org,"3771 Cole Turnpike Suite 569 East Robert, MA 75212",2022-05-14
443,Roberta Wilson,samanthacortez@example.com,"58108 Megan Bypass Suite 506 Riggsburgh, AR 28898",2021-02-02
444,Adam Richardson,fgonzalez@example.net,"64960 Steven Center Apt. 479 Danielburgh, SD 81930",2024-04-24
445,Connie Larsen,wilsonthomas@example.com,"849 Williams Radial Port Johnchester, ME 24175",2020-02-19
446,Joseph Wolf,rsimmons@example.net,"8775 Mark Points Apt. 941 Bakerhaven, AK 04367",2024-01-19
447,Brian Alvarez,eduardosmith@example.org,"PSC 9368, Box 2568 APO AP 13119",2021-01-01
448,Joel Villegas,justinharrell@example.com,"4552 Hancock Mission Suite 871 Markhaven, HI 63859",2023-12-02
449,Alexandra Wilson,elizabeth57@example.org,"22439 Perez Cliffs Apt. 477 East Sara, MT 16724",2021-01-30
450,Terri Weiss,adam42@example.org,"631 Jared Parks Robertoview, MD 20278",2023-07-06
451,Robert Myers,jeffharding@example.com,"314 Ward Freeway Suite 819 Vaughanburgh, KS 61181",2023-08-12
452,Kevin Jones,traviswalton@example.net,"276 Bonnie Extensions Suite 383 Lake Jasonfurt, IA 12168",2021-08-31
453,Hailey Young,alyssa67@example.net,"556 Jessica Lake South Daniellefort, ID 26198",2023-09-02
454,Kimberly Campbell,shannonball@example.com,"8738 Hensley Shores Suite 397 Port Cynthiashire, MS 57564",2021-08-15
455,Miss Amy Rodriguez,davidwhite@example.net,"09948 Kristen Key Suite 827 South Staceystad, UT 10343",2021-02-08
456,Dale Hall,murraymichael@example.org,"0625 Gill Wells Lake Paulborough, RI 93179",2024-07-30
457,Michael Adams,nwalker@example.com,"2538 Allison Wall Lake Michaelhaven, WA 75851",2021-01-15
458,Bradley Williams,mwall@example.net,"282 Nelson Keys Apt. 771 Lake Joshua, CA 87525",2020-03-28
459,Taylor Stanton,bdavis@example.org,"PSC 4822, Box 3471 APO AP 48084",2024-08-16
460,Kelly Cox,maria67@example.org,"7829 Bullock Valley Apt. 492 Port Andrew, OH 23500",2020-02-02
461,Paula Nichols,daviswendy@example.net,"01094 Scott Stream Apt. 727 Luiston, WA 14200",2020-02-23
462,Stephanie Levine,dianataylor@example.net,"3915 Mary Ramp Apt. 291 West Emily, AR 58921",2022-12-08
463,Gary Owens,orozcoanthony@example.com,"67596 Hickman Lakes Robinsonborough, MA 46428",2022-01-19
464,Johnny Harris,wigginsjames@example.com,USCGC Ford FPO AA 17028,2022-07-17
465,Cynthia Huynh,jeremy22@example.net,USNS Houston FPO AP 88965,2024-07-03
466,Lauren Thompson,bethany08@example.org,"134 John Station Mckenziefort, NH 98983",2021-05-24
467,Bruce Cruz,vclark@example.com,"09453 Cassandra Track Jasonberg, MP 57088",2021-10-19
468,Kevin Frazier,barnettholly@example.org,"69447 Vargas Dam North Autumnmouth, PW 39067",2022-07-24
469,Cheryl Ortiz,bradley84@example.net,"56221 Adkins Knoll North Alexabury, WY 71273",2020-03-28
470,Janet Summers,jacobshelton@example.com,"7507 Murphy Tunnel Apt. 896 South Mackenzie, GA 52525",2023-01-04
471,Richard Baker,lowekathleen@example.net,"7775 Tonya Grove Apt. 720 Hornburgh, MH 40907",2023-09-25
472,Joshua Johnson,callahanheather@example.net,"784 Adams Radial Apt. 858 Sullivantown, DC 38487",2021-05-05
473,Stacy George,nmcbride@example.com,"002 Miles Bridge Apt. 128 Parkerbury, NV 33564",2020-01-05
474,Manuel Hartman,ramirezpatrick@example.com,"06285 Glover Crest Apt. 776 Courtneybury, AK 79613",2023-01-17
475,Ashley Robinson,sarahpeck@example.net,"5406 Amanda Green Apt. 712 East Oliviaberg, WV 66607",2020-09-29
476,Diamond Miller,michellehernandez@example.org,"PSC 3310, Box 5165 APO AA 96064",2020-05-26
477,Beth Atkins,rodgersbrian@example.net,"1587 Beard Centers Brianhaven, ID 71238",2020-06-14
478,Samuel Ryan,greenjacqueline@example.org,"3694 Valencia Station South Tonyburgh, NY 88918",2022-02-03
479,Stephanie Lopez,colleen72@example.com,"6994 Jeremiah Lock Suite 272 Ballardstad, WV 41533",2020-12-02
480,Mr. Ryan Alvarez MD,schneiderbrianna@example.org,"59827 Chandler Center South Aliciafurt, AS 82062",2021-09-14
481,Cathy Perez,howardsheila@example.net,"5482 John Road Jillside, VT 28425",2020-12-28
482,Justin Jackson,jeremyrichard@example.com,"5218 Johnson Light Harrisstad, MN 77277",2024-08-09
483,Gabriel Johnson,mcmahonmarcus@example.com,"0399 Curtis Mount Newmanbury, AK 12906",2022-09-24
484,John Dillon PhD,kristin44@example.com,"327 Erin Mills Thompsonland, SD 67901",2022-06-26
485,Lisa Robles,ruben52@example.com,"713 Rivera Tunnel Apt. 654 Port Sarahport, CO 56123",2022-06-09
486,Sara Smith,rhernandez@example.net,"97716 Tyler Highway Apt. 312 South Kelly, ID 11654",2021-07-29
487,Diane Gibbs,rmeza@example.org,"89468 Ibarra Cove Apt. 258 Lake Charles, HI 18910",2020-09-16
488,Renee Owen,matthewroberts@example.com,"8131 Brown Ridges East Lori, HI 63766",2020-09-21
489,Erin Morales,cainnathan@example.org,"4039 Rhodes Rapid East Aprilland, VA 73828",2020-03-26
490,Michael Hardy,uriley@example.org,"PSC 4492, Box 0906 APO AP 64329",2022-11-10
491,Gregory Anderson,lovejonathan@example.net,"9205 West Tunnel Suite 239 Port Carol, MI 77572",2022-06-01
492,Wayne Mcdonald,alan59@example.org,"8323 Erin Coves Suite 531 Collinsport, FL 26533",2023-05-20
493,Rita Leon,kvazquez@example.net,"22205 Katherine Roads Jessicahaven, KS 65296",2021-07-13
494,Jeffrey Miller,beckerlaura@example.org,"0948 Brown Bridge Port Teresa, DE 64658",2023-12-07
495,Michelle Smith,sarah06@example.com,"2149 Christopher Fords East Bruceland, AS 53321",2023-01-13
496,Bonnie Nguyen,martintimothy@example.com,Unit 5052 Box 2515 DPO AP 01845,2024-07-20
497,Linda Brown,watkinsnicole@example.net,"5593 Devin Squares Suite 099 Carlsontown, MD 93878",2024-08-08
498,Ellen Small,hannahcampbell@example.net,"28084 Guzman Road Apt. 048 South Nicolemouth, ID 38223",2024-01-19
499,Emily Adams,theresahodges@example.com,"21589 Harris Road Apt. 605 West Matthewberg, SC 35014",2020-10-15
500,Jean Pruitt,garciaralph@example.net,"987 Alexis Center North Kara, NH 99805",2023-08-27
