id,name,email,address,date_joined
1,John Morgan,ravila@example.com,"3949 Juarez Spurs Suite 455 East Erikstad, NE 35095",2021-09-03
2,Jeffrey Fowler,michael05@example.org,Unit 1853 Box 6316 DPO AA 45521,2024-02-29
3,Jennifer Gonzalez,ngonzalez@example.org,"72467 David Greens Suite 410 South Victoriaborough, WY 31318",2020-07-27
4,James Jones,mossdavid@example.com,"54143 Vickie Station Apt. 921 Jamesville, WI 06337",2020-02-11
5,Janet Morris,richardrice@example.net,"8342 Kyle Wells Suite 255 Stewartstad, DC 16708",2021-01-11
6,Christine Hodge,iperez@example.com,USCGC Watkins FPO AA 29982,2020-09-26
7,Sara Jones,thomasshawn@example.net,"709 Rogers Cliff Suite 217 Sancheztown, NV 10292",2023-10-11
8,Sylvia Porter,jayburke@example.org,"67215 Carol Pine Markport, PR 86591",2023-09-11
9,David Taylor MD,dylandavis@example.com,"157 Smith Rest Suite 942 Suzannefort, UT 65275",2023-10-24
10,Brandon Smith,ucraig@example.com,"17409 Wilkerson Island Apt. 481 South Anthony, WA 19801",2020-02-13
11,Gabriel Owen,joshuaolson@example.com,"8683 Arroyo Pike Apt. 943 Gallagherland, MA 33551",2021-04-07
12,Jennifer Graham,madisonsharp@example.org,"93177 Zachary Ford Watsonburgh, CT 45993",2021-12-14
13,Michael Russell,samuel74@example.org,"3298 Atkins Hollow Howardberg, AL 48940",2023-11-20
14,Cameron Martin,amy69@example.net,"91223 Katie Haven Suite 721 Jeffersonview, DC 94631",2020-11-22
15,Jean Garcia,wcastillo@example.org,"924 Griffin Cape Apt. 363 Caldwellberg, VA 56440",2020-12-16
16,Susan Vargas,andersonapril@example.net,"85863 Gonzalez Glen Jameston, PA 98203",2021-02-07
17,Patrick Moore,sharonvillarreal@example.net,"908 Kemp Gardens Apt. 525 West Christopher, NE 82366",2021-05-28
18,Jonathan Lopez,mariosoto@example.com,"454 Lee Falls Port Joshuachester, PW 78780",2021-07-18
19,Harold Bautista,guerrajoyce@example.com,Unit 3616 Box 3345 DPO AA 44557,2021-12-20
20,Jessica Carr,cochrancynthia@example.net,"93485 Aaron Pines Amyfort, TX 87168",2021-11-03
21,Derek Howard,ycampbell@example.org,"174 Megan Underpass Apt. 040 Kimberlyton, SC 08249",2020-07-21
22,James Barker,stephenruiz@example.net,"2650 Steven Pine West Catherine, MH 35398",2023-10-16
23,Tiffany Roberts,owenfelicia@example.net,"954 Maria Lane Ashleyfort, MH 17619",2022-02-19
24,Michelle Mccall,hamptondiana@example.com,"7816 Thomas Courts Port Angelafurt, VA 81370",2020-06-30
25,Jeffrey Jones,anthonynicholson@example.net,"723 Sarah Rest Apt. 021 New Wendyfort, WY 63459",2021-05-20
26,Mariah Martinez,paigegilmore@example.org,"5151 Lindsey Viaduct East Timothymouth, ND 85220",2022-12-30
27,Michelle Lewis,urodriguez@example.com,"64991 Ronald Street Suite 491 West Tonya, ME 57361",2020-05-07
28,Allison Waller,danielosborne@example.org,"7844 Floyd Drive Apt. 117 Johnport, NH 93554",2024-07-12
29,Mary Ward,ryanbryant@example.net,"662 Cynthia Trail Apt. 749 New Megan, GU 72248",2023-08-27
30,Brittany Cochran,csingh@example.org,"3599 Smith Harbors Apt. 915 Johnfurt, HI 83645",2024-03-15
31,Janice Harris,katherine39@example.net,"410 Katherine Square Garyview, CA 14120",2020-05-29
32,Malik Walls,michellesavage@example.net,"08633 Nelson Road Suite 587 Penaberg, RI 45918",2021-07-25
33,Brianna Weaver,kristy43@example.org,USS Mullen FPO AE 54882,2024-07-10
34,Alicia Mitchell,william67@example.net,"532 Richardson Village Suite 410 Stewartstad, UT 95736",2020-10-29
35,Mrs. Kristen Tanner MD,anna35@example.org,"54134 Ryan Estates Apt. 023 East Jacqueline, NV 16177",2021-06-14
36,Sally Smith,nathanielholt@example.com,"8197 Smith Trail Suite 474 Williammouth, FL 92530",2021-07-26
37,Amy Fox,bakerjordan@example.net,"60251 Hall Courts Suite 937 North Sabrinabury, AZ 51326",2022-01-13
38,Amy Thomas,kochlisa@example.org,"58589 Schultz Heights Colinberg, OR 47666",2023-02-28
39,Catherine Smith,jessica40@example.com,"76028 Gary Underpass Apt. 743 Natashastad, MT 50373",2024-04-06
40,Christopher Chavez DDS,robert34@example.com,"PSC 0240, Box 3878 APO AA 10284",2021-01-02
41,Kent Bennett,walkerdavid@example.com,"552 Russell Tunnel Suite 305 Tuckershire, LA 28337",2024-07-27
42,James Nelson,jwelch@example.com,"714 Alejandro Burgs New Baileyfurt, IN 21726",2020-11-08
43,Mrs. Anna Beard,kharrington@example.org,"412 Monroe Vista Johnfurt, MI 44086",2024-08-19
44,Jennifer Larsen,marvin49@example.net,"30548 Sanchez Forge Apt. 266 Scottside, VA 96197",2020-05-26
45,Jesus Burton,morrismichael@example.org,"51149 Steele Gardens Wardborough, MP 55551",2022-07-05
46,Thomas Parker,garciaanne@example.net,"8567 Stephanie Camp Suite 705 Paultown, CA 50978",2021-08-17
47,Stephanie Martinez,robertskaren@example.com,"279 Gilbert Ridge Frazierland, TN 20072",2021-04-03
48,Willie Garcia,ellenpeck@example.net,"6273 Nixon Rapids Suite 508 Lake Nathan, NC 90334",2022-03-14
49,Derek Williams,sophia46@example.org,USNS Davis FPO AP 28058,2020-12-18
50,Francisco Obrien,pvega@example.net,"97930 Peck Creek Port Thomas, TN 40231",2020-12-04
51,Melanie Young,carrielittle@example.org,"PSC 1459, Box 7294 APO AE 62452",2023-03-31
52,Wanda Lambert,rodriguezjennifer@example.net,"892 Holly View Apt. 847 Juanland, WI 69012",2024-08-07
53,Jamie Harrison,jacqueline09@example.net,"29970 Duncan Glen Apt. 711 Jenniferchester, OR 49892",2023-05-09
54,James Floyd,markmartin@example.net,"313 Munoz Drive Apt. 708 Williamchester, CT 70508",2022-07-18
55,Beth Stewart,gregory13@example.com,"9658 Wilkerson Falls Delgadofurt, LA 37531",2022-12-15
56,Jennifer Ball,dominguezjoseph@example.net,USNV Gonzales FPO AE 70398,2022-06-20
57,Willie Mejia,craigwright@example.org,"3112 Steven Bypass Apt. 245 Port Abigail, MN 00779",2024-03-29
58,Christopher Wells,ruth78@example.net,"331 Tracey Ramp Mcintoshfort, MT 01477",2020-07-06
59,Mary Decker,tamaraphillips@example.org,"98670 Miller Dale South Kenneth, PW 54568",2021-10-29
60,Cynthia Garcia,laurenlawson@example.org,"2865 Robles Terrace Roblestown, PR 66882",2024-06-20
61,Shannon Mckenzie,christopher55@example.org,"9957 Barbara Loaf Lake Linda, VT 60298",2021-02-26
62,Thomas Rowe,bcruz@example.org,"657 Kristina Ford Suite 390 New Angel, NM 08137",2021-11-20
63,Dan Larson,brian49@example.com,"984 Candice Harbors Apt. 619 Lake David, UT 27765",2023-01-31
64,Madeline Harrell,xavierdavis@example.org,"269 Alice Junction Snowville, SC 95907",2021-09-27
65,Jasmine Kelly,susan72@example.net,"69455 Simmons Island Laurafurt, AK 46119",2023-11-05
66,Stephen Fernandez,hillmary@example.net,"203 Elliott Gardens East Andrewville, GA 18839",2020-03-27
67,Cassandra Horton,jacquelinegonzales@example.com,"9809 Marilyn Freeway Kingside, HI 16537",2022-06-17
68,Anthony Green,wileydouglas@example.net,"00142 Lyons Landing Apt. 068 Jenniferhaven, SD 14672",2021-09-30
69,Lisa Martin,jessegross@example.org,"PSC 8202, Box 9124 APO AA 90020",2024-06-09
70,Deanna Harrell,wayne41@example.net,"81016 Kelly Spurs Lake Dennisshire, IA 19291",2021-11-12
71,Erica Hudson,kristinalynch@example.net,"165 James Plaza Suite 189 Kristenstad, ID 72336",2021-10-25
72,Kevin Todd,pamelaharding@example.org,"9172 Adam Row Lindseychester, CA 54704",2022-09-03
73,Kevin Campos,butlernicholas@example.net,"8379 Brown Plaza New Calebshire, PR 17023",2021-01-23
74,Alyssa Wall,gcurry@example.net,"336 Danny Passage New Timothy, NY 68027",2022-08-16
75,Haley Carter,mary09@example.com,"6138 Reeves Manor Bryanburgh, MP 65865",2023-06-25
76,Richard Johnson,cramirez@example.net,"4746 Victor Ridge South Daniel, VA 20314",2022-12-15
77,Michael Reyes,jill47@example.com,"5667 Washington Inlet Annettetown, AK 50004",2023-04-04
78,Shelly Cunningham,cassandrajohnson@example.net,"563 Gordon Ways Suite 264 Debrastad, PR 90144",2021-06-11
79,James Cruz,shelbydiaz@example.net,"94296 Jenna Creek East Shaun, OK 29399",2023-08-18
80,Nicole Suarez,ghudson@example.net,"62522 Maria Dale South Melissa, AK 10922",2020-12-10
81,Melissa Benson,whawkins@example.org,"712 Coleman Circles Apt. 545 West Craig, MA 41030",2020-04-20
82,Sandra King,nancyorozco@example.com,"84440 Smith Key South Jonberg, ID 25878",2020-12-13
83,Tiffany White,cathy67@example.com,USCGC Maldonado FPO AA 16383,2020-11-17
84,Mary Delgado,jenniferkelly@example.net,"59891 Matthew Motorway Port Micheletown, KS 64767",2023-07-09
85,Richard Franklin,kwilliams@example.com,"6916 James Passage Port Emilytown, MD 08162",2021-06-24
86,Olivia Atkins,thomasmedina@example.org,"596 Gonzalez Club Lake Jamesshire, GA 53443",2020-06-05
87,James Gonzalez,ymartin@example.com,"43064 Ryan Stream East Robertton, TX 78061",2021-06-04
88,Brad Acevedo,desiree39@example.net,"761 Benjamin Row Suite 699 Lopezfurt, NJ 59848",2022-10-10
89,Mr. Michael Hart,ryoung@example.org,"298 Grant Loop Suite 671 Port Jefferyport, MT 14073",2022-06-27
90,Jeffrey Smith,sullivandavid@example.org,"55129 Timothy Forges Suite 125 Lake John, OR 92588",2023-01-17
91,Robert Cox,gavinharris@example.net,"PSC 3832, Box 7249 APO AE 25744",2021-12-09
92,Joanna Calderon,pgallagher@example.net,"559 Hernandez Islands Fernandezchester, OK 89791",2021-11-28
93,Brian Anderson,markowens@example.net,"478 Benjamin Meadows Apt. 074 Cliffordmouth, SC 40026",2023-07-01
94,Eduardo Simmons,brian33@example.com,"0472 Danielle Roads Morrisonburgh, MT 75885",2022-06-27
95,Marvin Carlson,bonnierodriguez@example.net,Unit 4506 Box 4369 DPO AE 66587,2024-07-01
96,Shannon Evans,dylanbrown@example.com,"45550 Michael Hill Suite 319 North James, MT 52072",2022-08-19
97,Luke Rodriguez,philip39@example.net,"66977 Keith Heights Apt. 438 Mullinsborough, MD 21921",2023-11-27
98,Michelle Scott,vwalker@example.com,"644 Williams Freeway Apt. 190 Port Jasonshire, NJ 28124",2020-05-31
99,Frank Lopez,walkerlisa@example.org,"0495 Obrien Drive Apt. 431 New Tammy, MD 04865",2023-09-19
100,Kimberly Stanton,smithandrew@example.org,"52476 Mark Via Apt. 205 Margaretton, MP 07453",2020-04-18
101,Laura Cook,moradustin@example.com,"737 Simmons Stream North Erin, AK 34903",2021-06-06
102,Scott Hall,oliviacontreras@example.org,"7659 Holland Walk New Michelle, ID 62970",2023-12-13
103,Susan Bailey,dawn34@example.org,"131 Miller Harbors Suite 800 Brianfurt, SC 08239",2020-07-04
104,Benjamin Young,judy16@example.com,"81798 Austin Lakes Apt. 380 Maryberg, TN 43411",2023-03-01
105,Ruben Hoffman,underwoodalexis@example.org,"4509 Shaw Ford Lake Michelle, NJ 37941",2020-07-28
106,Jason Walter,clayton27@example.org,"4447 Daniel Station Suite 386 South Micheleshire, MH 72039",2021-02-24
107,Jennifer Ruiz MD,yharding@example.net,"65151 Dunn Path Suite 630 Dylanland, AR 84456",2021-04-18
108,Elizabeth Perry,cannonbrendan@example.net,USS Cole FPO AA 85409,2022-12-26
109,Stephen Willis,fishertonya@example.net,"PSC 4882, Box 1300 APO AP 41128",2022-06-20
110,Michael Ford,hlewis@example.com,"094 William Stravenue Suite 335 Shepherdmouth, TN 82230",2022-03-12
111,Kevin Lewis,vgibson@example.org,"2622 Myers Landing Apt. 285 South Zachary, WV 43419",2021-10-28
112,Kelly Ramos,margaret27@example.net,"PSC 8515, Box 8730 APO AA 53327",2024-08-05
113,Peter Hernandez,sarah08@example.net,"8100 Garcia Expressway Suite 517 Shannonmouth, MA 16210",2021-09-19
114,Susan Rice,malonethomas@example.org,"5917 Oconnor Ville South Paulaland, CO 74009",2023-04-17
115,Elizabeth Mcclure,sierrastokes@example.com,"9068 Travis Unions Smallburgh, TN 05767",2024-02-13
116,Carol Blankenship,odomdiane@example.net,"94029 Gutierrez Isle Suite 994 Stokesland, MD 04765",2020-07-27
117,John Mullins,oanderson@example.net,"2284 Katherine Vista Apt. 945 Sarahfurt, WI 96545",2020-03-06
118,Ashley Wilson,josephwhite@example.com,"5989 Gomez Gateway Suite 039 Rodriguezview, IA 92803",2020-09-17
119,Jennifer Rose,dnavarro@example.com,"76365 Leon Highway Apt. 299 New Cynthia, NE 97689",2021-04-24
120,Mary Jones,mjohnson@example.com,"438 Turner Expressway Apt. 527 Harrisonfort, FL 99197",2022-07-04
121,Heather Chavez,cayala@example.com,"49199 Pugh Islands Apt. 782 Laurenmouth, IL 48096",2020-10-02
122,James Gross,ochavez@example.com,"7094 Watson Creek Laurastad, LA 55797",2021-01-01
123,Kayla Snyder,diazryan@example.org,USNS Thompson FPO AA 08547,2020-04-04
124,Christie Lee MD,wilkersonmonica@example.org,"71618 Brittany River Suite 409 Gonzalezfort, AK 00808",2021-05-02
125,Michael Day,timothy84@example.net,"0148 Danielle Hollow Apt. 715 Burgessburgh, FM 63414",2024-05-29
126,Brian Bates,joshuakent@example.com,"37558 Wilson Parks North John, NV 51847",2020-08-27
127,Sarah Stephens,wcoleman@example.com,"8248 Brandon Drives Apt. 248 West Sarah, IA 15502",2023-09-14
128,Dr. Emily Romero DVM,heathelizabeth@example.net,"0560 Shaffer Port Suite 732 South Kaylafurt, NV 33837",2022-07-27
129,Crystal Smith,tsmith@example.com,"74384 Jordan Throughway Suite 600 Vazquezton, UT 11966",2021-02-08
130,Stephen Cook,timothy98@example.net,"14773 Lauren Court South Margaretview, PA 30233",2021-12-29
131,Rodney Edwards,ebonydelacruz@example.com,"6458 Oconnor Station Ramoschester, PR 36994",2022-08-23
132,Jonathon Vang,ppayne@example.com,"8689 Maria Manor New Heather, MD 03106",2024-10-02
133,Jason Duncan,dixonolivia@example.org,"2053 Kathleen Flats Martinezshire, OR 75199",2023-08-01
134,Robert Smith,heather96@example.com,"774 Acosta Ridge Suite 308 Elizabethberg, ND 82836",2020-02-06
135,Mrs. Deanna Huff,griffinemily@example.com,"94009 Copeland Squares Apt. 840 Perryton, OR 98975",2021-03-23
136,Stephanie Grant,emilyhunt@example.net,"35423 Christine Course Suite 717 Mccarthyfurt, NC 82607",2020-03-14
137,Daniel Colon,kbates@example.org,"7462 Adams Center Apt. 754 Antonioborough, IN 09604",2023-09-15
138,Cody Smith,ninatorres@example.com,"15409 Park Cape Apt. 924 South Stephanieton, PR 28570",2020-12-18
139,Brittney Hobbs DDS,austinchristensen@example.com,"9322 Wells Mountains Denisemouth, CA 93215",2023-08-04
140,Timothy Pennington,lisa94@example.com,"637 Lynn Overpass New Jasonshire, CA 66933",2024-05-25
141,Michael Lawson,jeremy44@example.net,"84914 Penny Parks Suite 131 Port Jason, IA 44479",2023-03-07
142,Rebecca Reed,christina93@example.org,"74577 Hannah Lights Suite 612 Lake Michaelside, KY 57142",2023-04-07
143,Gilbert Rogers,rrobinson@example.com,"1853 Edward Junctions East Julie, MI 06852",2023-08-11
144,Derek Rodriguez,ureynolds@example.com,"692 Long Stream New Michael, SC 28323",2021-05-11
145,David Burnett,megan82@example.net,"4526 Mitchell Isle Laurenburgh, SD 77440",2023-12-08
146,Jennifer Lewis,valdezangela@example.net,"62433 Andrews Green Deborahside, KY 82359",2021-12-26
147,Andrew Mclean,josedavis@example.net,Unit 8563 Box 7676 DPO AP 47912,2024-09-16
148,Austin Jordan,ojones@example.org,"24880 Reeves Fields Apt. 309 Reginatown, PW 73391",2022-07-08
149,Alex Harris,josephryan@example.org,USCGC Mills FPO AE 82626,2020-08-06
150,Luis Baird,james55@example.com,"3533 Barron Plaza West Eddie, OH 32983",2021-07-01
151,Christina Stein,stephanie61@example.org,"75854 Mandy Village Hallstad, AL 82019",2020-06-01
152,David Skinner,matthew71@example.net,Unit 9252 Box 7394 DPO AP 23508,2020-04-11
153,Sean Whitney,nicolecordova@example.org,"511 Duncan Vista Apt. 022 East Elizabeth, AS 22351",2021-01-16
154,Carlos Smith,justin38@example.org,"12218 John Shoals Suite 997 Donaldhaven, KS 42701",2024-09-15
155,Wayne Baldwin,allen86@example.org,"65112 Kristina Spring Apt. 441 Jesseland, AL 92029",2024-02-13
156,James Coleman,stephenscarol@example.net,"PSC 8830, Box 4675 APO AA 66595",2023-10-02
157,Kathleen Downs,tiffanyroth@example.com,"968 Melissa Radial Suite 667 Port Sydney, DE 66759",2022-12-12
158,Amy Miller,james36@example.org,"9858 Little Stravenue Dianaport, AR 77679",2023-01-19
159,Debra Morales,davidlyons@example.org,"0515 Becky Mall Suite 288 Morsehaven, NY 70620",2021-06-02
160,Brandon Wagner,ysimmons@example.net,"6124 Diaz Camp Apt. 081 Johnsonview, CO 26990",2022-08-24
161,Brandon Frederick,kwallace@example.com,"02891 Stephanie Flats Perezberg, CT 26599",2021-09-06
162,Denise Wagner,angela74@example.net,"16780 Graves Turnpike South Tyler, NY 47362",2021-02-19
163,Brett Matthews,gibsonleah@example.net,"450 Tanner Cliff Suite 223 Hallstad, GU 57443",2023-11-10
164,Michael Wilkins,vsmith@example.org,"PSC 2489, Box 1432 APO AP 14951",2022-02-08
165,Brandi Johnson,danielle93@example.com,"51212 Nichole Inlet Apt. 718 Port Mathew, NC 82405",2023-03-04
166,Beverly Rodriguez,austin30@example.com,"409 Gregory Mall Joanville, MA 85011",2024-05-27
167,Kevin Morris,chadknapp@example.net,"97014 Nunez Forest Apt. 508 East Jeffrey, MS 17050",2020-11-06
168,Eric Chandler,tlogan@example.net,USNS Clark FPO AE 02225,2023-11-29
169,Mary Ellis,mooredana@example.net,"3236 Matthew Place Apt. 542 New Misty, NJ 55178",2024-08-15
170,Hannah Chan,perkinspamela@example.net,Unit 6773 Box 4288 DPO AP 42979,2021-10-24
171,Paul George,brenda07@example.com,"602 Parker Terrace Leeborough, DC 97390",2022-07-01
172,Kelly Cunningham,laura03@example.org,"32430 Terri Rue Lake Maryland, VI 49480",2020-11-12
173,Kyle Schwartz,kathleen33@example.org,"610 Mcintyre Creek New Samuel, SD 12958",2023-01-05
174,Joseph Simon,charles47@example.net,"95388 Stephens Summit Suite 409 West Cody, ID 91150",2021-04-29
175,Dr. Rachel Thompson,ifields@example.net,"24580 Barbara River South Stacey, WA 51161",2020-11-26
176,Jeffrey Walker,santiagoevan@example.net,"38734 Green Pines Suite 785 Ashleyport, AS 73007",2024-02-22
177,Jeanette Perez,tmccoy@example.net,"6831 Singleton Viaduct North Theresa, WA 69630",2022-07-28
178,Emily Lowe,mallory61@example.net,"040 Meyer Parks Apt. 161 East Michael, PR 90653",2023-04-07
179,Alicia Hawkins,ugallegos@example.org,"PSC 3710, Box 7276 APO AP 49742",2024-02-15
180,Joseph Brennan,nicole53@example.net,"782 Tiffany Corners Lake Sue, KY 36013",2022-10-22
181,Steven Petty,wgrant@example.com,"5681 Vega Coves Apt. 272 New Leslie, VI 85553",2022-03-25
182,Kathryn Juarez,daniel57@example.com,"203 Salinas Well Suite 636 Bethanyfort, NY 59631",2021-08-18
183,Eric Berry,bnielsen@example.org,"171 Cortez Corner Apt. 174 Michaelview, NE 06763",2024-01-21
184,James Davis,danielbond@example.com,"538 Ramirez Turnpike Griffinshire, CO 02406",2022-09-14
185,Derek Campbell,qgarcia@example.com,"04819 Martin Lock Jamesville, NM 56303",2022-10-27
186,Samantha Vargas,parrishpaul@example.org,"84515 Michelle Greens New Christine, NM 52947",2023-10-25
187,John Solomon,sherrygarcia@example.net,"7228 Christina Brook Apt. 617 Ramirezview, ID 87278",2021-05-25
188,Joseph Brown,jaimebaker@example.org,Unit 1724 Box 8015 DPO AP 38035,2022-05-25
189,Autumn Patel,moorestephen@example.org,Unit 5585 Box 7054 DPO AE 90119,2020-05-18
190,Nicole Silva,ashleemcdonald@example.org,"PSC 6239, Box 5768 APO AP 79837",2023-03-15
191,Dr. Laura Jackson,smercer@example.com,"00620 Carlos Knoll Jefferychester, LA 18214",2024-07-18
192,Melissa Morris,kstewart@example.com,"5913 Frank Roads Apt. 485 West Kristafort, TX 35323",2022-03-11
193,Laura Jackson,lanekelly@example.net,"9804 Matthew Fork Apt. 097 Port Jenniferborough, FM 35582",2022-04-03
194,Adrian Washington,lryan@example.net,"10712 Roger Club East Robertberg, UT 58903",2023-07-11
195,Anthony Roberts,xtyler@example.net,"4933 Evans Mills North Brittany, GU 50515",2022-09-29
196,Matthew Krause,jennifercameron@example.org,"88611 Catherine Stream Apt. 128 Mitchellview, KS 40310",2023-08-05
197,Mallory Stein,bonilladavid@example.com,"597 Reid Dam New Steven, MT 84483",2024-07-28
198,Kari Huber,jonesrebecca@example.com,"5495 Schroeder Overpass Wardshire, CO 08825",2020-02-28
199,Katie Wood,josethompson@example.net,"972 Bryant Common Suite 064 Floresfort, NJ 04965",2023-01-14
200,Timothy Hall,ashleymorton@example.com,"50608 Anna Well Apt. 581 New Rebecca, OK 41533",2020-11-29
201,Jennifer Pearson,tmeyer@example.net,USS Edwards FPO AA 57194,2022-02-09
202,Aaron Cruz,stephen32@example.com,USS Hobbs FPO AE 80405,2022-01-20
203,Kevin Bates,tonyaharris@example.org,"7741 Tanner Springs South Kellyburgh, KS 04405",2022-11-06
204,Michael Benton,tara99@example.com,USNS Strickland FPO AP 35635,2024-03-20
205,Alexa Myers,isullivan@example.net,"55234 Madison Bypass Suite 317 Barbarabury, IN 67641",2023-04-02
206,Kyle Fischer,toddpatricia@example.com,"129 Kramer Port Suite 874 Jenniferport, AS 47643",2023-01-23
207,Cory Small,stephanie43@example.org,"20406 Nancy Divide South Brittany, CO 24056",2020-09-28
208,Stephanie Young,james60@example.net,"11217 Johnson Orchard Suite 745 Michaelview, OH 49186",2024-01-19
209,Pamela Harvey,kayla36@example.net,"43100 John Pike Kimberlyport, IL 44576",2024-01-15
210,David Simmons,vwalter@example.net,"94807 William Points Jimside, DC 63976",2022-08-21
211,Elizabeth Gonzales,todd22@example.com,"4296 Pace Stravenue Suite 116 North Davidchester, MD 10854",2023-05-24
212,Nichole Escobar,josephtorres@example.com,"05619 Jacqueline Brook Apt. 628 Lake Heather, GA 40166",2023-07-29
213,Tonya Torres DDS,ricetodd@example.net,Unit 9461 Box 9342 DPO AP 37601,2022-03-29
214,James Armstrong,gibsonpaul@example.org,"38179 Sandoval Drives Barrettside, HI 61118",2020-07-10
215,Taylor Walton,jeremyjones@example.org,"487 Raymond Islands East Barbara, AS 04373",2021-12-27
216,Christopher Holt,sstephens@example.net,"434 Robert Lakes Hicksstad, GA 60238",2021-05-09
217,Linda Chavez,christopher66@example.org,"376 Thompson Branch Suite 527 North Melissa, NJ 88439",2021-08-30
218,Tammy Garza,hkirk@example.net,"88433 Christina Courts South Russell, WV 30243",2020-07-09
219,Eduardo Gonzalez,deborah48@example.net,"12729 Russell Islands Wattsside, GA 77000",2022-12-17
220,Richard Allison,jennifer03@example.org,"5171 Sydney Parkway Apt. 054 Smithburgh, VA 75741",2023-11-07
221,Douglas White,edwardskevin@example.net,"791 Erik Curve East Daniel, FM 71543",2020-03-08
222,Jeffrey Nichols,james79@example.com,USS Manning FPO AA 20537,2024-01-14
223,Kyle Simmons,karenmarshall@example.org,"7442 Smith Heights Apt. 547 West Charles, NC 31097",2023-04-03
224,Haley Williams,lewisterry@example.com,"5916 Ruiz Islands Apt. 647 Port Gilbertfurt, PR 41298",2022-12-07
225,Laura Ramirez,lammatthew@example.com,"643 Jon Loop Suite 350 Patrickmouth, IL 40036",2024-01-05
226,Todd English,nrangel@example.org,"274 Carr Passage West Ryan, ME 05121",2020-02-12
227,Linda Paul,odelgado@example.org,"965 Allison Locks East Kelly, UT 96930",2020-04-13
228,Meghan Pratt,elizabeth68@example.net,"33288 Rush Wells Apt. 170 North Gina, LA 75002",2020-09-20
229,Pamela Campbell,edwardscrystal@example.org,"74528 Wang Dam Apt. 174 Robertmouth, NV 70376",2024-09-20
230,Denise Bradley,rickymiles@example.org,"1839 Anne Villages New Holly, DE 21508",2020-01-31
231,Christine Glenn,michael77@example.com,"76049 Michael Island Suite 437 West Michaeltown, LA 06165",2023-02-08
232,William Patton,daniellewhite@example.com,"0720 Karen Mount Apt. 344 Robinton, ND 75643",2020-11-18
233,Emily Harrell,aprilwolfe@example.net,"077 Linda Parkways West Lisa, IA 32909",2021-12-08
234,David Lawrence,robert47@example.net,USCGC Brown FPO AE 74010,2020-09-16
235,Daniel Lee,smithvalerie@example.net,"418 Philip Villages Johnsonbury, MD 08260",2022-01-21
236,Sarah Miles,hullsteven@example.org,"2717 Hawkins Bypass East Brianberg, MA 23334",2021-02-21
237,Jeffrey Cruz,hopkinschristopher@example.com,"182 Curry Lodge Apt. 836 West Davidfurt, AR 24450",2021-10-10
238,Jennifer Diaz,kellymccarthy@example.org,"901 Diaz Corner Apt. 174 Evanshaven, DC 98291",2021-11-10
239,Cynthia Hogan,monica79@example.com,"69410 Williams Key Apt. 023 New Perrymouth, ME 06652",2021-06-26
240,Victoria Schmidt,brandi34@example.org,Unit 8266 Box 1109 DPO AP 79018,2024-01-25
241,Robert Marquez Jr.,edward71@example.org,"4767 Johnson Spring Suite 799 West Sharonstad, RI 23833",2021-02-02
242,Bonnie Anderson,stacey96@example.com,"2909 Rachel Court New Maria, CT 86696",2024-03-11
243,Paul Smith,marthalee@example.net,USNV Mendez FPO AA 55575,2020-01-20
244,Stephanie York,zfigueroa@example.org,"PSC 3586, Box 8738 APO AE 78528",2022-05-17
245,Tyler Woods,xrice@example.com,"91063 Alexander Spring East Robert, AL 60802",2021-06-05
246,Andrew Alexander,nmoore@example.com,"44348 Robin Rapid Suite 732 West Connie, MN 80389",2023-03-01
247,Lindsey Turner,dyersherry@example.com,"2022 Brock Row Kimberlyborough, RI 59141",2023-02-16
248,Kelly Williams,brittneywilliams@example.org,"0703 Patricia Run Apt. 073 New John, NV 76994",2024-04-01
249,Alice Brooks,gailcherry@example.org,Unit 9837 Box 8114 DPO AA 58824,2021-09-28
250,Mary Nelson,cmoore@example.net,"1202 Evans Summit Suite 386 Wilsonport, DE 15397",2022-04-20
251,Karen Douglas,ktorres@example.com,"098 Michelle Meadows West Brandon, PW 04507",2023-10-06
252,Michael Sawyer,emma65@example.org,"331 John Mill Suite 730 North Luis, PR 47736",2024-05-31
253,Martin Flores,andrewterry@example.org,"6228 Scott Brooks Apt. 813 Aaronhaven, AS 01985",2020-04-09
254,David Murray,riverakatherine@example.org,"93041 Chad Island North Steve, NJ 95658",2021-04-01
255,Lori Dawson,lhowell@example.com,"329 Jason Alley North Shannonbury, WY 04855",2020-12-04
256,Edward Martinez,ngates@example.net,"891 Cortez Key Apt. 339 Andrewchester, NV 67991",2020-02-13
257,Carlos Robinson,trujillomatthew@example.com,"105 Rodriguez Gardens Kevinhaven, PW 96521",2023-11-23
258,Megan Henderson,xcampbell@example.com,"421 Harris Village Monicafurt, FL 79872",2024-10-08
259,Kelly Morse,emily03@example.net,"703 Clements Pass New Davidhaven, GA 39995",2024-07-31
260,Terry Oconnor,robertwilson@example.org,"32503 Carr Mountains Cohenmouth, WV 45969",2022-05-13
261,Teresa Chang,johnparsons@example.net,"6498 Fernandez Light Suite 803 Micheleberg, WV 10139",2022-09-29
262,Kerri Mora,nwong@example.net,"408 Megan Grove Apt. 871 Lake Jessica, LA 67868",2022-09-05
263,Michael Harding,patelamanda@example.net,"71813 Jimenez Key Patriciahaven, KS 99113",2024-01-02
264,Justin Rivera,yerickson@example.org,"892 Stephanie Fall Apt. 795 New Ryanshire, NM 84989",2022-08-05
265,Kevin Shea,brooke75@example.org,"75697 Jackson Neck Lisashire, MT 86929",2022-09-08
266,Charles Nelson,jason36@example.org,"6996 Joseph Knoll Apt. 948 Bentleyland, TX 05224",2024-01-03
267,Thomas Ramsey,maldonadobrandon@example.com,USCGC Burns FPO AE 64105,2020-08-28
268,Nancy Bryan,carl72@example.org,"655 Rebecca Mill Douglasmouth, MT 64147",2020-06-22
269,Dean Hanson,bradley02@example.org,"0768 Evans Port Apt. 513 Doylefurt, NE 32519",2021-07-16
270,Vincent Santos,kreeves@example.org,"841 Stephanie Place Jonathanbury, OH 62985",2022-05-29
271,Marissa Mitchell,shawn42@example.org,"9130 Ortega Tunnel Garciamouth, CA 75933",2020-01-13
272,Tina Rogers,burkerobert@example.org,"621 Teresa Lakes East Anthonymouth, RI 15740",2020-01-17
273,Judy Benson,theresamartinez@example.com,"04081 Watts Ridges Darinborough, SD 12749",2021-12-07
274,Kenneth Ingram Jr.,fnielsen@example.net,Unit 6643 Box 9994 DPO AE 93189,2020-02-23
275,Donna Miller,hensonsteven@example.org,Unit 7344 Box 1099 DPO AP 31418,2022-10-13
276,Kenneth Fletcher,fmccarthy@example.net,"834 Alexis Fields Suite 533 Harryville, VA 61372",2021-09-05
277,Meghan Powers,baileyalexis@example.org,"90273 Rodriguez Mill Suite 992 Shannonborough, MI 30480",2024-07-17
278,April Johnson,lnelson@example.com,"88589 Maria Courts Suite 553 East Robin, NM 84076",2021-08-27
279,Madison Pierce,alexishorton@example.org,"741 Mcgee Drive Apt. 764 West Jerry, NM 63900",2021-06-29
280,Dr. Amy Powell,joel43@example.com,"392 Miller Extensions Anntown, IA 11610",2020-08-10
281,Mark Singh,jonathon69@example.net,USCGC Clark FPO AA 46012,2020-10-06
282,Angela Duran,loritorres@example.net,"684 Huerta Forges East Andrewfort, SC 19419",2022-09-22
283,Luke Cochran,annettemontgomery@example.net,USNS Ray FPO AA 86524,2020-09-27
284,Adam Long,ygarcia@example.net,"143 Parker Brooks Apt. 482 Hernandezbury, SD 09900",2021-06-01
285,Anthony Barnes,ricardodaniels@example.com,Unit 5705 Box 6719 DPO AA 49910,2021-08-30
286,Justin Vasquez,mariawoods@example.com,"1782 Megan Land Kimborough, AL 65246",2024-07-22
287,Austin Bradford,kirkharry@example.net,"908 Debbie Drive Apt. 906 Stevenstad, KY 71916",2024-09-03
288,John Stewart,brentturner@example.net,"2558 Mark Mall Jenniferside, RI 58667",2024-04-14
289,Leslie Mccoy,lewisrebecca@example.net,"9255 Hansen Parkways Harrisonside, MD 75159",2021-05-13
290,Corey Cunningham Jr.,sjohnson@example.org,"08298 Guerra Walk Port Christopher, GA 51911",2021-11-26
291,Lonnie Kelley,johnsondaniel@example.com,"5698 Debra Lodge East Kyle, ID 44313",2024-03-11
292,Elizabeth Kane,briancox@example.net,Unit 6459 Box 3346 DPO AE 53239,2022-09-14
293,Frank Roberts,rodriguezedwin@example.org,"689 Melissa Views Suite 703 West Penny, NM 08295",2020-03-21
294,Tara Rodriguez,rperry@example.com,"77306 Rodriguez Glen Clarkfort, HI 88652",2020-04-12
295,James Thomas,mturner@example.net,"94445 Walsh Knoll Suite 413 Garciaburgh, CA 31505",2020-01-07
296,Kenneth Elliott,joshua71@example.net,"045 Hernandez Bypass Suite 323 Angelamouth, WV 29124",2021-03-13
297,Sophia Cross,kylegray@example.com,"138 Leonard Inlet Suite 476 Kaylaport, NM 56572",2022-09-12
298,Carla Lambert,zklein@example.org,"268 Elizabeth Extension Suite 002 East Cassandra, MI 66458",2023-03-01
299,Norman Skinner,apatterson@example.com,"9344 Solis Isle Curtisburgh, ID 72651",2024-07-08
300,Chad Wheeler,ywilliams@example.net,"644 Oneill Dam Suite 993 Johnsonland, IA 61516",2022-11-19
301,Juan Ward,sandra07@example.net,"55979 Norman Glen Suite 475 Geraldstad, AS 81381",2022-05-19
302,Kristina Martinez,kelleyronald@example.org,"48805 Brock Prairie Beckerfurt, MO 51110",2022-05-15
303,Jordan Allen,prollins@example.org,"31157 Hannah Flat Apt. 550 North Richardmouth, NY 94654",2020-07-06
304,Alicia Lopez,palvarez@example.net,"PSC 5184, Box 6061 APO AP 12156",2023-12-07
305,Lorraine Guzman,andreaestrada@example.net,Unit 1648 Box 7286 DPO AP 96537,2022-10-09
306,Brandi Rice,hollywells@example.net,"1549 Brenda Fort North Yvonnetown, RI 16235",2022-10-14
307,Kathleen Valdez,shawnhansen@example.org,"771 Jimenez Centers Suite 646 Wagnerland, PW 10609",2024-02-29
308,April Ortiz,jonesjasmine@example.org,"53264 Megan Junction Suite 322 Stuartstad, NH 51222",2020-10-28
309,Cassandra Jenkins,jali@example.org,"917 Foster Bypass Davisborough, MD 38436",2024-02-21
310,Mark Benjamin,emiller@example.org,"7388 Clark Mountains Harrisonside, PA 54281",2021-08-09
311,Spencer Johnson,tracy93@example.net,"PSC 9218, Box 9106 APO AP 66356",2020-01-30
312,Sarah Thompson,psmith@example.com,USCGC Myers FPO AE 40090,2022-03-18
313,Danny Waters,christine95@example.net,"5680 Gay Roads Suite 357 Jenniferstad, ME 71959",2021-03-16
314,Maria Brown,meghanmartinez@example.org,"4396 Browning Hills Gilbertside, WV 70160",2022-04-23
315,Todd Lam,ctaylor@example.com,"14502 Mullins Mission Suite 405 Thomaschester, PR 86342",2024-08-04
316,Stephen Jimenez MD,ronaldwhitehead@example.net,"670 Allen Well Lake Kimberly, MA 53005",2023-06-09
317,Lance Russo,uwhite@example.net,"9519 Emily Forest Apt. 718 Lake Kylefort, MP 34479",2021-06-11
318,Isabella Henderson,george54@example.com,"193 Cooper Street South Kevin, SD 19892",2023-11-05
319,Cynthia Townsend,jonessharon@example.com,"460 Kyle Course Suite 714 North Andrewhaven, CO 11897",2021-11-16
320,Jessica Petersen,diazdavid@example.com,"20244 Maria Dam Apt. 623 West Blake, IN 53566",2021-05-20
321,John Small,pamela37@example.net,"08260 Tonya Spurs Sanchezbury, OH 20574",2021-01-31
322,Allen Edwards,robertgeorge@example.com,"21223 Soto Springs Roblesburgh, WA 02115",2024-08-22
323,Brian Jordan,ycharles@example.com,"121 Heather Stream South Courtneyfort, FL 63739",2024-04-15
324,Terrence Kennedy,hamiltonleonard@example.net,"7050 Veronica Dam Jacquelineburgh, NM 86554",2022-03-10
325,Ian Hughes,collinsbrenda@example.org,"6412 Hancock Crescent Mendozaburgh, NM 75979",2024-09-24
326,Bradley Ryan,joseph32@example.net,USNV Washington FPO AA 43065,2021-06-21
327,Joshua Smith,paulhuffman@example.com,"123 Ashley Freeway Careyborough, LA 37066",2020-08-17
328,Tracy Hernandez,prestonvanessa@example.org,"84762 Maldonado Mountain Apt. 664 New Lisa, OR 55600",2022-03-17
329,Matthew Harris,zachary11@example.net,"016 Paul Ville Christopherhaven, AZ 22982",2020-11-13
330,Janet Townsend,pamelasanchez@example.org,"17057 Whitehead Knoll Williamshaven, UT 73917",2020-09-09
331,Caleb Pierce,wreese@example.net,"62849 Amanda Lodge Apt. 000 Davismouth, NY 78609",2023-03-29
332,Nicolas Castillo,susanmendez@example.org,"3546 Katherine Tunnel Port Justin, MD 03139",2020-11-17
333,Lynn Myers,krista56@example.net,"3363 Sarah Roads Andreachester, AK 12296",2020-03-13
334,Teresa Williams,silvalisa@example.org,"86356 Branch Plains Patriciaburgh, MD 73633",2022-07-15
335,Debra Lucas,richard90@example.org,USNV Williams FPO AE 63151,2022-10-19
336,Michael Williams,opage@example.org,"95324 Smith Spring Suite 330 Christinahaven, WI 46081",2023-01-20
337,Abigail Campbell,nmay@example.net,"022 Donovan Trail West Thomas, HI 30814",2023-01-02
338,Nina Murray,beckerchristina@example.com,"2346 Todd Light North Allison, GA 75447",2023-07-30
339,Brian Mack,qbush@example.org,"PSC 0487, Box 9630 APO AP 27075",2023-04-17
340,Belinda Brown,robert99@example.org,"7979 Christopher Forest Timothyberg, GU 71447",2020-04-16
341,Troy Boyd,richardcrawford@example.net,"9324 Swanson Glen West Richardville, GA 98376",2023-09-14
342,Michelle Lopez,yjohnson@example.org,"726 Pamela Ranch Port Diane, MD 82178",2023-09-04
343,Leah Paul,edward07@example.org,"777 Alex Squares Suite 815 West Christinetown, AL 89498",2020-09-07
344,Nancy Donovan,markporter@example.com,"13034 Lyons Pike Apt. 613 North Rebeccatown, AS 81918",2023-03-22
345,Summer Maldonado,wendy79@example.org,"5767 Walker Junctions Apt. 053 Lake Matthewchester, VA 22459",2020-12-16
346,Keith Holt,deborah35@example.net,USNV Hahn FPO AA 70751,2021-12-14
347,Erika Simmons,tammiewhite@example.com,"302 Owens Ranch Apt. 737 Meganshire, AR 83261",2022-03-14
348,Kimberly Whitehead,smithderrick@example.org,"11093 Jeffrey Loop West Steven, WI 62110",2020-02-03
349,Tracey Berger,david93@example.com,"0671 Woods Rest East Tylerside, NJ 06310",2022-06-02
350,Thomas Winters,vgreen@example.com,"979 Brett View Suite 286 New Kaylastad, TX 84403",2022-03-31
351,Haley Davis,richardsonamy@example.net,"3318 Taylor Pine Apt. 225 New Duane, IL 35288",2020-08-29
352,Kenneth Newton,qharrell@example.net,USS French FPO AA 46026,2023-07-08
353,Karen Stewart,parkchristine@example.com,"61384 Robin Underpass Evanshaven, HI 02641",2022-04-13
354,Brandy Torres MD,morganwilson@example.org,"7568 James Crossing Suite 863 Serranofort, VT 85266",2024-06-21
355,Jamie Cochran,manuel54@example.net,"71703 Ann Dam Suite 344 Sherylshire, CA 83544",2022-12-22
356,Nichole Walker,kerry84@example.com,USCGC Rios FPO AP 66816,2023-06-23
357,Matthew Barker,jacob35@example.net,"381 Tucker Pine Suite 727 Vickieton, WV 48373",2021-05-29
358,Thomas Sparks,snowbrandy@example.net,"32474 Eddie Pine Apt. 169 North Andreamouth, AK 13322",2022-05-05
359,Jacqueline Kelly,jonathanjohnson@example.com,"9607 Nancy Causeway Suite 857 Laurafort, ND 85702",2021-01-18
360,Kathryn Mendez,bwilson@example.net,"590 Robert Extensions North Ashleyton, FM 28374",2022-09-05
361,Brian Salas,susan23@example.com,"048 Jessica Ville Apt. 640 South Brendaview, HI 59973",2024-05-31
362,Christopher Phillips,schwartzrebecca@example.net,"69266 Rivera Viaduct Apt. 310 South Jasonbury, GU 60503",2022-04-21
363,Kristine Miller,sharonchapman@example.org,"610 Greene Tunnel North Diane, AK 09308",2024-09-10
364,Yvonne Davis,hatkinson@example.com,"5269 Theresa Gardens Suite 462 Port Dennis, GU 75075",2023-10-13
365,Brian Jackson,berrytravis@example.net,"1825 James Centers East Katherine, AS 35469",2020-01-27
366,Anthony Phillips,johnsonjoseph@example.com,"157 Mccarthy Estates Thompsonmouth, AZ 72914",2021-04-14
367,Barbara Norris,thomas61@example.org,"84295 Jones Camp Jessefort, MH 56632",2020-08-26
368,Joseph Watts,bethochoa@example.org,"719 Keller Cove Apt. 688 Lake Mitchell, NV 86346",2022-05-22
369,Drew Kaufman,juan25@example.net,"748 Vazquez Circles Suite 987 Ginastad, MH 89022",2021-10-01
370,Debbie Petersen,kyle39@example.com,"628 Nielsen Hollow Suite 510 West Samantha, HI 82416",2021-12-09
371,Janet Miller,stevewang@example.org,"653 Andrea Vista Janeburgh, RI 93831",2020-05-29
372,Zachary Avery,joshua44@example.com,"4782 Levy Mountains North Michelleshire, PW 10694",2020-12-25
373,Mr. Alejandro Hall,nsnyder@example.net,"4333 Lisa Bypass Lawrenceborough, IN 19395",2023-03-18
374,Jamie Mitchell,kbennett@example.net,"51788 Valentine Haven Suite 295 Danielview, OR 77106",2020-09-26
375,Eric Fisher,jacqueline77@example.net,"0959 Spears Manor Apt. 111 North Ronald, FM 79779",2020-08-18
376,James Walker,margaret36@example.com,"PSC 4584, Box 3547 APO AA 01428",2023-09-07
377,Lisa Bond,dbeck@example.net,"2025 Wilson Villages South Stephanie, OR 98256",2023-11-26
378,Lisa Ryan,jose62@example.com,"5491 Kelly Divide Goldenfort, CA 22069",2024-06-25
379,Daniel Williams,orichardson@example.com,"157 Mitchell Square Suite 853 Matthewberg, MH 99012",2021-02-14
380,Megan Powers,jasonpacheco@example.org,"4805 Christopher Road Apt. 867 West Thomas, MH 22435",2020-09-28
381,Randall Gilmore,jessecarroll@example.net,"5878 Emily Junction Suite 208 Taylorton, ND 54656",2021-05-20
382,Wayne Lewis,stephen02@example.org,"214 Barnes Corner Suite 936 North Darrentown, VT 85334",2024-06-12
383,Craig Hernandez,leonardtammy@example.net,"300 Justin Forest Brittneybury, VT 79425",2021-12-07
384,Catherine Dickerson,ymoore@example.net,"09296 Lauren Dam Suite 566 Port Jeanette, HI 90972",2024-07-20
385,Kim Wagner,kristina75@example.com,"954 Melissa Extension Port William, ND 74831",2024-06-22
386,Nicole Johnson,jacksontanya@example.com,"64533 Santiago Plains Suite 616 New Marymouth, PR 30420",2024-06-17
387,Morgan Jackson DDS,blakechristina@example.org,"6830 Arias Prairie Suite 104 West Matthewstad, VA 36233",2020-08-24
388,Steven Peters,robertocantrell@example.com,"74013 Houston Gateway Lake Jeremyhaven, WI 61372",2023-03-20
389,Christopher Johnson MD,christina61@example.com,"842 Gregory Bridge North Nathaniel, TN 86888",2021-03-20
390,Kevin Rodriguez,shannon23@example.org,"486 Ryan Route Curtisfurt, FM 75208",2020-10-25
391,Jeremy Velazquez,woodardjustin@example.net,"71363 Tyler Rapids Terrenceburgh, ID 36722",2022-06-17
392,Judith Williams,matthewkeith@example.com,"72948 Garcia Burg Suite 091 East Michael, MS 14070",2024-01-25
393,Susan Boyer,hardysteven@example.org,USCGC Valdez FPO AP 37725,2023-08-19
394,Shannon Jones,antoniowright@example.com,"PSC 1508, Box 2372 APO AE 99370",2021-05-12
395,Charles Green,michelle09@example.org,"491 Chad Junctions Johnsonborough, MO 72449",2023-05-25
396,Natasha Cummings,vickiarnold@example.com,"3266 Barbara Turnpike Apt. 669 Hughesborough, DE 24078",2023-08-16
397,Frank Berry,joshuarodriguez@example.org,"4319 Karen Row South Pennymouth, MD 66067",2023-07-13
398,Ryan Ortiz,matthew36@example.com,"365 Joshua Wall Dustinhaven, WY 20002",2023-07-12
399,Thomas Smith,michelleparsons@example.net,"2139 Kristen Mount Apt. 732 Seanton, KY 36997",2023-12-22
400,Amanda Mitchell,brianataylor@example.net,"55745 Vincent Station Apt. 584 Aprilview, OR 54410",2024-08-25
401,Linda Wall,charles32@example.net,"680 Emma Station Apt. 025 South Joshua, SC 59394",2021-06-27
402,Joseph King,qhardin@example.org,"088 Taylor Run Lake Jimmy, PW 28913",2023-01-02
403,Michael Nelson,todd75@example.com,"10014 Angela Cliffs Cynthiaville, CA 71494",2023-11-29
404,Diana Navarro,cory63@example.org,"69811 Strickland Squares Apt. 140 Johnsonstad, HI 90307",2021-07-13
405,Michael Mora,randall03@example.org,"97696 Gilbert View Parkerland, SD 59294",2021-08-12
406,Claudia Riley,xwillis@example.org,"PSC 5370, Box 9157 APO AP 50630",2024-07-26
407,Craig Romero,hannahjones@example.net,"1188 Williams Road Suite 304 Zimmermanbury, NM 68222",2024-02-06
408,Daniel Hodge,ehenderson@example.org,"634 Melissa Inlet Jameshaven, ME 68493",2020-01-04
409,Jonathan Lee,jamespeck@example.net,"8817 Baker Crossroad Apt. 694 Ayalaborough, MA 14674",2022-07-22
410,Joshua Conway,colton49@example.com,"7064 Nicholas Views Samanthaton, TN 26796",2021-03-03
411,Tracy Stein,timothy92@example.com,"2530 Pennington Lakes Suite 713 East David, WA 34750",2021-02-16
412,Kevin Parker,trevor46@example.net,"1994 Ronald Throughway Suite 296 Port Denise, MA 86315",2021-01-23
413,Harold Oliver DDS,george35@example.com,"4102 Randolph Forks Suite 251 Freyburgh, KY 12795",2020-06-29
414,Shane Torres,hughescarla@example.com,Unit 6666 Box 3110 DPO AP 11387,2020-09-27
415,Dr. Robert Turner MD,nathanferguson@example.org,"551 Susan Views Apt. 159 North Lawrence, KY 50103",2024-02-28
416,Craig Mcdonald,rodneyroberts@example.net,"9051 Monroe Plain Suite 074 Maryfurt, ID 12553",2022-10-05
417,Carl Gallagher,emilyjenkins@example.org,"832 Ryan Passage Moralesbury, IL 20021",2024-04-05
418,Leah Williams,daisyhale@example.com,"8672 Charles Mountain Suite 991 Jasminebury, WY 91347",2020-07-01
419,Joseph Rowe,brooksbrian@example.org,"13884 Turner Tunnel Port Johnshire, OH 19800",2020-01-13
420,Amanda Jones,smitchell@example.org,USS Ray FPO AE 45254,2022-11-19
421,Morgan Underwood,joshua32@example.com,"489 Collins Lake Apt. 962 Cohenshire, ME 66117",2023-08-05
422,Joel Jackson DVM,tcollins@example.com,"526 Luke Fields Apt. 765 Lake Kimberlymouth, AL 94636",2022-11-01
423,Clinton Wells,don29@example.net,"0509 Joseph Junction Johnsonview, MS 57366",2021-07-16
424,Samantha Boone,lukemaxwell@example.com,"56591 Gabrielle Forges Apt. 713 Kaylatown, MI 03812",2022-06-11
425,Anthony Jarvis,powellrobert@example.net,"500 Alexander Ridges North Amandaville, IL 90007",2023-02-12
426,Antonio Garza,loriosborne@example.net,"02000 Benjamin Mountains South Kyleport, FM 07448",2022-10-09
427,Eric Williams,xvang@example.net,"48644 Gray Lock West Kelsey, TX 92328",2024-05-17
428,Kevin Ford,farmershaun@example.org,"5471 Howard Glens Dakotaborough, MI 69403",2020-05-12
429,Michele Hudson,jamespayne@example.net,"6640 Smith Fort South Luisside, WI 46663",2024-09-24
430,Tony Wright,thomasjohn@example.com,"73469 Henderson Fields Apt. 232 Michaelshire, MS 41225",2020-12-14
431,William Young,greeramber@example.com,"010 Mcintyre Island North Jessica, AZ 19742",2024-06-06
432,Kevin Ray,jonathan89@example.com,"7528 Michael Centers Apt. 131 Watsonberg, AS 14750",2022-10-23
433,Meredith Vaughn,zsantiago@example.com,"2220 Amanda Road New Thomasview, WA 75662",2020-03-27
434,Natasha Jones,lburns@example.net,"684 Hernandez Stravenue Perezhaven, NH 65196",2021-09-20
435,Patricia Barnes,lindalopez@example.com,"14093 Christopher Harbors South Jamestown, KY 67842",2024-03-28
436,Shelly Carter,brian07@example.org,"946 Holmes Course Apt. 130 Lake Thomas, PW 77012",2022-12-04
437,Mark Webb,shawn15@example.org,"775 Andre Fords Port Manuel, PR 64828",2024-01-05
438,Amanda Caldwell,obrienwilliam@example.net,"9837 Foster Estates Sullivanmouth, NV 52043",2024-01-07
439,Emily Wagner,maria03@example.org,"1525 Miles Groves Kingfort, IL 00529",2021-03-03
440,Carmen Ellis,batesdawn@example.net,"11354 Clark Valleys Suite 027 Edwardsmouth, NH 22393",2022-08-03
441,James Olson,wwallace@example.com,"591 Daniel Ford Marquezside, WY 19756",2023-05-04
442,Tonya Harper,srivera@example.com,"352 Carter Parkways Lisamouth, WY 06082",2021-04-04
443,Mrs. Lindsay Tran MD,ortizkimberly@example.net,"397 Jones Burg Apt. 775 New Randall, NH 65065",2022-05-21
444,Virginia Armstrong,blankenshipivan@example.org,"749 Laura Hollow Johnsonfurt, NM 87860",2021-09-16
445,James Nelson,snyderstephanie@example.org,"7303 Denise Vista Apt. 175 South Lisaport, MA 34595",2020-11-26
446,Bobby Clark,davidwillis@example.net,"1280 Tyler Row Suite 539 New Angela, OR 11823",2022-04-24
447,John Garcia,yangnicholas@example.org,"2358 Parker Drives Apt. 909 Kinghaven, SD 50323",2021-09-14
448,William Riggs,xmartinez@example.org,"9768 Fox Orchard Suite 500 Port Brenda, PR 40264",2022-04-09
449,Kayla Dennis,alvareznicole@example.org,"020 Shawn Branch North Shane, AS 85296",2022-02-13
450,Cesar Lambert,hughesdanny@example.org,"50639 Tiffany Ways Davistown, VI 59031",2020-09-11
451,Michael Chaney,campbellkyle@example.com,"4247 Richard Groves West Williamtown, KS 55592",2023-08-14
452,Heather Martin,josephbaker@example.org,"2708 Dustin Fields Pattersonberg, PA 95337",2024-09-17
453,Jose Edwards,mckenziewilliam@example.net,"39788 Becky Tunnel North Debbie, MN 85178",2024-05-26
454,Alexander Morton,briansmith@example.org,"944 Dylan Pines Apt. 466 New Kevinhaven, KY 20728",2023-11-20
455,Katherine Jones,vasquezmichael@example.org,"2888 Palmer Parkway Melissaberg, OK 60329",2021-12-25
456,Madison Reid,pwoods@example.com,"715 Garcia Ramp Thomasview, NM 99311",2022-02-09
457,Lori Blake,thomasrice@example.com,"3241 Travis Meadows Apt. 568 Port Kelsey, CT 87266",2022-10-08
458,Steven Hampton,marcus85@example.net,"15937 Nicole Drive Lake Thomaschester, KS 42058",2024-07-03
459,Elizabeth Diaz,cherylbrock@example.com,"45646 Deanna Trail Suite 265 East Hannah, NY 16459",2022-03-14
460,Michelle Barker,usweeney@example.com,"21806 Esparza Burg South Williambury, RI 36114",2022-02-23
461,Megan Moss,clarkjulie@example.net,"92070 Tina Stravenue Suite 592 Murraychester, ME 91809",2021-01-26
462,Sierra Miller,xconley@example.org,"046 Jeremy Islands Apt. 365 North Linda, FL 38704",2023-02-03
463,Michael Silva,dianegeorge@example.org,"813 Johnson Forks Apt. 372 Karenfurt, KY 17554",2023-10-01
464,Danielle Garcia,taylorhenry@example.com,"1487 Delgado Park Apt. 294 Marcfurt, MS 55793",2021-01-03
465,Marissa Baker,ocoleman@example.com,"1056 Estes Corner Loristad, AS 10858",2022-07-25
466,Sharon Johnson,dryan@example.net,"70629 Acevedo Knolls Apt. 872 Jessicaville, MH 27492",2021-05-20
467,David Clark,salazarchristopher@example.com,"30044 Pena Village North Tonya, IL 32486",2024-02-02
468,Lisa Taylor,burnettjoanne@example.org,"929 Diana Forges Scottchester, GU 50030",2024-05-23
469,Sharon Johnson,williamturner@example.net,"54218 Christina Street Apt. 029 West Lindsaystad, VT 44717",2024-04-18
470,Christina Hunt,stephanieharris@example.org,"8114 Erica Crest Robinside, KY 07740",2023-01-27
471,Rebecca Jackson,shane31@example.com,"4327 Reginald Roads Apt. 240 Lake Tammy, PW 51337",2022-03-22
472,Hannah Irwin,adam08@example.net,"916 Maria Centers Lake Brandy, MO 51293",2023-07-05
473,Ryan Trujillo,loriday@example.com,"418 Elizabeth Highway Suite 611 South Erika, NJ 58211",2022-09-01
474,Taylor Snyder,cray@example.net,"7147 Williams Extensions Port Johnshire, AZ 27214",2022-08-06
475,Amy Pena,floresjoseph@example.com,"435 Shari Ranch East Emilyhaven, NM 38990",2023-03-05
476,Taylor Espinoza,johnsonbrian@example.net,"705 Kayla Manor Port Penny, AR 49908",2021-07-28
477,Amy Hancock,brenda33@example.org,"81503 Michael Coves Suite 342 Port Stephaniemouth, UT 74324",2022-12-27
478,Nicole Carrillo,xmartin@example.com,USNV Hunter FPO AE 62961,2022-05-04
479,Amanda Rogers,madison60@example.net,"180 Angela Cliff Suite 194 Lake Heather, CT 85777",2022-09-30
480,Patrick Crosby,jonesjeffrey@example.net,"8001 Berry View Bonillamouth, IL 65050",2020-09-08
481,Timothy Santos,jordanronald@example.com,"0135 James Haven Apt. 292 South Chadborough, CO 26283",2022-08-15
482,Christopher Gonzalez,alexishull@example.com,"777 Mark Street North Abigail, WA 00733",2023-11-04
483,Katherine Hernandez,kimberlypreston@example.net,"353 Rachel Parks Apt. 731 Jamesborough, TN 61042",2023-05-09
484,Timothy Lee,jaime33@example.com,Unit 8251 Box 4535 DPO AA 14567,2020-01-15
485,Jamie Coleman,whitepeter@example.org,"0762 Pena Islands East Tashamouth, DE 88317",2021-09-12
486,Bob Wilson,xcampbell@example.com,"9753 Karen Corner Port Lucasburgh, AZ 00532",2024-06-01
487,Billy Thomas,amandaflores@example.org,"7256 Bender Keys East Tony, NE 07311",2022-03-22
488,Brenda Brown,melanie11@example.com,"587 Henry Cliff Suite 616 Lauraside, MI 95047",2024-06-03
489,Laura Cooper,zacharywalton@example.com,"8454 Justin Forges Suite 002 South James, CA 54749",2020-03-15
490,Carl Stevenson,robertgalloway@example.net,"93050 Doyle Rue Wheelertown, IL 19114",2022-10-24
491,Daniel Acosta,ifrank@example.net,"34819 Rodriguez Junction West Sarahfort, NJ 37292",2023-01-11
492,Joshua Garner,george68@example.com,"85413 John Fords East Andrewshire, ID 07471",2020-12-05
493,Seth Shea,marshalltimothy@example.com,"126 Eric Branch Jasonmouth, PR 87647",2020-04-13
494,Kayla Bennett,adkinsjay@example.com,"074 Alexander Centers Apt. 294 New Cindytown, OR 13326",2024-10-01
495,Martin Wilcox DDS,brownsandra@example.org,"0965 Garcia Shores Clarktown, TN 23957",2023-03-19
496,James Padilla Jr.,kthomas@example.org,"05766 Amy Drive Apt. 532 Lake Danielchester, AZ 16157",2020-06-22
497,Brian Trevino,regina64@example.org,"0844 Deborah Flat Suite 885 North Desireechester, SC 25469",2020-10-29
498,Douglas Brown,jessicaclark@example.com,"20811 Jones Skyway Laurenville, NY 86194",2024-08-26
499,Willie Ortiz,unash@example.com,"425 Jones Field Suite 484 Hinesmouth, WI 45528",2020-12-13
500,Casey Estes,danielstevenson@example.org,"69664 Smith Forges Felicialand, KS 29908",2023-05-05
