id,name,email,address,date_joined
1,Samuel Marquez,dianebriggs@example.com,"0349 Hobbs Drive Davidstad, OR 38422",2021-07-27
2,John Cox,david37@example.net,"6411 Obrien Brook Suite 157 Sandraview, IA 36265",2023-09-22
3,Kristin Johnson,lopezjohn@example.com,"375 Garcia Park North Brandon, CA 12275",2020-06-21
4,Chris Diaz,mollypalmer@example.org,"51782 Cheyenne Squares Suite 266 Lake Christopherburgh, NE 52980",2024-01-31
5,Krista Conley,tyler73@example.net,"7925 Laura Ramp Johnsontown, MH 48650",2022-09-21
6,Matthew Durham,charles84@example.net,"94077 Kemp Mountains West Charlesburgh, OK 24408",2021-02-15
7,Eric Mccoy,lesliestrickland@example.net,"PSC 5081, Box 7495 APO AA 39147",2024-08-27
8,Robin Massey,aolson@example.net,"0118 Stephen Plains South Angela, IL 43339",2021-06-03
9,Amy Lowe,stephenjones@example.org,Unit 7570 Box 0948 DPO AA 55022,2023-10-28
10,Wendy Hayden,kimberly79@example.org,"883 Rodriguez Green Mcguirehaven, VI 39051",2021-09-08
11,Timothy Walker,mckinneychristopher@example.com,"7705 Michael Burg Thomasfurt, GA 93424",2024-01-02
12,Richard Smith,hdixon@example.com,"12400 Sheena Radial South Rebekah, ID 88185",2022-10-02
13,Johnny Copeland,hadams@example.net,"3201 Villanueva Coves Cherylmouth, GA 28785",2020-11-01
14,Joshua Mitchell,joseph40@example.org,"67346 West Dale Suite 093 New Karamouth, AS 48721",2023-01-11
15,Alexis Greer,lisa65@example.net,"33906 Maria Mews Apt. 669 Amyfurt, GA 18921",2020-02-04
16,Samantha Sanders,clarkjames@example.net,"656 May Field Karenmouth, CO 89916",2023-06-23
17,Alex Hanson,anndudley@example.net,"88674 Kenneth Fall Walkerville, MO 19679",2021-10-03
18,Carl Wilson,dylancasey@example.org,"3712 Jones Crossing Shannonstad, MO 17634",2021-06-02
19,Brianna Wagner,zcastaneda@example.net,USNS Anderson FPO AP 05498,2020-10-15
20,Andrew Moore,jasonfranklin@example.com,"5269 Sullivan River Garretttown, PA 79536",2024-02-25
21,Christina Hernandez,ospears@example.net,"583 Morgan Canyon Apt. 807 North Lindsey, OH 66595",2023-06-16
22,Tabitha Osborne,cody80@example.net,"78770 Heather Fort Suite 183 South Briannafort, AS 37339",2023-11-28
23,Leah Hodge,qjones@example.net,"954 Courtney Stravenue Brownberg, CO 21051",2023-05-03
24,Dawn Cole,rachelroberts@example.com,"PSC 6251, Box 3944 APO AE 54626",2023-12-30
25,David Wood,james63@example.net,"69018 William Wall Suite 566 Jamestown, NE 05213",2021-05-14
26,Lisa Grant,rebeccapatel@example.org,"147 Kathleen Keys South Matthewchester, WV 73918",2020-06-01
27,Jeanette Willis,gcarlson@example.org,"5265 Foster Motorway Suite 697 Pricefurt, NH 88304",2021-10-05
28,David Camacho,tannerdawn@example.org,"8127 Christina Roads Apt. 295 Seanmouth, AK 27943",2023-08-13
29,Sara Torres,jonathan49@example.com,"9539 Simpson Dam Apt. 853 Gomezberg, ID 08380",2023-05-14
30,Larry Chan,sdavis@example.com,Unit 0897 Box 3662 DPO AE 99509,2022-05-07
31,Patricia Gibson,katherine36@example.com,"5392 Delgado Roads Prestonfurt, SD 25175",2023-09-04
32,Benjamin Harper,whuff@example.com,"6222 Payne Ranch Ashleyland, OR 64104",2024-07-31
33,Haley Peterson,carpenterstephen@example.com,"9097 Allison Village Suite 530 Marioville, AZ 92627",2021-07-02
34,Brandon Waller,gatesmaria@example.com,"065 Cline Walk Apt. 843 Marilynburgh, HI 50195",2024-05-10
35,Ricardo Jones,carrie84@example.com,"797 Kelley Key Apt. 909 Lake Bryanland, MA 26487",2020-08-19
36,Scott Fritz,andreahammond@example.org,USNS Thomas FPO AE 63373,2020-05-19
37,Ryan Morrow,srose@example.net,"02464 Kathryn Station Munozfort, AR 70062",2024-04-22
38,Arthur Reid,wilsonlaura@example.org,"8158 Patel Haven Suite 398 Lake Andrew, CA 56166",2024-09-20
39,Jeremy Wells,stokesjanet@example.com,"1776 Peggy Views New James, NC 16567",2023-10-15
40,Erik Quinn,mdecker@example.net,"6142 Jones Forges Suite 619 West Robert, GU 89259",2022-11-08
41,Robert Knight,rhonda60@example.net,"30476 Karen Circles Manningfurt, ME 57197",2021-06-27
42,Michael Rodriguez,vporter@example.net,"160 Robert Spurs Apt. 964 Port Roy, PA 59970",2024-07-07
43,Brianna Moore,rrhodes@example.com,"792 Perez Cove Suite 691 New Justin, UT 05671",2023-09-27
44,Tracy Calhoun,deborah80@example.com,"709 Kathryn Oval Suite 963 Lake Markhaven, GU 44110",2022-10-09
45,Ronnie Thompson,qmarshall@example.net,"391 Contreras Locks West Deborah, CA 54723",2021-02-20
46,Mary Richards,melissakirk@example.org,"1606 Mcdaniel Crest North Davidton, WI 64480",2023-06-09
47,Mrs. Wendy White,daughertydarlene@example.org,"2630 Woods Prairie Apt. 136 Juantown, PA 67130",2023-09-23
48,Dr. Robert Smith,fsellers@example.com,"5922 Patrick Drives Morganville, SD 18159",2023-12-22
49,Zachary Perez,noah59@example.org,"1139 Sherry Avenue Suite 725 Trevinoberg, AL 36027",2023-05-19
50,John King,harrisbrandon@example.net,"95822 Crawford Brooks Samanthaside, RI 45652",2022-11-21
51,Ronald Rodriguez,heidichapman@example.com,"544 Nicholas Manor Suite 427 Bauerburgh, ME 75009",2022-06-06
52,Thomas Collins,agriffin@example.org,"541 Edward Isle South Jamie, GA 94447",2024-03-29
53,Mrs. Elaine Haas,christopher35@example.net,"0228 Cory Greens Apt. 675 Lake Leehaven, VT 98559",2023-06-15
54,Ross Kim,omurray@example.com,"8411 Berger Lights West Amber, NY 42589",2023-03-16
55,Dr. Kenneth Weiss,patricia43@example.net,"043 Alison Pines Suite 572 West Abigail, IL 11407",2022-03-19
56,Dustin Johnson,leescott@example.org,"679 Jessica Orchard Williammouth, AL 35368",2023-02-15
57,John Rogers,anthony05@example.net,"0199 Alexander Isle South William, LA 07775",2023-09-06
58,Natalie Cain,fosterjustin@example.org,"34136 Charlotte Brooks Port David, DC 65380",2021-07-04
59,Michael Morse,jamesschwartz@example.com,"342 Rodriguez Shores Suite 787 Josephville, WI 64483",2020-06-03
60,Joseph Smith,johnmcdowell@example.com,"8140 Henderson Valley Lake Gregory, AL 93834",2024-01-17
61,Mrs. Sherry Meyers,christopheradkins@example.org,"4264 Shannon Center Suite 888 Lake Jonathanfort, NJ 41860",2022-05-15
62,Elizabeth David,qmercer@example.org,"2031 Edwards Rue New Autumn, WV 55475",2023-11-19
63,Robyn Phillips,carolgonzales@example.com,"301 Turner Curve North Carla, SC 21774",2024-01-13
64,Matthew Lindsey,morganchavez@example.net,"13054 Houston Gateway Robinsonton, PA 53926",2023-08-05
65,Lisa Cook,sarah16@example.com,Unit 2843 Box 5600 DPO AE 30678,2020-03-03
66,Mary Gibson,shane51@example.org,"55402 Lauren Port Lindatown, TX 03936",2020-11-12
67,Joseph Schaefer,mary51@example.org,"45139 Jackson Extensions New Christopherfort, OR 58933",2024-03-31
68,Jessica Mcfarland,riveragabriela@example.net,"14657 Nichols Brook Suite 689 Port Eric, MD 09613",2021-08-05
69,Andrew Newman,reyesbrandon@example.net,USNS Pierce FPO AP 08359,2021-01-09
70,Ryan Smith,lewistracey@example.com,"14913 Cynthia Ridge Suite 748 Lake Gloria, VA 76300",2023-06-18
71,Lauren Barber,cynthia27@example.com,"59661 Sharon Prairie Juliatown, ND 67537",2020-06-17
72,Christopher Perez,donna66@example.org,"093 Debra Run Apt. 571 Port Cassandraside, AS 27312",2022-03-10
73,Johnny Nelson,jmcintosh@example.com,"81156 Green Place Johnsonfort, MD 30653",2022-05-22
74,Tiffany Sampson,reyeserika@example.net,"54617 Jordan Throughway Suite 154 West Steven, UT 82447",2020-08-15
75,Brian Brown,eddie89@example.com,Unit 3679 Box 4549 DPO AP 65144,2020-02-07
76,Ronald Williams,sgraves@example.com,"94001 Catherine Lakes Apt. 615 East Jason, TX 23330",2024-04-09
77,Adrian Wilson,catherine67@example.org,"28550 Mary Crest Suite 022 Adamsbury, NJ 01765",2024-01-09
78,Janet Frey,brownangela@example.org,"5870 John Throughway Lake Natalie, WY 65979",2024-01-13
79,Dr. Rachel Raymond,mcdanielmelinda@example.net,"18932 Hartman Turnpike Apt. 892 South David, CT 83462",2020-07-17
80,Monica Kelly,alec95@example.org,"1018 Kimberly Station Apt. 942 West Johnmouth, SC 20227",2020-07-22
81,Rick Williams,browndanielle@example.net,"08627 Johnson Throughway Suite 383 Lake Michelle, MN 69529",2020-07-23
82,Robert Tran,michaelmiller@example.net,"56658 Joshua Ville Apt. 749 South Jenniferland, LA 02647",2022-05-25
83,Kimberly Johnson,carrieguerra@example.net,"36949 Brown Pass Apt. 496 Carsonbury, WI 35236",2022-07-07
84,Ariana May,taylorcole@example.com,USNS Taylor FPO AA 77958,2023-03-12
85,Christopher Patton,erichernandez@example.com,"7553 Duncan Pike Suite 233 West Tara, WV 84086",2021-05-31
86,Jonathan Woods,timothywatts@example.net,"601 Megan Walks Suite 295 Lauramouth, MA 90425",2020-09-13
87,Sara Jones PhD,rogerskathryn@example.net,"451 Warner Row Suite 996 Sanchezton, MT 24170",2022-08-16
88,Heather Pena,karen63@example.com,"62419 Christopher Crossroad Kramershire, NH 09208",2022-07-29
89,Suzanne Hendricks,qaustin@example.com,"171 Hill Forks Carlatown, FL 86560",2020-01-19
90,Amber Jones,lorinelson@example.org,"6615 Cox Haven Suite 908 Faithberg, NM 56266",2021-08-31
91,Geoffrey Bates,pellison@example.org,"99267 Hector Lights Apt. 058 Woodsville, MH 89836",2022-05-11
92,Jeremy Dalton,david35@example.com,"PSC 0568, Box 9433 APO AA 91058",2020-09-12
93,Eric Houston,markbarrett@example.com,"86578 Sanchez Valley Suite 014 Spencerberg, VT 34903",2023-04-08
94,Gary Mosley,ifrancis@example.net,"5806 Anthony Villages West Scott, AR 91778",2024-03-02
95,Michelle Davis,christopher01@example.com,"78254 Lewis Club Romeroburgh, KY 28172",2020-09-09
96,David Hunt,turnercarlos@example.net,"43481 Robin Land West Destiny, AS 35641",2024-08-16
97,Thomas Sutton,gsnow@example.net,"1498 Kristy Lodge Suite 348 North Jessica, NC 61385",2020-10-09
98,Scott Hall,chudson@example.org,"3152 Cheryl Ports East Ashleyside, ME 92720",2023-04-04
99,Paula Farmer,hallamanda@example.org,"72084 Sherman Expressway Apt. 643 North Barryshire, FM 38723",2024-05-04
100,Brandi Turner,churchkendra@example.org,"2703 Paul Mountains North Brendamouth, GA 57172",2023-05-25
101,Richard Lin,brodriguez@example.com,"5920 Molly Roads Apt. 785 Ryanville, KY 20008",2021-01-06
102,Thomas Morgan,jessica39@example.org,"708 Taylor Avenue West Michael, GA 47777",2022-02-28
103,Alyssa Murphy,megan81@example.org,"86756 Alexandria Flat Apt. 534 North Brianshire, MS 73625",2020-08-30
104,Cameron Miranda,vhernandez@example.org,"20514 Hart Land Suite 148 New Reneetown, TN 13980",2022-07-10
105,Brian Singh,ifrazier@example.org,"852 Kyle Knoll West Annetteburgh, NE 67041",2020-10-04
106,Carrie Clark,kenneth83@example.com,"8847 Eric Lane South Alexandriaview, ME 30986",2022-04-08
107,John Lee,emily62@example.org,"2097 Timothy Turnpike East Kevin, KS 50031",2021-10-11
108,Madison Morgan,christopheranderson@example.net,"855 Williams Road Suite 173 Lake Lindsaytown, VT 05711",2020-12-26
109,Tamara Carroll,alison62@example.net,Unit 1820 Box 5449 DPO AP 47802,2022-08-25
110,Robert Long,kanderson@example.com,"9049 Rose Summit Suite 191 Port Ryan, AS 43278",2024-02-19
111,Jacqueline Bell,ricardo20@example.org,"12272 Hughes Trail Suite 019 Holmesport, NJ 64664",2024-01-29
112,Whitney Franklin,meyerlinda@example.com,"PSC 5781, Box 7679 APO AP 65669",2021-01-30
113,Lauren Washington,pennymatthews@example.org,"PSC 9121, Box 8552 APO AE 76082",2023-09-15
114,Maria Crosby,stewarttara@example.org,"099 Miranda Freeway Suite 892 Brownborough, AZ 39406",2021-12-06
115,Elizabeth Hurley,alvarezsherry@example.net,"51093 Karen Alley Suite 837 North Davidshire, KY 43246",2020-01-09
116,Christopher King,joseph41@example.com,Unit 8078 Box 4698 DPO AE 25956,2022-06-21
117,Tamara Peters,campbelljennifer@example.org,"4690 Danielle Turnpike Suite 607 West Angel, NH 66754",2023-06-24
118,Catherine Reynolds,brian02@example.org,USCGC Davis FPO AP 82683,2024-09-08
119,Elizabeth Wilson,halldaniel@example.net,"748 Thomas Island New Garyton, MI 98431",2020-07-24
120,Erin Ramirez,karen58@example.net,"PSC 4720, Box 4904 APO AE 38165",2022-05-17
121,Karen Grimes,qmorton@example.com,"9993 Irwin Island Apt. 174 Port Robert, LA 30163",2024-06-24
122,Michael Williams,lisaberry@example.net,"0018 Brandon Trail Port Matthewshire, AZ 65715",2022-08-03
123,Nicholas Lindsey,stephanie62@example.com,"861 Stanley Drive Apt. 178 New Jason, UT 72051",2021-07-01
124,Timothy Mack,herbert62@example.org,"32530 Brooke Track Suite 385 South Thomasborough, IN 78945",2021-01-29
125,Dr. Joshua Douglas,brian42@example.com,"PSC 0846, Box 7462 APO AP 66629",2020-01-19
126,Donald Mccarthy DDS,tiffanytorres@example.net,"5009 Marc Road Suite 964 Lake Ashleyland, WV 85611",2023-10-04
127,Rachel Lee,kathy75@example.com,"5876 Flores Corners Suite 921 Leeberg, FM 95185",2023-03-09
128,Derrick Hernandez,krystalwebb@example.org,"313 Brooks Mill Suite 648 Port Jennifer, ND 17476",2024-02-15
129,Christian Williamson,gonzalezpatricia@example.org,"7109 Myers Summit West Kelsey, IA 92841",2021-11-30
130,Eric Nguyen,atyler@example.net,"505 Gibbs Lakes North Geoffrey, AL 77952",2021-02-28
131,Mr. James Reynolds,jaclynbutler@example.net,"9070 Obrien Divide East Bradley, GA 92669",2023-06-22
132,Michael Mills,reneethomas@example.net,"821 Alexander Squares Apt. 373 New Kelsey, PR 64727",2020-07-04
133,Kristen Ramirez,john69@example.com,"3004 Michael Mill Apt. 146 North Nicholas, SC 31022",2022-07-28
134,Christopher Anderson,jonesroy@example.org,USCGC Hall FPO AE 20434,2023-09-20
135,Stephanie Johnston,wnoble@example.com,"5226 Heather Circle Murphybury, NE 60640",2023-02-04
136,Lauren Hardy,kenneth41@example.org,"66232 Andrew Gardens Robinborough, WY 42450",2023-07-06
137,Brandon Harris,hicksthomas@example.net,"174 Williams Ramp Suite 082 South Michealview, MN 12363",2020-03-02
138,Jessica Mcgrath,gregorygrant@example.net,"154 Amanda Rest Lake Sarahview, ME 83454",2024-07-06
139,Michael Johnson,jordanmonroe@example.org,"644 Heather Trace North Micheleport, CA 33184",2020-03-10
140,Tyler Ruiz,williamalexander@example.org,"17830 Timothy Prairie Suite 975 Christinemouth, SD 63088",2021-02-07
141,Jamie Haley,jennifereaton@example.com,"81746 Tamara Lights Pettyshire, ID 30811",2021-08-17
142,Kevin Williams,cgarrison@example.com,"955 George Well Apt. 897 Ashleybury, AR 84925",2021-09-15
143,Joshua Robinson,kathy54@example.net,"67461 Perez Dam Fishermouth, ND 31914",2024-06-25
144,Thomas Johnson,randalldiana@example.com,"639 Smith Unions East Jessicashire, PR 18222",2020-05-28
145,Michael Johnson,sharon11@example.net,"1730 Dustin Knoll Lake Coreyberg, AL 31128",2020-12-30
146,Jessica Smith,william29@example.com,"009 Jeremy Corner Michelleland, CA 95022",2022-12-17
147,Hannah Galvan,riley72@example.com,"034 Macias Lodge Stacymouth, IA 00945",2023-01-16
148,Ryan Jones,zduncan@example.org,"58991 Kevin Mission New Jasminechester, NY 22049",2022-05-10
149,Casey Carter,rsimon@example.net,"493 Coleman Roads Madisonberg, MI 81108",2023-09-22
150,Steven Turner,dunnjuan@example.com,"472 James Turnpike Apt. 736 North Jeanette, MN 96219",2023-09-16
151,Michael Morgan,nguyengary@example.com,"437 Bailey Forest Suite 775 New Tara, MP 53748",2020-10-14
152,Jennifer Williams,millerkathryn@example.org,"5767 Craig Landing Suite 654 Beardfort, LA 96809",2023-11-17
153,Tricia Riddle,matthew89@example.org,"7328 Thomas Mews Hartfurt, ME 42380",2024-01-14
154,Stephen Rivera,darrellchapman@example.org,"6815 Patton Manor New Stephaniehaven, PR 40439",2020-07-11
155,James Hart,meaganjackson@example.com,"4264 Shaw Brook North Christopher, PR 96383",2021-12-26
156,Michael Barnes,thaley@example.com,"288 Erica Alley Lake Carrieberg, NM 46073",2022-02-02
157,Kyle Nelson,walkerbradley@example.org,"19599 Wallace Estate West Caleb, MP 18952",2020-12-28
158,Carmen Johnson,bbates@example.com,"918 William Lodge Apt. 869 Leeborough, GA 16215",2022-03-27
159,Brian Martinez,scott02@example.net,"82974 Jenna Canyon Michaelstad, AR 60649",2024-02-12
160,Robert Mathews,hbennett@example.net,"1981 Frank Fall Apt. 231 East Matthewport, WA 32292",2020-12-13
161,Lisa Miller,kevinharvey@example.org,"8052 Gould Mountains Apt. 383 South Kaylafort, MA 54269",2023-05-16
162,Jeffrey West,kimberly02@example.org,"9475 West Mount Apt. 891 Lake Ronald, CT 97158",2020-03-20
163,James Huynh,awalls@example.org,"275 Nelson Fall Kathleenberg, OH 65668",2022-12-07
164,David Mills DDS,samanthamorales@example.com,"785 Gregory Rue North Jenniferfort, DE 68656",2024-07-19
165,Joseph Adams,griffinellen@example.com,"85686 David Pass Manningtown, FM 81428",2023-07-03
166,Erika Nelson,maddoxmichele@example.org,"69515 Kathy Curve Justinland, ND 34183",2023-11-20
167,Michael Bond,phillipsjasmine@example.org,USNS Hill FPO AP 28749,2022-11-11
168,Dana Mays,thomasandrews@example.com,"79078 Laurie Pass Elizabethport, DC 74434",2023-04-13
169,Amy Huerta,msullivan@example.net,"373 Kelsey Corner Apt. 562 Mclaughlinland, NE 92490",2022-11-15
170,Nicole Clark,oallison@example.com,"081 Mercer Stravenue Suite 281 New Joshua, GA 61575",2022-11-29
171,Alexandra Hernandez,pbrowning@example.net,"40694 Edgar Views Apt. 112 Pittmanstad, TN 93468",2022-01-22
172,Joan Collier,swells@example.org,Unit 6260 Box 1439 DPO AA 61273,2022-01-01
173,Joseph Freeman,william66@example.com,"5358 Eric Corner Susanfort, PW 67332",2023-06-14
174,Samuel Thompson,nphillips@example.net,"20871 Mark Highway Apt. 479 Newmanchester, MA 86755",2020-10-20
175,Howard Ross,debramiller@example.net,"52723 Amanda Village Port Andrewfurt, NM 98581",2024-01-25
176,Jacob Kane,joseph54@example.net,"054 Lisa Extensions Susanfort, NJ 36182",2023-09-09
177,Maria Bell,ortegabrenda@example.com,"7418 Wagner Glen New Ericshire, PA 51351",2024-07-03
178,Andres King,sheilaward@example.net,"41286 Reed River North Dustinside, DC 57284",2024-06-04
179,Pamela Adams,christopher77@example.com,"77122 Annette Ville Christophermouth, ID 60276",2022-06-13
180,Emily Hernandez,julierodriguez@example.com,"903 Kristi Crossroad Port Stephen, PR 95580",2020-04-25
181,Teresa Valdez,chenderrick@example.com,"62779 Calderon Road Marthatown, AR 50229",2021-11-21
182,Kenneth Ward,eortiz@example.org,"570 Richard Burgs Reynoldsberg, WY 49025",2023-07-09
183,Jeff Anderson,david85@example.net,"949 Taylor Center Suite 556 North Royland, CT 19449",2023-08-07
184,Anthony Willis,buckleyangela@example.net,"4802 Brian Creek North Misty, KY 72460",2021-06-28
185,Todd Williams,leefrank@example.org,"25047 Evans Flats Suite 236 Josephhaven, HI 82593",2022-07-27
186,Debra Thompson,zreilly@example.com,"17447 Lewis Point Suite 307 New Dianaburgh, MH 01211",2023-07-20
187,John Allen,morrowmichael@example.com,"88344 Carol Center North Paula, LA 62301",2023-08-12
188,Lisa Glover,kristine69@example.org,Unit 0782 Box 7720 DPO AP 09643,2023-12-29
189,Tracey Rogers,anna82@example.com,"412 Jason Camp Suite 414 Mcleantown, FL 46967",2022-12-04
190,Melissa Henry,sharonmoody@example.org,"7120 Garner Crescent Suite 507 North Brandi, VI 56905",2021-11-22
191,Michael Morris,david99@example.com,"82942 Webb Drive Michaeltown, WY 78027",2020-01-05
192,Frederick Garcia,scott83@example.com,"4577 Stephanie Route Suite 982 Lake William, DE 77889",2020-02-21
193,Amanda Hammond,bcole@example.net,"04481 Christina Square Suite 538 South Christinaport, MS 59665",2022-08-30
194,Katherine Price,cbailey@example.com,"30787 Lydia Neck Suite 750 Port Faithburgh, MI 51460",2020-07-24
195,Kimberly Taylor,courtneyhenson@example.org,"0023 Steven Forges Lake Daniel, WI 15511",2022-12-28
196,Nancy Pope,stephaniejohnson@example.net,"941 Brock Street Lake Michael, AZ 08620",2021-09-03
197,Jill Harris,lyonsdwayne@example.com,"05449 Jimenez Turnpike Apt. 992 North Rachel, NE 16962",2024-08-03
198,Lauren Anderson,meltonjennifer@example.net,"04586 Jonathan Shoal Apt. 094 Hancockberg, OK 48319",2023-05-15
199,Matthew Wilson,ajohnson@example.org,"5899 Mcbride Rapids Davidfort, NY 77028",2021-08-15
200,Craig Smith,cookcharles@example.org,"05761 Sandra Summit Apt. 795 New Natalieport, PR 56366",2022-09-03
201,Casey Charles,jjennings@example.net,"56037 Smith Lodge Travischester, RI 06889",2020-10-12
202,Craig Harper,marysharp@example.org,"07237 Luis Parkways Apt. 948 South Shirley, MD 20682",2023-12-18
203,David Evans,ibarber@example.com,"17788 James Crossing Apt. 768 New Brittany, MN 45434",2021-04-10
204,Mrs. Christina Bell,debra87@example.org,"31177 Bailey Crossroad Cindyhaven, WY 56787",2021-06-22
205,Christopher Grant,uroberts@example.org,"742 Todd Heights Apt. 646 South Kendratown, UT 39510",2022-04-12
206,Louis Hall DDS,christine25@example.net,"0208 Angela Mountain Suite 771 Whiteberg, ME 76769",2024-09-05
207,Jaime Park,bobby68@example.net,"39023 Matthew Way Suite 595 North Bryanstad, MI 58671",2023-10-16
208,Julia Nelson,williamwilson@example.net,"15834 Steven Locks Quinnborough, OH 36995",2022-07-02
209,Cody Williams,wnash@example.net,"3366 Dylan Orchard Suite 812 Lake Veronicaton, MN 97519",2023-01-12
210,Courtney Kennedy,ibell@example.net,"387 Elizabeth Motorway Lake Michael, NM 11965",2023-11-09
211,Crystal Turner,bowersmatthew@example.org,"50505 Thomas Views Michaelberg, MD 44276",2023-05-24
212,Oscar Smith,aclark@example.org,"10639 Castillo Squares Jessicaberg, WV 06125",2024-01-12
213,Sandra Yu,jenkinsjason@example.com,"66701 James Keys Kimville, WA 10576",2021-09-20
214,Michelle Gibbs,uwilson@example.net,"2107 Angela Heights South Steventon, AL 72299",2020-04-13
215,Judith Wright,theresasilva@example.org,USS Alexander FPO AE 79064,2020-10-03
216,Deanna Obrien,aprilhester@example.org,"39236 Sharon Walks Arthurfurt, NY 95709",2021-06-12
217,Jennifer Thomas,rleblanc@example.net,"5901 Garcia Station Suite 478 Taylorfurt, DC 13299",2024-07-26
218,Cynthia Anderson,ygilbert@example.org,Unit 5134 Box 2152 DPO AP 92441,2023-08-06
219,Rachael Robinson,wallen@example.com,"347 Harvey Centers Suite 869 South Jaime, CO 42387",2020-06-04
220,Kelly Williams,bradleymartin@example.com,Unit 9265 Box 0655 DPO AA 33683,2022-11-30
221,Christina Mullins,stephanie25@example.com,"118 Daniels Rest Allisonfort, FM 98741",2024-10-06
222,Abigail Williams,daniel41@example.com,"353 Elizabeth Crossing Thomasmouth, GA 61716",2020-12-23
223,Ms. Jessica Gutierrez,mowens@example.net,"580 Thomas Shoal Suite 285 Angelamouth, SD 70012",2023-04-15
224,Heather Jackson,walkertroy@example.org,"175 Bryant Village Apt. 788 North Clifford, ND 17456",2022-10-15
225,Russell Mays,andrewharris@example.net,"49650 Morris Points Suite 573 Ronaldfurt, SD 96248",2024-06-04
226,Paul Bridges,lpoole@example.org,"921 Vicki Point North Melissa, MN 31798",2023-07-01
227,Henry Walker,sedwards@example.com,"13916 Levy Harbor Apt. 444 Whiteheadville, AR 66327",2020-06-17
228,Adrienne Valenzuela,adamsmichael@example.net,"065 Kelly Greens Apt. 655 South Jesus, WV 16444",2021-01-07
229,Cynthia Thomas,sarah43@example.com,"311 Douglas Crescent Apt. 505 Allentown, MS 38196",2020-10-23
230,Jane House,leonardtracey@example.org,"621 Bailey Parks Lake Ryanfurt, TX 64816",2022-08-03
231,Douglas Barnes,johnmora@example.net,USNV Silva FPO AP 07606,2021-11-17
232,Wanda Carrillo,lallison@example.com,Unit 4187 Box 7790 DPO AE 03602,2024-02-23
233,Marie Buchanan,gflowers@example.net,"268 Vanessa Mill Elliotthaven, MH 02799",2022-04-28
234,Brian Rodriguez,bgordon@example.org,"477 Andrea Route Suite 486 South Emilyshire, MS 92475",2021-07-12
235,Nathan Horn,sandra91@example.com,"1658 Ponce Green Kevinburgh, VT 78134",2021-10-10
236,Ashley Robinson,kimberly13@example.net,"65283 Lauren Loaf Suite 841 Shieldsshire, NC 13277",2020-07-07
237,Tracy Garcia,jacobmelendez@example.net,"834 Case Well Suite 214 West April, DC 69129",2022-11-22
238,Christian Turner,adamross@example.com,USNV Farmer FPO AE 65618,2023-04-02
239,Barbara Aguilar,zalexander@example.com,"622 Michele Crossroad New Karenberg, PW 21459",2021-11-01
240,Margaret Johnson,richardfrancis@example.org,"732 Aguilar Ports North Leslietown, WV 57334",2022-01-24
241,Chad Short,sabrinaperkins@example.org,Unit 5058 Box 6503 DPO AE 78630,2023-10-12
242,Joanne Hill,grahamkelly@example.org,Unit 1718 Box 5639 DPO AP 31203,2024-02-04
243,Michael George,keith70@example.net,"94182 Samuel Flat Suite 835 Lewisbury, CO 09380",2024-03-24
244,Kenneth Peterson,kramsey@example.org,"4636 David Valley South Margaret, GU 00978",2022-01-22
245,Ashley Mendez,joseph34@example.com,"712 Alice Squares North Jacob, MD 89963",2022-01-05
246,Benjamin Farrell,ericadeleon@example.net,"190 William Squares Andersonstad, OH 75333",2022-07-20
247,Emily Butler,phyllishobbs@example.com,"04440 Justin Crest Suite 961 New Stephenland, DE 93623",2021-02-20
248,Jonathan Bryant,julie30@example.com,"6797 Keith Plaza Hammondbury, MH 05454",2024-10-01
249,Daniel Morris,ronald61@example.com,"15940 Obrien Forge Ramirezchester, CA 18637",2023-04-28
250,Stephanie Garrison,colleen98@example.org,"46432 Hunter Expressway Apt. 359 Julietown, WV 72461",2023-06-29
251,Sue Morrison,william79@example.org,"4901 Kurt Station Apt. 816 East Troymouth, WV 87200",2023-10-31
252,Denise Garcia,anthony37@example.net,"955 Simmons Walks Apt. 286 Emilyshire, IA 83316",2021-07-17
253,Steven Smith MD,edward51@example.org,"3951 Hull Skyway Adamshire, MS 27158",2023-01-25
254,Emma Bates,melissa63@example.org,"601 Brett Vista Hicksbury, AR 51373",2021-04-27
255,Jacob Richardson,jennifer70@example.org,"7572 Allison Rest Gabrielmouth, WA 67566",2023-02-01
256,Gregory Jimenez,michellemcneil@example.net,"76323 Anderson Park Austinberg, MS 96224",2024-09-26
257,Tamara Smith,arellanoamanda@example.com,"260 Emily Island Apt. 507 Port Jaredview, ID 55307",2021-03-05
258,Thomas Ortega MD,eevans@example.org,"PSC 3638, Box 4814 APO AE 24737",2024-04-19
259,Barbara Shelton,beckcassandra@example.net,"30135 Sheila Island Apt. 516 Sarahaven, MO 18695",2024-02-22
260,Raymond Townsend,robert93@example.net,"41214 Jeanne Alley Brandontown, CO 39734",2022-06-10
261,Daniel Lane,riggsmark@example.net,"953 Vicki Port Port Danielle, TX 05546",2020-09-08
262,Sarah Becker,greenelynn@example.net,"501 Bell Flat Apt. 724 Bradleyhaven, UT 58170",2023-11-23
263,Jennifer Nguyen,mclaughlinheather@example.com,"78672 Joseph Forges Apt. 755 Lake Jessicamouth, OR 98149",2024-06-28
264,Steven Clark,twalters@example.net,"97689 Raymond Skyway Apt. 792 North Brianborough, SC 06083",2022-10-19
265,Mark Ortiz,swilliamson@example.org,"2227 William Meadows Jameshaven, TX 23682",2022-07-17
266,Kevin Green,tmoore@example.com,"03785 Brandi Burgs Joshuaview, PW 02426",2024-04-02
267,Shannon Kennedy,umooney@example.org,"22575 William Flat North Sherri, AK 26456",2021-04-02
268,Kimberly Watkins,johnsondaniel@example.org,"42052 Ross Common Suite 506 Davidside, CO 02830",2022-11-04
269,Taylor Mann,westryan@example.com,"050 Hill Fields Apt. 634 New Coryview, WA 74023",2022-12-23
270,Natalie Rivera,randall89@example.org,"622 Amy Pike Port Franciscoton, VI 47638",2023-12-14
271,Andrea Mccoy,johnnywhite@example.org,"4676 Harris Center Apt. 230 New Megan, IA 17234",2022-07-12
272,Sandra Fisher,chad20@example.org,"43005 Jason Fall Suite 234 Lake Rhondaside, WY 52726",2022-09-20
273,Christopher Gomez,danielbaker@example.net,"642 Brittany Hollow North Kimberly, PW 22022",2021-09-14
274,Alexander Myers,richarddunn@example.com,"20006 William Circle Anthonyton, WI 44159",2022-03-03
275,Julia Stone,mscott@example.org,"PSC 7792, Box 7792 APO AA 34766",2022-02-12
276,Valerie Davis,oelliott@example.org,"966 Cole Heights Apt. 539 West Anthony, MD 49030",2024-02-17
277,Laura Brooks,baldwindavid@example.com,"77863 Jones Streets Apt. 551 Adrianberg, ME 24397",2024-01-01
278,Willie Vazquez,elizabeth51@example.org,"829 Blake Loaf Suite 413 North Amy, NV 04510",2024-01-04
279,Steven Wall,gregory02@example.org,"534 Douglas Fords New Roberthaven, GU 80468",2024-01-15
280,Valerie Suarez,omar76@example.net,"00184 Sara Trace Apt. 589 West Kevinview, GU 24678",2023-05-11
281,Timothy Allen,nancydouglas@example.com,"895 Crawford Fields Gillespieberg, CT 10223",2023-02-03
282,William Mccarthy,weeksstacy@example.net,"965 Brian Path Suite 405 Jonathanhaven, OR 10938",2023-02-10
283,James Fitzgerald,heathlauren@example.org,"2198 Brown Mall Suite 117 Parkerview, UT 76342",2020-08-01
284,Joseph Howard,yanggeorge@example.net,"68292 Kelsey Court Suite 013 Port Ashleyburgh, PA 89798",2021-06-07
285,Jason Foster,petersonjohn@example.org,"54151 Deborah Drives Susanland, WA 65234",2023-01-28
286,Jeffrey Bennett,joegarcia@example.com,"52049 Richard Route Port Mollymouth, CA 73235",2021-07-16
287,Jimmy Knapp,ashley42@example.net,"606 Holland Mount Port Beth, NJ 94476",2020-01-23
288,Mario Barton,shanewilson@example.net,"73820 Corey Gateway Apt. 871 North Sarah, NY 58218",2021-05-12
289,Todd Long,rachel60@example.com,USNV Roberts FPO AA 60812,2024-08-16
290,Danielle Hurley,darmstrong@example.org,"55284 Angela Loop Suite 074 South Davidfort, MT 57617",2020-07-19
291,Tonya Cowan,qjohnson@example.com,"920 David Ports Suite 930 Davidborough, AS 37794",2020-12-05
292,Tiffany Morgan,emilymartinez@example.org,"PSC 1992, Box 8214 APO AP 54947",2024-09-11
293,Margaret Griffin,margaret54@example.net,"685 Murphy Neck Allenview, MA 23278",2021-02-12
294,Joseph Garcia,spencerraymond@example.com,"388 Shirley Pike Laraland, RI 31857",2021-02-19
295,Mark Torres,odyer@example.com,"19855 Amanda Union Port Kathleen, FM 75677",2022-01-16
296,Laura Fritz,jasonscott@example.org,"98139 Garza Neck Apt. 606 Leviland, CA 16443",2024-01-02
297,Jessica Young,rodriguezbailey@example.org,"2152 John Rue Apt. 863 Tannerchester, NM 14881",2020-05-15
298,Daniel Grant,susangreen@example.net,"88229 Dylan Meadow Apt. 776 Stewartton, DC 33239",2021-06-23
299,Tina Anthony,zschultz@example.net,"62365 Tiffany Radial Port Sara, AL 04351",2022-09-30
300,Kimberly Gillespie,deborah91@example.net,"99127 Karen Shoals Port Mariah, MD 89127",2020-01-26
301,Jessica Black,kennethhammond@example.com,"98579 Allen Isle Apt. 399 Julieburgh, VI 51130",2024-10-04
302,Charlene Ray,gchapman@example.com,"25527 Alvarez Spurs East Tinaborough, NY 65492",2022-04-10
303,Tracie Smith,wwood@example.com,"PSC 0634, Box 2601 APO AE 71985",2023-07-23
304,John Martinez,jordanchad@example.net,USCGC Cardenas FPO AA 19514,2020-03-04
305,William Walsh MD,irobles@example.net,"092 Brian Plains Apt. 759 Aprilburgh, GA 60762",2023-03-24
306,Betty Griffin,monroedana@example.com,"6103 Brandon Skyway Suzannemouth, PW 51112",2024-01-15
307,Courtney Flowers,brandy46@example.org,"88663 Wells Forks Barronshire, ND 14346",2024-05-15
308,Patrick Myers,foxmarissa@example.com,"67700 Graham Cape New Matthewfort, SD 59236",2021-08-23
309,Betty Noble,dfuller@example.net,"8603 Dillon Stravenue South Rebecca, NC 19104",2022-08-07
310,Jessica Drake,melissa36@example.com,"70855 Lamb Cliff Kelseyhaven, PW 90545",2023-03-15
311,Jennifer Rivas,darrell12@example.org,"0452 Mcguire Crest Solistown, OK 33259",2022-05-09
312,Casey Jones,robertbooker@example.org,"690 Spears Plaza Apt. 515 East Ricky, NV 46414",2022-01-25
313,Kristina Bolton,nathan87@example.org,"2114 Franklin Junction Aliciashire, NC 75025",2024-04-27
314,Christina Cook,patricia31@example.org,"4815 Thomas Crossroad Brandonton, VI 36967",2022-10-03
315,Deanna Wilson,kristenferguson@example.org,"0437 Riley Camp Suite 104 Mackenzietown, WY 64011",2022-11-09
316,Katherine Dean,xmclean@example.com,"23149 Baird Mission Apt. 434 West Caroline, MS 99305",2022-12-22
317,Tamara Morris,xwood@example.org,"8798 Fuentes Shores Jacksonland, AK 37997",2022-06-13
318,Mackenzie Watkins MD,tracy15@example.com,"7333 Justin Lake Port Melissa, WA 39600",2024-03-29
319,Larry Rodriguez,matthewsmith@example.org,"020 Andrews Vista East Christopher, NJ 52133",2020-09-16
320,William Edwards,jessicahahn@example.net,"167 Alvarado Cove South Christophertown, VT 40095",2021-06-15
321,Jackie Strickland,shepherdjustin@example.com,"PSC 2791, Box 5394 APO AE 95497",2021-04-20
322,Martha Larson,paulnichols@example.com,"406 Sherry Station Apt. 499 North William, NC 42753",2020-09-22
323,Robert George,iboyd@example.com,"543 Donald Stream Suite 602 North Samanthafurt, SD 77545",2022-06-22
324,Albert Kim,gbaker@example.com,"1747 Potter Manors Apt. 675 Lake Kevinfurt, ND 14132",2024-04-17
325,Becky Moore,matthewseric@example.org,"760 Daugherty Streets Suite 942 Davidside, MO 88994",2022-10-29
326,Julie Bartlett,pamela47@example.org,"45553 Harmon Plaza Brandonberg, NH 27554",2023-11-14
327,Jennifer Mahoney,kimberlymason@example.org,"42523 Ward Glens Williamstown, GU 12313",2024-04-29
328,Michael Aguilar,rebeccareynolds@example.net,"58180 Michelle Avenue Suite 133 Bonniechester, OK 59063",2020-09-16
329,Ronald Peters,gramos@example.net,"244 Elliott Shoal Apt. 163 Port Suzanne, NY 58516",2020-08-21
330,Victoria Silva,ginabender@example.com,"33717 Jackie Walk Apt. 315 Kristaberg, IN 86928",2022-01-17
331,Brianna Dominguez,plee@example.com,"574 Stephanie Walks Suite 539 Wallsberg, KY 43207",2021-01-31
332,Jennifer Nixon,carlosmolina@example.net,"6102 Darlene Corner Apt. 084 Port Megan, AZ 67412",2021-08-15
333,Kristin Kelly,vclark@example.com,"852 Jessica Square West Dannyberg, AZ 08902",2023-08-21
334,Tyler Mccarthy,beckertimothy@example.com,"53673 Green Forks Lake Thomas, CT 17465",2023-12-27
335,Jeremiah Edwards,klin@example.com,"206 Zachary Freeway Lake Amanda, RI 55169",2022-04-26
336,Nicholas Jennings,jamesclark@example.org,"6014 Ford Inlet Lawrenceton, CT 02131",2021-04-23
337,Diane Ibarra,tammyperez@example.net,"75777 Smith Dale Allisonside, CT 38124",2022-07-24
338,Terry Hill,thompsongary@example.com,"374 Johnston Summit Suite 714 East Stacey, AS 94191",2023-03-29
339,Derrick Weber,jessicajohnson@example.com,"730 Debra Wall Apt. 132 Jasonfurt, MP 92612",2024-03-09
340,Steven Moore,charles77@example.com,"766 Wilson Parkways Millerburgh, MI 15479",2024-09-15
341,Ruth Bruce,jessica71@example.org,"5603 Baker Knoll West Matthewview, MP 72626",2021-05-31
342,Kevin Stevens,bedwards@example.com,"27844 Tanya Viaduct Michaelafort, MS 76798",2024-03-27
343,Mark Wilson,jamierios@example.com,"PSC 0685, Box 5981 APO AA 38697",2020-08-14
344,Megan Mason,marshallalexander@example.net,"322 Martin Flat Apt. 387 North Brianborough, TN 17400",2021-04-13
345,Christine Moore,torreswilliam@example.net,USNV Compton FPO AE 06287,2023-01-12
346,Katie Lane,hvargas@example.org,"52441 Colon Green Apt. 914 Port Karlport, PA 05611",2021-07-14
347,David Villarreal,larajonathan@example.net,"647 Michael Drive Apt. 049 Port Walterfort, FM 30847",2020-07-15
348,Steven Johnson,stephanie33@example.net,"03427 Hernandez Mission Debrastad, KY 64526",2022-12-18
349,Robin Schultz,geraldromero@example.net,"26854 Schmidt Villages Gonzalezshire, VA 26991",2022-03-22
350,Katie Ruiz,richardfischer@example.org,Unit 9382 Box 2062 DPO AE 75127,2023-05-06
351,Dennis Burton,lgibson@example.net,"03104 Bond Loop Apt. 022 Johnnyberg, WV 59824",2020-06-20
352,Jessica Cox,kenneth37@example.com,"58974 Javier Station North Ryan, LA 93651",2022-03-12
353,David Johnson,fjensen@example.net,"8361 Perez Streets Suite 912 Lanebury, WI 45667",2024-04-05
354,Tamara Kane,juanhorne@example.com,"930 Catherine Key Apt. 713 Fullerchester, WV 24763",2021-12-23
355,Jennifer Baldwin,xsimon@example.com,"803 Jackson Cliff Suite 399 Jamieburgh, LA 38155",2020-01-04
356,Carolyn Jackson,gibbstheresa@example.com,"168 Perez Way Apt. 607 North Sabrinaburgh, PW 82679",2021-05-30
357,Tyler Jackson,matthew73@example.com,"8074 John Glens Michaelhaven, VA 02060",2022-08-04
358,Tanya Thomas,michael00@example.net,Unit 8372 Box 6825 DPO AP 97838,2022-10-08
359,Alec Silva,mary17@example.org,USCGC Garcia FPO AE 05855,2022-12-20
360,Michelle Guerrero,nporter@example.net,"72242 Jennifer Groves Dawsonchester, NC 43751",2023-03-22
361,Alexandra Smith,michael77@example.net,"9182 Elizabeth Flats Johnsonborough, RI 89392",2024-04-14
362,Melissa Jones,osanchez@example.com,USNS Scott FPO AE 62513,2022-12-01
363,Anthony Harris,carriecunningham@example.net,"450 Sierra Forest West John, NY 93173",2022-05-01
364,Henry Lucas,michealhart@example.org,"118 Christine Mountain Levineberg, MP 68506",2020-12-31
365,Briana Williams,jerickson@example.org,"8188 Cody Harbor Apt. 170 South Stephanietown, NC 03297",2020-01-14
366,Joanne Mcclain,johnvincent@example.org,"5679 Warren Motorway Apt. 313 Port Matthewbury, KY 58113",2020-12-07
367,Nicholas Byrd,achase@example.org,"07938 Victoria Falls Shannonburgh, AK 48765",2022-11-06
368,Daniel Brown,tiffany63@example.org,"5897 Adams Spur Apt. 277 West Jennifer, VI 04726",2022-11-01
369,Lisa Parks,smithstephanie@example.com,"180 Shannon Orchard Nicholasborough, IL 85411",2022-01-30
370,Scott Marquez,perrytimothy@example.net,"PSC 0145, Box 8463 APO AP 55642",2021-03-14
371,Jason Carlson,kevin80@example.org,"237 Hogan Roads Apt. 539 West Aaron, NV 93102",2024-04-24
372,Angela Conley,ksmith@example.com,"44207 Edward Corners Port Jonathan, LA 24670",2021-08-30
373,Hannah Young,ramirezbrittany@example.net,"7249 Valdez Coves Suite 711 East Carlos, AR 01150",2021-04-19
374,Raymond Russell,ddiaz@example.net,"691 Johnson Turnpike New Andrew, GU 70363",2021-01-16
375,Thomas Durham,jason03@example.com,"9251 Cynthia Overpass Suite 346 Lake George, WA 51733",2020-07-27
376,Kevin Rodriguez,heidi77@example.net,Unit 4498 Box 8944 DPO AE 97286,2021-01-24
377,Kristy Strong,james38@example.com,"PSC 3713, Box 4372 APO AP 13804",2024-07-10
378,Daniel Morrison,fmayer@example.net,"656 Jane Village Suite 959 Lake Markborough, OH 93807",2023-06-25
379,James Lane,pagejulia@example.com,"638 Nguyen Parks Whiteview, SD 37957",2020-01-27
380,Renee Woods,vmcgee@example.org,"7012 Randolph Manors East Paul, HI 47950",2024-01-24
381,Alexander Strickland,bradleyblackburn@example.org,"5805 Timothy Avenue Gonzalezport, AL 98057",2022-06-24
382,Brian Ford,nhall@example.com,"6611 Higgins Lake South Thomas, FM 77848",2021-10-17
383,Carol Jordan,cshelton@example.com,"447 Amber Port Diazmouth, KS 57435",2021-07-07
384,Patricia Madden,collinsmary@example.org,"268 Samantha Valley Suite 066 Antoniomouth, AL 22369",2021-09-22
385,Kim Torres,jenniferhutchinson@example.org,"172 Robert Island Suite 516 West Rachel, DE 99279",2020-04-14
386,Cheyenne White,jasongordon@example.org,"0329 Jennifer Cliff East Josemouth, MA 53290",2022-02-08
387,Glenda Vargas,cgonzalez@example.org,"92089 Brittany Parkway Apt. 626 East Tiffanyland, AZ 83513",2022-11-19
388,Yvette Harris,charleshansen@example.com,"PSC 1387, Box 0746 APO AA 62066",2020-10-04
389,Kimberly Knight,sjones@example.net,"65090 Castillo Terrace Apt. 769 West Eileenland, LA 05381",2022-02-25
390,Mrs. April Marsh,jason01@example.org,"267 Justin Drive East Cindychester, CA 98614",2021-03-02
391,Tracy Jones,awood@example.org,"3005 Ryan Path Leeton, ID 71995",2023-06-21
392,Sarah Hodge,johnsondavid@example.net,"6215 Curtis Gateway Lake Juan, IL 75384",2024-09-17
393,Michael Thomas,alvarezlaura@example.org,"198 Cook Burg Apt. 055 Tylermouth, MH 59765",2020-11-15
394,Kiara Mcmillan,zwright@example.org,"32984 Vickie Burgs Apt. 271 Zacharyport, MO 24163",2020-11-02
395,Kyle Romero,okeith@example.com,"28608 Olsen Glen Bonniemouth, SD 43068",2022-07-26
396,Emily Castro,anthony03@example.net,"21252 Cynthia Common West Bill, NJ 99604",2023-08-21
397,Luis Norton,smithbrian@example.net,"7148 Wright Street Suite 868 Wigginsport, CO 70193",2022-03-18
398,Barry Aguilar II,sreed@example.net,"45912 Simmons Manors East Johnland, FM 27641",2023-01-24
399,Mrs. Anne Burgess,jill73@example.org,"7683 Garcia Junction Victorville, NY 58356",2021-10-05
400,Nancy Glover,matthew26@example.org,"6594 Owen Club Harristown, AR 71201",2022-09-05
401,Jared Stout,samuel82@example.com,"22180 Martinez Branch Suite 909 Wilsonland, HI 41148",2022-11-08
402,Angela Carey,lesliecoleman@example.com,"71230 Schultz Shoal Suite 319 Donnaburgh, SC 90705",2022-01-30
403,Rebecca Wheeler,allison46@example.com,"5845 Jonathan Isle Apt. 247 West Anaport, GA 50987",2022-11-29
404,Ivan Myers,rmoyer@example.org,"71607 Davis Land Leachton, ID 83142",2022-08-24
405,Gregory Murphy,qvasquez@example.net,USNS Lawrence FPO AE 22445,2023-03-19
406,Amanda Taylor,steven07@example.com,"PSC 4333, Box 7139 APO AA 95189",2021-10-16
407,Frank Espinoza,iperry@example.com,USNS Tran FPO AA 09398,2023-04-07
408,Allison Craig,william94@example.org,"8202 Brooke Loaf Suite 519 West Danielburgh, NC 56695",2021-07-25
409,Mary Price,pottersandra@example.org,"0291 Ford Street Apt. 100 New Rebeccatown, OR 93616",2020-07-23
410,Alexis Kidd,michaelhull@example.net,"985 Cristina Camp West Sarabury, MO 87970",2020-06-25
411,Chad Tucker,christina21@example.net,"5752 Williams Junction Apt. 023 South Katherine, SC 07750",2024-02-07
412,Adriana Stone,robertwatkins@example.com,"75282 Hale Common Apt. 633 South Alexismouth, IL 32826",2021-03-08
413,Deanna Bell,april66@example.com,"4633 Garza Villages Suite 527 South Rebecca, SC 33559",2020-02-21
414,Nicole Wall,erica39@example.com,USNV Boyer FPO AP 07492,2020-12-20
415,Eric Tyler,williamsmonica@example.com,"3187 Sarah Wall Apt. 602 New Williamtown, MH 76624",2024-09-16
416,Jerome Gonzalez,owensjustin@example.net,"44063 White Inlet Apt. 606 North Katherine, SC 23257",2024-01-03
417,Erica Johnson,steven46@example.com,"91510 Morse Extensions Michellefort, KY 23602",2021-02-28
418,Melissa Bowen,ebest@example.org,Unit 1949 Box 9876 DPO AA 35150,2021-02-20
419,Amanda Joseph,knightchristian@example.com,"1139 David Turnpike Apt. 463 East Charlesborough, MI 47768",2021-07-10
420,Christopher Moore,davidwright@example.org,"10623 Obrien Crossing Smithport, WV 26319",2022-05-08
421,Patricia Ellis,espinozadavid@example.org,"20763 Diane Creek Suite 920 West Tonichester, NE 72787",2021-01-31
422,Kurt Scott,cynthiafarmer@example.org,"7238 Jesus Ridge South Taylorville, WV 28799",2020-12-22
423,Ashley Medina,tcarpenter@example.net,"19461 Brown Camp Markside, DC 21293",2022-09-22
424,Craig Matthews,misty89@example.com,"21635 Adams Coves Suite 685 Juarezchester, NC 04650",2021-11-30
425,Anthony Arias,pfranklin@example.net,USCGC Harris FPO AE 51049,2024-02-06
426,Luis French,ryanstevens@example.com,"7308 Katie Oval Carneyhaven, IN 09907",2024-03-31
427,Connie Mcfarland,carlsonthomas@example.com,"141 Amy Greens South Thomas, SC 28739",2020-03-03
428,Blake Dunn,victoriawhite@example.net,"8478 Stephen Hill Apt. 762 New Dianahaven, AZ 95610",2021-08-14
429,David Williams,reyesashley@example.net,"19077 Stephanie Isle New William, VT 40051",2022-11-14
430,Robert Miles,brad05@example.org,"7995 Laurie Mill Suite 867 Bradfordland, WV 19364",2021-06-26
431,Benjamin West,kathy88@example.org,"274 Kennedy Trace Suite 769 Gregmouth, FM 42424",2023-07-21
432,William Case,thomas46@example.org,"760 Mack Ridge Lake Kari, LA 87931",2020-03-17
433,Susan Mann,emily20@example.net,"01868 Jessica Field Port Kristineside, VI 38389",2020-10-15
434,Derek Blair,spencerrobert@example.org,"423 Jones Stream Lake Johnfort, PR 78724",2024-03-06
435,Latasha Paul,stephaniepowers@example.net,"966 Cherry Hills New Jefferyton, NH 52518",2022-07-24
436,Teresa Flynn,stephanie21@example.net,"755 Whitney Park Suite 176 Emilyview, MH 03854",2023-10-02
437,Miss Jodi Schwartz,knightmichelle@example.org,"153 Martin Lane Suite 822 South Amanda, UT 18542",2024-03-25
438,Holly Rodriguez,gloria44@example.com,"09555 West Parkways Lake Alyssatown, TX 39907",2023-08-27
439,Sabrina Hughes,jonesethan@example.com,"809 Jonathan Lock Pamelachester, ME 94153",2020-09-09
440,Dennis Tanner,amandasmith@example.com,"1657 Clark Village Apt. 143 Brownview, CO 76190",2022-04-08
441,Tanya Reese,sarahmcgee@example.org,"01482 Kyle Crescent Suite 779 Vanceshire, SD 94319",2023-05-02
442,Cynthia Nelson,samantha93@example.org,"405 Christopher Drives Lake Hannah, NM 39616",2021-03-31
443,Jill Cohen,ckline@example.com,"285 Wright Views Figueroafort, AZ 70275",2023-01-23
444,Jeffrey Simpson,calvinstewart@example.net,"991 Gardner Mews Suite 649 Lake Juliaton, AZ 77933",2022-12-13
445,Ronald Chavez,troberts@example.com,"505 Jason Corner New Morgan, SD 69609",2022-01-04
446,John Keller,kstanton@example.org,"92753 Morales Place West Spencerhaven, NV 22564",2020-03-06
447,John Schmitt,shawnablair@example.com,"952 Jacob Pass Apt. 127 Kathrynhaven, IN 93613",2021-02-13
448,Jorge Peterson,sherylgibson@example.org,"94539 Angela Loaf Pottsshire, NY 19374",2024-06-04
449,David Mcconnell,stacy41@example.net,Unit 9254 Box 6292 DPO AA 43065,2020-08-20
450,Luis Stone,eric45@example.com,"15570 Johnson Causeway Joshuamouth, VT 95152",2022-04-29
451,Mr. Raymond Martinez,vegacarrie@example.com,"19605 Pope Passage Port Courtneymouth, MP 91629",2024-09-21
452,Janice Smith,erica93@example.com,"013 Smith Tunnel Apt. 258 Lake Nicholas, CO 82853",2022-01-11
453,Holly Cummings,smithrachel@example.org,"2073 Tyrone Groves South John, AL 59383",2022-03-04
454,Timothy Salazar,hreed@example.org,"61720 Haley Loop Suite 184 Bennettmouth, ME 67094",2020-08-19
455,William Haley,thomasjulia@example.com,"70626 Lewis Extensions Apt. 479 Rojasmouth, PR 35626",2023-03-18
456,Lindsey Humphrey,zbaldwin@example.net,"80835 Brady Streets Suite 284 Hannahview, WI 59097",2020-08-25
457,Brian Roberts,jonathan65@example.net,"81814 Kelsey Tunnel Johnport, NM 39447",2021-02-16
458,David Baker,dhughes@example.org,"341 Kelly Harbors Suite 130 East Charlesburgh, FL 17488",2022-04-24
459,Matthew Houston,wellsanthony@example.net,"09678 Peters Mountains Apt. 870 East Angela, NM 08767",2021-09-22
460,Wendy Logan,charlotte84@example.net,"868 Gonzalez Views Adamsmouth, OR 28072",2021-05-06
461,Alisha Madden,evansnancy@example.org,"20908 Darlene Stravenue Lawrencefurt, NJ 56964",2021-02-17
462,Bobby Ewing,christopherorozco@example.net,"70868 Sanchez Mountain Suite 470 North Mary, DC 74162",2024-09-29
463,Mr. Ethan Walker,morganchelsea@example.com,"9269 Kevin Shore Apt. 381 Christinaberg, SD 07105",2024-03-18
464,Jerry Contreras,staffordstanley@example.com,"934 Roberson Ways Apt. 795 Donnaport, NY 45538",2021-06-08
465,Bethany Yang,lhunter@example.org,Unit 4109 Box 8908 DPO AE 74138,2022-02-05
466,Brittney Peterson,daniel19@example.net,"99352 Michelle Harbors Kendrabury, WI 16541",2023-08-25
467,Maria Hess,hayesmichael@example.net,"3972 Pineda Summit Apt. 924 Port Jennifer, VI 09861",2022-01-19
468,Kelsey Moon,jenniferjones@example.com,"598 Schwartz Plains Apt. 191 North Travis, AL 07389",2020-05-26
469,Kerry Lopez,roblesscott@example.net,"2346 Richards Extensions Suite 789 North Douglaschester, MO 80688",2021-06-10
470,Laura Sanchez,karen19@example.net,"142 Walker Glens Davidsonville, NV 90182",2021-09-10
471,Derek Cox,dawnmeyers@example.net,"025 Jones Ferry Boltonfort, AK 25135",2024-07-24
472,Christopher Jones,uporter@example.org,"40554 Michael Place Apt. 856 Donnafort, MH 93485",2021-01-31
473,Alexis Torres,ihorton@example.com,"16453 Chris Court Suite 392 Marissamouth, HI 63862",2021-01-07
474,Kevin Jimenez,erin43@example.org,"441 John Street Suite 317 Richardville, DC 75079",2024-04-11
475,Donna Joseph,griffindavid@example.com,"988 Jones Springs South Amanda, KS 02061",2021-09-11
476,Joseph Manning,maryhansen@example.com,"121 Jackson Motorway Shawland, WV 42272",2022-06-04
477,Steven Peters,aaronfoster@example.net,"967 Thompson Turnpike Sabrinaport, CA 94808",2020-01-19
478,Paul Lucas,erichunter@example.net,"7951 Michele Parkways Lopezton, SD 38286",2020-10-02
479,Catherine Short,freemantyler@example.com,"6658 Jaclyn Village Roberttown, LA 99867",2022-11-05
480,Noah Banks,goneal@example.org,"3484 Margaret Stravenue Apt. 512 Donaldton, PR 41886",2024-02-09
481,Mary Johnston,dlopez@example.org,"313 Jeff Groves Ashleyfort, NY 15683",2020-05-16
482,Joyce Yates,ujacobs@example.net,"078 Hunter Stream Port Jessicamouth, TX 63408",2022-09-17
483,Drew Scott,terrijohnson@example.net,"9487 Clarke Streets Chavezport, MI 48748",2022-08-17
484,George Jones,johnsondawn@example.org,"1199 Tara Island Lake Jenniferport, IN 99647",2024-09-04
485,Mike Jackson,hgraves@example.org,"907 Wyatt Court Houseberg, IL 68051",2022-01-24
486,Brandon Murphy,hansonnicole@example.org,"82384 Mccarty Isle New Jeffreyberg, NV 07043",2024-04-26
487,Courtney Skinner,valdezchelsea@example.org,"5110 Shelby Freeway Colehaven, ID 95731",2021-11-19
488,Randy Nelson,alexandraadams@example.net,"54513 Ellen Pass Suite 349 West Pamela, MH 13666",2020-05-28
489,Michael Strickland,franklin88@example.org,"70455 Paula Corner Suite 483 North Stephen, LA 65708",2020-11-10
490,Edward Green,grahamgabriella@example.com,"25992 Ashley Lodge Apt. 230 North Mia, ND 92482",2023-03-26
491,Mary Long,shane14@example.net,"147 Hill Row Apt. 733 Port Stacey, NJ 87341",2021-04-15
492,Lydia Rosales,phillipsmichele@example.org,"8504 Yoder Mountains West Davidville, MT 09333",2020-10-20
493,Donna Hall,ujones@example.net,"552 Martin Spurs Apt. 970 Haroldland, MI 67905",2024-06-22
494,Morgan Long MD,thomasdavid@example.com,"8959 Jennifer Lane Suite 304 Lake Melissa, VA 02686",2022-09-25
495,Andrew Hernandez,elizabethgonzalez@example.com,"76553 Mark Villages Apt. 632 New Michaelmouth, ME 20934",2023-09-09
496,Tracey Phillips,walshronald@example.net,USCGC Shannon FPO AA 49771,2023-03-17
497,Wayne Wright,myersmary@example.net,"904 Miller Loaf North Rebecca, OH 38416",2023-09-21
498,Diana Bradley,andersonjulie@example.com,"3291 Daniel Loaf West Zoe, ND 50623",2024-09-07
499,Bonnie Raymond,shannon95@example.com,"27327 Mejia Extension Apt. 188 North Jessicaville, VA 68001",2020-03-08
500,Todd Gordon,floreschristopher@example.net,"6608 Gina Gardens East Charlesside, GA 92382",2020-07-01
