id,name,email,address,date_joined
1,Micheal Thomas,crystal20@example.com,"5634 Timothy Point Suite 794 Robleshaven, WV 01644",2023-03-08
2,Kristen Adkins,morenokimberly@example.org,"271 Perez Mews Annaburgh, CO 18774",2021-06-29
3,Emily Pierce,michael77@example.com,"5215 Joel Harbors South Frances, SC 77175",2022-03-03
4,Kristine Dixon DDS,nholder@example.org,"071 Lori Lakes Lake Sandra, NV 69646",2024-09-01
5,Jennifer Greene,elang@example.net,"7279 Cabrera Lake South Sarahburgh, SD 38341",2023-09-12
6,Jessica Reilly,lcole@example.com,"9671 Sara Vista Suite 849 North Jerry, AL 53917",2021-08-11
7,Jose Murray,walkernancy@example.com,"997 May Square Robertmouth, IL 95894",2024-02-12
8,Amanda King,elizabeth57@example.com,"09186 Welch Pine Apt. 245 Davidstad, NM 73423",2024-05-06
9,Hannah Smith,lisagarcia@example.com,"67085 Mills Stravenue East Oscar, NC 69385",2021-01-19
10,Christopher Hood,santanarussell@example.com,"47005 Michael Spring Edwardston, IN 20682",2021-01-30
11,Barbara Sims,brittanythomas@example.net,"875 Jennifer Wall Port Kimberlyville, AS 31186",2023-08-17
12,Deborah Jones,evan55@example.org,"0978 Nancy Underpass Zacharyville, AS 94275",2022-06-20
13,Ashley Richard,mewing@example.net,"98811 Laura Crest East Kyle, VI 93135",2020-11-09
14,Mrs. Robin Carter,kimberlycarter@example.net,"383 Mitchell Square Lake Blakeborough, CA 20404",2021-10-12
15,Stephanie Gutierrez,michaelharris@example.org,"1175 Pedro Squares Apt. 118 East Annefurt, PR 46252",2022-12-12
16,Mark Edwards,tinasanders@example.com,"39734 Reginald Grove Suite 965 Larryview, OH 43923",2022-03-25
17,Paige Wong,qanderson@example.com,"907 Adrian Course Brownburgh, KY 62015",2021-01-26
18,Christopher Rocha,cranewanda@example.org,"34417 Martinez Hollow Apt. 320 Johnstad, CO 56338",2023-11-30
19,Brian Bell,aguirrekatherine@example.org,"PSC 5033, Box 0835 APO AP 35429",2020-02-20
20,Raymond Pittman,crossheather@example.com,"814 Angela Loaf Mckenzieport, OR 16503",2021-08-19
21,Michael Delgado,perezbrittany@example.com,"3502 Daniel Islands Apt. 351 Josephchester, OH 47548",2024-02-17
22,Diana Pennington,gharris@example.org,"2126 Jennifer Falls Tannerton, NC 50729",2022-01-22
23,Jacob Pearson,robertjoseph@example.org,"9012 Keith Stravenue South Hannahhaven, MD 27121",2020-01-27
24,Linda Price,anthonyrogers@example.org,"55180 Miguel Camp Suite 100 Port Jasonburgh, IL 17505",2021-05-15
25,Jacob Rose,shannon92@example.com,"56713 Shannon Cape Suite 360 Lydiaburgh, ND 80019",2021-06-26
26,Kathryn Douglas,austin63@example.org,"1491 Vaughn Fields Suite 188 Nicolehaven, KY 54586",2021-05-29
27,Lawrence White,ryan06@example.org,"565 Ronnie Light Suite 677 New Susanfurt, VT 54828",2020-06-12
28,Benjamin Smith,susan22@example.com,"494 Burnett Knolls Suite 148 Gonzalezbury, WY 14217",2022-09-24
29,Sarah House,erika46@example.org,"28611 Kelsey Summit Suite 610 Humphreychester, WI 97094",2024-04-27
30,Cynthia Campos,tyler68@example.org,"3165 Tami Roads Suite 061 Sarahmouth, NJ 67281",2023-08-24
31,Kevin Mosley,robertsonjesse@example.com,"82002 Hamilton Crossroad East Kristi, CO 88270",2020-11-15
32,Ashlee Peterson,rpeters@example.com,"010 Felicia Turnpike Apt. 801 Loweland, MS 73409",2023-10-28
33,Andre Palmer,shawn05@example.org,"86441 Andrew Ville Apt. 139 West Normaside, MO 77410",2024-06-24
34,Brian Ortega,scottpreston@example.org,"508 Bradley Place Suite 886 Williamsland, KY 17958",2022-05-16
35,Luis Fernandez,tcortez@example.org,Unit 6344 Box 1669 DPO AP 44327,2023-10-10
36,Ashley Wood,dixonjacqueline@example.com,"4857 Kristin Coves East Bradleyshire, OK 51594",2022-08-13
37,Donald Murray,campbelljason@example.org,"849 Campbell Lights Port Chadborough, MA 88999",2021-04-25
38,Theresa Green,nicholas66@example.com,"445 Thomas Mission Apt. 805 Tonimouth, FL 44912",2024-02-04
39,Tanya Soto,danielgrant@example.net,"278 Jeffrey Island Apt. 398 Lake Jennifer, MI 34214",2023-02-01
40,James Duncan,mvaldez@example.net,"48531 Kathryn Gateway Suite 889 Port Christopherfurt, AL 71885",2022-01-23
41,Daniel Robertson,loganmora@example.com,"19300 Timothy Green Suite 544 West Ianstad, PA 60333",2024-09-26
42,Jennifer Fritz,nfrye@example.net,"566 Wallace Mills Suite 717 Jaclynshire, MA 89374",2023-02-12
43,James Montgomery,abigaildecker@example.com,"787 Mcdonald Mountains Suite 912 Lake Jeremyview, CA 41405",2022-07-27
44,Steve Baker,vbrown@example.org,"9530 Claudia Station Suite 944 Millerfort, SC 99389",2022-07-31
45,Stephanie Johnston,munozbarbara@example.com,"506 Carl Plains Suite 023 East Nathanmouth, TN 57782",2024-06-22
46,Peter Mcguire,megan94@example.com,"837 Mcmahon Wall Sueport, NC 12401",2022-11-05
47,Randall Arnold,angela41@example.com,"4187 Watson Mews New Rachel, UT 05625",2024-06-08
48,Monica Peterson,heather15@example.net,"042 Ellen Junctions Suite 100 Benjaminland, NC 01564",2024-01-24
49,Richard Hancock,dgardner@example.net,"48720 Robert Turnpike Lake Katrinatown, NV 49330",2022-12-22
50,Tammy Walker,wanda90@example.org,"8253 Rebecca Via Suite 592 Ortegaburgh, NJ 31500",2021-03-23
51,Amanda Mcdaniel,samanthastevens@example.com,"9832 Patricia Canyon Hensonborough, IN 84885",2021-09-23
52,Teresa Calhoun,melissafranco@example.net,"53930 Erin Drive Suite 424 Danielborough, MT 67090",2024-07-08
53,Scott Malone,ryan91@example.net,Unit 9996 Box 7378 DPO AA 32795,2021-12-26
54,Kimberly Olson,joanna33@example.org,"46751 Wanda Estates Apt. 991 Douglasville, KS 19412",2024-04-15
55,Bobby Harris,riveralauren@example.com,"33666 Norman Gardens Apt. 137 Charleschester, NH 46687",2021-08-10
56,Mrs. Beth Stewart,elliottmason@example.net,"56091 Maxwell Fork Christianfort, VI 84311",2022-11-26
57,Megan Johnson,bruce88@example.net,"24924 Charles Corner Luisport, VA 18176",2024-04-13
58,Susan Mclaughlin,qfuller@example.net,"426 Laura Circle West James, NV 12910",2023-10-28
59,Richard Johnson,castillochad@example.org,"791 Taylor Mission Apt. 771 Maciasland, CT 39217",2020-11-01
60,Michael Wilkerson,jamessimmons@example.com,"274 Sarah Port Jonathanmouth, AK 47028",2022-07-28
61,Kayla Brown,martinkristin@example.com,"0529 Thornton Canyon North Ashley, DE 22854",2023-10-01
62,Lisa Weaver,mark71@example.org,USNS Walker FPO AP 49663,2020-09-01
63,Angela Cooper,andreawright@example.com,"84046 Ortega Street East Melanie, MP 17919",2021-07-21
64,Dr. Laurie Dunn,malloryhansen@example.org,"74778 Lynn Causeway New Sarah, CA 16814",2022-12-20
65,Rachel Santana,mgeorge@example.com,"495 Phillips Path Michaelside, WY 53849",2022-03-24
66,Dwayne Smith,michael44@example.com,"87819 Thompson Plaza North George, GA 87036",2022-07-09
67,Christopher Hoffman,debrasanders@example.org,"89437 Hannah Creek Suite 077 New Morganport, DE 15436",2022-10-28
68,April Jones,marshallsteven@example.org,"57421 Jerry Oval Harrellfurt, DC 59257",2020-02-02
69,Jennifer Norris,thomasdickerson@example.org,"256 Eric Inlet Suite 531 Moranfort, TX 68455",2020-02-29
70,Teresa Mcgrath,rita38@example.net,Unit 8187 Box 8508 DPO AA 00505,2022-09-30
71,Justin Schultz,tyler48@example.org,"PSC 8684, Box 3174 APO AA 57001",2021-11-27
72,Thomas Jackson,burtonmelissa@example.com,"317 Oneill Mission Port Colleenberg, KY 65795",2022-04-27
73,Alexandra Thompson,tiffanyfleming@example.net,"4255 Thomas Freeway Morrisonberg, TX 62473",2020-07-06
74,Chelsea Perez,richard28@example.org,"4230 Stanley Island Suite 718 South Andrewville, IL 36482",2022-08-09
75,Leslie Sampson,shawnkelly@example.org,"781 Thompson Rest Haroldstad, WV 39736",2020-12-24
76,Angela Hill,brandipalmer@example.com,"150 Sarah Fort Suite 041 West Annamouth, RI 30403",2022-01-31
77,Johnny Escobar,mrodriguez@example.net,"8455 Morris Heights Suite 311 Rhodesport, VA 81856",2020-02-10
78,Greg Sandoval,denisesanchez@example.net,"0657 Julie Drives Lake Markmouth, WY 18789",2020-07-14
79,Chad Chavez,amandafry@example.com,"29241 Morgan Valley Bridgetmouth, TX 74708",2020-03-29
80,Christopher Garcia,longphilip@example.org,"378 Edward Pines Suite 333 Lindaburgh, IA 77928",2021-01-22
81,Vicki Patterson,hendersonmargaret@example.net,"89140 Debbie Manors Apt. 415 Burchshire, AL 80937",2024-01-27
82,Robin Valdez,johnsonsandra@example.org,"854 Brandon Meadow South Jamie, IL 32646",2023-09-17
83,John Rogers,cjohnston@example.com,"405 Davis Lake Apt. 686 Karenfurt, WA 16611",2023-04-11
84,Jesse Sherman,susan94@example.com,"08854 Morrison Motorway Suite 733 Lake Nicoleborough, AK 74688",2023-04-02
85,Jane Freeman,xmartinez@example.com,"2628 White Fort Apt. 242 Port Donnamouth, NE 68861",2021-03-11
86,Mr. Michael Santos,ruizrussell@example.com,"036 Jonathan Fork Suite 758 Brianbury, IL 99401",2020-11-09
87,Meghan Smith,scottcochran@example.org,"52040 Jason Roads Apt. 255 East Tina, WA 49940",2022-09-03
88,Cody Foster,bjames@example.net,"55832 Woods Extensions Suite 151 North Daniel, FM 75369",2022-02-08
89,Michael Wright,johnsonpatricia@example.net,"057 Brown Freeway Doylefort, MO 79578",2023-08-19
90,Tyler Mercer,smacdonald@example.com,"0838 Vargas Village Lindachester, NY 78512",2020-08-09
91,Rebekah Irwin,feliciacurry@example.net,"7404 Sheryl Locks Suite 721 Johnsonmouth, OR 81086",2022-07-18
92,Holly Johnson,samuelcross@example.net,"556 Kendra Burgs South Jonathanchester, AL 48298",2021-09-30
93,Alicia Church,keith27@example.org,"4129 Kevin Plaza East Marytown, RI 88557",2022-01-31
94,Lauren Miller,caitlinfaulkner@example.net,Unit 2000 Box 4494 DPO AE 06955,2020-08-28
95,Elizabeth Davis,kristophergonzalez@example.org,"524 Tara Via Karaton, TN 53523",2024-07-22
96,Kimberly Jenkins,ernestwilliams@example.org,"2894 Lee Row Apt. 978 East Desireeland, OR 07718",2022-06-07
97,Dawn Williams,charles01@example.com,"9808 Sandra Island Angelaport, RI 68554",2023-07-17
98,Kyle Lucero,ljones@example.org,"838 Debbie Square New Jamesside, IA 89955",2024-01-26
99,Brent Pope,paigeadams@example.org,"9764 James Ports West Sarahview, MA 05842",2022-07-03
100,Mark Ford,nporter@example.net,"1662 Green Road Suite 679 Port Bryceville, MD 45568",2020-10-04
101,Matthew Knight,misty93@example.com,"235 Galloway Turnpike Suite 438 Susanton, VI 26753",2021-02-04
102,Kelly Lawson,scott99@example.net,"1328 Moreno Plains Apt. 236 Weberburgh, LA 98155",2023-10-10
103,Taylor Garcia,jason00@example.org,"534 Brandon Points South Benjamin, ND 65613",2022-02-04
104,Stephanie Guerra,elizabethfranklin@example.org,"216 Smith Extensions Grantshire, LA 43758",2020-09-28
105,Jamie Dominguez,zachary84@example.org,"0176 Gomez Mount Suite 723 Craigstad, OK 78764",2020-09-23
106,John Scott,matthewscott@example.com,"41297 Kelly Fort Suite 354 Johnstad, MA 13686",2020-06-08
107,David Stone,justin58@example.org,"7383 Victor Throughway Calvinview, VT 81168",2022-12-15
108,Stacie Graham,adrianyoung@example.org,"438 Booth Branch Suite 171 Katieborough, RI 65652",2022-05-04
109,Jeremy Parsons,otrujillo@example.net,"38406 Carly Forks Randallchester, ME 02812",2020-02-24
110,Stephanie Dixon,valerielewis@example.org,"672 Joshua Lane Amandashire, AL 04319",2021-05-07
111,Jacob Rodriguez,allenbrenda@example.org,"PSC 8894, Box 9861 APO AA 74710",2023-08-01
112,Katherine Williams,george18@example.org,"857 Tiffany Land Port Annastad, AZ 18318",2020-06-23
113,Bobby Thompson III,taylorpamela@example.com,"782 Hernandez Island Batesstad, OH 22890",2021-11-05
114,John Sanchez,tramirez@example.net,"934 Grace Tunnel Apt. 216 Alexisland, NM 59160",2021-05-28
115,Stephanie Martin,zmartinez@example.net,"4864 Turner Fork Apt. 271 Warnerside, DC 15336",2020-10-04
116,Emma Hill,sarah74@example.com,"40305 Yang Meadow Suite 601 Thomaschester, MI 16579",2024-04-23
117,Kathryn Walker,nicolegarcia@example.com,"95849 Ramirez Run West Travis, MS 96934",2024-02-26
118,Edgar Carter MD,williamsjonathan@example.org,"PSC 9588, Box 2136 APO AA 76767",2023-07-23
119,Sarah Miller,rebecca46@example.org,"42805 Kayla Shore Suite 560 Joshuaborough, IN 86681",2021-11-12
120,Claudia Johnson,srobinson@example.com,"88261 Pam Corner Apt. 355 Port Brandon, VI 77943",2020-11-01
121,Dawn Jennings,dhenson@example.org,"454 Daniel Creek Port Laurafurt, CT 06576",2023-12-25
122,Jamie White,ross75@example.com,"1712 Davidson Circles Taylorfurt, MS 20996",2024-07-07
123,Laura Rios,qbrewer@example.org,"39430 Patricia Summit Apt. 102 West Amy, PW 09647",2020-02-05
124,Jacob Young,lmoreno@example.net,"46558 Williams Divide Suite 499 Port Nicholasberg, CO 41502",2023-12-10
125,Amanda Rivers,fosterkenneth@example.org,USNV Lewis FPO AP 29733,2021-07-04
126,Margaret Anderson,kathleencline@example.org,"2641 Bryan View South Blake, FM 56425",2022-03-15
127,Christine Bowman,mcdowellbrian@example.net,"28467 Gibson Crossing South Nicole, VI 43774",2020-10-26
128,Aaron Pham,catherinekim@example.org,"856 Murray Prairie New Danielle, DC 62264",2021-05-11
129,Curtis Brown,etran@example.com,"82230 James Square Winterstown, CT 05259",2020-07-08
130,Kimberly Tucker,zmurphy@example.com,"6185 Jody Walks Pereztown, VA 95037",2022-05-20
131,Victor Patel,snownicholas@example.com,"118 Aguilar Lane Port Sara, PW 69489",2022-11-21
132,Rachael Grant,gravesthomas@example.org,"879 Rebecca Plains North Cherylmouth, MA 04424",2023-11-11
133,Lisa Heath,robertmueller@example.com,"18367 Matthew Ford Suite 281 East Linda, SD 56856",2022-08-27
134,Elizabeth Johnson,candicethompson@example.net,"5893 Joseph Station Apt. 690 Trevormouth, TX 79827",2023-09-11
135,Lori Lewis,wrightpatrick@example.com,Unit 2081 Box 5061 DPO AE 97659,2024-02-02
136,Harry Contreras,romeroruth@example.net,"461 Patricia Harbor West Cynthia, WV 63051",2023-07-14
137,Andre Good,orobbins@example.com,"448 Baker Dale Gatesfort, CT 98690",2020-12-29
138,Gloria Brewer,juliansuarez@example.net,"304 Tara Ports Lake Robertborough, MP 91696",2024-02-17
139,William Escobar,moseskatelyn@example.org,"92106 Rhodes Garden Suite 304 North Kyleton, UT 44053",2021-11-08
140,Kevin Huang,vacevedo@example.net,"6150 Lucas Island Lake Johnny, NV 83061",2022-07-24
141,Scott Mcdaniel,thompsonkarina@example.net,"726 John Valley Apt. 413 New Monica, NY 85338",2022-10-18
142,Timothy Levy,williammiller@example.net,"15529 Long Port Suite 999 North Daniel, WI 79035",2023-03-10
143,Amy Moore,gilbertcarlos@example.com,"807 Lucas Lane Apt. 494 Lake Brenda, SC 06863",2021-01-08
144,Patrick Anderson,laura97@example.org,"82509 Morgan Heights Sanchezfort, KS 03556",2022-10-01
145,Joseph Hall,mayojuan@example.net,"1500 Chelsea Row Samanthashire, NH 32990",2020-10-10
146,Julia Rodriguez,tbernard@example.com,"7816 Harris Lights Youngfort, VI 11140",2023-01-31
147,Jeffrey Williams,woodsbrendan@example.com,"126 Lowe Village Apt. 996 Popeport, MA 29421",2021-02-04
148,Tiffany Ball,hchavez@example.org,Unit 5959 Box 1804 DPO AE 50759,2024-05-13
149,Matthew Jackson,browningchristina@example.net,USCGC Jackson FPO AA 75865,2022-06-24
150,Regina Wall,kleinmonica@example.org,"960 Robert Mews South Sandraport, NY 78201",2022-09-04
151,Omar Cole,eileenfrancis@example.org,"909 Johnston Field Port Kimberly, GA 28606",2020-04-04
152,Deborah Butler,christopher04@example.net,Unit 4343 Box 1058 DPO AP 42042,2020-04-01
153,Sheila Schultz,phillip53@example.com,Unit 5920 Box 4601 DPO AP 03277,2022-04-10
154,Dr. Teresa Petty,lawrencebill@example.net,"72335 Ashley Inlet Ericatown, VA 77560",2020-06-27
155,Daniel Dixon,sylvia27@example.org,"71814 Leslie Pass Apt. 536 Nolanport, VI 83803",2020-11-22
156,Amanda Montgomery,michelle14@example.net,"742 Jessica Flat Suite 283 Fordton, UT 89945",2023-12-24
157,Julia White,chaddennis@example.com,"4703 Turner Valley South Kendra, UT 30622",2020-03-24
158,Beth Lindsey,fjones@example.org,"272 Eric Cove Suite 841 North Jeffrey, KY 69098",2024-03-28
159,Michael Carrillo,fcarpenter@example.org,"6279 Jonathan Pike Suite 159 Blakefort, UT 44114",2021-07-22
160,Laurie Rivera,utaylor@example.net,"8235 Ramirez Fall Apt. 079 Lake Matthew, KS 18147",2020-04-24
161,Linda Henry,littlekyle@example.org,"725 Bradley Glen North Jamesfort, TN 50116",2023-05-07
162,Charles Vargas,grimeswilliam@example.net,"13888 White Greens Justinton, LA 71142",2022-09-25
163,Jody Matthews,nicole23@example.org,"492 Courtney Plains Suite 279 Smithtown, ME 91112",2023-02-07
164,Steven Nelson,jhenson@example.net,"3433 Benjamin Stream Apt. 468 Scottstad, IL 93713",2022-04-09
165,Jennifer Morgan,jennifer78@example.org,"35219 Bishop Row Apt. 640 Hendrixstad, IL 84892",2020-07-04
166,Crystal Gibson,pjimenez@example.org,"2764 Whitehead Gardens Apt. 496 Port Larryhaven, DC 36477",2022-01-08
167,William Wilson,edwardcoleman@example.com,"515 Davis Shores Suite 761 East Tammyfort, PW 16254",2024-08-24
168,Christopher Gordon,gguerrero@example.com,"68570 Willis Burgs Apt. 922 Valerieberg, LA 66831",2022-08-10
169,Doris Huang,jerry31@example.com,"255 Antonio Via Trevinoborough, IL 15927",2020-09-13
170,Katelyn Esparza,ofrye@example.org,"10312 Kennedy Wells Tylerborough, MP 59185",2021-01-15
171,Kimberly Douglas,joseph63@example.org,"PSC 1019, Box 8575 APO AA 08893",2024-08-22
172,Kristen Bowers,robert14@example.org,"0933 Andrew Throughway Apt. 959 West Paulchester, NY 05428",2020-05-17
173,Kathryn Henson,richard50@example.com,"710 Schmidt Knolls Suite 619 Blanchardmouth, PR 84473",2020-11-15
174,Louis Estrada,millerjennifer@example.net,"335 Crystal Flats Lake Connorland, UT 92718",2024-06-11
175,Kenneth Newman,johnsonvalerie@example.net,"5805 Aguirre Branch Solishaven, CT 22841",2022-07-10
176,Paul Hodge,mcdonaldbrenda@example.net,"018 Pamela Pines Suite 596 South Ashley, ND 04856",2020-09-01
177,Jeffrey Parks,romerojennifer@example.com,"8288 King Ridges Apt. 378 Santostown, IA 21711",2021-05-02
178,Nicole Yu DDS,ganderson@example.com,"09167 Brian Road South Amy, IA 31973",2021-12-13
179,Dustin Armstrong,tasha49@example.org,"0433 Vasquez Landing Apt. 897 North Gregory, CO 14862",2022-06-20
180,Jordan Kim,santanachelsea@example.com,"53729 Dunn Extension Suite 152 North Brian, AK 05604",2024-04-01
181,Joseph Smith,tonyaburns@example.com,"73016 David Corner Apt. 386 Port Nicholaston, KY 22117",2022-07-30
182,Jennifer Anthony,robertwalsh@example.com,"323 Monica Dale Apt. 669 South Seanmouth, OH 93857",2021-09-06
183,Catherine Johnson,douglas76@example.com,"3854 Garcia Courts Suite 608 East Misty, FL 38151",2023-12-29
184,Victor Watson,barbara05@example.com,"838 Christine Mountains Davidmouth, SC 25613",2024-09-29
185,Christopher Reynolds,stephenheath@example.org,"967 Michael Heights Caseystad, IA 48441",2024-02-17
186,Thomas Cunningham,wrandolph@example.org,"71005 Carson Inlet Apt. 288 Jenningsmouth, SD 01975",2023-10-06
187,Victoria Martinez,eric58@example.com,"442 Matthew Route East Michelleborough, CA 63870",2022-06-04
188,Dr. Mark Smith,tylerjustin@example.org,"516 Fox Lane Suite 566 West Adam, ID 06569",2024-03-17
189,Jessica Kennedy,barrerajoseph@example.org,"352 Ferguson Underpass Suite 492 Vanessaburgh, DE 20074",2020-07-26
190,Cody Taylor,anthonykelly@example.com,"22659 Kimberly Summit Suite 976 New Loritown, ME 01425",2022-05-07
191,Thomas Wood,dunnfrederick@example.net,"164 Michelle Cape Apt. 302 Kimfort, IL 17180",2022-12-02
192,Ellen Walsh,amycurry@example.net,USCGC Becker FPO AE 77391,2022-09-11
193,Steve Steele,garrettmichelle@example.org,"8958 Amber Fords Crystalland, AR 08792",2020-08-23
194,Alicia Perry,nskinner@example.org,"01793 Avila Junction Leachview, MP 57640",2024-04-19
195,Michael Mccall,whitney95@example.com,"60366 Lin Station Apt. 625 Pettystad, KS 34328",2020-04-06
196,Tanya Beasley,fflores@example.net,"889 Nathaniel Ports East William, NE 05905",2023-03-27
197,Cameron Levine,yedwards@example.com,"37746 Decker Forge Suite 524 North Shannonfurt, WI 53885",2022-04-25
198,Alyssa Villarreal,hmercado@example.org,"2683 Evans Rue Suite 425 New Victorhaven, MD 70654",2021-12-01
199,Albert Williams,greenmatthew@example.com,"19397 Jamie Estates Apt. 688 New Lisa, MA 56220",2020-10-24
200,Linda Mcgee,crawfordmelvin@example.net,"619 Owens Stream Suite 543 Cardenasside, VI 96286",2022-10-30
201,William Long,melissahoward@example.org,Unit 9749 Box 1018 DPO AE 03527,2020-01-13
202,Stephanie Alvarez,amber40@example.org,"98896 Johnson Union South Crystaltown, WV 68875",2024-08-24
203,Alexander Miller,hinesjohn@example.net,USS Navarro FPO AA 64478,2023-03-19
204,Phyllis House,kthompson@example.net,"475 Sarah Lodge Apt. 647 North Stacy, TX 36977",2022-01-10
205,Marvin Hunt,mooreamy@example.org,Unit 9447 Box 7059 DPO AP 04554,2021-08-17
206,Pamela Kennedy,donnamarshall@example.net,"62840 Alexander Shoal Wagnermouth, ME 52610",2020-11-20
207,Brittney Cooper,rogersgeorge@example.net,"1891 Christina Orchard Suite 604 Lynnberg, AZ 46193",2024-05-16
208,Jessica Rodriguez,moconnor@example.org,"216 Larson Circle Dawnchester, SC 59995",2021-03-05
209,Glenn Smith,staylor@example.com,"61915 Contreras Freeway Laurabury, UT 53422",2022-03-06
210,Marilyn Wilkinson,danielcain@example.com,Unit 8978 Box 5724 DPO AE 47395,2020-03-14
211,William Castillo,rwood@example.org,"0661 Johnson Flats Port Bonnietown, NC 78093",2022-06-10
212,Amanda Park MD,dana14@example.net,"06780 James Valley Apt. 374 Petersenberg, KS 39121",2020-07-20
213,Sarah Eaton,torozco@example.net,Unit 0846 Box 0735 DPO AA 71515,2023-03-25
214,Joshua Holden,martinezjoseph@example.org,"3100 Tucker Meadows Apt. 298 South Josephstad, NV 52446",2021-10-22
215,Jay Miller,masondavid@example.org,"3045 Paul Mission Apt. 034 Adamsbury, UT 70757",2024-05-07
216,Caitlin Jarvis,collinsjocelyn@example.com,"21921 Stephanie Extensions Apt. 086 South Patrick, WV 36423",2023-09-22
217,Joyce Hensley,bauercrystal@example.net,"1369 Bradshaw Lights Apt. 886 Lake Patriciachester, IA 82426",2022-08-07
218,Erin Lynch,marcusbenitez@example.com,"6871 Holmes Heights Suite 086 Kennethfurt, SD 76587",2022-07-02
219,Patrick Wilson,michael97@example.com,"2434 Katherine Ways Christinahaven, MP 01903",2022-11-24
220,Lisa Becker,shawn47@example.net,"PSC 3331, Box 0617 APO AE 53047",2020-02-01
221,Mary Khan,grimessean@example.org,"513 Kimberly Shoal Suite 644 New Jeffrey, NV 48945",2022-05-20
222,Lauren Flowers,mary66@example.net,"8757 Baird Valley Apt. 594 Rosstown, WA 62324",2021-02-06
223,Samuel Mckinney,cohengeorge@example.com,"0724 Brandy Pines Suite 728 Laurenberg, IL 60883",2020-05-11
224,Daniel Harris,jenniferpatel@example.com,Unit 7858 Box 9671 DPO AP 13938,2022-06-11
225,Tiffany Harper MD,kmorrison@example.com,"736 Hunter Corner Apt. 061 Thomasfurt, MH 51010",2024-04-04
226,Troy Hines,jeromejohnson@example.org,"7555 Warren Pike Suite 249 Port Amyfort, AR 99615",2021-02-11
227,Dawn Becker,campbellbrandon@example.org,"32154 Barbara Mission Apt. 975 Staceyhaven, MT 15644",2024-04-11
228,James Gomez,crystalmartinez@example.com,"78694 Kent Well Apt. 996 Port Billberg, PA 42572",2020-12-08
229,Joseph Mcfarland,thomaschelsey@example.com,"6462 Lisa Island Stokeston, FL 13497",2024-04-14
230,Alex Anderson,jerome15@example.net,"2648 Hampton Creek Apt. 704 Laurenhaven, OK 78859",2023-08-01
231,Brandon Smith,pwarren@example.net,"0435 Smith Rest Ianshire, GU 69355",2021-07-13
232,Scott Mathews,mathewhenderson@example.org,USS Carter FPO AA 44222,2020-09-01
233,Amanda Rojas,jeffrey88@example.net,"1842 Hill Points Richardland, VA 18212",2022-06-11
234,Michelle Jackson,pbanks@example.net,"939 White Inlet Karenburgh, PR 42507",2022-08-23
235,Brian Porter,kevin27@example.org,"3459 Tucker Springs Apt. 690 Wendyshire, NY 81414",2020-01-15
236,Chelsea Ellison,dhoward@example.net,"21296 Marquez Ridge Suite 026 West Pamshire, KS 51752",2020-02-14
237,Mike Gross,cflores@example.net,"33941 Mcdonald Lane Suite 873 West Ricky, FM 55808",2023-01-07
238,Mr. Lawrence Sparks,rebecca74@example.org,"48618 Howard Oval Apt. 088 Lake Sarah, OH 55693",2022-04-28
239,Mr. Donald Miller,mariamartinez@example.net,"83183 Tracie Hollow Laurenside, OR 67239",2022-02-10
240,Amber Edwards,vjohnson@example.org,"2742 Soto Isle New Paul, NE 86486",2020-08-26
241,Michael Becker,scottsanchez@example.com,Unit 5569 Box 7635 DPO AE 61150,2020-01-16
242,David Valdez,coreymiller@example.net,"PSC 0031, Box 9414 APO AE 69726",2022-06-08
243,Kathy Ferguson,margaretcasey@example.org,"PSC 7496, Box 6684 APO AE 52936",2022-02-01
244,Mark Bailey,stephaniemueller@example.com,"0883 Shawn Roads Apt. 129 Nicholehaven, PA 06289",2022-04-08
245,Tara Herrera,zbarker@example.org,Unit 8632 Box 3483 DPO AE 28380,2020-05-17
246,Jessica Morris,jenniferrodriguez@example.net,"08239 Glenn Track Apt. 497 Guzmanfort, DC 09504",2023-12-06
247,Monica Manning,huntashlee@example.com,"5583 Gallegos Manors Apt. 894 North Alanhaven, UT 30678",2023-09-11
248,Debbie Berry,john97@example.com,"41080 Tiffany Throughway South Richardchester, GA 79218",2020-07-29
249,Cristian Long,lrobbins@example.com,"558 Jessica Greens Lake Kevinborough, GA 89427",2021-07-14
250,Megan Kidd,jason52@example.com,"PSC 4321, Box 6542 APO AA 25957",2023-09-11
251,Marie Tyler,gatesjulie@example.org,"0102 Thompson Keys Suite 285 Stephensstad, AK 68348",2024-01-10
252,Michael Patterson,erinclark@example.net,"883 Amber Ramp Apt. 815 Port Sandra, CT 41764",2022-06-21
253,Julie Davis,kennedykevin@example.net,"6014 Rebecca Station Suite 911 Stephanietown, ID 25080",2021-10-28
254,Vanessa Myers,kelliebrandt@example.org,"45351 Acosta Cliffs Apt. 223 South Jeanette, DE 86020",2020-12-12
255,Adam Newton,denisebecker@example.net,"0801 Rose Stream Apt. 144 Lake Anneburgh, KS 38627",2020-04-27
256,Jean White,mkane@example.net,"31995 Roy Courts Apt. 883 South Brandon, LA 13014",2023-05-03
257,Jonathan Russo,kimkelley@example.net,Unit 7950 Box 8824 DPO AA 67620,2021-11-17
258,Stanley Bright,josephibarra@example.net,"8468 Garrison Heights Apt. 785 Hawkinston, MT 85980",2023-12-07
259,Christina Lester,amanda65@example.com,"1949 Donna Plains Baileymouth, WY 53071",2021-12-07
260,Jorge Cherry,travis64@example.net,"3604 Catherine Highway Apt. 948 East Colintown, VI 44092",2020-04-21
261,Cynthia Morales,hillmelvin@example.com,"68438 Melissa Groves Suite 762 Lindafurt, WI 51349",2021-04-04
262,Kara Jackson,alvarezsonya@example.com,"026 Garcia Land Harrisside, NV 83486",2023-03-30
263,Crystal Rivas,lynchkatelyn@example.com,"2995 Steven Viaduct Suite 645 Foxside, AS 74653",2024-06-16
264,Vanessa Nelson,rellis@example.net,"8367 Allen Springs Suite 317 North Josephborough, MD 97479",2021-04-16
265,Kristin Soto,christinafletcher@example.net,"3831 Stafford Creek Mistymouth, NH 54939",2021-07-04
266,Tommy Weber,pecksteven@example.com,"404 Joseph Junctions Schneiderton, VT 11437",2020-10-06
267,Andrea Miller,connie28@example.org,"25931 Ryan Coves Suite 542 Josephbury, NC 96731",2022-10-10
268,Amy Bullock,william55@example.com,"4918 Gonzalez Squares Apt. 066 North Ericachester, SC 80201",2022-01-26
269,Vanessa Martinez,gregorybryan@example.org,"10244 Jackson Forest Apt. 856 Martinezton, SC 13581",2021-05-05
270,Darrell Mills,torresmichael@example.net,"86300 Misty Avenue Allenville, CA 76678",2023-02-17
271,Steven Moore,brandi37@example.net,"8891 Cain Islands Lake Darrylchester, SD 00654",2021-11-12
272,Abigail Stewart,joseph45@example.com,"641 Wells Dale Jessicaport, SC 72776",2024-04-09
273,Scott Barnes,wanda50@example.org,"3353 Michael Path Suite 246 West Susanfort, AL 57065",2023-04-11
274,Amanda Garner,alec94@example.net,"2266 James Mountain Apt. 342 Amymouth, RI 72178",2024-08-31
275,Tina Haynes,ashleytina@example.net,"701 Antonio Pass Apt. 384 West Deniseshire, NC 69901",2021-02-15
276,Sherri Gonzalez,ashley07@example.net,"9791 Butler Summit Cherylfurt, KS 51613",2020-11-07
277,Tara Santiago,kellyatkinson@example.com,Unit 6126 Box 4724 DPO AA 24942,2021-10-12
278,Tiffany Roberts,jessicajones@example.com,"736 James Forges Potterchester, CT 83210",2024-09-12
279,Justin Cole,mccallnicole@example.net,"46688 Owen Rest Thompsonchester, OK 54650",2021-01-10
280,Kathleen Soto,connie06@example.org,"74592 Holland Ville South Alexismouth, MO 17667",2021-01-25
281,Bruce Bonilla,sellerswilliam@example.net,"33779 Martinez Lock Haleyhaven, VA 93022",2024-08-29
282,Olivia Reed,blawson@example.com,"75035 Kelly Valley Suite 634 Kathryntown, MT 81795",2022-01-03
283,Jason Maldonado,cindywillis@example.com,"27727 Dyer Causeway Suite 384 East Barbarabury, NV 84454",2023-03-05
284,Adam Lawrence,timothycampbell@example.net,"6259 Kyle Unions Apt. 699 Mahoneymouth, MS 35393",2021-07-14
285,John Campbell,william22@example.com,"050 Kristie Harbors Apt. 417 West Rebeccahaven, PA 15641",2022-03-28
286,Tyler Bryant,erinrandolph@example.net,"4726 Cohen Burgs Suite 678 Michaelton, OH 93422",2021-09-26
287,Taylor Sullivan,reidcourtney@example.net,"3537 Katelyn Loaf Grayside, MO 22468",2024-02-03
288,Pamela Smith,lauren25@example.org,"753 Chavez Hill Suite 619 Woodville, NH 01253",2024-05-13
289,Anna Hubbard,fcarter@example.com,"820 Kenneth Loop Suite 877 Barbarahaven, DE 90465",2020-10-12
290,Tasha Aguirre,barbara74@example.com,"39638 Williams Expressway Apt. 067 Baileyberg, GU 55967",2023-11-28
291,Jennifer Taylor,rowelaura@example.com,"8124 Mcdowell Avenue West Katiefurt, IL 48296",2020-02-15
292,Mrs. Stephanie Garcia,rwilliams@example.net,"1013 Evans Divide Apt. 627 Keithside, UT 96144",2020-12-27
293,Christopher Hoffman,robertbecker@example.org,"739 Kathleen Fords Erikafurt, CO 08376",2024-06-17
294,Kathryn Parks,david06@example.org,"74063 Kathleen Crossing South Bobbyfurt, DE 14957",2021-02-18
295,Haley Graham,emily04@example.com,"2128 Daniel Highway Apt. 417 Christyfort, MH 61179",2024-01-28
296,Christopher Conner,joseph19@example.com,"980 Stephen Square Elainehaven, MT 80972",2020-04-02
297,Heather Dominguez,holtkyle@example.net,"8242 Krueger Trail Suite 226 Princeland, WA 41464",2020-02-03
298,Angela Mills,tkrueger@example.com,"29839 Teresa Locks West Julie, PR 77731",2020-11-10
299,Travis Gardner,kthomas@example.net,"41774 Scott Stravenue Susanside, MD 44131",2021-06-25
300,Christina Pearson,andersontyler@example.net,"00461 Aaron Greens South Rebecca, MI 30904",2022-09-01
301,Clinton Moore,rwalker@example.org,"84958 Edward Ports Apt. 551 Brownmouth, CT 37504",2021-05-09
302,Dr. James Vaughan,james46@example.org,"6057 Michelle Highway North Cynthiamouth, RI 57000",2023-06-17
303,Nathan Matthews,katelyngreen@example.com,"367 Patricia Manors New Christopherview, SC 76078",2021-12-11
304,Benjamin Cain,maurice60@example.net,"9947 Stephens Loaf Jasonbury, OK 61686",2022-06-26
305,Alyssa Williamson,thomas43@example.com,"8003 Mejia Course Suite 299 Jodimouth, CT 42961",2022-08-08
306,Destiny Williams,gordondeborah@example.com,"881 Valerie Branch Brownland, NJ 08847",2022-09-11
307,Alison Kelley,glennwatkins@example.net,"6660 Taylor Islands Apt. 929 West Brandon, AZ 24841",2020-02-22
308,Ms. Mary Neal,mkramer@example.org,"435 Kyle Passage New Christopher, CO 03784",2021-10-03
309,Richard Mason,johnsonvanessa@example.org,Unit 6926 Box 1153 DPO AP 21914,2024-02-24
310,Courtney Mckay,barnesmichelle@example.net,"787 Garza Plaza Lake Dominic, NM 33027",2021-03-06
311,Lynn Brown,nicole35@example.org,"PSC 1228, Box 5017 APO AA 38731",2021-05-06
312,Linda Oliver,gwilson@example.net,"12637 Crawford Fields North David, AL 52708",2024-09-24
313,Dr. Sean Huff MD,ugraham@example.org,"30399 Banks Ridges Suite 351 East Bobby, VI 70714",2024-08-13
314,Gina Vargas,wareeddie@example.com,"94318 Lopez Valleys Port Kayla, NE 67431",2020-02-14
315,Savannah Rice,alvarezjenna@example.net,USNS Mcknight FPO AA 00869,2020-11-06
316,Jeffrey Garcia,jamiedavid@example.org,"9017 David Field Apt. 969 Rodriguezton, MP 99260",2023-09-19
317,Patricia Black,marissagonzalez@example.org,"5427 Brad Valley New Caitlinstad, MT 02789",2021-08-26
318,Dave Fernandez,lruiz@example.net,"303 Alexandra Village East Mary, AZ 69140",2024-08-29
319,Rebecca Rogers,taylorthomas@example.org,Unit 6444 Box 2177 DPO AE 24840,2024-03-08
320,Matthew Gordon,milesdavid@example.com,"407 Adam Village Aliciaview, IN 54703",2022-12-03
321,Richard Stewart,elizabeth32@example.net,"824 Sharp Oval New Margaretfurt, OR 98525",2020-11-27
322,Katherine Douglas,uevans@example.com,"35039 Lyons Walk Apt. 486 Johnsonside, GU 11720",2022-04-01
323,Vanessa Hernandez,ellismichael@example.com,"4761 Rebecca Lake East Julie, GU 83945",2020-08-07
324,Alexander Cameron,jennaroberson@example.com,"38028 Martin Mountains Suite 270 Dannystad, NJ 70907",2021-06-01
325,Yolanda Simmons,robertwilliams@example.com,"94187 Adam Mountains Suite 557 Lawsonton, FL 36595",2022-02-12
326,Michelle Williams,rsmith@example.org,"96219 Olsen Meadows East Daniel, IL 13330",2022-01-22
327,Alison Bishop,daniel94@example.net,"9751 Bernard Islands West Theresashire, IN 54667",2022-10-21
328,Michelle Travis,hoffmanbecky@example.net,Unit 2516 Box 1872 DPO AA 74427,2022-12-08
329,James Johnson,ashleyrussell@example.com,"07456 Nicholas Divide Suite 767 Andreahaven, NC 34917",2022-07-08
330,Randy Herrera,shaffercrystal@example.net,"06395 Lyons Oval Apt. 040 Aliciaville, AL 72354",2022-04-26
331,Brandon Farrell,xmaxwell@example.org,"4120 Martin Roads Suite 498 Lake Karen, AZ 99275",2023-10-05
332,Benjamin Petersen,bflynn@example.org,"43635 Elizabeth Valley Apt. 885 Beckerton, AS 98143",2021-09-26
333,Matthew Greene,wyattreynolds@example.com,"7569 Ellison Flats West Georgehaven, MI 07882",2020-09-18
334,Mr. Edward Potter PhD,angelapeters@example.net,"4568 Miller Expressway East Cindy, MT 03718",2021-03-11
335,Nicole Buck,rnguyen@example.net,Unit 2028 Box 4074 DPO AP 56913,2020-11-18
336,Wendy Roach,lmendez@example.com,"488 Wells Drive Suite 532 Davidton, MS 25477",2023-08-07
337,Tonya Black,nwang@example.org,"455 David Motorway Apt. 438 South Michael, MI 46634",2021-05-26
338,Matthew Rodriguez,morgankirk@example.net,"72125 Brown Stravenue Jamesport, ID 20804",2020-08-09
339,Michelle Kelley,zhangcody@example.com,"8373 Cheryl Meadows Katherinebury, CA 80291",2023-08-29
340,Kelly Hansen,robin00@example.net,"0014 William Haven Scottfurt, VT 28349",2021-10-24
341,Jennifer Parker,megansingh@example.net,"59422 Skinner Lodge Suite 360 Howardtown, WY 85169",2020-08-04
342,Thomas Rangel,erikjackson@example.com,"PSC 6002, Box 9230 APO AE 85203",2024-03-20
343,Charles Briggs,smithbrett@example.com,"232 Lauren Course Apt. 653 New Annastad, MD 17884",2024-06-13
344,Destiny Chen,stephanie96@example.org,"37047 Barnett Pine Apt. 941 Marktown, ME 80411",2021-07-22
345,Adam Hull,michaelgarcia@example.org,"05480 Mcintyre Fork Nguyenport, AK 86247",2024-09-26
346,Laura Bell,micheal21@example.net,"11314 Elizabeth Club Apt. 387 Charlesshire, MD 03564",2020-03-03
347,Daniel Price,banderson@example.net,"176 Courtney Avenue Suite 282 Lopezport, MD 74223",2024-09-02
348,Dr. Joshua Riley,rachel41@example.org,"86349 Lauren Orchard Kirstenbury, VI 50508",2020-10-06
349,Sarah Lopez,sierrawright@example.org,"26547 Smith Course Samuelview, MA 95959",2023-02-15
350,Jennifer Church DDS,adamscathy@example.net,"696 Travis Highway Suite 420 North Donnastad, ID 75581",2021-04-29
351,Gabriel Young,shirleyhale@example.net,"8226 Warner Walk Lake Robertland, CT 64680",2024-08-13
352,Tonya Frost,lydia68@example.net,Unit 9508 Box 5068 DPO AA 78034,2023-02-17
353,Alyssa Chung,davidsmith@example.com,"54944 Newton Street Suite 172 Teresatown, AS 42765",2024-04-24
354,Tina Brown,wendysmith@example.org,"0275 Melissa Centers Cookport, IL 73502",2020-10-06
355,Faith Harris,davidowens@example.net,"666 Jeanette Ridges Kevinstad, PR 58927",2024-07-09
356,Jennifer Bradley,rray@example.org,"1550 Christopher Crossroad Suite 469 Port Shawnport, MN 72324",2021-01-12
357,Sonya Haley,stephen92@example.net,"3183 Wilson Unions Suite 666 Richardchester, NC 79238",2022-03-21
358,Jennifer Evans,pprice@example.net,"14242 Larry Plains Sheilashire, FL 88360",2022-03-08
359,Linda Brown,lewisbrent@example.com,"00354 Pennington Alley Garciaview, NM 79831",2021-12-01
360,Benjamin Dunn,isabella76@example.org,"449 Connie Ways South Markside, MT 98903",2021-03-02
361,Jorge Yu,emiller@example.com,"555 Poole Common Nashstad, WA 15651",2020-07-26
362,Daniel Moore,michael18@example.org,"69540 Jennifer Villages New Pennyview, MP 21916",2020-01-23
363,William Oliver,campbellrachel@example.net,"8150 Edwin Fort Davidsonside, FM 49367",2021-10-05
364,Peggy Sandoval,dmurray@example.com,"25920 Sarah Green Edwardville, AK 48575",2021-06-07
365,Elizabeth Stephens,lynn03@example.org,"60515 Patricia Greens Apt. 784 West Anthonyfort, DC 60667",2020-07-11
366,Renee Gonzalez,kguzman@example.net,"56096 West Street South Barbara, LA 85489",2024-08-08
367,Virginia Carter,monica07@example.org,"35753 Roberts Loaf Apt. 930 East Alyssaport, PA 93656",2023-06-29
368,Alexandria Wilson,carrmichael@example.org,"9517 Victoria Grove Larryport, UT 95971",2022-06-01
369,Kenneth Moore,berrylynn@example.net,"429 Morton Rue Romeromouth, DE 25132",2023-10-18
370,Joseph Nguyen,itaylor@example.com,"3355 Ashlee Club Suite 062 North Laurafort, WI 45490",2020-01-25
371,Edward Pham,williamsmelvin@example.org,"12437 John Meadow Port Chadview, ND 06028",2022-02-22
372,Rachel Gonzalez,daniel86@example.com,"35641 Rodriguez Meadow Suite 732 North Jenniferfurt, DC 46526",2023-08-11
373,David Gonzales,fuentesaaron@example.com,"11517 Townsend Turnpike Port Christina, ME 16402",2023-09-11
374,Kyle Shields,kristineowens@example.com,"328 Whitehead Harbor Suite 393 Port Mary, IL 23778",2021-07-28
375,Julia Graham,schneiderkevin@example.org,"59206 Kimberly Road Suite 386 Oliviaton, PR 02208",2021-12-30
376,Catherine Francis,charlotte36@example.com,"799 John Center Suite 898 Parksfort, MP 88714",2020-09-23
377,Barbara Poole,mooreelizabeth@example.net,"007 Beasley Prairie Garcialand, NH 92495",2023-04-16
378,Timothy Beck,john79@example.org,"932 Olivia Cape New Jeremy, IA 20211",2020-01-20
379,Patricia Johnson,mullinsjulie@example.com,"597 Zhang Highway Apt. 635 Peterside, MP 73973",2021-05-05
380,James Garcia,caseysawyer@example.net,"465 Amy Keys Patriciatown, MI 92013",2023-09-20
381,Daniel Goodman,qspears@example.com,"40840 Barbara Mountain Apt. 067 Mooneyshire, SC 01762",2022-11-03
382,Meredith Mann,jessica86@example.com,"87242 Lisa Terrace Josephfurt, MA 28613",2021-09-17
383,Erica Wheeler,huffmanlaura@example.net,"6059 Houston Valley Emmaton, MA 01994",2020-02-29
384,Brandi Petersen,william33@example.com,"926 Simpson Drive Apt. 066 Lake Karaborough, TX 48604",2020-06-23
385,Paul Hart,suarezterrence@example.org,"PSC 8524, Box 8517 APO AE 63291",2023-09-14
386,Kristen Rivera,destinybradley@example.org,"26645 Melissa Coves Gravesmouth, TX 85456",2023-12-26
387,Angela Ho,emilythomas@example.net,"03098 Frederick Viaduct North Ronnie, IA 73382",2021-07-08
388,Keith Reyes,brittanyaguirre@example.org,"76670 Cory Corners Apt. 901 Osbornechester, IL 21387",2021-02-24
389,Brandi Bartlett,tyler98@example.org,"211 Samantha Field Apt. 216 Ryanville, DC 59148",2024-03-08
390,Vanessa Patterson,brownmatthew@example.net,"49099 Smith Curve Henrystad, AS 84829",2024-05-08
391,Scott West,grahamcarrie@example.org,"7686 Charles Valleys Suite 295 Port Bethbury, WI 17622",2020-12-13
392,Michelle Johnson,udavis@example.com,"701 Alicia Spur Suite 362 North John, AK 70697",2023-03-11
393,Robert Burnett,john73@example.net,"056 Powell Crest Parsonsview, GA 58303",2020-04-14
394,Matthew Hansen,hubermathew@example.com,"8379 Frank Pass Apt. 349 New Lindseyfort, IL 32164",2023-12-23
395,Samantha Gallagher,april36@example.com,"616 Jeremy Islands Spencerstad, MT 22308",2022-03-20
396,Lee Fisher,yanderson@example.net,"560 Rebecca Key Lake Martin, MD 87360",2023-02-12
397,Jason Duffy,jedwards@example.org,"497 Wallace Neck Apt. 313 Lake William, CO 76063",2021-01-13
398,Joshua Webster,mark42@example.net,USNV Hudson FPO AE 58284,2022-12-05
399,Mary Chandler,george44@example.com,"68499 William Prairie Johnburgh, NV 55968",2021-03-27
400,Victoria Castro,carrkenneth@example.net,"1550 Martinez Road Apt. 658 Lake Karenchester, AZ 56947",2020-05-03
401,Christina Murray,christopherwhitaker@example.org,"825 Louis Summit Lake Williamview, PW 61174",2020-07-25
402,Sean Contreras,cindymosley@example.com,"365 Stephen Dale Whiteburgh, HI 32811",2020-01-23
403,Sarah Johnson,eileenholloway@example.net,"PSC 2387, Box 5050 APO AA 51753",2021-11-21
404,Steven Simon,ssanchez@example.org,"15848 Miller Grove Apt. 042 Patelside, WV 67517",2022-04-17
405,John Alexander,dylan28@example.com,"08070 Joseph Parkways West Erinberg, AK 60602",2023-11-17
406,Luis Newton,jmoore@example.com,"985 Donna Freeway Vanessabury, VI 65161",2022-05-16
407,Susan Howard,sherryross@example.com,Unit 7865 Box 1816 DPO AE 24029,2022-05-22
408,Kevin Garcia,salazarmark@example.org,"PSC 4587, Box 8710 APO AP 19596",2022-03-13
409,Daniel Smith,jasminetaylor@example.com,"15533 George Manor Apt. 430 Burnettfort, NJ 65908",2021-07-22
410,Mr. Steven Salazar,trevinodaniel@example.org,USCGC Brown FPO AP 86308,2023-10-06
411,Philip Lewis,nicholasroach@example.com,"428 Desiree Landing South Jennifer, IL 78864",2021-01-26
412,Maria Cooper,adrianaleblanc@example.net,"9577 Benjamin Orchard Lake Brianport, KS 53137",2024-03-30
413,Casey Torres,franklintyler@example.org,"050 Matthew Parks Suite 930 Port John, NV 10933",2020-03-07
414,Steven Ferguson,kingmichael@example.net,USS Roberts FPO AE 91110,2020-01-14
415,Bethany Francis,stephen24@example.net,"8265 Jones Spurs Apt. 728 Simsberg, MP 18268",2021-12-02
416,Paul Meyer,knelson@example.org,"15768 Knight Parkways Oliverland, ME 15367",2023-01-10
417,Gary Reed,wilkinskatie@example.org,Unit 1254 Box 5060 DPO AA 61965,2020-01-28
418,Kimberly Howe,ann60@example.net,USNV Jackson FPO AA 65185,2022-12-07
419,Jonathan Hartman,ggray@example.com,"663 Jennings Drive Williamsport, NC 56518",2023-07-08
420,Mr. Bernard Tate,iwilliams@example.org,"9595 Joshua Parkways Suite 675 Lake Andrew, TN 98208",2022-03-04
421,Anthony Porter,charlesleonard@example.com,"626 Miller Cape Hansenville, MN 77546",2024-09-28
422,Gabrielle Medina,groberts@example.com,"15296 Joseph Roads West Rebeccastad, OK 89776",2023-04-08
423,Sarah Williams,georgebrittany@example.com,"440 Heather Station Suite 944 East Tracytown, IL 81500",2021-08-23
424,Preston Beard,bowersmary@example.net,"PSC 6153, Box 1635 APO AE 94699",2021-04-14
425,Ashley Hoover,amyrosales@example.com,"1570 Charlene Square Apt. 491 South Christianberg, AK 87221",2020-04-06
426,Heather Ortiz,tkennedy@example.org,"8043 Amanda Burg East Jose, HI 14754",2023-09-21
427,Tracey Hall,tony32@example.net,"1171 Ann Court Suite 578 Thompsonhaven, AZ 67324",2021-11-02
428,Timothy Reed,tsingleton@example.net,"4635 Robinson View Apt. 655 Craigchester, SC 49456",2023-07-12
429,Timothy Price,whitakercynthia@example.com,"328 Flores Common Vasquezshire, DC 40857",2021-12-21
430,Kenneth Nguyen,zreed@example.org,"41763 Joshua Brooks South Ernest, NC 39808",2020-01-26
431,Carl Phillips,hudsonbrian@example.net,"73360 Carter Parkway Apt. 451 New Susanbury, SD 57516",2021-07-10
432,Marcus Case,cmitchell@example.com,"50433 Mitchell Passage Apt. 205 Medinatown, VI 73024",2020-12-29
433,Justin Williams,sergioschroeder@example.net,"33174 Paul Mountains Suite 802 Larsonton, IA 87473",2020-03-09
434,Lori Gonzalez,benjamin86@example.com,"9627 Lisa Fords Apt. 791 Lake Debbieland, MO 73646",2022-01-21
435,Wanda Smith,tanyamartin@example.net,"49745 Michael Parks Apt. 696 Nielsenburgh, KS 05111",2024-09-29
436,Gordon Ferguson,rojastimothy@example.net,"67005 Holly Heights Millerborough, NV 93995",2024-04-05
437,James Crosby,aoliver@example.com,"7535 Joshua Port West Sallyburgh, PR 31346",2021-06-02
438,Alexander Brewer,johnsonsamantha@example.com,"22662 Buckley Stream Apt. 854 Lake Michelleport, OR 55456",2024-06-02
439,Nicholas Fernandez,davislinda@example.net,"62340 Flores Underpass Adrianatown, DE 56186",2021-06-23
440,Monique Henderson MD,luke99@example.net,"7691 Mark Gateway Mitchellfort, TX 46143",2021-09-26
441,Ian Webb,griley@example.com,USS Williams FPO AP 76605,2021-03-05
442,Daniel Porter,lori49@example.org,USCGC Carter FPO AP 27970,2023-05-12
443,Brenda Blackburn,hgibson@example.org,"800 Howard Forest Port Summer, WV 42828",2024-09-06
444,Paige Moore,kodonnell@example.net,"845 Samantha Estates Apt. 198 Markmouth, AS 11695",2020-10-31
445,Christopher Miller,beckydominguez@example.org,"4402 Elizabeth Square Apt. 391 Aaronfurt, HI 19567",2020-11-06
446,Teresa Brown,meyersdanielle@example.net,"7632 Norris Extensions Suite 659 Vanessaville, MT 06729",2024-04-07
447,Brian Cisneros,amy04@example.net,"6578 Boyd Trace Rachelmouth, PA 56053",2021-08-02
448,Michael Morrison,colleen29@example.org,"910 Jon Summit Suite 786 Lukeview, TX 58279",2024-08-22
449,Michelle Rodriguez,zhammond@example.com,"1315 Patricia Bridge Apt. 257 East Kevin, MH 80188",2022-02-08
450,Manuel Harrison,amandaevans@example.org,"06623 Johnson Glens West Shannon, CT 82479",2024-05-01
451,Matthew Alvarez,noah71@example.net,"87128 John Motorway Scottchester, CT 47201",2022-06-29
452,Drew Lin,phillipbaker@example.org,USNV Salazar FPO AE 91474,2021-08-31
453,Faith Hernandez,vvasquez@example.net,"249 David Ports Suite 982 Rodriguezchester, DE 78563",2020-11-21
454,Kyle Farmer,bcardenas@example.org,"7131 Brian Squares Suite 313 Meltonhaven, RI 17129",2024-07-07
455,Mark Lynn,brianlozano@example.com,"30452 Harris Divide Suite 182 Juarezview, NJ 64559",2023-07-16
456,Krista Waters,brooke53@example.org,"618 Martinez Ferry Apt. 830 East Sandramouth, VI 55715",2024-07-13
457,Melissa Ross,phamaimee@example.com,"8409 Ricky Alley Contrerasland, KS 20209",2023-01-10
458,Adam Schneider,phillippierce@example.org,"5858 Weaver Keys Suite 711 Farrellstad, SC 67529",2021-02-13
459,Mark Howard,frank05@example.net,USS Boyd FPO AA 07133,2022-04-04
460,Tina Norton,allenmichael@example.org,"28526 Smith Lakes Hollyborough, PR 67314",2020-05-08
461,Richard Herrera,cgarcia@example.org,"736 Tonya Viaduct Suite 072 West Brookebury, VA 96400",2023-03-25
462,David Tyler,megan95@example.org,"9548 Jeremy Harbors Port Gary, GU 14615",2021-04-19
463,David Potts,wcruz@example.com,"83741 Armstrong Corner North Bradleytown, OR 20078",2022-03-09
464,Gina Oconnor,nwilliams@example.org,"748 Oliver Circle South Kimberlychester, VA 18579",2020-09-26
465,Christopher English,tara03@example.com,"528 Pratt Mountain Apt. 365 North Lisachester, VA 38984",2020-11-10
466,Ashley Bonilla,ballardcarrie@example.net,"34912 Nathan Trail Port Natasha, NH 60193",2024-08-17
467,Christopher Mcgee,qbernard@example.net,"9619 Samuel Harbors Apt. 506 Port Amanda, NH 36987",2024-07-01
468,Jennifer Dunn,john34@example.com,"49995 Ricardo Glens Suite 105 South Angelaton, OK 66604",2022-11-29
469,Bernard Smith,shannon21@example.com,"34256 Jacob Prairie Randyfurt, NC 02789",2021-10-04
470,Todd Garcia,reneemartinez@example.net,"058 Diana Forks East Sheila, AZ 51668",2022-02-02
471,Kevin Cox,william36@example.com,"934 Julian Fall North Charles, NH 08536",2021-10-27
472,Rhonda Miller,nathan95@example.com,"2748 Nicole Via Youngchester, CT 27736",2020-09-09
473,Michael Wilson DDS,candice38@example.com,"8449 David Harbors East Edward, GA 70351",2023-08-16
474,Cassandra Lee,paula75@example.net,"314 Webb Harbors New Laura, PA 57220",2021-04-01
475,Kayla Martin,ddean@example.org,USCGC Phillips FPO AA 39686,2020-03-04
476,Sabrina Cook,adrian86@example.net,"619 Thomas Loop South Alison, MI 34983",2023-11-16
477,Todd Williams,hansenjoseph@example.org,"32228 Alexandria Manor Suite 433 Jacquelineside, TX 62973",2021-01-01
478,Benjamin Cobb,greenclifford@example.com,"62970 Barnes Throughway East Deannamouth, MN 96367",2020-08-15
479,Michael Owens,williamspamela@example.com,"234 Tammy Gardens Brownmouth, OR 87358",2020-10-27
480,Eric Bennett,palmerbrittany@example.net,"6296 Lopez Underpass Angelashire, MD 23010",2020-01-22
481,Jacob Griffin,charlesanderson@example.com,"953 Ward Mission South Rebeccaville, RI 81251",2020-03-17
482,Brian Shelton Jr.,lisa74@example.com,"2927 Matthew Plaza Apt. 335 New Donna, SC 11026",2022-05-06
483,Sergio Hall,lowelawrence@example.com,"7441 Matthew Pass Apt. 152 Blanchardview, OR 95197",2023-01-14
484,Kevin Price,lsharp@example.org,"5737 Travis Shores Lake Kevinfort, IA 00732",2022-07-14
485,Susan Mcdonald,teresaadams@example.com,"13414 Hurst Views Suite 776 Schmidtville, MN 04948",2020-03-15
486,Kelly Hill,sarah80@example.org,"228 Krueger Island Apt. 796 Hernandeztown, CT 23746",2023-10-11
487,Lauren Frazier,seancordova@example.net,"003 Raymond Locks Robinsonland, KS 70183",2021-08-24
488,Matthew Hull,daniellesullivan@example.net,"61917 Shelton Glens East Raymondton, AS 66055",2024-04-13
489,Michelle Fisher,michaelarmstrong@example.org,"89022 Chris Knolls Suite 317 Scottside, AR 35151",2022-05-07
490,Amy Marsh,jenkinsana@example.net,"169 Maureen Garden Apt. 041 Lake Davidland, MO 03002",2022-08-12
491,Terry Mack,wayne43@example.com,"588 Ellis Crest Apt. 738 West Michaelberg, TN 90251",2023-04-09
492,Dr. Daniel Moore,stacydiaz@example.com,"4953 Jeremy Ferry Beckland, AR 30592",2024-06-30
493,Marcus Murphy,smendez@example.org,"PSC 2469, Box 3609 APO AP 67220",2022-06-25
494,Jonathan Murphy,ubuck@example.com,"3973 Clarence Pines Suite 084 Elizabethmouth, IL 48926",2022-07-31
495,Melissa Walsh,rdavis@example.net,"215 Paul Tunnel Apt. 642 West Jason, AZ 31476",2022-10-15
496,Robert Schmidt,nhammond@example.net,"9251 Brooks Village Williamschester, AL 72584",2022-04-20
497,John Ayala,erinweiss@example.com,"857 Zamora Cliffs Torresside, MD 19770",2020-02-19
498,Misty Mason,imartinez@example.org,"386 Fisher Fork Suite 837 Wilsonside, MA 33399",2022-02-16
499,Eric Sloan,phillipsdylan@example.org,"2716 Sierra Cliffs Suite 894 Hughesburgh, WA 03302",2022-06-18
500,Rebecca Conley,jessicawilliams@example.com,"30579 Flores Grove Apt. 903 East Jessica, VA 82723",2024-08-01
