id,name,email,address,date_joined
1,George Zimmerman,michelle50@example.com,"2022 Kelly Way Suite 767 Michaelhaven, GA 58881",2022-04-16
2,Alex Osborne,joseph29@example.net,"329 Tonya Extensions Suite 623 Davenportmouth, VT 94513",2020-07-18
3,Theodore Ritter,meganwhite@example.com,"4837 Lisa Spurs Apt. 137 Johnsonport, WI 37301",2021-08-14
4,Jennifer Campbell,cassie26@example.net,"1900 Robert Fords Suite 789 Geraldchester, NC 01806",2021-05-13
5,Tracy Miranda,krista73@example.net,"3372 Graham Path Port Aimeefort, TX 85831",2023-01-02
6,Louis Fischer,smithkevin@example.com,"477 Smith Cliffs Suite 164 Angelamouth, PW 08939",2022-01-15
7,Tammy Smith,nicole16@example.com,"08247 Maldonado Island East Jasonhaven, NE 85418",2022-11-27
8,David Smith,vaughnadam@example.org,"1479 Gregory Shoal Suite 179 Cunninghamside, VA 55936",2024-07-03
9,Tina Horne,ujohnson@example.com,"PSC 7010, Box 6405 APO AE 47118",2023-04-07
10,Katherine Davis,carterkaren@example.com,"590 Strickland Square Suite 307 West Anna, AL 72274",2023-06-26
11,James Luna,laurenbullock@example.net,"496 Harper Divide Suite 100 Johnsonville, PA 25693",2023-04-29
12,Linda Brown,cynthia89@example.net,"9927 Nathaniel Mountain Apt. 434 East Chadhaven, VI 51498",2024-04-10
13,Peter Anderson,stephaniehill@example.com,"19766 Stephen Run Wrightport, MA 55693",2022-07-22
14,James Mcdonald,vmcintosh@example.com,"90377 Robert Pass Suite 985 Cruzshire, CA 23808",2022-02-01
15,Cindy Cummings,olivereric@example.org,"7107 Christopher Cliffs Suite 623 New Jessica, GA 62152",2023-12-27
16,Tracy Johnson,darlenefrank@example.net,"4474 Amanda Locks Suite 452 South Angeltown, CA 51515",2021-05-02
17,Deborah Mann,vmoore@example.org,"70370 Welch Inlet Suite 383 Hernandezbury, FL 00502",2022-09-28
18,Brian Campbell,carlsonkelsey@example.net,"009 Figueroa Fields Johnstad, DE 83962",2021-02-18
19,Andrew Atkins,joannayoung@example.com,"029 Carolyn Passage Suite 527 New Phillip, NM 76245",2022-08-15
20,William Poole,amandabrown@example.net,"5971 Booth Road Apt. 759 New Kayla, GA 58159",2020-03-04
21,Mrs. Kristin Garcia,leslieweiss@example.net,"285 Alicia Cliffs Suite 296 South Lauren, AL 53565",2022-03-16
22,John Roberts,jwhite@example.net,"4024 Matthew Springs North Mary, WI 63894",2024-03-05
23,Kelly Rodriguez,martinezmichael@example.net,Unit 3251 Box 7353 DPO AA 20809,2023-11-27
24,James Ortega,joannorris@example.net,"82660 Jason Inlet Apt. 870 North Kevin, KS 45582",2022-05-02
25,Ryan Moore,ncampbell@example.net,"134 Moore Creek Apt. 318 Port Rachelport, ID 87478",2023-07-31
26,Kevin Delgado,schmidtlee@example.net,"6165 Glenn Forks Apt. 758 Lake Ambermouth, FL 10722",2023-07-26
27,Michelle Snyder,denise83@example.com,USNS Mann FPO AP 90872,2022-03-17
28,Gregory Frost,smaldonado@example.com,"44550 Kristin Mountain Geoffreyview, GA 15193",2024-06-06
29,Linda Davis,robert05@example.net,"1498 James Estate East Scott, AZ 12425",2020-01-02
30,Valerie Johnson,ysmith@example.net,"130 Bryant Villages Deckerhaven, PA 07195",2021-11-28
31,Janet Lee,christina11@example.org,"97566 Danielle Groves Suite 518 Davidshire, OK 46502",2022-12-04
32,Mrs. Jessica Williams PhD,mark84@example.org,"6739 Jesus Alley West James, NM 24555",2023-01-31
33,Cindy Schmidt MD,williamslarry@example.com,"42589 Bishop Viaduct Anthonyville, HI 41840",2023-05-19
34,Gary Smith,william68@example.net,"PSC 8831, Box 3622 APO AA 47886",2021-07-20
35,Dylan Morales,carlos50@example.com,USS Salazar FPO AP 78943,2020-04-14
36,Christian Shaffer,samanthaallen@example.org,"81146 Laura Knolls Suite 342 Port Maria, NJ 48688",2022-09-16
37,Christopher Garcia,vanessa33@example.com,"0293 Laura Island West Joannafort, NH 68148",2021-11-12
38,Kristen Pope,kpatton@example.org,"20628 Amy Manors Suite 096 Jacksontown, MS 15978",2023-12-26
39,Richard Larson,wanda42@example.com,"4114 Alexander Court Heidiberg, GU 75209",2022-10-15
40,Paul Rivera,allen55@example.org,"634 Christian Spring Lake Paulchester, NJ 97820",2020-10-30
41,Angela Frank,sharoncraig@example.org,"7150 Morrison Square Apt. 634 Port Amy, VI 82014",2021-11-25
42,David Sanders,samuelspencer@example.com,"2655 Kenneth Prairie Suite 593 Port Andrew, OK 31969",2020-03-31
43,Jennifer Fisher,whiterebecca@example.com,"28366 Tanya Gardens Apt. 611 Harrisonfurt, AK 10129",2020-12-15
44,Adrienne Smith,orodriguez@example.net,"5478 Luke Roads Port Nathanchester, MO 50300",2022-04-26
45,James Cox,brianmccarthy@example.org,"426 Amanda Tunnel Suite 214 Robertfurt, MA 37938",2023-11-04
46,Beth Foster,diazdaniel@example.org,"032 Hernandez Garden Nathanfurt, TN 76694",2023-02-01
47,Alexander Miranda,mooresarah@example.com,"416 Robbins Inlet Port Daniel, KY 20671",2024-07-21
48,Diane Mccarthy,jriley@example.com,"1652 Alexis Fords Apt. 113 Barbarachester, NC 69536",2023-09-13
49,Patrick Randolph,walshcourtney@example.org,"44203 Gray Orchard East Whitneyton, NM 02773",2021-12-31
50,Beverly Figueroa,jschmidt@example.org,Unit 2874 Box 6792 DPO AP 65597,2020-09-21
51,Benjamin Hall,joseph40@example.org,"643 Ray Valley Apt. 637 Deannaville, TX 29024",2022-02-11
52,Crystal Jackson,yolandayoung@example.net,"729 Brendan Route Apt. 601 Vincentfort, VT 81774",2020-04-03
53,Colleen Robinson,larry24@example.com,"507 Alvarez Shore Suite 825 East Veronicaville, VI 44016",2020-04-30
54,Tyler Wright,martinezpatricia@example.com,USNV Shelton FPO AE 95195,2024-08-20
55,Kenneth Robinson,jessewilliams@example.org,"9509 Quinn Flat Suite 205 Port Dianeburgh, NH 55708",2021-01-03
56,Dean Juarez,brittney65@example.net,"0419 Fitzgerald Groves Suite 374 South Pamelaberg, CT 07628",2021-10-30
57,Tyler Forbes,jesse18@example.net,"43184 Smith Cape Apt. 735 West Beverly, KS 26919",2023-12-16
58,Micheal Williams,jennifer92@example.net,"7529 Dickerson Wall Apt. 335 Bellshire, SD 90742",2024-04-19
59,Dr. Alyssa Peterson,walkerkrista@example.org,"318 Gonzalez Shoals Suite 595 Jacksonville, DE 77248",2021-11-28
60,Ruben Smith,kathrynwilson@example.net,"581 Ramos Vista Russellfurt, DC 74013",2022-10-23
61,Lisa Yoder,nbishop@example.net,Unit 5329 Box 6262 DPO AP 62762,2020-01-20
62,Vanessa Rivera,darren92@example.org,"74697 Sarah Glens East Charlesport, PW 82912",2021-07-21
63,Henry Jones,ccarter@example.org,"408 Gordon Key Suite 123 Mcphersonmouth, MN 15584",2020-11-07
64,Dustin Mitchell,wjennings@example.net,"914 Zhang Inlet Thorntonton, PW 94139",2021-09-20
65,Edward Cohen,davidvaughan@example.net,"7116 Macias Spur Jenkinsberg, MI 58400",2024-08-29
66,Shaun Johnson,ostevenson@example.com,"4416 Adrian Streets North Ashley, CT 20362",2022-12-14
67,John Shepherd,caitlinklein@example.org,"17992 Forbes Manors Apt. 768 Tylermouth, MN 18666",2021-04-05
68,Ricky Dean,whutchinson@example.org,"018 Buck Mill Flynnland, NM 22502",2024-09-22
69,Travis Buchanan,michaeldavis@example.net,"87699 Williams Course East Carolfurt, OH 85348",2021-11-23
70,Margaret Farley,ryanteresa@example.org,"81560 Tran Overpass Ericaland, ME 52123",2024-06-11
71,Shelby Woods,latoyalopez@example.org,"7124 Newton Motorway Apt. 704 West Kellychester, CO 93856",2020-02-02
72,April Gamble,ekelly@example.org,"5056 Smith Alley Calvinland, VT 38604",2024-08-22
73,Daniel Nelson,phillipstammy@example.org,"6706 Burke Mountain West Karen, NH 45370",2021-01-04
74,Stephanie Johnston,nparks@example.com,"363 Miller Ways Lindseychester, WI 97389",2020-05-19
75,Bethany Ramirez,meghan53@example.com,"0659 James Hill Apt. 302 North Jacobbury, OK 41288",2024-06-26
76,Joseph Roberts,oconnorchristina@example.org,"6069 Johnson Manors Suite 731 Burkechester, MA 45405",2024-05-25
77,Heidi George,christine85@example.org,"533 Kelly Route Sheilafort, AL 01685",2021-01-11
78,Abigail Patel,jennifer95@example.com,"1152 Nicole Summit East Michelle, MP 31975",2024-08-06
79,Nathan King,jarvisrachel@example.net,"59018 Jason Plains Apt. 386 Samanthaview, WV 15027",2021-04-20
80,Laurie Robinson,annette12@example.org,"6755 Madison Park West Bonnie, AZ 73896",2020-04-03
81,Christopher Cole,chavezchris@example.org,"11792 Theresa Fall Apt. 223 Marthamouth, SD 41048",2024-02-28
82,Lisa Glover,browntonya@example.com,"745 Sarah Lights Suite 570 Medinabury, MO 99619",2022-12-25
83,Scott Mooney,vanessahooper@example.com,Unit 5084 Box 8921 DPO AE 53289,2020-05-08
84,Thomas Stevens,amandawise@example.org,"2262 Miller Isle Suite 283 East Nicholasmouth, AK 29225",2024-01-13
85,Maria Sparks,michael72@example.com,"174 Smith Fork Hayeshaven, PR 59554",2022-12-31
86,Brian Miller,hallkelli@example.net,"54571 Mary Knoll West Johnhaven, ND 79622",2020-08-01
87,Chad Bonilla,wilsonjasmin@example.com,"8126 Lisa Brook Hooverstad, ND 68517",2021-01-26
88,Billy Bell,taylorgrant@example.net,"90667 Whitney Oval Suite 881 Williamshaven, NY 05736",2021-05-22
89,Brittany Oconnell,nlong@example.org,"0034 Kelli Forest Suite 701 North Joseph, HI 21207",2022-04-03
90,Lauren Mcneil,garciaedward@example.org,"305 Kara Wells Apt. 319 New Patriciaview, NJ 58291",2021-01-13
91,Leah Barajas,stephaniedorsey@example.com,"008 Lauren Canyon Apt. 075 North Michaelview, IA 12762",2020-12-17
92,Patricia Harris,matthewrhodes@example.org,"126 Adams Brooks Suite 435 Chadchester, NM 59483",2021-03-19
93,Dennis Gomez,wendy45@example.net,"637 Barnes Station Suite 083 West Jason, MI 20175",2021-11-15
94,Daniel Murphy,carrollvictoria@example.net,"724 Michael Cliffs Suite 030 Charlesberg, WY 84672",2022-10-20
95,Yolanda Smith,loridiaz@example.org,"36153 Michelle Turnpike Olsonside, AL 67424",2023-07-22
96,Sarah Thompson,everettsteven@example.org,"376 West Station South Sonya, IN 87859",2023-09-07
97,Christopher Perez,krista94@example.com,"18514 Sarah Drive Gregoryberg, OR 15904",2024-01-18
98,Karen Young,amanda18@example.org,"323 Tammy Freeway Apt. 101 Robertview, ND 10068",2020-02-17
99,Jesse Becker,mfischer@example.net,"714 Prince Creek Port John, ME 14454",2020-04-07
100,Lydia Estrada,westangelica@example.net,"130 Hall Ville West Benjaminport, OH 40269",2021-02-08
101,Amanda Jones,lorettablair@example.com,"18200 Sarah Overpass Apt. 913 East Jeremymouth, TX 30879",2021-01-25
102,Jimmy Hogan,adiaz@example.org,"PSC 4929, Box 2911 APO AP 97548",2020-09-18
103,Hannah Chavez,ojones@example.com,"955 Giles Mission East Cynthia, CO 50582",2021-11-27
104,Frederick Hunter,clarkekaren@example.com,"25373 Ryan Spring Suite 449 South Jonathanton, KS 40787",2022-06-17
105,Maria Schwartz,phillip00@example.org,"7749 John Knolls Suite 631 Nelsonfort, NE 69331",2024-01-19
106,David Crawford DVM,hansonshari@example.net,"84321 Johnston Via Suite 911 South Shawnaburgh, ME 50089",2022-06-28
107,Ronald Peck,julie31@example.org,"5876 Pope Terrace New Victoria, NY 00762",2023-04-17
108,Benjamin Williams,qthomas@example.net,"04833 Martinez Neck Stephanietown, DC 14517",2022-07-23
109,Steven Wright,denise49@example.org,"475 Rachel Mall Apt. 950 Port Laurenview, MA 73055",2021-08-02
110,Drew Hernandez,nancygreer@example.net,"5718 Herman Courts East William, MD 51540",2020-05-14
111,Misty Williams,patricklauren@example.com,"PSC 7214, Box 9832 APO AE 27149",2022-03-22
112,Patricia Wilson,hwalls@example.com,"65200 Johnston Views East David, IA 85053",2020-11-08
113,David Thompson,frush@example.org,"788 Shields Common Travisview, MS 15089",2023-08-16
114,Daniel Lawson,mercadoashley@example.com,"PSC 6019, Box 8392 APO AP 19145",2024-02-19
115,Jessica Sanchez,smcintyre@example.net,"479 James Keys Apt. 332 West Brenda, NM 86924",2021-10-27
116,Jeffery Bryan,colleen12@example.net,"7067 Christian Fords New Suzannebury, MI 04231",2022-08-28
117,Kristi Johnson,jdudley@example.com,"67149 Darryl Dale Apt. 791 New Christophertown, AS 90649",2023-05-21
118,Timothy Briggs,rwilson@example.org,"03745 James Stream North Angelicafurt, TN 93430",2024-02-06
119,Douglas Ross,wallen@example.com,"5120 Sara Rest Lake Robertfurt, KS 29371",2023-10-31
120,April Perry,fhunter@example.com,USCGC Crawford FPO AE 40974,2023-01-18
121,Heather Johnston,megan40@example.com,"073 Martin Forks Suite 976 Port Tabithaville, MD 47166",2023-07-05
122,Suzanne Marshall,darrell08@example.com,"9242 Leslie Fork Suite 663 Monicashire, SD 47254",2024-02-23
123,Marco Vazquez,monicawright@example.org,"8975 Barnes View Richardshire, CA 08325",2024-09-18
124,Connie Williams,yyoung@example.org,"74440 Torres Flat West John, CT 65974",2024-05-03
125,Anthony Blackburn,matthewhansen@example.org,"2537 French Mountains Suite 091 Sampsonland, MH 09492",2021-08-21
126,Karen Leach,hross@example.org,"3239 Walsh Pine East Raymond, NE 01353",2021-03-05
127,Timothy Solomon,anthony91@example.org,"67190 King Causeway Suite 033 West Stephanieberg, GA 09353",2021-03-11
128,Douglas Little,ryandonald@example.net,"9485 Cynthia Burg Apt. 852 Stephensmouth, MO 68970",2020-12-26
129,Tina Jordan,stephanieyoung@example.com,"950 Patrick Road North Tyler, CO 64777",2022-11-11
130,Rebecca Young,omerritt@example.com,"9397 Brown Ports Apt. 417 North Andreaville, DC 09507",2022-06-03
131,Jennifer Lucero,kimthomas@example.org,"PSC 5356, Box 9925 APO AE 40437",2021-03-24
132,Raymond Ellison,jeffreyacevedo@example.com,"56013 Cunningham Terrace Waltersside, FL 71954",2020-07-10
133,Nancy Daniels,olarson@example.com,"2106 Blackwell Square East Jackshire, TN 66622",2021-02-08
134,Cynthia Moore,edwinharris@example.org,"21612 Brandon Radial New Cheryl, AK 30963",2022-01-28
135,Kristina Khan,stephenstewart@example.org,"4549 Collins Villages East Stephanie, TX 59766",2021-02-14
136,Tyler Pope,bautistadaniel@example.com,"663 Austin Harbor Apt. 327 Gibsonborough, IL 04839",2021-04-24
137,Kevin Conway,nunezjimmy@example.com,"882 Joshua Port Elizabethmouth, DC 46528",2024-06-22
138,Cory Bowers,tdean@example.com,"5630 Cortez Trail Suite 694 South Brittany, MH 38464",2023-01-30
139,Sylvia Hale,vhale@example.com,"1622 Deanna Mills Masseyside, CA 33343",2022-05-17
140,Donald Flores,millerolivia@example.com,"07782 Kimberly Harbor Apt. 506 Cantrellbury, GA 71325",2022-02-12
141,Dylan Dixon,nbarnett@example.net,"23035 Thomas Wall Jonathanborough, PW 04661",2021-01-09
142,Linda Lopez,chapmanlisa@example.net,"42555 Lopez Fall Francoberg, SD 56814",2020-05-27
143,Sarah Robinson,vanessa85@example.org,"70095 Katrina Green Suite 045 Morganport, OR 68068",2021-05-14
144,Wesley Cortez,carloscook@example.com,"46291 Bolton Harbors Melindaside, CT 08336",2022-08-04
145,Jennifer Munoz,kylegarcia@example.net,"242 Johnson Brooks Riverafurt, TN 81184",2021-07-29
146,Marvin Garza,herrerajason@example.com,"45486 Micheal Ports Suite 936 Port Zachary, SD 18728",2023-02-28
147,Kenneth Bennett,hthomas@example.com,"670 Kathryn Park Suite 538 Christopherton, FM 54798",2021-03-08
148,Mary Allen,landerson@example.net,"717 Paige Oval Hodgestad, KS 46900",2023-05-01
149,Kevin Brown,wgraham@example.com,"PSC 3551, Box 6469 APO AE 48770",2024-10-01
150,Mitchell Hayes,angela06@example.net,"469 Craig Curve South Christopherton, PW 78860",2022-01-01
151,Darius Wall,williammartin@example.org,USS Castro FPO AE 50943,2023-11-17
152,Teresa Davis,millerjohn@example.net,"1565 Johns View New Dylan, KS 61462",2020-12-15
153,Jimmy Thomas,michael88@example.com,USNS Hernandez FPO AA 38926,2022-01-08
154,Michael Bowman,gregorythomas@example.org,"45659 Kenneth Via Andrewtown, NM 19573",2023-03-05
155,Lisa Hughes,williegilmore@example.org,"0022 Parker Fort Apt. 663 Lindseyshire, GA 59336",2021-07-26
156,Timothy King,anthony91@example.com,"1916 Adams Pike Apt. 492 Martinezfort, DE 31714",2022-02-11
157,Victor Perez,seanruiz@example.com,"25207 Isaac Squares North Johnton, WI 88804",2022-08-28
158,Erica Craig,jacob33@example.net,"3702 Roger Glen Apt. 450 East Margaret, AR 51097",2022-03-26
159,Joshua Lopez,douglasemily@example.com,"PSC 4160, Box 8993 APO AP 33961",2023-04-10
160,Jonathan Garcia,brandtpatricia@example.net,"493 Alison Meadows Suite 538 Coleburgh, TN 85640",2023-08-31
161,Douglas Sandoval,fsmith@example.com,"14718 Charles Village Port Samanthaside, CT 66236",2023-01-27
162,Carol Thomas,kimberlyrocha@example.net,"727 Freeman Mall Apt. 382 Dunnton, SD 70453",2020-07-07
163,Alexis Johnson,delacruzsamantha@example.com,"8287 Carol Drive Suite 509 Snyderstad, NH 14655",2020-04-11
164,Dr. John Hamilton,abbottlynn@example.com,"543 Jonathan Road Andersenport, WI 22511",2022-04-11
165,Charles Bernard,andrewsanders@example.com,"7350 Rachel Path Jacksonton, LA 16481",2020-01-18
166,Miguel Pineda,daughertydaniel@example.net,"136 Gardner Spurs Apt. 232 Port Ashley, ID 05023",2024-02-03
167,Dr. Amy Hernandez,ulee@example.org,"036 Thomas Extensions Hannahview, AZ 57891",2022-04-04
168,Kim Brooks,wpace@example.org,"222 Gonzalez Meadow Nobleville, MI 07863",2020-08-12
169,Allen Thompson,afields@example.org,"081 Erica Ridge Suite 252 Kayleeburgh, PR 48499",2020-01-10
170,Alisha Jones,michael93@example.net,"5064 Gonzalez Crescent Apt. 955 Monicatown, AL 67921",2021-09-22
171,Jamie Fleming,mariamiller@example.org,"8094 Joe Key Yangchester, RI 68523",2021-11-13
172,Garrett Davis,cisnerosjustin@example.org,"1840 Tara Island Stephaniemouth, TX 53395",2020-09-07
173,Michael Middleton,jbrown@example.com,USS Dalton FPO AA 36131,2023-04-11
174,Danielle Kline,cooknathaniel@example.org,"240 Jessica Walks Suite 841 Port Meganfort, SC 83130",2022-01-16
175,Brandon Wilson,dstanley@example.org,"05107 Joseph Cape Apt. 710 Kyleborough, MA 24320",2022-12-17
176,Kimberly Hudson,bergerautumn@example.org,"03852 Roberson Curve Suite 817 Shieldsmouth, IL 27265",2021-11-15
177,Elizabeth Black,jonesmichael@example.net,"12919 Lisa Keys Whitebury, AK 28227",2021-05-26
178,Brandon Wolf DDS,blandry@example.com,"28716 Melissa Knoll Ortegaland, LA 15029",2023-07-22
179,Traci Hogan,aaron91@example.com,"PSC 8133, Box 7671 APO AA 13274",2020-12-13
180,Natalie Spencer,heather40@example.org,"2986 Christopher Mountains Apt. 085 Jacksonview, SC 57080",2024-04-23
181,Deborah Gonzales,juliefrank@example.net,"21820 Watkins Passage Apt. 923 Annside, VT 05966",2020-05-14
182,Nicholas Villegas,davidvillarreal@example.org,"950 Kimberly River Apt. 304 South Joshuastad, WA 85432",2024-03-03
183,Veronica Hernandez,myoung@example.net,"029 Cunningham Vista Apt. 486 Byrdtown, VT 11683",2021-08-06
184,Patrick Espinoza,greenkenneth@example.net,"110 Benjamin Estates Suite 555 Jessicastad, KS 26450",2021-11-10
185,Noah Calderon MD,sean70@example.com,"5270 Micheal Groves Cynthiastad, VT 28866",2022-01-02
186,Kerri Daniels,crossdonald@example.net,"782 Santiago Grove Suite 685 Reedtown, WA 03660",2020-08-04
187,Edward Douglas,ykelly@example.org,"272 Kathryn Mountain East Thomasfurt, NH 01049",2021-03-25
188,Ronald Warner,iyoung@example.net,"3919 Roberts Plaza Brooksview, TX 63484",2022-05-05
189,Eduardo Lyons,russellkeith@example.com,"14604 Amber Loaf South Kelsey, PR 65575",2024-07-13
190,Anna Rivera,elizabethcasey@example.net,"942 Mcgrath Ramp Suite 084 Port Stephaniemouth, DC 39135",2022-06-09
191,Tiffany Martin,zrussell@example.org,"41760 Houston Mountain Apt. 792 Lesterland, WI 93068",2021-01-17
192,Charlene Evans,cochranmichelle@example.org,"20516 Long Via Suite 120 Ramseyville, WI 30144",2022-09-10
193,Arthur Parker,barbara37@example.org,"4701 Eric Springs Lake Wesleyshire, GA 74676",2020-02-24
194,Barbara Rodriguez,luis77@example.com,"598 Eric Gateway New Vanessashire, TX 17462",2021-06-17
195,Lacey Morrison,lambangela@example.com,"96928 David Camp Apt. 189 Dennismouth, DE 51859",2024-01-16
196,Thomas Greene,wallacegloria@example.net,"072 Harris Highway Suite 621 North Valerie, IN 09964",2020-09-24
197,Nicholas Moreno,lawsonalexa@example.org,"9087 Brian Rapids Suite 430 Gonzalezchester, MO 54790",2021-06-25
198,Julia Davis,clayton13@example.net,"PSC 1102, Box 7502 APO AA 01445",2023-09-14
199,Benjamin Watts,parksdominique@example.org,"38166 Ford Mills Evansville, NY 27552",2023-03-22
200,Colleen Smith DDS,mathissavannah@example.org,"3428 Terri Radial West Christopherborough, WV 44451",2022-07-05
201,Ryan Bryant,hornashley@example.net,"PSC 4516, Box 3817 APO AP 73100",2022-08-10
202,Sarah May,fpace@example.org,Unit 3287 Box 1724 DPO AP 02227,2022-10-03
203,Nicole Evans,erikmiller@example.net,USS Castaneda FPO AE 63391,2020-07-24
204,Kimberly Mendoza,powellchristie@example.com,"7006 Sarah Summit Maldonadochester, IL 93874",2021-08-01
205,Katherine Barr,newtonleonard@example.net,"4805 Ramirez Grove Piercefurt, WI 30631",2020-07-21
206,Melissa Evans,christophertran@example.com,"65145 Luis Harbor Apt. 082 Lake Thomas, HI 12016",2022-10-30
207,Kaylee Smith,audrey42@example.net,"85015 Velez Meadow Suite 836 Danielston, NY 68815",2020-09-24
208,Melanie May,martin53@example.org,Unit 0280 Box 0522 DPO AA 88269,2021-10-23
209,Latoya Cortez,peter49@example.com,"21225 Conrad Parks Lake Christina, KY 08453",2021-11-02
210,Tina Bright,robertmorgan@example.org,Unit 6717 Box 2491 DPO AE 68408,2022-11-10
211,Edward Peterson,melaniewolfe@example.org,"16848 Lacey Court Suite 207 Johnsonborough, NE 54184",2021-01-09
212,Cameron Davis,brandonburns@example.org,"1183 Jacob Isle Suite 202 Port Julieburgh, MD 70222",2022-04-10
213,Daniel Velasquez,ruthhouse@example.com,"502 Garza Shoal Lake Chelseashire, GU 82484",2023-02-22
214,Samuel Arnold,lgutierrez@example.org,"2116 Bauer Passage Suite 817 North Robert, VA 18900",2022-04-14
215,Luis Cooper,dayjason@example.org,"PSC 9369, Box 1194 APO AP 37452",2021-06-13
216,Laura Costa,matthewharris@example.org,"9267 Teresa Village Port Kimberlyburgh, VA 81616",2021-01-01
217,Melissa Perez,adam59@example.com,"084 Cathy Island Suite 148 Vaughnland, AR 11022",2023-12-03
218,Kathryn Morales,donovantracy@example.org,"5599 Stephanie Isle Apt. 858 East Daniel, SC 79168",2023-11-18
219,Karen Henderson,philipavila@example.net,"6405 Annette Cove Apt. 124 Michaelshire, MA 44537",2024-02-16
220,Wesley Sharp,seanhenderson@example.net,"70962 Nicole Lodge North Tony, MP 62576",2021-04-01
221,Barbara Campbell,fclayton@example.org,"4951 Barbara Keys Suite 514 Knightside, VI 85100",2023-11-29
222,Patricia Sullivan,mark19@example.net,"328 Hill Port South Thomas, NM 87875",2020-05-14
223,Carmen Bridges,jasminerobinson@example.org,"5691 Ball Grove South Karenberg, OR 28074",2022-01-23
224,Jeffery Anderson,branchmarilyn@example.com,"7342 Mccarthy Gardens Suite 527 Sandraberg, ID 34799",2020-03-19
225,Gary Sanchez,derek11@example.net,"13137 Atkinson Forest Apt. 863 Port Kiara, AK 61939",2020-04-17
226,Sandra Mosley,anita57@example.com,"353 Gregory Valley Lake Donaldstad, ND 36284",2023-01-13
227,Katrina Walton,phillip62@example.com,"844 Bruce Turnpike East Dianaberg, NH 92247",2020-06-19
228,Mr. Russell Gay MD,kimberlykidd@example.org,"327 Riggs Junction Boydtown, ID 14957",2021-03-07
229,Tammie Smith,curtis03@example.org,"4468 Christina Walks Goodwinmouth, AR 78971",2023-12-05
230,Susan Strickland,davidscott@example.net,"456 Theresa Parks Melissaton, TX 66950",2024-02-24
231,Sara Arnold,martinezbreanna@example.com,"6412 Davis Squares Apt. 761 Lake Meganland, MN 01966",2023-01-01
232,Amanda Bell,amanda54@example.net,"44904 Ramirez Junction Apt. 204 North Samueltown, OR 30466",2023-10-07
233,Nicole Adkins,iaustin@example.net,"8134 Suzanne Course Bradleyborough, PR 17009",2021-06-25
234,Beverly Mcbride,benjamin85@example.net,"7672 Kim Forges West Carlashire, KY 67674",2021-11-22
235,Jacob Johnston,amberlopez@example.org,"89439 Garcia Trace Lake Mariomouth, MA 23651",2021-03-09
236,Jennifer Hopkins,christopher92@example.org,"15278 Johnson Walk Bullocktown, MS 36306",2024-02-29
237,Alyssa Davis,vjacobson@example.net,"5813 Moore Manors Apt. 600 Edwardsborough, WY 00665",2022-01-30
238,Lisa Silva,alicia83@example.net,Unit 4875 Box 1066 DPO AA 24552,2023-02-09
239,Joann Mitchell,rprice@example.net,"0084 Ellison Roads Apt. 119 Port Tina, SD 82760",2021-06-09
240,Walter Benson,cfitzgerald@example.net,"PSC 7344, Box 6921 APO AE 99382",2020-10-16
241,Mario Melton,adammoreno@example.net,"465 Daniel Heights East Paul, MA 92858",2024-08-28
242,Sarah Williams,richmondjessica@example.net,"89983 William Spurs Apt. 818 Waltersport, PR 87542",2023-10-18
243,Aaron Kim,yucharles@example.net,"9832 Andrea Loop North Kevinside, AZ 53071",2022-12-05
244,Angela Holland,wduarte@example.org,"7515 Nielsen Dam Suite 874 East Krystalport, SD 12431",2023-08-28
245,Lauren Cross,montgomerybryan@example.com,Unit 8725 Box 7888 DPO AE 10959,2023-01-10
246,Edward Campbell,hhood@example.org,"8063 Daniel Village Apt. 674 Nicholasberg, FL 28798",2022-10-03
247,Jacob Chavez,ronald45@example.org,"02924 Thompson Shore New Josemouth, VI 87405",2021-05-07
248,Kelly Nelson,morenodiane@example.net,"84965 Kevin Ridges Lake Jodyfurt, NY 98683",2024-01-24
249,Tiffany Collins,maldonadoryan@example.net,"32960 Garcia Fort Apt. 778 Port Hannahbury, HI 34246",2023-06-30
250,Tina Thompson,penajonathan@example.net,"51025 Cantrell Plains Apt. 640 Holthaven, HI 34459",2022-05-24
251,Casey Rodriguez,pinedamarcus@example.org,"8997 Walton Garden Murphyshire, NY 67801",2020-02-22
252,Dale Waters,anthonyjohnson@example.com,"42303 Smith Place Singletonview, WI 05766",2023-09-22
253,Stanley Osborn,michaelkelley@example.com,"81356 Erin Path Suite 608 New Timothyborough, CT 26900",2021-03-21
254,Eric Jones,richardhughes@example.com,"215 Ryan Fields North Amber, NJ 46934",2023-04-17
255,Michelle Webb,davidmarks@example.com,"9070 Anderson Mountains Suite 555 North Georgeland, NM 25760",2023-11-15
256,Elizabeth Reed,katherine30@example.org,Unit 7506 Box 6394 DPO AE 31277,2021-03-08
257,Charles Brown,shane19@example.com,"558 Kimberly Fields Suite 473 Jennifermouth, UT 69117",2024-07-24
258,Stephanie Brown,goldentammy@example.org,"PSC 7275, Box 9277 APO AP 33444",2022-05-21
259,Derek Moore,gsmith@example.org,"34927 Mary Mountain Suite 331 Kimberlymouth, AK 25623",2024-04-19
260,Rebecca Wolfe,nsmith@example.net,"5386 Evan Point Suite 641 Rodriguezview, AS 06025",2021-07-13
261,Michael Rogers,brian35@example.net,"656 Robin Lodge West Javier, IN 24615",2024-09-25
262,John Butler,dgreene@example.net,"40918 Cooper Isle Allenfort, PR 63203",2024-09-08
263,Erin Cook,ifisher@example.com,Unit 4646 Box 0309 DPO AA 87280,2021-12-28
264,Allison Delacruz,fuenteschristopher@example.org,"880 Kevin Pass Apt. 988 Jessicaburgh, OH 19465",2023-01-02
265,Tammy Ray,lindasmith@example.com,"PSC 5762, Box 2753 APO AE 28038",2020-08-25
266,Amy Gregory,campbellronald@example.org,"31081 Baldwin Brooks South Melissa, HI 67721",2021-04-04
267,Maria Jones,stevenmartin@example.com,"025 Preston Place South Shaunborough, NJ 88069",2023-06-08
268,Brian Richards MD,perezmichelle@example.org,"1493 Kelly Lane Apt. 056 Andersonfort, AL 54068",2021-03-26
269,Sean Smith,harrisonchristy@example.com,"278 Tony Mountains Suite 861 Yatesberg, AR 12114",2024-05-29
270,Michael May,colton62@example.org,"99255 David Courts Robertsville, DE 37829",2020-10-15
271,Amanda Ferrell,ldawson@example.net,"47718 Ortiz Lane Brandonview, MI 71185",2024-06-16
272,Daniel Larson,robin85@example.org,"35879 Rodriguez Point Apt. 596 South Lisa, IL 79836",2020-10-10
273,Kayla Norman PhD,tanyaevans@example.net,"1856 Shaw Valley Jimenezville, VI 25799",2021-04-19
274,Zachary Henry,jordanandrea@example.org,"9385 Sara Valleys Apt. 524 North Melissa, TX 80670",2023-01-14
275,Jason Wallace,john58@example.com,"12441 William Centers Benjaminburgh, ND 58557",2024-02-16
276,Mary Richmond,cindy13@example.net,Unit 5574 Box 9483 DPO AP 59713,2022-04-11
277,Michael Fisher,adamnelson@example.org,"798 Abbott Station Julieberg, WA 97886",2024-04-10
278,Dylan Garcia,schmidtelizabeth@example.net,"073 Teresa Port Darleneborough, RI 95753",2022-03-26
279,Rachel Barrera,marshallshelby@example.com,"77831 Lance Trail Apt. 859 Abigailmouth, SC 66461",2022-07-16
280,Angela Jones,peter08@example.com,"43865 Nunez Lodge Suite 759 Madelineland, PR 79467",2023-05-06
281,Amy Munoz,robertsallison@example.com,"540 Moody Prairie Lopezport, CA 25873",2020-02-22
282,Angela Thompson,sethhiggins@example.org,"3252 Gary Forest Suite 533 Alexishaven, NC 59569",2020-12-25
283,Phillip Atkins,steven27@example.org,"3452 Gavin Forges Suite 092 South Amy, CO 30933",2020-01-13
284,Jo Ryan,kenneth72@example.com,"5299 Tamara Drive Apt. 236 West Larryshire, GA 18889",2020-01-05
285,Kimberly Edwards,mmorris@example.com,"19535 Hutchinson Shoal Moralesshire, ID 98619",2021-03-26
286,Carla Wilson,dwayne51@example.com,"64446 Molly Plain Apt. 973 West Jeanettemouth, RI 90511",2020-04-14
287,Cody Cooper,renee13@example.net,"395 Geoffrey Dam Suite 017 Muellerview, IL 30220",2020-02-17
288,Jeffrey Baker,dominguezrichard@example.com,Unit 7988 Box 6170 DPO AA 09104,2020-04-29
289,Kayla Stevenson MD,stephaniehawkins@example.net,"53934 Martinez Fords Suite 518 Alexisside, WI 19403",2023-01-04
290,Samuel Cross,mpeterson@example.net,"97481 Baker Club Bridgesmouth, TX 91341",2024-03-29
291,Mr. Derrick Parker Jr.,jonesdavid@example.com,"8519 Megan Islands Apt. 185 West Tylerport, PA 58341",2024-02-17
292,Michael Peterson,david07@example.com,"35067 Martin Falls Apt. 249 Lake Michael, NV 62185",2024-05-10
293,Brenda Small,strongjacob@example.net,"14392 West Road Apt. 147 West Bianca, SD 43563",2024-01-07
294,Manuel Rhodes,stephanie75@example.net,"42707 Angela Cliff North Catherinemouth, VT 94334",2021-11-23
295,Andrew James,jessica15@example.com,"583 Howell Roads North Austinville, TN 33393",2021-10-22
296,Dr. Andrea Huerta DVM,qjohnson@example.net,"4233 Robert Field Chadstad, IL 60266",2021-04-11
297,Edward Riley,holly82@example.org,"0477 Kristin Via Kathleenview, VA 07282",2022-11-14
298,Victor Cardenas,michaelnixon@example.net,"090 John Shore East Crystal, PW 59307",2023-05-25
299,William Powell,pinedabrittany@example.org,"03036 John Prairie Apt. 976 Ericchester, IL 71089",2021-07-30
300,Ethan Wallace,sarah21@example.org,"14444 Mark Bypass Brooksbury, PR 73020",2022-05-06
301,John Mcdonald,tanyamcmillan@example.net,"556 Macias Spurs West Alexandria, NY 69217",2024-07-27
302,Sheri Tran,taylor71@example.org,"7665 Nathan Field Suite 124 West Chris, IN 07711",2020-07-27
303,Erica Hernandez,sandra85@example.org,"33925 Ryan Corner Suite 283 Whitemouth, WI 33347",2023-06-26
304,Antonio Palmer,daisy97@example.org,"208 Ashley Crossroad Apt. 303 West Danielle, PW 66708",2020-06-22
305,Maria Cooper,oknight@example.org,"8100 Lisa Hill Apt. 050 Larsonview, AL 98728",2020-06-28
306,Laura Jones,amandahunt@example.com,"930 Emma Locks Joycemouth, MD 94882",2021-03-07
307,Aaron Donaldson,gabriellachaney@example.com,"085 Walker Loaf Johnfort, MH 24060",2024-02-20
308,Kayla Dixon,panderson@example.org,"3564 Amanda Harbor Bryanfurt, ID 13125",2024-06-01
309,Mr. Brian Ross,leesheri@example.net,"881 Fowler Mall Suite 762 New Patricia, NE 31034",2023-04-27
310,Dwayne Brown,stevensashley@example.com,"778 Murillo Pass Suite 344 Tonybury, DE 24602",2020-04-19
311,John Dickson,gregory65@example.org,"9210 Cole Lake Victoriaborough, ME 82100",2023-08-10
312,Andrew Carroll,kaufmanallen@example.org,"692 Brown Crossing Russellbury, RI 03733",2023-06-03
313,Juan Mayo,jamie07@example.com,"737 Lee Wall Apt. 095 Lake Allison, UT 93681",2020-04-29
314,Ashley Richardson,meghan64@example.org,"451 Davis Fall North Stephanie, AK 19387",2022-12-10
315,Susan Patel,chadlopez@example.net,"099 Zhang Brooks Paulamouth, HI 84013",2020-09-10
316,Ian Aguilar,ypatrick@example.com,"077 Amanda Tunnel Apt. 231 Floresland, PW 46243",2020-08-08
317,Steven Robinson,ostuart@example.com,Unit 5154 Box 1427 DPO AE 03713,2023-03-18
318,Julian Murray,wnguyen@example.com,"2917 Wright Hollow Suite 867 Davidmouth, AK 15857",2023-04-14
319,Eduardo Graham,osbornjennifer@example.net,"87721 Angela Lodge Apt. 405 East Victor, MD 61544",2023-01-10
320,Christian Hayes,harrisshannon@example.com,"87330 Christopher Street Apt. 605 Lisaton, NH 15050",2024-07-27
321,Shane Baker,taylorward@example.org,Unit 3476 Box 7151 DPO AP 18554,2021-07-04
322,Caitlin Torres,alyssahunter@example.com,"37075 Nicholas Tunnel Johnsonborough, AS 31198",2023-12-02
323,Rodney Rodriguez,jeffreyrobbins@example.net,"16998 Candace Mount Lake Brandontown, PW 19197",2020-12-20
324,Jessica Grant,matthew55@example.org,"75210 Perez Underpass Apt. 630 Garciaton, WA 84664",2022-04-05
325,Chelsea Bowman,madams@example.net,"785 Brown Parkways Apt. 581 North Thomasland, TX 99910",2023-08-25
326,Mark Wheeler,ehernandez@example.com,"2719 Jacqueline Station Matthewshire, WI 11169",2024-04-05
327,Stephanie Cook,elizabethfields@example.org,"97092 Joseph Rapid New Alisonport, AL 21659",2021-10-18
328,Douglas Rios,victoriavance@example.com,"74420 Kimberly Green Apt. 185 Tinaburgh, ND 57607",2020-09-11
329,Aaron Craig,bgarcia@example.net,"48684 John Valley Apt. 646 Franklinside, CO 17880",2020-01-01
330,Katrina Jones,richardblack@example.org,"177 Connie Crescent Ryanbury, ID 30509",2020-06-24
331,Emily Smith,marco30@example.net,Unit 0567 Box 0199 DPO AE 93536,2023-07-18
332,Michael Dudley,john88@example.org,"018 Angela Manors Apt. 012 North Tyler, OH 61727",2022-10-06
333,Laura Powell,joelwinters@example.org,USS Lewis FPO AE 68627,2021-05-02
334,Andrew Brown,martinwhite@example.net,"PSC 1787, Box 3748 APO AP 21268",2020-03-26
335,Glenn Miles,fanderson@example.org,"256 Bowen Mills Suite 834 New Andrew, AK 28680",2021-09-16
336,Lisa Simmons,jessicagreene@example.net,"5537 James Parkway Suite 966 South Lauriemouth, HI 48687",2021-11-29
337,Robin Watkins,juliestrickland@example.net,"2766 Patel Isle Mosleyhaven, UT 20173",2021-08-25
338,Laura Brown,xburns@example.org,"8142 Leblanc Skyway New Jonathonburgh, DC 42523",2021-01-26
339,David Rios,alexandersmith@example.org,"059 Lisa Rest Port James, MI 55845",2023-07-10
340,Gregory Martin,marybarnes@example.org,"906 Wright Stream Adamchester, KS 97787",2021-05-05
341,Todd Thomas,kevinholden@example.org,"833 Adams Ridge Apt. 839 Bendershire, CO 73461",2022-11-08
342,Jessica Quinn,kevin56@example.org,Unit 5560 Box 6151 DPO AA 46267,2021-02-10
343,Jason Smith,phillipsscott@example.com,"PSC 0384, Box 8533 APO AA 50826",2021-01-14
344,Jeremy Dickerson,geraldleonard@example.com,"9995 Melendez Dale Suite 896 Davishaven, OK 84821",2021-05-03
345,Holly Clark,jamesphillips@example.com,"0291 Taylor Roads Port Kellybury, AR 33750",2024-06-16
346,Cynthia Burton,nicole69@example.com,"5458 Elliott Cliff Lake Josephmouth, NE 12561",2021-09-07
347,Andrew Casey,amanda97@example.org,"930 Rachel Prairie West Ronaldmouth, IN 64631",2023-07-05
348,Laura Olsen,ywhite@example.org,"909 Donald Squares Apt. 624 Chrisfort, CT 37643",2021-12-03
349,Dustin Cox,probinson@example.org,"175 Porter Mission Suite 582 North Johnchester, FM 41834",2021-03-01
350,Vickie Peterson,smithelizabeth@example.net,"2305 Teresa Harbor Staciebury, ID 52939",2023-02-12
351,David Wilson,wilsonbarbara@example.com,"822 Lopez Estate Suite 169 Orozcoland, GA 57232",2021-08-10
352,Heather Williams,haleamanda@example.com,"3078 John Avenue Jamesberg, WV 17564",2021-12-18
353,Corey Henry MD,bradley91@example.com,"352 White Cove Suite 345 Banksshire, AZ 43317",2023-08-26
354,Lisa Henry,fordrandall@example.org,"8901 Steven Ridges Suite 429 South Brandontown, KY 13067",2020-09-15
355,Paige Powell,brownsarah@example.net,"731 Glen Walk Suite 885 West Christine, IA 08741",2023-08-01
356,Dustin Lee,rballard@example.org,"696 Collier Pines Apt. 309 Lake Brianburgh, MD 83418",2021-09-19
357,Jeremy Barnett,zoliver@example.org,"3445 Kyle Forest Lake Gerald, MO 93092",2021-04-04
358,Sean Davis,marc42@example.org,"30069 Newton Alley Suite 281 Natashaton, WI 98759",2020-10-27
359,Garrett Smith,patrickdavis@example.net,"155 Paul Alley Apt. 292 South Steven, VA 41194",2021-12-19
360,Shane Gomez,njenkins@example.com,"487 Cameron Roads Lake Jeffrey, UT 27232",2020-06-07
361,James Walton,rebeccaboyd@example.com,"4517 Mcclain Bypass Apt. 999 Moyertown, IA 82406",2022-12-05
362,Stacy Wright,william20@example.net,"30307 Young Route Michaelburgh, MP 45616",2020-03-19
363,Glenn Dennis,kgarcia@example.com,"8701 Stacey Trafficway Suite 432 Nicoletown, VI 76466",2024-01-29
364,Cynthia Allen,snydereric@example.net,"107 Sheri Course Apt. 968 Brettborough, TN 86118",2020-06-30
365,Jared Coleman,wwilliams@example.org,"15143 Mallory Pike New Brandonton, GA 47888",2023-07-27
366,Michael Anderson,joshuabrown@example.org,"926 Michelle Port Suite 745 Port Amandashire, CA 99542",2022-05-22
367,Lisa Pittman,russell28@example.org,"139 Angela Well Suite 493 West Melindahaven, NY 00720",2020-12-17
368,Maria Ward,kimberly11@example.org,"527 Justin Centers Suite 998 Lake Jennifermouth, SC 52825",2020-02-16
369,Zachary Bell,melvinwallace@example.org,USNV Sanchez FPO AE 75677,2021-08-10
370,Pamela Hill,huntercarla@example.com,"735 Miller Wells Bishopville, NC 43347",2023-01-08
371,Jacob Mason,hawkinseric@example.net,"977 Klein Station Suite 487 New Joshua, DC 07218",2020-10-11
372,Cheryl Joseph,qmclaughlin@example.org,"723 Porter Summit Suite 782 Port Vincentton, NM 76377",2020-12-21
373,Helen Davis,zjensen@example.com,"32669 Brittney Corner Armstrongshire, LA 40493",2023-01-07
374,Emily Walls,dmills@example.org,"220 Sean Trail Apt. 963 South Holly, FM 77010",2024-04-01
375,Jason Moreno,jose75@example.net,"3945 Steven Land Suite 599 Pruittport, OH 77855",2021-01-05
376,John Kelly,albert01@example.org,"929 Hill Plain Andradehaven, OH 16501",2023-08-01
377,Jeffery Randolph,charles74@example.com,"PSC 7656, Box 7749 APO AA 78344",2021-08-11
378,Natasha Williams,masonrebecca@example.org,USNV Hoover FPO AP 69912,2024-07-21
379,Frederick Blake,xknight@example.net,"0080 Knight Run Apt. 474 Smithton, MH 40243",2023-08-17
380,Carly Perry,mooremark@example.org,"412 Douglas Vista Suite 380 West Monica, FM 29796",2020-02-26
381,Mark Brown,patrick74@example.org,"85538 Taylor Station Eileenberg, NV 80818",2023-05-05
382,Douglas Perkins,stephanieanderson@example.org,USS Lynch FPO AE 76665,2024-09-13
383,Garrett Bailey,jbuchanan@example.com,"83656 Becky Street Smithstad, VI 81411",2020-02-22
384,Johnny Harrington,pwalsh@example.net,"7047 Kenneth Pine Suite 099 Watkinsborough, SC 55485",2024-01-23
385,Joshua Jones,brian72@example.org,"482 Daniel Well West Raymondmouth, MN 25711",2021-04-23
386,Lauren Dominguez,jennifer44@example.net,"4432 Laura Ramp Apt. 915 South Troy, HI 00642",2021-07-27
387,Alan Douglas,vanessahall@example.org,"74392 Nicholson Spurs Apt. 891 Perezton, NV 40677",2021-02-27
388,Michael Decker,john70@example.net,"2348 Rodriguez Port Suite 488 Port Travischester, NY 17612",2024-01-06
389,Jennifer Hamilton,hlong@example.org,"7730 Norton Inlet Ramirezton, AK 27277",2020-09-12
390,Jeffrey Garcia,campbellseth@example.net,"5259 Gonzalez Mill Suite 363 Hernandezport, WI 84987",2023-10-08
391,Rachel Shannon,dana20@example.net,"537 Johnson Gardens Nicolebury, CT 12462",2021-08-27
392,Kimberly Brown,sue82@example.org,"PSC 4528, Box 6410 APO AE 80451",2021-02-11
393,Jason Taylor,mfletcher@example.org,"203 Mclaughlin Crest Suite 242 North Benjaminville, SD 28791",2022-02-16
394,Rose Ruiz,mbeard@example.com,"1780 Mary Walks Suite 093 Paulborough, DC 97672",2021-01-14
395,Susan Rodriguez,brownalexandria@example.net,"8196 Coleman Shore New Veronicamouth, FM 13635",2024-10-03
396,Dr. Richard Acosta,rodriguezerin@example.org,"4669 Weiss Place West Laura, OH 18734",2022-07-13
397,Patricia Wright,mariamorris@example.org,"368 Martin Mews Suite 331 Waltersborough, FL 00787",2024-05-05
398,Drew Byrd,pbenitez@example.com,"2845 White Shoals New Jennifer, NM 78596",2024-02-17
399,Bryan Wilson,mullinsryan@example.net,"6383 Jason Cliffs Suite 156 New Andrea, NV 01453",2024-04-07
400,Ruben Acosta,jopowers@example.org,Unit 0790 Box 7614 DPO AP 02022,2023-12-15
401,Daniel King,margaretgarcia@example.com,"73719 Wallace Haven Suite 317 Lake Robertburgh, RI 17817",2023-07-10
402,Mark Lee,johnsonheather@example.net,"41938 Joy Locks New Meghan, OH 06266",2024-09-08
403,John Little,dmartinez@example.org,"479 Stephanie Green Apt. 457 Lake Rickyhaven, GU 97223",2022-05-27
404,Lisa Stuart,hhess@example.net,USS Powers FPO AE 35248,2021-07-23
405,Donald Anthony,adamsshirley@example.net,"966 Edward Isle New Rachel, PA 01344",2020-09-28
406,George Willis,mrice@example.org,"38618 Reyes Mall Geraldbury, AL 10529",2021-09-23
407,Amanda Barron,loganturner@example.com,"22946 Smith Burg West Betty, WV 96442",2020-03-22
408,Richard Moore,reesejasmine@example.com,"14663 Oconnell Spring Apt. 061 East Anthony, AK 75514",2021-08-07
409,Daniel Chambers,cjones@example.com,"16197 Amanda Mill North Michelle, ID 65954",2024-04-12
410,Robert Lane,burnsjoseph@example.net,"3762 Shannon Crossing East Samanthabury, VA 49141",2020-07-13
411,Spencer Acosta,timothy15@example.com,"17126 David Spur New Raymond, CT 60823",2023-02-18
412,Diana Ray,todd43@example.org,"06409 Jonathan Village Yvonneside, CA 83597",2021-01-27
413,Chad Martin,jane59@example.org,"269 David Greens New Johnathan, NH 75430",2020-12-17
414,Stephanie Mitchell,vincentray@example.org,"32627 Sexton Motorway Jonathanberg, PW 20224",2022-12-09
415,Wanda Wiggins,amandaroberts@example.com,"5529 Rodney Bypass Apt. 295 Ashleyhaven, NE 56894",2023-10-18
416,Andrew Brown,stephensonsandra@example.com,"866 Laura Road Jasmineport, NV 96750",2020-06-21
417,Nicole White,berryhaley@example.org,"55537 Smith Street Suite 421 Amandachester, ID 81478",2023-08-15
418,Jean Vasquez,prattjulian@example.net,"82540 Stone Pine Suite 075 North Margaret, CO 42496",2021-05-19
419,Patrick Murphy,deanjasmine@example.net,"8764 Cook Estates Suite 426 Lake Lisa, ME 90206",2021-06-22
420,Andrea Clark,paul96@example.net,USNS Beard FPO AP 57640,2023-03-15
421,Aimee Morgan,seanmathis@example.org,"028 Sanchez Stream Apt. 376 North Monicaburgh, ID 55051",2022-06-25
422,Leslie Roberts,gbrown@example.net,"49842 Pena Trafficway Port Chelseyfort, SC 95991",2022-05-30
423,Kristin Rose,andrearoy@example.org,"257 Donovan Shoals Seanborough, AS 01402",2020-10-30
424,George Richards,raymond52@example.net,USNS Neal FPO AE 27721,2022-09-30
425,Gregory Thompson,brandonhernandez@example.org,"9954 Walker Highway Richardsonborough, MD 62011",2022-08-09
426,Donna Miller,randalltraci@example.net,"5996 Scott Groves Suite 120 Shawnview, CO 89482",2024-07-20
427,Samantha Miller,jorge73@example.net,"8478 Diaz Lane Suite 074 South Jeremiahchester, SD 10286",2022-06-12
428,Maria Lopez,josephjacqueline@example.net,"41672 Moore Park Carterbury, DE 41537",2023-05-24
429,David Knox,williamsjoseph@example.net,"963 Velez Station Apt. 072 Port Erin, IL 09215",2020-06-29
430,Brandon Hill,teresacarr@example.org,"733 Erin Rest New Ryan, AS 75418",2020-05-06
431,Katherine Johnson,teresagarza@example.net,"79291 Justin Walk Suite 116 Jimmyfurt, VT 95832",2024-04-23
432,Katherine Reyes,trevorbates@example.net,"3828 Morales Stream Suite 774 Powelltown, IN 08492",2022-02-14
433,Rebecca Drake,jamescline@example.org,"19763 Davis Rapid Port Thomasstad, ME 91286",2022-06-12
434,Christopher Kelly,dgraves@example.org,"16964 Douglas Mills Suite 342 Cynthiamouth, MT 39473",2024-06-07
435,Tina Smith,johnsondustin@example.net,"63756 Mcguire Glen Stanleyhaven, NM 01726",2022-12-22
436,Pamela Adams,thompsoncharles@example.net,USNV Johnson FPO AA 79617,2020-03-31
437,Frank Harrison,ucooper@example.com,"1243 Smith Rapids Christopherhaven, PW 85041",2021-05-06
438,Andrew Conley,samantha84@example.org,"293 Hartman Fords New Michael, SC 63288",2024-01-10
439,Brian Chung,christopher05@example.com,"446 Anthony Vista Lake Marissachester, KS 75639",2023-08-03
440,Albert Martinez,richard62@example.org,"3439 Michael Lakes Walkerland, VA 85071",2023-09-17
441,Tina Miller,morgandavid@example.org,"8035 Richard Ramp Suite 431 North Chase, NY 80852",2024-08-31
442,Michele Garcia,isimmons@example.com,"265 Gonzales Mill Joseberg, DE 20760",2021-09-22
443,Paul Wilkerson,harringtontimothy@example.com,"73204 Shea Islands New Christianbury, MI 63178",2022-05-03
444,Jacob Delacruz,rhondasims@example.com,"36495 Tanner Squares Randyfurt, NM 66236",2020-10-07
445,Jason Hernandez,davislinda@example.net,"319 Ferguson Gateway Williamsberg, OK 17444",2024-02-04
446,Laura Roberts,andersonveronica@example.com,"011 Randall Springs Suite 919 Port Jason, NM 39376",2024-04-04
447,Jodi Daniel,lisaortega@example.com,"56350 Beard Cove Apt. 370 Wongberg, MP 33123",2020-01-10
448,Robert Hood,wgreen@example.com,"2968 Dawn Fields West Victormouth, MS 94161",2022-07-24
449,Michael Jackson,hernandeznicholas@example.org,"652 Carlson Ramp Suite 252 Nathanchester, VA 51845",2024-08-16
450,Edward Frazier,qrobinson@example.net,"504 Smith Estates Apt. 175 West Ashleyport, CO 11935",2020-07-25
451,Stephen Duncan,xjefferson@example.net,"8543 Stafford Via Suite 454 Blackville, WI 14143",2022-01-06
452,Stephen Perez,ywatson@example.net,"2861 Heather Curve Apt. 703 East Matthew, VI 67478",2022-10-20
453,Darius Howard,fjohnson@example.com,"302 Villa Extensions Apt. 748 Smithborough, WI 09460",2024-10-04
454,Anthony Lozano,martinsue@example.com,"2440 Thomas Ranch Whitneyfort, DC 97765",2023-07-08
455,Benjamin Rodriguez PhD,shunter@example.org,"80128 Shaw Lane Apt. 363 South Brianna, KY 58426",2022-04-22
456,Yvonne Griffin,amberdavis@example.org,"94885 Robinson Lodge Longberg, PW 88693",2023-08-07
457,Jennifer Barnes,stephaniesnow@example.org,"10304 Arnold Flats Suite 874 South Valeriefurt, MI 77445",2021-11-20
458,Donald Jackson,samanthagonzalez@example.org,"4122 Samantha Square Apt. 611 Stewartberg, WY 36178",2021-08-01
459,Mr. Michael Kelly,cindy61@example.com,"PSC 0998, Box 2105 APO AA 23600",2021-04-23
460,Philip Morgan,alexstout@example.com,"06108 Ramirez Spring Port John, AL 74555",2020-06-28
461,Norma Hale,keithlandry@example.net,"5566 Poole Inlet New Lanceside, FL 61964",2023-10-13
462,Mrs. Michelle Holmes,kristen43@example.com,"968 Sean Mount Suite 830 Joshuamouth, MT 52296",2024-04-05
463,Frank Cervantes,gilbertedward@example.com,"3254 Kirk Island Suite 155 Port Nicoleville, VA 39945",2020-08-04
464,Karen Rangel,cindy01@example.com,"845 Esparza Ranch Apt. 642 East Frank, RI 14850",2020-10-01
465,Rebecca Bell,ymcbride@example.org,"0943 Howard Lodge Cisnerosfurt, MT 29467",2023-07-02
466,Joshua Fletcher,jessica08@example.com,Unit 9579 Box 4607 DPO AP 28878,2023-01-21
467,Cynthia Travis,griffithlori@example.net,"33080 Trujillo Spurs Apt. 506 East Susan, MA 05337",2022-03-03
468,Kimberly Cooper,hughesmark@example.com,"11640 Rachel Lock Shaneborough, AZ 99925",2024-07-02
469,James Jordan,smithmichele@example.org,"1013 Blake Station Michealton, PW 48667",2021-03-28
470,Nancy Meyer,khamilton@example.com,"19639 Whitney Haven Suite 926 East Stephaniefurt, AL 00768",2021-10-22
471,Michael Shannon,youngnicole@example.com,USNS Tran FPO AP 40081,2020-01-02
472,Jason Larsen,cathyhensley@example.org,"12209 Michael Parkways East Bethborough, MN 96973",2022-02-22
473,Audrey Henry,hallcrystal@example.com,"460 Steven Ridges East Alisonport, NC 48524",2023-12-15
474,Kathryn Chapman,kwilliams@example.net,"749 Andrews Springs Leechester, IN 36694",2023-12-22
475,David Berry,fowlerarthur@example.org,"03304 Walker Parkways Philliptown, HI 14591",2021-02-21
476,Kimberly Welch,harveykathryn@example.com,"71885 Brittany Extension Suite 101 New Chad, NC 17044",2020-11-17
477,Christopher Shepherd,kmcbride@example.net,"2327 Bradley Stravenue Suite 341 Stevenland, WA 65879",2023-10-18
478,Michelle Young,robin59@example.org,"0896 Walker Ridges Nicholsonfort, NH 22373",2023-12-20
479,Bryan Rodriguez,john19@example.org,"8032 Melissa Vista Apt. 259 Mendezview, MO 06632",2020-11-25
480,Johnny Floyd,zacharymitchell@example.org,"89843 Bowman Drive East Crystalville, SD 20268",2024-07-25
481,Daniel Pierce,amypena@example.com,"324 Diaz Rest Apt. 381 East Christopher, OH 06665",2020-07-18
482,Monique Griffin,blankenshipolivia@example.org,USNS May FPO AP 72650,2024-07-23
483,David Hawkins,mryan@example.com,"93031 Parker Meadows Wilsonburgh, RI 54000",2024-03-05
484,Christian Doyle,kellie70@example.com,"291 Taylor Heights Suite 773 North Vanessa, TX 27619",2020-10-21
485,Daniel Butler,woodsscott@example.net,"51298 Turner Spring Ponceshire, FM 43798",2020-05-20
486,Tracy Hicks,mistygray@example.com,"782 Franco Roads Thomasburgh, TX 26644",2024-05-30
487,Juan Griffith,ctorres@example.net,"641 Jodi Mission North Brooke, ID 11536",2021-01-19
488,Cristian Stanley,john79@example.com,USNS Bradley FPO AA 69650,2021-10-04
489,Christy Mcclain,wedwards@example.net,"060 Fowler Manors Lake Alexandrastad, MA 42899",2023-11-04
490,Hunter Orr,kaylawhite@example.com,"53938 Randall Station East Kyle, AZ 93334",2021-08-08
491,Lawrence Mccoy,jessica47@example.net,"829 Walker Plain Michaelton, SD 53698",2021-01-29
492,Shelby Garza,dwayneburns@example.org,"331 Andrew Coves Apt. 220 Russofurt, CT 34286",2023-06-27
493,Vanessa Vazquez,sharon62@example.net,"50431 Johnson Wall East Pamela, MS 47676",2022-05-31
494,Sergio Rose,amyjohnson@example.com,"704 Young Plaza Seanburgh, FL 21192",2023-10-20
495,Stephanie Williams,susanhouston@example.org,"15622 Barker Plains Suite 430 Mackport, MI 80943",2022-08-26
496,Teresa Velez,swilliamson@example.net,"57597 Russell Shoal Suite 084 East Pamelaville, MI 11076",2024-09-05
497,Tony Shaw,greggdaniel@example.com,"98644 Brandy Prairie Apt. 394 Robertburgh, KY 11544",2022-11-16
498,Tracy Zimmerman,steven27@example.org,"610 Elizabeth Road South Adam, WA 65331",2020-05-28
499,Margaret Thompson,christina06@example.com,"0926 Wendy Manors Apt. 145 Youngshire, AR 37049",2021-12-19
500,Todd Vega,joseph23@example.net,"13326 Hill Brook Apt. 816 Lake Yolandaton, TN 91164",2023-04-11
