id,name,email,address,date_joined
1,Donna Wilson,powens@example.com,"65348 Brandi Groves Apt. 036 West Eugene, IA 47392",2021-10-01
2,David Davis,jamesnoah@example.com,"5309 Sydney Cape Jamesstad, OK 75343",2023-05-03
3,Brianna Collins,kparrish@example.org,"641 Kim Springs Suite 911 South Jose, AS 21297",2023-08-11
4,Heather Garcia,cookepeter@example.com,"501 Phillips Ports Suite 969 Port Anthonyside, ID 21926",2024-01-11
5,Debra Cabrera,qvargas@example.net,"9103 Morris Forest Lake Kaylaport, VI 74951",2020-12-19
6,Alicia Davidson,morrisalex@example.net,"4397 Taylor Greens Cohenberg, KS 90803",2024-08-21
7,Ashley Sweeney,pricejustin@example.com,"0732 James Crossroad Porterfurt, MD 86240",2023-04-29
8,Joseph Lee,ellenobrien@example.com,"871 Smith Vista Michellemouth, WY 66694",2023-06-02
9,Rose House,danielsolivia@example.org,"719 Cook Centers Suite 020 Lake Rachel, MH 97533",2023-07-12
10,Elizabeth Lewis,jeanettewang@example.net,"9808 Hughes Parkway Suite 296 North Jamesview, NJ 48114",2024-02-16
11,Adrienne Robinson,reneeleach@example.net,USNS Gonzalez FPO AE 02679,2022-10-29
12,Eric Martinez,janetfigueroa@example.net,"825 Morgan Hills Danielburgh, NE 61880",2022-06-21
13,Ashley Murphy,walterstonya@example.org,"4234 Ronald Loaf West Kristine, HI 50489",2021-02-13
14,Donna Yates,matthew30@example.net,"5171 Robin Wells Patriciaville, ID 25381",2020-04-18
15,Heather Chang DDS,aprildavis@example.net,"12073 Caitlin Manor Apt. 299 Michaelfurt, AS 50592",2023-06-27
16,Daniel Lucas,phamjennifer@example.net,"643 Ramirez Expressway Suite 053 Jonesstad, WI 67771",2021-08-04
17,Joel Coleman,randallvalentine@example.org,"105 Zachary Greens Suite 591 South Karen, IN 49796",2024-04-06
18,Dr. Tony Johnson,campbelltraci@example.com,"7122 Jeffery Highway Suite 767 Cantuchester, FM 93753",2024-10-02
19,Dylan Moore,dnorton@example.com,USNS Phillips FPO AE 94050,2024-06-13
20,Gabriel Montoya,rodriguezmichelle@example.net,Unit 9417 Box 9766 DPO AP 82721,2020-07-18
21,Brian Wright DVM,carolyngriffith@example.net,"613 Olson Crossroad Apt. 325 Lake Debraland, AR 97235",2024-01-27
22,Donald King,mcdanielmatthew@example.net,"9193 White Isle North Ashleyton, WI 42863",2020-10-18
23,Jessica Johnson,zachary74@example.net,"441 Harris Shores Apt. 233 Figueroamouth, AK 32650",2024-02-24
24,Karen Bell,christinebishop@example.net,"70066 Kara Junction Parrishville, WV 57938",2021-01-06
25,Mercedes Barr,coopercindy@example.com,"7379 Jennifer Inlet Port Jenny, OH 37958",2022-05-15
26,David Malone,xfernandez@example.net,"1002 Charles Vista Pamelaside, ND 48841",2022-12-16
27,Spencer Webster,brownlisa@example.org,"20260 Aaron Greens Suite 387 Edwardsborough, HI 66880",2023-07-03
28,Arthur Jones,patelbrian@example.net,"7647 Jasmine Pass Apt. 571 Lake Trevor, ND 15434",2022-12-29
29,Samantha Dominguez,ljames@example.com,"185 Smith Rest Suite 708 New Timothy, SD 20479",2020-02-15
30,Trevor Clay,bethany43@example.org,"13471 Seth Villages Apt. 596 Kempshire, NH 04012",2024-07-14
31,Rebecca Harrison,gary00@example.com,"42110 Smith Groves Apt. 898 East Denise, AK 58523",2020-05-13
32,Jennifer Schmidt,wilsonhelen@example.org,"206 Lauren Walks Suite 440 Port Loriton, GA 31553",2020-07-06
33,Trevor Gordon,stevensanders@example.com,"60014 Victoria Gateway Suite 599 Joshuaburgh, MP 65141",2020-07-26
34,Amanda Colon,ebrown@example.com,"PSC 6539, Box 7269 APO AA 92977",2020-02-02
35,Robert Stark,qbradley@example.com,"80159 Shelton Mission Hillhaven, UT 67642",2024-04-23
36,Francisco Robinson,christopher57@example.com,"376 Veronica Keys Suite 928 Sandrachester, CO 01239",2020-03-18
37,Meredith Norton,jonathanhunt@example.com,"7462 Delacruz Bypass Suite 850 South Shaunfurt, MA 02328",2022-07-18
38,Jonathan West,goliver@example.org,"482 Dorothy Roads Suite 088 Phillipsland, WY 72552",2022-07-17
39,Samantha Brown,carl84@example.org,Unit 9414 Box 5412 DPO AA 69373,2021-05-07
40,Larry Cook,williamreyes@example.org,"5628 William Street Johnsonton, SD 78414",2022-09-05
41,Patricia Holland,brockkevin@example.org,"5822 Arellano Cape Mcmillanhaven, MI 47756",2020-02-18
42,Mr. Fred Adams,michael90@example.com,"4887 Jake Trafficway Donnamouth, MA 69992",2022-04-22
43,Kathleen Chapman,troy79@example.com,"35822 Anthony Square Apt. 705 West Sarahtown, SC 54501",2021-06-03
44,James Young,jacobzimmerman@example.org,"0957 Todd Inlet South Austin, MP 53315",2020-03-14
45,Rodney Rodriguez,michael58@example.net,"586 Lisa Ferry Apt. 043 Lake Austin, KS 45140",2023-11-06
46,Shawn Jensen,larryortiz@example.net,"201 Tammy Unions Warrenshire, ND 21296",2022-01-08
47,Larry Fischer,davidsonandrea@example.com,"757 Marisa Ford Georgeville, MD 04571",2021-01-30
48,Donald Little,creeves@example.com,"40151 Daniel Tunnel Timothyside, VI 63238",2024-05-22
49,George White,jamesstuart@example.org,"750 Arnold Cliff South Matthewmouth, MI 85593",2022-05-17
50,Rachel Brown,rshelton@example.net,"715 Miranda Mountain Apt. 187 South Stephaniemouth, AL 97889",2024-07-16
51,Mark Young,hahnrandy@example.com,"057 Elizabeth Throughway West Heatherburgh, AZ 79093",2023-05-26
52,Nicole George,lewisjames@example.net,"PSC 3798, Box 2549 APO AE 49928",2022-03-15
53,Amanda Kelly,bcampos@example.net,"PSC 5804, Box 4816 APO AP 08436",2020-07-02
54,Kenneth Carpenter,wilsonchris@example.org,"630 Luke Field Suite 647 Youngfort, MA 76992",2020-04-04
55,Amanda Cunningham,melissa54@example.org,"PSC 0442, Box 8051 APO AE 82730",2020-01-07
56,Shirley West,vnovak@example.net,"181 Allen Spring Apt. 946 Tinaburgh, TN 79245",2022-03-14
57,Stephanie Navarro,cindyrodriguez@example.org,"1139 Montgomery Rapid Suite 784 Blairborough, OH 49799",2023-11-30
58,Mr. Jamie Murphy,goodkimberly@example.com,"094 Stanley Land Suite 269 Lake Adamfort, FL 72035",2024-09-27
59,Matthew Johnson,cassandra32@example.org,"PSC 2345, Box 1067 APO AA 25726",2022-05-06
60,Sherry Garcia,harperrobert@example.net,"412 Williams Rapids North Timothyview, CA 13083",2024-01-27
61,Jonathan Dennis,morrisondonald@example.net,"7823 Morales Pass Suite 716 South Christie, PA 72273",2022-05-30
62,Jessica Richardson,rosepamela@example.org,"3914 King Plain Apt. 118 West Alyssa, KS 82996",2024-08-21
63,Steve Young,lawsonalan@example.net,"362 Newman Alley Suite 869 Holtton, OR 60513",2021-11-06
64,Matthew Bennett,bryan81@example.com,"PSC 5765, Box 1765 APO AP 71333",2021-07-30
65,Sherry Reyes,mary92@example.com,USS Robbins FPO AA 75491,2022-09-07
66,Scott Carter,david29@example.net,"04931 Hartman Isle Suite 260 Yangview, WV 92012",2021-10-15
67,Bryan Harding,andrew68@example.org,"8810 Jasmine Expressway Suite 005 Perezport, VI 06618",2023-09-24
68,Kristin Harvey,annesmith@example.net,"6039 Mitchell Unions West Linda, NV 08589",2023-04-25
69,Deanna Hensley,marilynbenitez@example.org,"759 James Shoal Suite 575 East Brooke, HI 83282",2021-10-20
70,Luis Rodriguez,johnharding@example.net,"962 Fernando Union Suite 533 Youngmouth, GA 94520",2020-05-26
71,Benjamin Compton,gutierrezjody@example.com,"01324 Maria Land West Jennifer, CA 32579",2023-04-09
72,Jeffrey Walter,ohill@example.org,"063 Zachary Trail Brianfurt, IN 41157",2022-07-22
73,Kevin Smith,michael03@example.org,"5509 Katie Tunnel Apt. 816 Port Matthew, ND 68423",2023-01-16
74,Austin Reid,gonzalezkara@example.org,"64023 Max Forest Suite 897 West Kathleen, NH 10047",2023-05-25
75,Melvin Tapia,davidruiz@example.net,"124 Garcia Ford Chadmouth, OK 55640",2023-03-04
76,Patricia Gutierrez,xbullock@example.com,"20515 Judith Trafficway Apt. 233 North Brian, PA 62235",2022-05-17
77,Matthew Washington,erik62@example.net,"025 Williams Route Toddport, WI 24286",2022-05-22
78,Tracy Lam,shelbybender@example.net,"9164 Sherry Islands South Edwardborough, MP 23149",2021-02-05
79,Brenda Hill,asanders@example.com,"8498 Christopher Estate New Shannon, FL 58456",2023-01-21
80,Lori Dougherty,kathleenvaughn@example.org,USCGC James FPO AP 80016,2022-11-29
81,Patrick Tucker,cynthia16@example.net,"39506 Aguirre Overpass Edwardsberg, MD 24141",2021-11-15
82,Angela Tyler,riosbarbara@example.org,"11946 Samantha Circles Apt. 786 Jenniferberg, WA 48505",2021-07-19
83,Brian Fuller,tina70@example.org,"652 Eric Hollow Apt. 782 New Calvin, OK 20878",2022-10-15
84,Jorge Rios,bethbaker@example.com,USCGC Green FPO AE 32350,2023-07-06
85,Kristina Smith,hbaxter@example.com,"PSC 6065, Box 8630 APO AE 49766",2021-04-17
86,Kristine Thomas,jacobsoncorey@example.org,"6216 Rachael Fall Suite 816 Michaelhaven, ID 65831",2022-02-02
87,Damon Cox,jacobjones@example.net,"397 Stephenson Key Apt. 770 Brianside, CA 80823",2021-07-01
88,Dr. Christopher Delacruz MD,ericbailey@example.org,"825 Patricia Estates Apt. 180 East Melissa, NY 88940",2020-11-27
89,Michael Gilbert,edwardsjoshua@example.org,"967 Paige Drive North Loriside, NE 14077",2022-06-01
90,Laura Palmer,johnsonaustin@example.com,"08079 Chase Hill Suite 581 Collinsberg, LA 06456",2024-02-23
91,Alejandro Hurley,derek19@example.org,"3159 Roman Curve Apt. 491 Port Jenniferstad, NC 65316",2023-07-25
92,Tiffany Murray,vsweeney@example.net,USNS Wilson FPO AP 37937,2021-03-30
93,Todd Salazar,cmyers@example.com,"09413 Lisa Ranch Port Victoriaport, MA 26959",2023-10-07
94,Nicholas Smith,wknight@example.com,"3998 Liu Summit East Vincent, ND 73325",2020-10-03
95,Anthony Tran,martinsteven@example.com,"2730 Abigail Lane Suite 918 Wilsonton, AZ 81648",2021-09-19
96,Michael Robinson,vmassey@example.com,"98692 Sims Centers Apt. 641 New Leslie, ID 00688",2024-02-04
97,Jacob Burton,warddeanna@example.org,"60393 Patton Canyon Lake Robert, MN 15375",2023-07-10
98,Cristina Roach,brandon57@example.org,"472 Pamela Lodge Suite 002 Danielsborough, SD 74444",2021-10-10
99,Brandon Ochoa,jody36@example.net,"66478 Sharon Valleys West Julia, PR 01206",2020-03-28
100,Heather Mclean,christinahunter@example.org,"08993 Kline Falls Brownstad, ID 62021",2024-07-03
101,Kenneth Lewis,david67@example.com,"87023 Porter Center Apt. 606 Lake Tracieport, NY 73111",2021-07-22
102,Tammy Green,jacobortiz@example.net,"7623 Smith Club West Heidiside, WA 30181",2021-02-12
103,Jason Ward,whiteellen@example.com,USNS Harrison FPO AE 56124,2021-03-27
104,Ralph Graham,kimberly57@example.com,"74007 Wagner Island Jamestown, MH 15665",2020-12-21
105,Jorge Mills,zharper@example.org,USNS Thompson FPO AE 09714,2024-02-23
106,Victor Gomez,twebster@example.net,"23993 White Mission Rickystad, MP 58933",2022-06-20
107,Mr. John Clayton Jr.,lisahuff@example.org,"49982 Brett Circles Sotoland, IN 15408",2020-10-24
108,Lisa Copeland,ffowler@example.net,"6947 Barnes Pines Apt. 676 Jessemouth, NM 63445",2023-10-17
109,Douglas Mclean,carlsonmary@example.com,"991 Maria Estate Suite 296 Jacksonville, GA 95987",2022-08-29
110,Jesse Hendricks,sfowler@example.net,"9040 Carrie Lakes Suite 853 Port Russellfurt, VI 74337",2024-03-24
111,Samuel Ramirez,rodriguezcassandra@example.org,"33864 Joshua Fields Davidburgh, TX 02405",2020-03-27
112,Derek Nichols,ifranco@example.net,"25453 David River Suite 802 New Brandon, PW 80281",2023-11-11
113,Danielle Johnson,arivera@example.org,"1302 Mary Key North David, MI 23240",2020-02-15
114,Bailey Kerr,johnhuang@example.net,Unit 8924 Box 5096 DPO AA 68016,2021-07-15
115,Vicki Jackson,zburke@example.com,"7631 Janet Mountain Apt. 038 Vasquezshire, IL 47979",2023-05-19
116,Jennifer Cooley,watsoncourtney@example.org,"62143 Michelle Rapid Suite 844 Lake Tyrone, UT 46062",2024-03-18
117,Eileen Gates,peterwilson@example.com,"22355 Terry Forges Suite 749 Ernestshire, WA 61066",2020-12-20
118,Adam Miller,gwhite@example.net,"592 Gary Prairie Angelahaven, HI 51998",2020-05-31
119,Jake Williams,david59@example.com,"2971 Martinez Street Stewartport, OH 30612",2023-08-25
120,Felicia Briggs,susanmiller@example.org,"565 Smith Fall West Nicholas, OK 98928",2021-09-28
121,Emily Campbell,james71@example.org,"8536 Parrish Station Apt. 143 Larrytown, HI 76562",2022-08-20
122,Ryan Lozano,wcraig@example.com,"239 Farley Lights Jillport, PR 53387",2020-12-22
123,Barry Smith,rodney18@example.org,"98490 Karen Point Suite 050 South Justinton, AZ 69936",2020-08-12
124,Colleen Powell,plee@example.net,"609 Edwards Ridge Apt. 655 Pricemouth, OH 24473",2022-10-13
125,Crystal Figueroa,bwilliams@example.com,"47549 Wendy Inlet Apt. 473 East Dana, GU 97285",2022-07-01
126,Jamie Kirk,monique09@example.com,"813 Timothy Forge New Dorothymouth, MI 99434",2021-02-11
127,Roger Jimenez MD,benjamin81@example.net,"8929 Colleen Stream Suite 284 East Patrickland, WV 12337",2023-07-05
128,Susan Riley,atkinsonjay@example.net,"255 Wright Islands East Michaelmouth, NC 86952",2024-01-27
129,Rebecca Berry,thompsontim@example.com,Unit 1351 Box 1451 DPO AP 09086,2020-11-09
130,Eddie Curry,jamieclark@example.net,"075 Tucker Corner Suite 092 Lake Brandon, AS 84465",2021-12-31
131,Tiffany Smith,david68@example.org,"65476 Phillip Crest Suite 593 Rodriguezbury, MP 40154",2022-08-20
132,Lori Willis,fgarcia@example.org,Unit 8312 Box 2703 DPO AP 46229,2021-06-30
133,Theresa Eaton,philip10@example.com,"57552 Hunter Creek Apt. 320 Port Mauriceville, KS 49136",2024-09-27
134,Anthony Farmer,jacquelineclark@example.org,"497 Kimberly Junction Emilymouth, KS 06331",2021-07-11
135,Kimberly Rose,carol20@example.com,"9098 Tyler Track East John, NY 46187",2022-05-27
136,Shane Strickland,josephclark@example.org,"84122 Stewart Station East Nicole, NY 88856",2022-04-07
137,Eric Martin,suzanne53@example.org,USS Reyes FPO AE 04963,2022-12-27
138,James Hill,kaylabeard@example.com,"0590 Spence Track Stanleybury, AS 33921",2022-09-27
139,Michelle Chandler,ogonzales@example.org,"6897 Katherine Forge Port Jacob, MS 49030",2022-12-02
140,Justin Keith,kari60@example.net,"364 Jason Vista Figueroaton, WI 83762",2023-08-30
141,Jaime Buchanan,cynthia23@example.com,"9415 Jessica Trafficway Apt. 150 Garciatown, MI 85430",2022-08-23
142,John Lee,jack22@example.org,"183 Gilmore Fords Tonyaland, WV 53724",2023-08-21
143,Amanda Patel,laurawells@example.com,"9551 Cooper Pine Port Betty, AR 68375",2021-06-17
144,Nancy Henry,davisjames@example.net,"275 Judith Stravenue Lake Richardchester, FM 05432",2021-04-26
145,Natasha Wilson,bradleyballard@example.org,"776 Richardson Shore South Philip, TX 06824",2021-05-04
146,Connie Frank,stephen55@example.org,"4783 Paul Pass Apt. 903 Jasonfort, NC 71184",2021-03-27
147,Michaela Wheeler,beaton@example.org,"8294 Higgins Mall Suite 262 Brianberg, VI 60462",2020-02-28
148,Donna Stevens,hdavis@example.com,Unit 6781 Box 4925 DPO AE 06881,2020-01-27
149,Erin Pacheco,kylemartinez@example.net,USS Vance FPO AA 91476,2021-07-19
150,Jesus Sanchez,emcdaniel@example.org,"PSC 3146, Box 1033 APO AP 61312",2023-11-18
151,Jennifer Howard,rebecca09@example.net,"377 Davis Greens Suite 999 Karamouth, VT 57701",2020-02-07
152,Heidi Bell,yrussell@example.net,"275 Charles Bypass Ashleyview, GA 53170",2020-08-20
153,Kathryn Finley,alyssa76@example.com,"79717 Fuller Streets Apt. 043 East Breannamouth, KS 99893",2022-11-20
154,Angela Martinez,jason73@example.com,"61619 Blanchard Fork Port Zacharyshire, MP 25064",2022-08-25
155,Dana Smith,yorklawrence@example.com,"8832 Stephanie Fork South Maryborough, WI 19382",2023-11-14
156,Linda Hall,fowlerrobert@example.net,"9112 Micheal Creek Suite 611 Stephenstad, MP 41671",2022-11-20
157,Sarah Martinez,michellemullen@example.com,"3708 Hull Freeway Garciaside, ME 13692",2023-05-22
158,Bryce Holmes,robinsonpatrick@example.net,"16590 Jeffrey Plaza Greerland, AR 59789",2023-08-23
159,Timothy Moore,jacqueline34@example.com,"9488 Leslie Cliff Apt. 237 East Dennis, VI 50805",2021-06-06
160,Samuel Gillespie,howardgeorge@example.org,"69862 Roy Rest Apt. 278 North Jenniferside, LA 68930",2021-10-16
161,Amanda Baxter,marcfreeman@example.com,"40393 Brian Locks Apt. 583 Port Donaldside, AK 84983",2020-04-26
162,Scott Harding,ljohnson@example.com,"959 Peggy Place Maxwellmouth, AK 05445",2023-05-24
163,Erica Murphy,christophereaton@example.com,"178 Alicia Skyway Hannamouth, IA 84298",2022-06-29
164,James Gill,mary71@example.org,Unit 5175 Box 8047 DPO AE 45024,2022-09-20
165,Michael Weiss,chad71@example.net,"790 Anthony Hill Jasontown, MP 83725",2020-01-13
166,Elizabeth Burke,roberthart@example.org,"6917 Shannon Skyway Jonesville, OR 53156",2020-01-01
167,Megan Price,tsanders@example.org,"520 Gibson Station New Johnborough, MS 18364",2021-08-05
168,Lisa Martinez MD,jonathanlittle@example.net,"95242 Brenda Views Suite 767 New Ashleyton, VT 54565",2022-09-23
169,Teresa Sandoval,icarter@example.org,Unit 6703 Box 9443 DPO AE 21494,2021-08-20
170,Mercedes Tate,thomas35@example.org,"1389 Brianna Rest Apt. 140 Shermanmouth, VT 91620",2020-04-28
171,Jennifer Davis,gloria06@example.com,"438 Clark Parkways Suite 919 Larryfurt, CT 35405",2023-09-15
172,Daniel Johnson,jonathan00@example.net,"97684 Mark Row Apt. 626 West Brian, AL 82933",2020-08-20
173,Lance Archer,kevinjohnson@example.org,"271 Massey Plains New Jon, AS 67580",2023-11-10
174,Alejandro Christian,paigestark@example.org,"216 Peter Underpass Candacestad, MD 47541",2024-06-13
175,Vanessa Cross,jkelly@example.com,Unit 3956 Box 8342 DPO AP 38729,2023-04-06
176,Michael Jones,michelle70@example.com,"PSC 6014, Box 5443 APO AE 65055",2023-03-14
177,Kristen Hughes,sergio71@example.com,"159 Knight Forest Suite 715 Catherinechester, PA 33665",2021-05-07
178,Amanda Wilson,omckenzie@example.com,"8740 Mary Turnpike South Katherineland, AK 86482",2022-12-07
179,Joshua Cobb,brian71@example.net,"4281 Patrick Rapid South Kristenhaven, OR 88093",2024-08-24
180,John James,kellysamantha@example.com,"797 Bruce Pass Suite 715 Port Jennifer, VT 23522",2022-02-12
181,Katherine Obrien,iyoung@example.com,"014 David Unions Garyport, OK 28416",2022-03-18
182,Randy Torres,johnsondavid@example.com,"5036 Julie Lock Apt. 709 Monicamouth, KY 20204",2021-03-25
183,Suzanne Mcclure,destinymccullough@example.org,Unit 5514 Box 4726 DPO AP 99558,2023-10-22
184,Jeffrey Campbell,hilljose@example.net,"2248 Randy Lake Apt. 967 North Oscar, VT 64227",2021-05-23
185,Cheryl Sanders,benjamin26@example.com,"7582 Garcia Courts Apt. 428 Vazquezville, WV 54946",2024-07-30
186,Melanie Wilcox DVM,rodriguezharold@example.org,"113 Michael Ways Suite 667 Rosarioside, MS 58453",2023-10-24
187,Zachary Reed,qkemp@example.com,"9300 Michael Extension Suite 264 Annaville, ME 91546",2022-03-03
188,Kimberly Buchanan,fosterrachael@example.com,"5497 Kristen Fork Port Davidborough, ID 51384",2022-09-06
189,Thomas Burns,heather55@example.net,"248 Johnson Alley Apt. 221 West Tiffanyside, VI 80438",2023-09-02
190,Ryan Jones,hmiller@example.com,USNV Taylor FPO AE 75925,2021-12-02
191,Jennifer Harris,yjohnson@example.com,"PSC 7251, Box 8955 APO AE 85455",2021-04-24
192,Bailey Meyer,wramirez@example.com,"29837 Andrea Drive Suite 882 Lake Jessicaside, VI 53534",2020-09-16
193,Hunter Todd,bmathis@example.org,"45664 Amanda Lodge Suite 338 Port Kelsey, MS 82298",2023-04-21
194,Joshua Bell,matthew61@example.com,USNS Clark FPO AP 70051,2024-06-07
195,Jon Mccall,arthur60@example.com,"191 Alexander Viaduct Apt. 482 Port Suzannefurt, NM 59263",2021-04-06
196,Danielle Jones,powerscarol@example.net,"646 Ruben Forest Suite 908 Kirbyfort, GU 00729",2022-09-29
197,Michael Collier,gcortez@example.org,"0262 David Overpass Suite 966 New Sergioberg, IL 41646",2022-01-15
198,Crystal Hoover,ulynch@example.net,"39753 Mcclure Orchard Jennifershire, OH 82303",2022-05-13
199,Ryan Conrad,thompsonjames@example.org,"37651 Heather Shoals New Julie, PA 73224",2023-03-07
200,Megan Holmes,jenniferwhite@example.org,USS Pena FPO AE 76888,2024-03-17
201,Eric Knight,marc41@example.org,"889 Wong Mount Toddfurt, SD 64626",2022-12-17
202,Karen Rose,danielleproctor@example.com,"34662 Jones Fords Port Debramouth, NM 70926",2023-01-09
203,Victor Owens,joannasampson@example.org,"2980 Mcconnell Station North Gabrielleborough, NJ 65248",2021-09-21
204,Stacey Meyers,johnsonlinda@example.net,Unit 7865 Box 8156 DPO AE 68445,2020-11-26
205,Briana Farmer,adrienneross@example.net,"206 Tara Summit Apt. 711 Jacobburgh, NE 81878",2023-09-16
206,Kaitlin Lopez,sandra36@example.net,"941 Ryan Drives Lake Misty, MA 39004",2024-09-12
207,Whitney Flores,millsjanet@example.org,"85783 Tara Fork South Kimberlyborough, WA 37476",2021-05-07
208,Matthew Huerta,josephwarren@example.org,"738 Brown Lights Steelebury, FM 11036",2024-10-06
209,Debbie Adams,donaldgould@example.com,"PSC 4226, Box 6887 APO AE 94901",2024-01-18
210,Timothy James,jefferylawson@example.net,USS White FPO AA 30995,2022-04-23
211,David Powell,lisa16@example.org,"234 Campbell Shore Suite 118 North Roy, AR 11285",2020-09-25
212,Danny Smith,erin08@example.org,"41065 Shepherd Glen Suite 108 Davidton, AZ 99866",2020-08-06
213,Jessica Short,barbara45@example.com,"3743 David Pass Port Laura, DC 26271",2022-06-10
214,Bryan Lee,hunterdaisy@example.com,"51135 Laura View Suite 486 Mcintoshtown, CA 91447",2020-07-13
215,Patrick Marks,seanowens@example.net,"6555 Morrison Light Huffmanborough, MH 63660",2024-09-12
216,Frank Ward,newtoncharles@example.com,"6210 Alyssa Road New Heidifurt, OR 69111",2023-04-23
217,Patricia Robles,jillli@example.org,"793 Munoz Fords Apt. 365 New Kellyburgh, MN 02958",2023-03-15
218,Wendy Sloan,jholden@example.org,"59352 John Turnpike Suite 780 Joshuaport, AR 56417",2024-08-08
219,Claudia Marshall,robert89@example.com,"4936 Powers Plains Apt. 843 West Melissahaven, CA 02344",2023-10-11
220,Aaron Miller,hendersonrobert@example.com,"759 Rogers Canyon Apt. 204 West Theresachester, MS 94774",2022-09-07
221,Jose Sutton,qmonroe@example.net,"29543 Drake Camp Heatherfort, CA 48639",2022-02-04
222,Christopher Green,carolynstephens@example.org,"13135 Eddie Ridge Saraville, GA 25384",2021-05-11
223,Leslie Gomez,angelanderson@example.net,"33624 Adams Pines Apt. 460 Alexanderport, ID 71476",2023-01-10
224,Cindy Sanchez,brownheather@example.net,"2101 Zuniga Wall Port Troymouth, MI 31509",2020-04-13
225,Gail Mclean,pberry@example.com,"5708 Jeffrey Skyway Apt. 348 Herrerafurt, TN 33864",2021-06-13
226,Courtney Thompson,bobby44@example.org,"33583 Lowe Gardens Suite 514 Bobbyside, WV 66152",2022-03-23
227,David Bond,lhodges@example.net,"7035 Robinson Hollow East Kelly, MO 58964",2022-05-15
228,Michael Oconnor,michelle82@example.org,"3896 Martin Point Suite 804 Gregoryhaven, AS 83820",2021-04-03
229,Christopher Curry,sparksdawn@example.org,"659 Deborah Walk Apt. 837 Novakbury, CT 65562",2023-09-16
230,Bradley Garcia,brent66@example.com,"0501 Stein Port Lake Jessica, SD 82912",2021-06-12
231,Chad Mueller,fbaker@example.com,"331 Gordon Valley South Maurice, VA 23575",2020-07-21
232,Sonya Cordova,paula71@example.com,"526 Walsh Junctions Apt. 253 East Jason, ID 95635",2021-06-23
233,Isaac Walters,brooksmichelle@example.org,"223 King Way Suite 662 Lake Joel, MI 74717",2020-06-08
234,Victoria Lambert,fellis@example.net,"586 Brendan Stream Apt. 495 Jonathantown, NV 08108",2023-02-25
235,Emily Adams,obriencristian@example.com,"9602 Matthew Port Julieland, NV 21434",2022-05-22
236,Lisa Price,anthonyray@example.org,USS Pena FPO AP 16995,2021-02-17
237,Michael Cruz,jonathan72@example.org,"50192 Melissa Village Kaylaland, ND 10918",2024-07-01
238,Mark Mahoney,princerandy@example.net,"82237 Atkinson Crest Apt. 965 Cannonville, MD 76911",2022-02-08
239,Steven Osborn,loribriggs@example.net,Unit 8394 Box 1273 DPO AA 87310,2020-05-10
240,Kelly Ellis,scottyu@example.org,"PSC 9012, Box 3075 APO AE 16856",2022-11-05
241,Lorraine Griffin,erin82@example.com,"58857 Brian Haven Suite 156 Sydneyside, CO 40207",2022-12-24
242,Christopher Nelson,ymartinez@example.net,"92258 Lee Forest Suite 663 Paulville, KS 91531",2023-12-08
243,Joseph Dickerson,mcneilalicia@example.com,"53459 Alexis Extension Taylormouth, IL 30018",2022-09-24
244,Roger Harris,jenningsdavid@example.net,"44386 Mora Trace Gutierrezhaven, SC 81604",2023-08-23
245,Elizabeth Green,brandy10@example.org,"4986 Bryan Vista Richmondbury, NE 53945",2023-12-31
246,Kayla Bailey,benjamin72@example.com,"780 Maxwell Dale Apt. 169 South Denise, MO 70786",2021-03-12
247,Rebekah White,perezjohn@example.net,"857 Anna Valleys Kingberg, SC 96250",2020-12-08
248,Stephanie Banks,crawfordbarry@example.com,"5908 Melanie Hills Suite 646 Perryside, NV 73653",2022-11-27
249,John Jones,lsmith@example.com,"811 Andrew Plaza Suite 104 North Jacquelinebury, NY 40693",2021-04-05
250,Gilbert Garcia,sherry82@example.com,"905 Gray Crescent Robertsonview, DC 64252",2022-04-06
251,Robert Peck,rbecker@example.org,"85323 Andrew Stream Hodgeton, CT 07876",2022-11-17
252,Kathryn Jackson,scarroll@example.net,"PSC 9576, Box 5949 APO AP 84597",2024-08-23
253,Casey Hill,stacy79@example.net,"25746 Roth Point Ochoafurt, NV 70358",2022-05-07
254,Stephanie Henderson,watsonevan@example.com,"955 Shane Mountains Apt. 823 Romanstad, MA 10033",2024-08-19
255,Stephen Espinoza,brian11@example.com,"26269 Miller Hills Suite 477 New Matthewstad, LA 28050",2021-08-17
256,Patricia Macdonald,janetduke@example.org,"33130 Holly Isle Suite 922 Danielstad, OH 34273",2021-04-10
257,Roger Perry,michaelwalker@example.net,"756 Henderson Park New Victorburgh, SD 00662",2022-07-02
258,Juan Owens,millerdonna@example.com,"0799 Renee Ways Cassandrahaven, MI 26855",2023-02-07
259,Holly Gomez,elizabethlawson@example.com,"4299 Williams Summit Suite 494 North Tinaton, VT 87850",2020-06-16
260,Brenda Hanna,fmueller@example.net,"97569 Miller Light Susanland, WA 80614",2024-04-17
261,Kayla White,kvillanueva@example.com,Unit 4790 Box 5228 DPO AP 46131,2023-11-04
262,Ashley Lopez,millerchristian@example.com,"44811 Kelli Drives Kevinhaven, NM 70933",2020-06-07
263,Denise Larsen,christophercline@example.com,"9232 Jennifer Estates Suite 651 Alecchester, MA 89243",2023-03-24
264,Erin Hampton,boylestephen@example.org,"62615 Davis Ranch Suite 110 Greggberg, DC 36364",2022-11-26
265,Sharon Graves,monique59@example.net,"024 Gutierrez Common Apt. 998 Coopershire, OK 95279",2021-09-09
266,Mr. Anthony Conrad DVM,jeffreylevy@example.org,"76033 Rose Alley Walkerchester, KS 57017",2024-01-16
267,Joseph Grant,shannon80@example.net,"781 Robert Drives Trevinoborough, OK 02112",2021-10-18
268,David Hutchinson,christinagutierrez@example.com,"248 Manuel Island Apt. 706 East Kimberlyborough, AZ 25650",2020-01-13
269,Donna Jenkins,stuarthudson@example.com,"609 Lee Estates Apt. 535 North Sandra, AR 77054",2023-12-25
270,Stephen Perkins,joshua14@example.com,"867 James Union Hallland, GA 79011",2023-01-19
271,Suzanne Ward,james96@example.net,"PSC 2947, Box 1493 APO AE 27009",2024-07-27
272,Michael Smith,terrynguyen@example.com,"9253 Joseph Mall Suite 379 Davidberg, LA 82984",2020-01-05
273,Matthew Barron,scottgarcia@example.org,"610 Brittany Drive Suite 923 South Julia, UT 95208",2024-07-07
274,George Nelson,jerry11@example.net,"91256 Lam Prairie Suite 669 Christopherbury, PA 52873",2024-06-09
275,Austin Mahoney,zachary25@example.net,"3672 Brianna Walk East James, PR 83278",2023-05-14
276,Nicholas Clark,sandra34@example.org,"71950 Gray Circle Michaelfort, OR 56387",2022-12-19
277,Marcus Montes,nmiddleton@example.net,"42491 Lopez Street Hollandberg, VT 71226",2022-08-19
278,Caitlin Smith,anthony52@example.com,"058 Bell Mountain Apt. 411 New Josephburgh, NV 09253",2021-11-10
279,Anthony Taylor,michael31@example.com,"281 Angela Terrace Suite 857 Sanchezborough, AK 41668",2024-03-30
280,James Rodriguez,mellison@example.com,"PSC 0897, Box 1965 APO AP 88066",2021-03-28
281,Diane Lucero,amandabarr@example.org,"5490 Smith View Suite 353 New Nicoleton, CT 11792",2020-08-17
282,Nicole Lee,mitchellcynthia@example.net,"512 Reese Coves Apt. 304 North Nicholas, FM 18812",2020-02-15
283,Allen Robinson,hayesnorman@example.net,"67796 Parker Harbors Apt. 632 North Angelashire, NV 47200",2022-09-10
284,Michael Stevens,stantondebbie@example.net,"40078 Alexander Knoll Apt. 375 Woodshire, CA 02922",2021-02-26
285,Ashley Gross PhD,alyssa54@example.com,"30373 Max Points Suite 343 Bartlettmouth, ME 50638",2020-04-14
286,Mr. Daniel Jones,walterbaker@example.net,"760 James Drive Suite 590 Juliefort, UT 85829",2021-06-13
287,Cody Green,imcneil@example.org,"3138 Jade Village West Michaelton, NE 37844",2023-08-01
288,Erica Knox,andrew51@example.com,"0253 Reynolds Haven Taraview, NV 54389",2022-03-06
289,Alan May,leeemily@example.com,"86318 Bentley Curve Apt. 638 West Frankborough, RI 50236",2024-02-20
290,Ashley Petersen,greeneheather@example.net,"8039 Johnson Union Apt. 694 Zimmermanchester, OH 39951",2022-05-14
291,Kellie Johnson,ufuller@example.com,"64313 James Estate New Christian, NY 30306",2021-03-29
292,Jorge Thompson,jamesparsons@example.org,"8786 Douglas Street Mezaberg, LA 09855",2022-05-31
293,Tammy Hartman,dgraham@example.net,"782 Thompson Stream Lake Ronaldfurt, TX 83859",2024-09-28
294,Stephanie Soto,ymontgomery@example.com,"587 Aaron Turnpike Apt. 502 Ryanmouth, MO 73593",2021-04-21
295,Kenneth Padilla,morrislauren@example.com,"91304 Nicole Greens Port Jeffrey, PR 71290",2024-07-07
296,Benjamin White,barnesdebra@example.org,"4659 Abigail Tunnel Apt. 650 Lake Brittany, OR 58912",2023-12-08
297,Kathleen Gordon,swheeler@example.net,"8754 Jose River Apt. 065 South Lisaton, NY 46877",2023-10-03
298,Bernard Kidd,josephyang@example.org,"649 Stanley Mission Cranefurt, ND 82832",2024-01-19
299,Jonathan Cox,sethstephenson@example.net,USCGC Anderson FPO AP 44184,2023-07-03
300,Gwendolyn Flores DVM,aaron53@example.org,"96183 Anthony Passage Apt. 791 Port Eddie, UT 66364",2021-08-01
301,Dean Palmer,paynemichelle@example.org,"4949 Serrano Court Brianburgh, UT 99451",2021-03-10
302,Denise Adams,larryjones@example.com,"998 Anne Cliffs Burkefurt, KS 01961",2020-12-06
303,Nicholas Torres,amy71@example.org,"118 Esparza Trail South Beverly, MO 12967",2024-08-13
304,Tammy Miller,michael28@example.com,Unit 1783 Box 5458 DPO AA 26846,2020-02-25
305,Emily Simmons,shelleyramirez@example.org,"578 Morton Spurs Suite 251 New Stephanietown, ID 68424",2023-03-27
306,Kim Russell,okoch@example.net,"365 Brown Haven Nicoleville, MP 87506",2024-09-16
307,Julie Mann,kristen95@example.net,"5278 Swanson Valleys Thompsonfurt, MN 80365",2020-06-18
308,Kenneth Lynch,jane24@example.net,"6531 Robert Creek Suite 276 Cookbury, WA 21145",2020-06-01
309,Christopher Logan,amanda59@example.com,"48549 Heather Meadows Apt. 385 East Melissafort, MO 60900",2023-01-14
310,Chloe Lawson,ricky52@example.org,USCGC Gaines FPO AP 46908,2022-11-10
311,Peter Coffey,kharrison@example.org,"87309 Heather Tunnel Apt. 659 Jenniferburgh, OR 68629",2024-07-06
312,Jeffrey Brown MD,clarkcharles@example.net,"28706 Adriana Crossroad South Donnaside, AZ 29351",2022-12-06
313,Zachary Baker,jesseyoung@example.net,"PSC 5228, Box 9094 APO AP 91021",2020-11-25
314,Alicia Wilson,thomas40@example.net,"2368 Jackson Locks South Robert, LA 40140",2023-07-21
315,Jennifer Price,jbyrd@example.net,"8557 Justin Village New Jason, HI 05861",2020-01-19
316,Adam Rasmussen,zsteele@example.com,"69931 Christian Trace Apt. 091 Sarahhaven, ID 05838",2021-06-06
317,Robert Norton,gilmorecory@example.net,"369 Lopez Trafficway Russellburgh, GU 87399",2022-12-15
318,Miranda Mendoza,ylarson@example.org,"402 Brown Plain Apt. 182 Nicolestad, NE 25454",2020-01-18
319,Stephen Sparks,wwilliams@example.com,"748 Eric Forks Suite 299 Lisafort, IL 80337",2024-04-12
320,Tina Oconnor,susan81@example.com,"PSC 2273, Box 5173 APO AP 09329",2022-12-31
321,Sean Moody,friedmandonna@example.org,"48379 Cody Mountains Lake Chadhaven, WV 03186",2022-09-27
322,David Sandoval,ymason@example.net,"32682 Grant Rue South Kimberlyfort, VA 37281",2024-10-03
323,Brandon Wise,anthonyking@example.com,"2795 Jesus Center Sullivanton, CT 18479",2021-06-06
324,Richard Garcia,karenwright@example.org,"313 Porter Port Lake Daniel, FL 28851",2023-06-17
325,Sharon Wilson,faith85@example.net,"912 Cindy Loaf Suite 535 Lake Jennaburgh, TX 01938",2020-11-08
326,Cynthia Gaines,znelson@example.com,"28091 Alyssa Street Williamsborough, CA 16822",2023-11-17
327,Kelly Frey,tamicompton@example.com,"0956 Thomas Knoll Lake Matthewshire, RI 72970",2022-06-26
328,Sean Anderson,cshaw@example.com,"9476 Vaughn Meadows Apt. 005 Robinsonmouth, CA 97932",2020-05-17
329,Kelsey Walker,kayla48@example.net,"26000 Zachary Causeway South Grantfurt, PA 67505",2021-02-19
330,Christina Harris,kennethfoster@example.net,"09802 Christopher Prairie Apt. 631 East Joel, GU 88667",2021-07-11
331,Jennifer Brown,flemingkathy@example.org,"PSC 2061, Box 8302 APO AE 38752",2024-08-20
332,Carly Knight,deborah47@example.com,"12557 Charles Radial Apt. 298 Loganside, MN 58353",2024-09-20
333,Catherine Rhodes,gomezsuzanne@example.com,"825 Carpenter Isle Reedborough, IL 66995",2021-05-07
334,Alexander Barnes,ortizkathleen@example.org,"4024 Corey Streets Apt. 662 Monicabury, WY 98298",2023-07-29
335,Rachel Chavez,lauren36@example.net,"03121 Robert Crossing Apt. 932 Haleyberg, CT 19171",2023-09-22
336,Christina Ayers,tjones@example.org,"41208 Patricia Roads Kimberlyburgh, MA 76445",2021-11-20
337,Terry Pruitt,mary42@example.com,"642 Alexandria Shores Port Patriciaside, AK 41264",2024-08-07
338,Sydney Livingston,michaelmason@example.com,"000 Wilson Union Lake Devin, MN 57242",2021-04-20
339,Abigail Weiss,john09@example.net,Unit 2275 Box 2787 DPO AE 48063,2024-04-15
340,Janet Velazquez,atkinsonlisa@example.net,"9200 Michael Neck East Christopherstad, NC 54655",2023-01-14
341,Christopher Fox,zgarcia@example.com,"08755 Austin Plains Apt. 620 Christinaville, MT 42616",2021-07-09
342,Jesse Jenkins,erik24@example.org,"486 Christopher Bypass Riddleberg, ME 49970",2022-04-10
343,Stephanie Copeland,elizabeth16@example.com,"6185 Morales Locks West Richardfort, NY 63846",2020-06-24
344,Jonathan Short,michaelrasmussen@example.net,"7399 Young Orchard Mckinneyside, NJ 94006",2020-10-07
345,Mary Graham,zfranco@example.com,"842 Alison Rest Navarromouth, MI 81094",2020-12-26
346,Dylan Williams,danagreer@example.org,"4709 Hughes Knoll Apt. 334 New Shannonview, WY 25616",2021-11-02
347,Michael Coleman,dustincrawford@example.net,"3364 Martin Canyon Suite 605 North Amandaview, MP 51981",2020-06-09
348,Troy Palmer,carolyn83@example.net,"319 Diana Shores Brittanyfurt, SC 19670",2021-03-09
349,Ricky Watkins,rle@example.net,"59724 Jamie Spurs Apt. 729 Leeshire, MP 59691",2020-12-02
350,Theodore King,smithtraci@example.org,"51818 Brian Neck Taylorland, DC 82514",2021-12-03
351,Dakota Avila,tyler83@example.org,"71831 Wolfe Curve East Mark, DC 12562",2023-08-05
352,Tabitha Park,shanethomas@example.org,Unit 8864 Box 1137 DPO AP 43766,2020-02-03
353,Jeffrey Greene,kenneth33@example.org,"457 Nelson Keys Suite 504 North Thomasborough, FL 55615",2023-05-09
354,Cory Barry,marythompson@example.com,"472 Matthew Park Smithstad, WA 76501",2024-07-05
355,Erik Mcbride,marymolina@example.net,USCGC Ramirez FPO AP 60610,2023-07-14
356,Robert Bryan,katelyn82@example.com,"011 Jacob Park New Scott, FM 55514",2021-02-24
357,Travis Ramos,thomaspeggy@example.com,"876 Joel Mountain New Pamela, UT 52120",2024-09-20
358,Zachary Foster,john16@example.net,"69070 Pedro Walk Apt. 631 South Hannah, MS 89653",2024-06-05
359,James Lewis,romerochristopher@example.com,"42244 Lisa Corners Apt. 079 New Jennifer, VT 63149",2020-04-09
360,Karen Pratt,sheila08@example.org,"875 Barker Isle Suite 130 Hornshire, WA 18507",2022-04-07
361,James Chan,lschmidt@example.com,"418 Frank Station Apt. 925 Port Steven, KS 77520",2023-09-07
362,Eric Harrison,dudleyamy@example.net,"320 Hardin Fort Suite 121 South Donald, SD 54688",2024-01-28
363,Heather Hernandez,gardnerjamie@example.net,"6975 Stephens Plain Ferrellfort, CA 45912",2024-03-23
364,Scott Lopez,eorr@example.com,"149 Lee Stream Spencetown, TX 44452",2020-04-03
365,Kelli Guzman,michaelreese@example.org,"526 Mcdonald Station East Michael, CO 59450",2020-12-20
366,David Wallace,williamlee@example.org,"3232 Russell Ridges Suite 403 West Erica, VT 50428",2024-01-16
367,Stephen Castaneda,herrerasteven@example.com,"112 Curry Springs North Karen, MS 21198",2022-02-07
368,Alexandria Mitchell,jeremy79@example.com,"54277 Donaldson Way Lake Mary, NH 24408",2020-12-03
369,Theresa Jones,igarcia@example.com,"912 Jason Wells Lake Sheila, CA 50985",2023-10-25
370,Angela Bennett,nathansmith@example.org,"9033 Stacy Shoal Suite 055 New Philip, MH 66862",2024-05-09
371,Mary Hines,harrisonkevin@example.org,"405 Scott Trail Apt. 853 Port Christine, GA 38726",2021-05-04
372,Rebecca Butler,donald06@example.net,"74260 Johnson Rest Apt. 260 Morrisbury, WV 81335",2020-11-26
373,Karen Solis,jillgarrett@example.net,"0487 Ashley Manors Apt. 929 Lake Emilystad, WA 55655",2023-01-26
374,Connie Rivas,ginaevans@example.com,"4959 Mendoza Ports Kevinchester, AK 36345",2023-01-14
375,Linda Woods,jessica42@example.com,Unit 3916 Box 9016 DPO AA 57569,2022-05-27
376,Brian Burton,awilson@example.org,"7057 Samuel Overpass Apt. 339 East Melissa, WI 43852",2024-03-23
377,Kevin Moore,kristen38@example.com,"81300 Smith Forest Robertbury, GA 53575",2021-07-15
378,Jeffrey Moody,bernard51@example.org,"85815 Phillips Pass East Victoriafort, UT 41527",2023-09-17
379,Trevor Lucas,michelesilva@example.com,"641 Humphrey Key Apt. 733 East Joseph, ND 73259",2021-07-31
380,Donna Johnston,jessica53@example.org,"9597 Wade Extension East Julia, SD 11175",2023-03-07
381,Joshua Clayton,bryanbradley@example.org,"9265 Marie Villages Suite 008 North Alejandrobury, MI 15337",2024-07-02
382,Ryan Smith,gsmith@example.com,"37253 Michael Place Stephenshire, NE 58168",2020-06-24
383,Wesley Wilson,miguellynn@example.net,"417 Tina Vista Suite 026 New Janicebury, LA 96349",2021-10-21
384,Sean Pearson,andersonjim@example.net,"574 Kristy Pike Smithtown, PW 34545",2022-09-22
385,Laurie Alexander,vedwards@example.org,"50745 Kristina Plain South Eddiemouth, MA 95030",2022-12-15
386,Brandi White,kennethmills@example.net,"64126 Vance Parkway Apt. 924 Brockchester, CA 49946",2020-12-01
387,Frank Murphy,popewayne@example.net,"878 David Springs Apt. 148 Ericland, PA 11167",2021-10-30
388,Paige Sanchez,fbanks@example.org,Unit 7146 Box 2936 DPO AE 18241,2021-08-03
389,Brandon Forbes,darrylfoster@example.org,"23753 Nancy Trace Jasonmouth, OH 80550",2020-03-18
390,Dominique Cole,vfigueroa@example.net,Unit 5972 Box 6220 DPO AA 64306,2021-11-12
391,David Rogers,paul62@example.com,"7918 Denise Dam Stoneborough, VT 48458",2022-06-10
392,Sean Lowe,maddoxsarah@example.com,"23746 James Cliffs Apt. 050 North Tracey, TX 44336",2021-03-25
393,Stacey Morris,clarkxavier@example.com,"108 Byrd Knolls South Jasonmouth, TX 51280",2022-10-24
394,Raymond Allen,michellecalderon@example.org,"4496 Kidd Lock Suite 217 Angelicastad, RI 98116",2023-04-15
395,Allison Torres,lauraphillips@example.org,"79606 Stanley Harbor Frankfurt, AL 83656",2024-01-11
396,Crystal Richardson,edward66@example.com,"3846 Brooks Spurs Suite 783 Coxfort, MT 70766",2022-03-05
397,Bradley Cherry,uhill@example.org,"42098 Foster Islands Leebury, OR 86878",2020-06-07
398,Richard Washington,gwright@example.net,"54288 Johnson Village Suite 227 Lake Mary, ME 94269",2022-12-31
399,Brandon Bryant,joshuahansen@example.net,USS Baker FPO AA 03402,2021-07-18
400,Dr. Tim Smith,barnettchristina@example.com,"48887 Jessica Ford Apt. 327 Sampsonchester, FL 00610",2022-04-28
401,Kimberly Anderson,kbuck@example.net,"145 Rivera Trail Apt. 638 North Shannon, PW 01121",2024-01-11
402,Mark Harvey,norrisbarry@example.org,"805 Steven Row Suite 618 Patelburgh, ME 55103",2022-06-02
403,Jennifer Crosby,usmith@example.org,"16999 Allison Village Churchstad, MS 16184",2022-05-07
404,Jennifer Mitchell,kelsey10@example.com,"96755 Stevens Expressway North David, FM 83101",2020-04-21
405,Ryan Cochran,williamstiffany@example.com,"PSC 3097, Box 3970 APO AE 14604",2023-11-11
406,Jeffrey Hawkins,jacqueline71@example.org,"2892 Martinez Hill Suite 655 South Tammyport, MA 48028",2022-03-02
407,Jeffrey Brooks,salinaseric@example.net,"45284 Ryan Radial Apt. 753 Thomasborough, SD 67048",2021-02-23
408,Charles Gutierrez,alyssa96@example.org,"70471 Poole Cove North Chelsea, UT 27929",2021-05-21
409,Mark Johnson,williamali@example.org,"8400 Jordan Route Samanthaport, PR 19103",2022-11-11
410,Katie Shaffer,adamstina@example.com,"928 Randy Lane Suite 407 Kennethview, TN 02588",2022-12-25
411,Brian Taylor,maria00@example.net,"74161 Christopher Drive Suarezmouth, NY 83575",2023-09-23
412,Kristopher Austin,andrea20@example.org,"75065 Robinson Views Suite 985 South Adamview, PR 00567",2024-09-18
413,Jodi Morgan,cdavis@example.org,"71605 Gary Corner Suite 960 Lake Pamela, WY 53597",2022-01-26
414,Andrew Smith,kmiller@example.net,"470 Reyes Run Suite 719 Briannabury, KS 38650",2024-10-07
415,Lisa Morrison,michele47@example.com,"282 Todd Alley Apt. 800 West Shannonfurt, NJ 20334",2021-11-15
416,Peter Chen,nathanwilkins@example.net,"2799 Spencer Green Duncanborough, NY 58183",2022-02-10
417,Kathleen Russell,coltoncardenas@example.com,"92051 Soto Loop Suite 349 East Carrie, TX 10737",2021-12-17
418,Ashley May,pattondillon@example.com,"364 Robert Streets Suite 712 South Victormouth, ID 70003",2021-12-31
419,Alan Foley,amandahill@example.com,"5064 Cory Shore Suite 653 Lake Cheyenne, VI 88438",2020-04-23
420,Brett Salazar,norristimothy@example.org,"1417 Navarro Meadows East Heatherstad, IL 22271",2020-10-04
421,Christopher Johnson,wwilson@example.com,"PSC 6181, Box 2135 APO AP 80349",2024-02-07
422,Sandra Peters,fharris@example.com,"1765 Stokes Knolls Suite 998 Jordanstad, DE 35185",2024-01-01
423,Jennifer Johnson,twilson@example.net,"8067 Anderson Manor Apt. 054 Autumnmouth, SC 07180",2024-01-14
424,Steve Lewis,thompsonrhonda@example.org,"52360 Mcfarland Common Suite 530 Annatown, HI 68605",2020-04-17
425,Matthew Larson,soniabrowning@example.org,"18228 Sharon Roads New Kimberlychester, MS 13139",2022-03-08
426,Brittany Ayala,nataliesmith@example.org,"128 Ian Glen Apt. 128 East Alexander, IN 71134",2024-01-01
427,Karen Boyd,lgentry@example.net,"370 Sarah Road Suite 502 West Michelleside, TN 88553",2022-08-26
428,Larry Hood,kochteresa@example.com,"0287 Galvan Drive Suite 099 Adamsstad, ID 44696",2023-03-28
429,Geoffrey Hansen,john34@example.com,"193 Matthews Hills Rickeyborough, CO 68110",2020-02-02
430,Michael Silva,richardlopez@example.net,"57750 Robert Plains Allenfort, MN 15837",2023-12-17
431,Lori Miller,robin47@example.net,"2090 Morales Shoals Port Tylerhaven, AR 24523",2023-09-20
432,Christina Rose,amy02@example.org,"PSC 9601, Box 4874 APO AE 99736",2020-01-21
433,Jeffrey Howard,juanmeyer@example.org,"PSC 7281, Box 2593 APO AA 60368",2020-04-04
434,Christopher Martinez,timothy54@example.net,"523 Rodriguez Passage East Paul, ND 83556",2023-04-09
435,Jared Giles,griffinjason@example.com,"49798 Carter Shoals Suite 987 Port Shirley, MT 65204",2024-08-09
436,Richard Mills,alexandrawalters@example.org,"PSC 1041, Box 1741 APO AA 97590",2022-02-21
437,David Mathis,lisa33@example.org,USNV Thompson FPO AA 15536,2023-01-07
438,Randall Lee,brownjonathan@example.org,"07229 Hopkins Passage Apt. 105 Sandrafort, SC 82575",2024-01-05
439,Raymond Robinson,kathryn63@example.com,"9158 Curtis Dam Apt. 323 West Gregoryport, AR 82535",2020-09-01
440,Dr. Jeremiah French,stevendavis@example.com,"1041 Velasquez Street New Richardtown, NH 38124",2020-09-08
441,Gabriel Gardner,gterry@example.org,"47661 Schneider Shoal Apt. 746 West Cynthia, NE 93277",2023-05-23
442,Beth Alexander,michealwagner@example.com,"8498 Aaron Row Apt. 445 Port Angela, OK 90122",2022-01-05
443,Bradley Perkins,lauren99@example.org,"3181 Brown Field West Angela, NJ 76768",2023-02-21
444,Amy Miller,bautistajohn@example.net,"6910 Harris Estates Reedfort, ME 56210",2023-07-13
445,Gail Arellano,ashley10@example.net,"PSC 1314, Box 9927 APO AA 48328",2020-05-24
446,Brian Medina,longashley@example.org,"97557 Wright Vista Suite 626 Derekville, GA 84983",2021-05-11
447,Lindsey Smith,emily28@example.net,"4059 Kelly Terrace Apt. 412 Maddenhaven, NY 44248",2022-03-29
448,Kevin Miller,kimberly70@example.org,USCGC Barnes FPO AA 47428,2021-05-17
449,Patricia Myers,heatherlopez@example.net,"73773 Mitchell Lakes West Maria, NJ 00522",2022-04-23
450,John Lee,bphelps@example.com,"401 Cynthia Vista Gregoryberg, VA 15772",2020-10-24
451,Jack Carrillo,sarah07@example.com,"07620 Dillon Cliff West Jeffery, CO 25207",2023-04-02
452,Caleb Contreras,hendersonchristopher@example.org,"061 Turner Trafficway Apt. 671 North Christine, MT 88004",2021-12-29
453,Sara Evans,dholland@example.net,"62785 Danielle Track Mannchester, CT 56166",2022-11-20
454,Cheyenne Fischer,briansullivan@example.com,"367 Harvey Mountain Gregoryland, CA 04906",2022-05-26
455,Jennifer Watson,savannahwinters@example.net,"41648 Elizabeth Stream Rachelmouth, OK 26096",2021-02-27
456,April Schmitt,michael89@example.net,"7920 Jacob Drive North Samantha, AZ 45642",2024-01-15
457,Johnny Dorsey,hannah28@example.org,"93960 Brown Expressway North Logan, AR 33882",2022-05-01
458,Sharon Williams,amanda93@example.org,"61995 Anthony Prairie Amandatown, NY 88716",2021-03-08
459,Stephanie Weber PhD,edward93@example.net,"575 Judy Pass Suite 257 Lake Renee, WV 23553",2024-06-25
460,Rhonda Morales,dennisfreeman@example.net,"96933 Saunders Course Suite 671 West Nancymouth, WY 34800",2023-11-17
461,Grace Johnson,ryan93@example.com,"9567 Meyer Passage East Corybury, KY 89102",2023-10-28
462,Heather May,nicole58@example.org,"771 Amanda Centers Suite 682 West Gabriellamouth, OK 84080",2024-05-05
463,David Howard,qlowery@example.net,"87479 Tracy Greens Apt. 422 Seanbury, AL 51350",2023-03-11
464,Kathleen Mitchell,ucowan@example.com,"PSC 1720, Box 2568 APO AP 95744",2024-03-18
465,Matthew Banks,lisa05@example.org,"21852 Foster Wall Lake Kelly, NE 34339",2020-11-20
466,Cynthia David,vcole@example.com,"10925 Shelly Branch West Ebony, NH 70456",2020-01-09
467,William Melendez,williammeyer@example.com,"71131 Arnold Parks Lake Bradleyside, NC 48065",2023-03-29
468,Jennifer Martinez,madeline13@example.net,"0460 Schwartz Streets Suite 838 Jerrymouth, GA 30434",2021-07-05
469,Mark Shepherd,robert08@example.org,"42700 Davis Circles Jordanburgh, WV 95617",2022-08-24
470,Michael Owen,thomasjames@example.net,"151 Erin Village North Ashleyton, AK 27252",2021-08-09
471,Brittany Buckley,garzapaul@example.org,"4211 Justin Shores Suite 017 South James, AR 84553",2021-10-27
472,Danielle Smith,joyceadams@example.com,"16575 Keith Ferry Suite 598 Garciabury, OK 83735",2021-06-05
473,Brian Peterson,timothyguerrero@example.org,"19534 Kimberly Gardens North Denise, NH 77090",2022-07-30
474,Sean Nash,dannyjackson@example.net,"86243 Conley Square Apt. 952 New Sheri, CO 92979",2021-08-04
475,Eric Williams,karadrake@example.net,"4529 Wallace Pine Suite 532 Saramouth, LA 09640",2022-02-22
476,Benjamin Adams,justin30@example.net,"PSC 7227, Box 2605 APO AP 45623",2022-10-30
477,Steve Gibson,nwalton@example.com,"82126 George Forge South Jesse, LA 71405",2020-03-23
478,Eric Richardson,oneillstacy@example.com,"813 Daniel Mills Apt. 901 North Coleshire, TN 51167",2020-03-25
479,Debbie Ruiz,jaymartin@example.com,"36807 Murray Ford Apt. 197 South Jill, NC 06478",2022-11-18
480,Roy Robertson,blevinslauren@example.com,"89075 Sara Motorway Apt. 466 Chadport, ID 94115",2023-10-25
481,Andrea Collins,linda93@example.com,"1135 Michael Glens Suite 553 Klinechester, OR 66388",2023-12-22
482,Elizabeth Gray,edwardsphillip@example.com,"47351 Clayton Manors East Nicholas, NY 16707",2020-06-14
483,Nicholas Martinez,ywest@example.com,"98394 Cole Vista Suite 331 Angelaside, VA 33751",2023-06-14
484,Lisa Brown,dkelley@example.com,"13897 Vincent Shores Suite 452 Perezport, DE 08717",2023-11-05
485,Chad Gibson,denise62@example.net,"4749 Amanda Manor East Matthew, WY 07132",2022-05-21
486,Curtis Santos,michelleharrison@example.com,"97080 Rosario Ports New Anaberg, NV 44160",2022-01-23
487,Taylor Hughes,steven93@example.org,"391 Deanna Port Apt. 841 Colehaven, IA 59321",2020-01-15
488,Robert Fitzgerald,crystal64@example.net,"651 Christopher Canyon Apt. 771 Josephborough, MD 13837",2020-03-04
489,Gerald Morales,lchen@example.org,Unit 5215 Box 1932 DPO AE 71052,2024-10-06
490,Michael Bennett,dawnmendoza@example.com,"5933 Young Ports Apt. 865 New Kimberlyton, NY 64342",2023-11-27
491,Kevin Floyd,cynthiawhite@example.net,"2516 Murray Ville Apt. 565 West Derek, KY 03431",2023-08-26
492,Emma Stevens,jshelton@example.com,"4849 James Port Lake Marcus, AZ 77819",2022-12-21
493,Kayla Morgan,mallorychurch@example.com,"46565 Matthew Place West Robert, CT 15272",2021-03-05
494,Melissa Chavez,brianfoster@example.com,"8656 Oliver Springs Timothyfort, MA 68494",2023-10-05
495,Sarah Thomas,andersonsamantha@example.net,"8618 Craig Stream Whitemouth, NJ 70336",2024-09-05
496,Megan Norman,garrett68@example.org,"119 Shawn Village Suite 896 West Adam, FL 42433",2024-07-27
497,John Lopez,ybooker@example.com,"5109 Marc Forest Suite 971 West Julie, MO 12926",2023-02-03
498,Alexis Mcpherson,robertwheeler@example.org,"2832 Mackenzie Curve Apt. 022 Angelastad, OH 38105",2021-04-09
499,Samuel Hughes,williamsmonica@example.net,"776 Michael Crest East Brett, KS 57275",2020-09-21
500,Connor Lee,bellrachel@example.org,"PSC 0853, Box 3824 APO AE 94245",2020-09-01
