id,name,email,address,date_joined
1,Mary Gonzales,lindsaysawyer@example.net,"581 Suzanne Inlet Apt. 824 Wrightstad, CA 67151",2020-01-22
2,George Johnson,vweaver@example.net,"0370 Guzman Rapids Port Marvinfurt, RI 55101",2024-02-28
3,Brandon Ryan,conniemacias@example.org,Unit 4182 Box 7603 DPO AA 22925,2020-02-03
4,Glenn Parker,usaunders@example.org,"7880 Christopher Inlet New Stephanie, OH 65193",2021-10-05
5,Jerry Freeman,bchapman@example.org,"PSC 0667, Box 3414 APO AE 20810",2022-09-18
6,Kathryn Hawkins,boydamanda@example.org,"081 John Port Suite 302 Port Nicholasfort, VA 78866",2023-02-27
7,Anthony Hill,qwillis@example.org,"49736 Luis Bypass Smithview, MT 01271",2021-10-10
8,Daniel Brown,vwilliams@example.net,"50488 Ward Mission Smithberg, MT 13756",2021-06-11
9,Michelle Walls,tiffany39@example.com,"049 Ashlee Prairie Suite 997 North Jenniferland, MS 69829",2024-04-22
10,Blake Campbell,brandon50@example.org,"989 Jason Orchard Apt. 871 Jamesview, LA 22364",2023-11-09
11,Katelyn Weber,juliaroman@example.com,Unit 3568 Box 1571 DPO AA 31905,2022-08-30
12,Douglas Miller,pdavid@example.net,"732 Herman Estate Suite 576 Danielhaven, RI 35753",2023-09-30
13,Maria Andrade,ryan98@example.com,"057 Ware Field Suite 595 Harrisshire, PW 26921",2021-06-18
14,Jessica Wheeler,kristenlloyd@example.com,"277 Lisa Ranch Rickyhaven, PR 86287",2024-09-15
15,Sandra Williams,lhaynes@example.net,"229 Steven Walks Suite 355 Lake Matthew, PW 39549",2021-06-28
16,Albert Richardson,johnnyortiz@example.org,"97762 Stephanie Tunnel Phillipschester, MT 49263",2020-05-16
17,Shirley Jones,james32@example.com,"3631 Melissa Burgs Erikaburgh, AS 29830",2024-07-05
18,Shane Payne,morrismichael@example.org,"16776 Hicks Curve Apt. 097 Port Tammy, NY 46606",2024-06-23
19,Susan Black,elizabeth51@example.com,"1285 Erica Villages Apt. 064 Whitakerville, IN 63077",2023-04-29
20,Paula Stephens,karenmorris@example.net,"0478 Karen Street South Elizabethfort, AL 65133",2022-12-04
21,Jessica Kirby,shepherdolivia@example.com,"PSC 7855, Box 7903 APO AP 58040",2020-11-12
22,Gary Holmes,joseph58@example.org,"3527 Cardenas Pike Suite 492 East Kelseychester, AZ 37485",2021-12-10
23,Ashley Collins,robertsrodney@example.com,"6080 Austin Alley Lake Megan, MH 92089",2024-01-28
24,Erin Harris,dmack@example.com,"267 Walker Street Floresport, HI 46639",2021-08-04
25,Andrew Gordon,elliottandrew@example.org,"1994 Gomez Walk Suite 895 North Joannmouth, HI 78891",2024-01-08
26,Jill Garcia,william23@example.net,"91764 Richardson Causeway Suite 698 Jillfurt, VT 26865",2021-12-26
27,Jorge Mcdaniel,douglas20@example.net,"5613 Jonathan Circle Suite 519 Leahshire, CO 59804",2021-10-17
28,Samantha Moore,crystalbrown@example.com,"703 Melissa Island New Ericahaven, NH 70092",2020-07-31
29,Tina Perez,penalinda@example.net,"185 James Row Brittanyburgh, OK 72717",2024-05-08
30,Travis Boyle,medinachelsea@example.com,"81218 Boone Center Apt. 253 North Nathanside, KS 27464",2021-07-26
31,Bethany Evans DVM,johnsonstephanie@example.com,"048 Travis Key West Dennishaven, OR 76315",2022-02-08
32,Emily Castro,uwhite@example.org,"929 Cantrell Ridge Apt. 163 Jonesfurt, DE 91596",2021-06-29
33,Alice Brown,umahoney@example.org,"7779 Williams Centers Gutierrezfurt, MO 37446",2021-04-04
34,Laura Phillips,robinmorgan@example.com,"21616 Paul Street North Kyle, FL 17995",2020-05-08
35,Denise Washington,gloria05@example.org,"580 Elizabeth Fords South Amber, MT 92921",2023-04-18
36,Mr. David Smith,yatespatricia@example.net,"439 Alexander Mount Suite 632 North Cynthia, DC 33648",2021-11-01
37,Nicholas Roberts,mossbrittany@example.com,"97478 Brian Tunnel Suite 822 Scottfort, CO 19683",2020-04-04
38,Alexander Wilson,stacystokes@example.com,"64513 Silva Hills Apt. 094 Port Christinafort, KS 52317",2023-04-06
39,Elizabeth Mcintyre,jacksondouglas@example.net,USNV Jordan FPO AP 01450,2023-01-24
40,Craig Mason,cglenn@example.org,"729 Andrew Port Apt. 778 Williamsshire, ID 64679",2022-05-21
41,Sabrina Walton,trujillorichard@example.net,"9023 Madison Isle Suite 934 West Victoria, SC 96224",2020-02-16
42,Eugene Ibarra,hmurphy@example.net,"394 Martin Track Suite 357 Kathychester, FL 63924",2022-11-21
43,Chelsea Santana,hessmichael@example.org,"60449 Campbell Rapids South Christopherport, MA 47422",2022-10-14
44,Terry Simpson,thomasblackwell@example.net,Unit 2259 Box 0406 DPO AP 16448,2021-04-13
45,Matthew Lopez,rossbrandon@example.com,"8761 Cody Union Suite 874 Josephhaven, SC 87717",2023-07-11
46,Christine Payne,morenojonathan@example.net,"55183 Susan Hollow East Gabriela, CA 75111",2022-07-05
47,Angela Williams,cookpaul@example.net,"3801 Taylor Mill Apt. 070 New Emilymouth, MO 01687",2021-12-16
48,Deanna Gomez,dennissteven@example.com,"159 Smith Lock Apt. 161 West Katherinestad, OR 33792",2021-06-18
49,Kirk Reyes,susanperez@example.com,"2711 Eric Harbor Apt. 235 Payneton, AK 13187",2023-07-29
50,Wanda Wagner MD,ewright@example.org,"764 Martin Branch Apt. 223 Mckenzieburgh, TX 98830",2021-12-10
51,Jeremy Downs,wrighterica@example.com,"113 Miller Knolls Apt. 988 Pamelafurt, GU 62394",2021-02-10
52,John Jones,cantumonica@example.net,"81928 Pope Points Sherrybury, HI 06311",2021-12-21
53,Brandy Woodard,mia74@example.org,"8185 Munoz Flats Suite 365 Phillipsburgh, DC 00741",2022-03-04
54,Terry Smith,jacquelinewilliams@example.com,"25012 Yvonne Prairie Apt. 507 Lake Heather, PA 17544",2020-12-21
55,Stephanie David,jasonmcdonald@example.org,"24133 John Hills Suite 568 North Gabriel, PR 29691",2020-04-13
56,Michael Mccarthy,kathryn09@example.org,"666 Campbell Harbor Lake Ronald, CO 15398",2024-03-09
57,Nancy Obrien,bgarcia@example.com,"5294 Rodriguez Junction Suite 712 Karenport, TX 29413",2023-06-30
58,Jordan Duncan DVM,mcculloughalexander@example.net,"7667 Guerra Gateway Apt. 472 Kingfort, GU 77956",2022-06-28
59,David Miller,pnelson@example.com,"359 Baird Oval Apt. 609 Cohenland, AK 63184",2020-02-26
60,Melinda Boyd,charleshuynh@example.com,"216 Michael Mountains Suite 248 North Nicolemouth, LA 35999",2021-05-08
61,Cheyenne Tate,steve56@example.org,Unit 2740 Box 1080 DPO AE 58876,2022-07-02
62,Lawrence Patton,gardnermichael@example.net,"6743 Linda Ways Port Donald, NM 38358",2020-09-02
63,Roger Thompson,jimmymartinez@example.com,"91879 Ashley Station Suite 796 Ericashire, ND 65979",2023-08-11
64,Kimberly Jackson,padillashirley@example.net,"4945 Michael Fall Lake Sydney, DC 43062",2022-07-21
65,Briana Brown,mgarcia@example.net,"060 Kaitlyn Trace Suite 455 West Scott, MI 44629",2020-01-23
66,Jennifer Davis,justin74@example.com,"7989 Keith Burg Lake Elizabethview, MS 45566",2023-01-19
67,Kevin Jackson,kristina16@example.org,"83717 Angela Rapid Lake Dennis, TX 63179",2021-04-27
68,Amy Walker,shawnmason@example.org,"5296 Williams Stream Apt. 548 Shepherdview, UT 70146",2022-03-13
69,Gene Williams,blankenshipsusan@example.org,"23100 Jennifer Spring Suite 489 South Tiffanyshire, ND 25601",2022-09-11
70,Sheri Olson,ryanclark@example.com,"1908 Beverly Mall Apt. 572 Janetside, TN 62823",2023-01-02
71,Benjamin Cunningham,gvasquez@example.net,"9436 Martin Flat South Barbara, ID 56942",2020-01-03
72,Tiffany Moreno,wgonzalez@example.org,"03474 Boyd Park Apt. 441 West Jamie, NV 20100",2020-05-13
73,Jacqueline Lopez,vprice@example.com,"02407 Porter Streets Rossstad, UT 52726",2023-09-24
74,Misty Moss,cassandra34@example.com,"PSC 0051, Box 8518 APO AP 65996",2021-03-15
75,Alice Logan,cindy18@example.org,"47730 Brown Heights Apt. 140 East Jacquelineton, TX 70220",2023-03-22
76,Brandon Garcia,melissarhodes@example.com,"31073 Rojas Island Smithton, TX 70208",2021-05-26
77,Kathleen Marshall,robertwilson@example.com,"0747 Price Mall Apt. 553 South Sherrifurt, MA 15206",2023-10-28
78,John Benson,gordonmatthew@example.com,"40218 Maddox Shoal New Brian, TN 98427",2024-06-11
79,Derek Graham,jeff40@example.com,"44926 Nicole View Friedmanmouth, IN 23227",2023-04-18
80,Andrew Jones,wellsbethany@example.net,"03677 Myers Skyway Suite 720 Clarkhaven, CT 95486",2024-04-11
81,Diana Stevenson,howardxavier@example.org,"87376 Hughes Ville Brookeland, FM 04932",2022-09-25
82,Casey Ponce,alvaradovalerie@example.net,"7920 Theodore Squares Douglasland, LA 42801",2021-06-22
83,Ashley Callahan,robert79@example.net,"0584 Gregory Cliff Apt. 648 Port Michael, GA 94852",2021-10-18
84,Katrina Crane,ericcraig@example.org,"059 Hickman Walks Apt. 088 West Steve, NE 81419",2023-05-25
85,Troy Morrison,sortiz@example.com,"5262 Kristin Hollow Porterhaven, MN 83135",2021-11-19
86,Shannon Pham,hperry@example.org,USNS Hill FPO AP 49915,2022-08-12
87,Lawrence Stewart,alicia69@example.net,"473 Suarez Wells Apt. 564 Moyerton, AR 01411",2021-01-08
88,Karen Todd,arnoldtony@example.com,"29078 Melissa Mountain Apt. 074 Jonathanbury, MT 56781",2024-03-22
89,Stephanie Owens,doylematthew@example.com,"830 Rebecca Lock East Stephanie, NM 94838",2021-02-18
90,James Webb,jimmyshaffer@example.net,"210 Sanchez Stravenue Suite 939 East Jamesberg, GU 96368",2023-01-18
91,Sandra Martinez,yhall@example.com,"166 King Plaza Suite 520 Lake Jacquelineville, TN 94313",2021-10-25
92,Donald Robles,curtisjonathan@example.com,"73785 Howell Unions Amyton, MP 31976",2020-03-21
93,Andrew Owens,mendozamark@example.org,USNS Hunter FPO AA 39272,2020-12-21
94,Mckenzie Thomas,laura58@example.net,"786 Christina Fields Apt. 832 South Sean, MS 10227",2022-06-06
95,Sarah Floyd,robertsmith@example.com,"683 Tonya Mountain Whiteton, UT 28379",2024-06-30
96,Alyssa Bryant,schmidtmichael@example.net,"807 William Fort Leside, IL 47533",2021-03-24
97,Amy Morris,jacob63@example.net,"3067 Lucero Neck Suite 970 Veronicafort, IN 51998",2024-05-30
98,Lori Rogers,ohoover@example.org,"1576 Williams Parkway Apt. 412 Lake Laurie, VI 45549",2020-06-30
99,Jasmin Rubio,ingramjason@example.org,"71314 Mikayla Parkways Apt. 192 East Jackhaven, OH 43642",2021-07-19
100,Dana Curtis,fpennington@example.net,"153 Christine Path South Courtney, AR 00994",2023-05-16
101,Robert Johnson,downstim@example.org,"880 Jackson Islands New Ashley, DE 74082",2020-12-24
102,Matthew Jones,meyerjessica@example.com,"182 Carter Greens Port Leefurt, VT 21003",2021-04-30
103,Jeffrey Brown,lestrada@example.net,"5394 Michelle Unions Suite 684 Robertsmouth, WI 47086",2022-10-25
104,Eric Hernandez,katie68@example.org,"54856 Hernandez Hills West Meghanside, KY 75308",2023-12-29
105,Meghan Watson,krocha@example.org,"283 David Estates Tamarahaven, IA 23283",2020-03-27
106,Kelsey Adams,william05@example.org,"33094 Richard Highway Apt. 154 Laurashire, SD 14190",2021-04-12
107,Jason Martin,lori87@example.net,"09248 Allison Wall East Michael, ME 32292",2021-06-08
108,Michael Foster,vmelton@example.net,"27333 Ramirez Street Apt. 644 Marthaport, IA 86741",2023-09-20
109,Chelsea Johnson,wbrown@example.net,"005 Teresa Estate West Brian, MI 34216",2020-02-27
110,Mrs. Kristin Diaz,williamsonrobert@example.net,"5729 Lin Squares Apt. 609 Matthewmouth, AK 30834",2022-02-14
111,Travis Martinez,buckbrianna@example.net,"13418 Hardy Vista Suite 954 West Meghanchester, ND 65447",2022-03-14
112,Roberta Thomas,pingram@example.org,"2242 Beverly Center Apt. 543 Victorborough, OK 34336",2023-03-10
113,Peter Perez,james73@example.com,"7087 Shannon Lock Apt. 404 West Mary, GA 93290",2021-12-21
114,Lisa Griffith,rachelwilliams@example.com,"69266 Samantha Harbors East Luis, DC 85265",2023-04-22
115,Robert Carter,william73@example.org,"20149 Nelson Freeway Lake Joseph, UT 12799",2024-03-30
116,Danielle Harding,franklinmelissa@example.com,USNV Kelly FPO AA 90217,2020-05-29
117,Melissa Harris,riosmelissa@example.org,"87736 James Views Brittanyport, NY 70624",2021-04-21
118,Stephanie Callahan,butlercharlotte@example.net,USNV Simpson FPO AE 60865,2021-01-26
119,Jeffrey Medina,pbarton@example.com,"66690 Stein Hollow Suite 145 Patrickfort, MA 17116",2020-01-02
120,Alexander Davis,lisa62@example.com,"0885 Lauren Gateway Theresahaven, MS 47223",2020-07-24
121,Sandra Clark,thomas13@example.net,"684 White Grove Tylerfort, IA 17320",2024-02-06
122,Morgan Nguyen,aprilbrown@example.org,"7136 Kelsey Throughway Thomasport, MO 15095",2024-02-11
123,Earl Nguyen,tina68@example.com,"8788 Vasquez Haven Suite 022 North Bryce, AK 63616",2021-06-03
124,Katie Taylor,wongerika@example.com,"49029 Jason Club West Amber, ME 62453",2023-02-05
125,Lisa Hernandez,qpatterson@example.net,"103 Bishop Trace Williamsbury, WV 25732",2021-12-24
126,Brianna Garcia,jeanette73@example.net,"909 Obrien Cape Apt. 676 Kingshire, SD 90898",2024-05-07
127,Heather Ross,benjamin69@example.org,"8551 Knight Lodge New Charlesfort, NE 48820",2024-02-04
128,Richard Terry,christopher25@example.org,"28951 Angelica Vista Lake Jeanette, TN 11800",2023-07-28
129,Diamond Adams,john42@example.org,"402 Butler Light Martinezshire, MD 99699",2024-08-10
130,Michael Ortiz,pamela40@example.net,Unit 9372 Box 8750 DPO AP 46550,2021-03-27
131,Stephen Craig,vadams@example.net,"5088 Bell Shores South Robertfort, MA 17962",2021-09-14
132,Joseph Brewer,beth42@example.org,"PSC 0739, Box 1785 APO AP 26249",2021-09-01
133,Eric Delgado,zsimmons@example.com,"38789 Briana Club Hodgeview, MI 09831",2020-06-24
134,Christopher Dean,jason48@example.com,"055 Grace Place Suite 419 Reidtown, MD 65776",2020-04-03
135,Samantha Johnson,sherry84@example.com,"1725 David Stravenue Suite 925 Watkinsmouth, PR 12460",2022-03-16
136,Douglas Brown,fhughes@example.org,"301 Erin Mount Apt. 410 Henryport, AK 60514",2022-03-20
137,Karen Hodges,deborahmoss@example.net,"565 Dustin Circles East David, AL 08405",2021-08-26
138,Debra Blair,thomas10@example.org,"884 Luna Plain Zacharyberg, CT 23303",2023-07-20
139,Gloria Osborne,howardhector@example.com,Unit 9082 Box 1731 DPO AP 96420,2020-10-02
140,Brooke Chang,claytonalison@example.org,"078 Stevens Springs Apt. 989 Albertstad, NJ 92799",2021-12-05
141,Lori Lee,ryanwade@example.net,"9017 Stewart Lodge Shepardshire, UT 14812",2022-09-18
142,Jason Diaz,gardnerkayla@example.com,"79246 Torres Crossroad Rileyton, WY 06128",2021-03-01
143,Chelsea Porter,beltranjessica@example.net,"82438 Douglas Club Suite 795 Medinaland, FM 61209",2024-02-15
144,Jeanne Wise,amber20@example.com,"4485 Moss Streets Apt. 242 West Juanstad, WI 40026",2021-10-20
145,Jenna Williams,imcmahon@example.org,"4309 Joanna Meadow South Jasonville, HI 42183",2024-09-27
146,Sharon Jones,jason11@example.net,USS Watkins FPO AP 81741,2021-04-14
147,Kevin Jones,jessicastark@example.com,"775 Madison Ranch Jonesbury, MD 74781",2020-10-26
148,Brittany Rodriguez,eprice@example.org,"5074 Ruben Mill Lake Andrew, IA 06074",2021-03-03
149,Kelsey Bennett,rileyjessica@example.net,"57012 Flowers Ports Lake Paula, ND 04674",2022-11-12
150,Bryan Burke,frankchavez@example.net,"27796 Becker Tunnel Christinaville, OK 30884",2022-12-18
151,Megan White,charleswerner@example.com,"09410 Stephen Groves Matatown, NJ 33244",2022-04-11
152,Jennifer Henson,lorraine80@example.net,"27252 David Well Suite 940 Port Cory, CT 09822",2024-05-21
153,Kelly Thomas,tbaker@example.org,"5607 Jenkins Extension Suite 442 South Sarah, WA 55910",2022-05-22
154,Tracy Garcia,vpeterson@example.net,"3145 Frey Lights Millerbury, MH 48123",2022-04-15
155,Laurie Hunt,allisonmoody@example.com,"930 Lawrence Place Port Donaldland, TX 45375",2023-02-02
156,Michael Dominguez,david66@example.net,"5043 Brittany Loaf South Emma, AL 38499",2023-06-19
157,Michelle Clements,ericphillips@example.org,"8495 Richard Glens Suite 586 South Rhonda, MO 21423",2020-10-14
158,Lisa Simpson,hendersonjesse@example.com,"8026 Hernandez Ridges Castrofort, IL 93166",2021-09-14
159,Kevin Anderson,igriffith@example.net,"33820 Deleon Valleys Duaneview, VT 94629",2020-11-24
160,Kimberly Hernandez,lopezkevin@example.net,"4199 Bill Station Apt. 571 Lake Joshua, MA 58026",2024-09-29
161,Barbara Rivera,brendabutler@example.org,"660 Alexander Avenue Suite 973 Port Davidfort, DC 48860",2021-08-16
162,Rebecca Mcneil,howardlauren@example.com,"PSC 1288, Box 4266 APO AP 60671",2021-06-15
163,James Ruiz,mathew71@example.net,"1692 Allen Park Suite 408 Kruegerberg, SC 56747",2021-08-24
164,Katrina Griffin,romeroedward@example.org,"1928 Patrick Stream Apt. 958 Jessicabury, CO 66695",2023-10-15
165,Tara Jones,jasminejordan@example.com,"61447 Harrison Road Ashleyburgh, NV 97268",2023-12-27
166,Taylor Buckley,douglasmelody@example.org,"9657 Ball Highway Johnsonfort, MS 23793",2023-03-21
167,Sheila Holden,christopher10@example.net,Unit 6857 Box 9794 DPO AA 83085,2021-03-14
168,Michael Delacruz,tperry@example.com,"98723 Luna Creek Suite 377 Smithville, CO 98541",2021-01-20
169,Michael Gordon,david61@example.com,"180 Sarah Center Apt. 705 Charlesbury, ME 47457",2024-05-04
170,Anthony Wilson,josephlong@example.net,"0299 Mitchell Shore Ashleyport, MH 04828",2020-12-21
171,Christina Joyce,kevin20@example.com,"653 Susan Views East Stephanieton, MO 18959",2022-03-04
172,Lauren Fisher,sheri63@example.org,"582 Smith Points North Sabrinafort, NJ 87281",2020-05-18
173,Richard Smith,patriciatorres@example.org,"792 Kathy Coves New Jessica, SD 83422",2023-11-27
174,Sara Martinez,bullockkimberly@example.org,"35019 Nancy Crossroad Beverlyland, WV 13145",2023-04-21
175,Sarah Benson,ashley59@example.net,"308 Glenn Lock Suite 868 New Joshuafurt, OK 43916",2022-06-11
176,Mr. Scott Ayala,andersonjasmine@example.net,"06038 Makayla Estates South Ashley, MO 11699",2020-11-25
177,Christopher Stephens,ijones@example.net,"597 Rhonda Valley Apt. 619 Port Michaelmouth, OR 27858",2021-02-25
178,Mary Hughes,jwhite@example.org,"7517 William Rapid North Morgantown, TX 16969",2023-05-28
179,Paul Lewis DDS,mooresandra@example.org,"985 Justin Gardens New Jacob, LA 95178",2024-01-19
180,Shannon Holland,flynnrichard@example.net,"78746 Matthew Cape Suite 898 East Elizabethfort, VA 70370",2023-03-29
181,Ronald Martinez,haleydavis@example.org,"812 David Islands Mossville, AL 07895",2022-12-01
182,Shane Collins,bethany30@example.org,"5857 Angela Ranch Apt. 215 Kennethtown, MH 74122",2024-08-10
183,Jesse Adams,rhonda42@example.net,"667 Summers Centers Brownstad, KY 05793",2023-12-03
184,Michael Mccall,gcallahan@example.org,"313 Mark Prairie South Roberthaven, OH 50561",2022-07-19
185,Mrs. Vanessa Holloway,daisy81@example.org,"474 Eric Estate Suite 850 North Brianmouth, CO 64372",2023-06-23
186,Gary Harrison,rcoleman@example.org,"93227 Daniel Walks North Julie, AS 35890",2023-09-28
187,Beverly Johnson,kellyturner@example.net,"53867 Gray Crossroad Matthewstad, FM 73161",2022-09-03
188,Alexis Armstrong,sarah92@example.net,"543 Keith Meadow Karenview, LA 32619",2020-06-14
189,Mrs. Pamela Roberts,stephanie98@example.com,"91219 Tiffany Coves Suite 269 Owensfort, CT 72901",2021-11-19
190,Jeffrey Johnson,lynncole@example.net,"548 Pamela Drive Apt. 351 Port Anthony, OH 10676",2021-12-30
191,Daryl Jordan,ashleyjohnson@example.org,"4572 Amy Neck Suite 084 Port Larryfort, GU 22190",2023-08-08
192,Courtney Garza DDS,qhamilton@example.net,"93547 Delacruz Mountains Suite 352 North Marcuston, MA 64958",2022-09-17
193,Samantha Ellis,pcampbell@example.com,"77930 Kane Knolls Apt. 354 East Sarahfurt, KY 27804",2023-07-01
194,Jennifer Irwin,andrea18@example.org,"99173 Leon Street Apt. 440 Port Frederickfort, AK 41236",2022-11-12
195,Christine Gonzales,carlaevans@example.org,"PSC 0069, Box 3115 APO AA 78787",2022-07-12
196,Jennifer Chan,reesebonnie@example.com,"11324 Camacho Row Derekmouth, NC 96386",2021-07-15
197,Jack Moreno,garyneal@example.com,"61465 Davis Motorway Lake Willie, KY 07098",2020-01-28
198,Christopher Harris,tommyshort@example.com,"987 Karen Walks Martinland, UT 47191",2020-10-19
199,Mariah Black,pearsoncolin@example.org,"776 Kim Divide Apt. 899 Michaelshire, MA 37884",2024-07-12
200,Johnny Williams,hannah15@example.org,"1254 Shane Landing Greeneberg, AK 31675",2022-09-22
201,Kevin Jones,charles09@example.org,"44712 Leonard Run Suite 834 Lopezburgh, MS 92628",2023-03-29
202,Barbara Delacruz,dennis76@example.net,"01065 Edwards Inlet New Robert, NJ 22530",2022-01-21
203,Melanie Hayes,cheryl36@example.net,"21250 Sarah Village Suite 822 Smithmouth, LA 31252",2024-08-15
204,Jessica Wilson,kim56@example.org,"615 Terry Ranch Apt. 007 West Louis, AS 81241",2023-10-29
205,Jessica Thomas,david73@example.org,"495 Rivera Burgs Toddbury, LA 23224",2020-03-16
206,Caleb Bowers,john65@example.net,"24294 Catherine Estate Port Michaelshire, WY 85617",2021-07-31
207,Joshua Ramirez,elizabeth78@example.net,"305 Michael Valleys Apt. 211 West Katieville, ME 77222",2024-01-08
208,Andrew Moran,daniellelee@example.net,"15270 Michael Road East Coreyhaven, KY 17165",2022-03-23
209,Angela Flynn,ojones@example.net,"7641 Michelle Walk Roberttown, DE 69919",2022-07-09
210,Nancy Diaz,megan72@example.com,"PSC 7868, Box 0324 APO AP 08447",2024-06-16
211,Timothy Thomas,andrew38@example.net,"485 Paul Walks East Louisport, NC 47693",2022-11-05
212,Brian Evans,evazquez@example.org,"2205 Kayla Manor West Nicholas, CO 02341",2020-12-20
213,Jennifer Newton,kaitlinfitzpatrick@example.com,"9006 Murphy Creek Suite 930 Kellyfurt, AL 56673",2023-03-15
214,Daniel Kirk,alec46@example.com,"5973 Maldonado Lakes Mayhaven, AR 67625",2022-03-07
215,Robin Dixon,michael30@example.org,USNS Lyons FPO AP 55656,2022-06-16
216,Michael Garcia,clifford96@example.net,"17897 Sherri Cliffs Apt. 050 Paulville, MT 21559",2021-12-28
217,Sabrina Stewart,yrichards@example.com,"35814 Murphy Forest Gregoryside, MA 12577",2020-06-13
218,Kara Garcia,kaylachavez@example.net,"667 Roman Ville Apt. 637 Dickersonview, TX 83988",2024-07-16
219,Jonathan Tanner,ashley02@example.net,"58619 Sutton Junctions Port Brett, WA 29059",2022-05-21
220,Luke Medina,tcantrell@example.com,"PSC 8466, Box 1955 APO AE 09780",2023-03-01
221,Mandy Parker,gregorycampbell@example.org,"721 Williams Stream Jaimeberg, RI 49964",2024-05-26
222,Victor Wall,andrewwheeler@example.com,"7815 Garcia Fields Payneport, GA 03341",2022-12-29
223,Douglas Anthony,carlhall@example.org,"64645 Medina Motorway Suite 304 West Amber, ID 39317",2023-12-21
224,Sara Carter,rachel21@example.org,"494 Logan Bridge Suite 233 North Markview, PR 41261",2022-12-07
225,Rebecca Roberts,fperkins@example.org,"1311 Fry Knoll Suite 575 North Thomas, GA 54376",2020-04-18
226,Eric Simpson,billy68@example.com,"582 Virginia Tunnel South Danielle, MS 91380",2022-06-21
227,Joann Roach,edward01@example.org,"760 Jones Neck Apt. 215 East Henryborough, MN 64679",2020-01-28
228,Crystal Rogers,kingderrick@example.org,"9434 Brian Freeway Grahamville, WY 15287",2023-03-16
229,Natasha Tanner,wmyers@example.net,"3472 Chase Spring Apt. 158 Lake Kimberly, NY 47201",2022-08-17
230,Gina Reyes,martinezjill@example.com,Unit 2456 Box 3752 DPO AA 38606,2023-04-09
231,Robin Mason,ygilmore@example.org,"607 Joel Alley Carolynmouth, SD 34127",2022-08-30
232,Glenn Cook,shawn36@example.com,"4709 Cheryl Street New Stefanieland, ME 93511",2023-03-20
233,Tracy Wood,johnclark@example.org,"503 Melissa Heights Suite 366 Snowview, WY 68913",2024-02-02
234,Jill Smith,owatson@example.net,"35654 Joseph Manor East Robert, IA 74299",2024-05-19
235,Julia Medina,randerson@example.com,"5434 Riddle Village Port John, MP 63371",2021-08-08
236,Joseph Martin,chasebeltran@example.org,"483 Singleton Viaduct Apt. 372 New Beth, MA 89375",2020-02-18
237,Daniel Yang,twebster@example.net,USNS Stewart FPO AP 17176,2021-04-26
238,Jeremy Huang,kriley@example.com,"707 Wright Drive Apt. 478 Lewisberg, MH 80784",2020-02-01
239,Sharon Mccoy,rperez@example.com,"685 Parker Corners Apt. 891 Heathville, KY 88253",2020-01-06
240,Laura Gibson,cardenascynthia@example.net,"794 Catherine Brooks Michaelville, IL 01290",2020-04-25
241,Daniel Mcguire,llong@example.com,"0692 Henderson Course Apt. 960 North Monica, WY 79920",2021-11-30
242,Brian Martin,phelpsdaniel@example.org,"6809 Wanda Forest Port Joshuaborough, WA 29095",2022-11-23
243,Austin Mason,fowlerjessica@example.org,"5869 Paige Knolls Suite 207 South Troytown, CO 26673",2021-06-24
244,Felicia Ellis,oliviaatkinson@example.org,"3159 Chandler Ports Apt. 435 Simpsonchester, GA 70637",2022-01-18
245,Michelle Taylor DDS,marybray@example.org,"685 Silva Freeway Toddshire, OH 16908",2022-01-13
246,Barbara Vasquez,christiereyes@example.net,"9447 Margaret Village Seanfort, CO 78031",2022-10-08
247,Benjamin Richard,coryparsons@example.net,"991 Briggs Walks Suite 882 Alejandrobury, VI 53127",2024-09-09
248,Rebecca Kelly,gberger@example.net,"88773 Jose Square Apt. 936 Lake Josephport, WI 52460",2022-01-27
249,John Arias,samueljennings@example.org,"045 Colon Streets Apt. 639 Port Christopherbury, DE 26471",2022-08-02
250,Mary Hernandez,michael87@example.net,"4396 Faulkner Points Suite 152 Torresberg, GU 79769",2023-12-10
251,Stacey Ayers,johnflores@example.com,"24886 Mathews Fork Apt. 893 Judychester, WV 95605",2020-08-24
252,Andrew Williams,mlucas@example.org,"7948 Martin Knolls Apt. 595 Eileenport, LA 77165",2023-01-30
253,Sarah Hart,robinsonkayla@example.org,"66292 Cox Squares Apt. 120 Lake Mark, WV 86740",2023-07-03
254,Aaron Thompson,usalazar@example.com,"7546 Gregory Locks Suite 730 North Michaelhaven, OK 00789",2021-10-15
255,Anthony Greene,gsmith@example.org,"26002 Moore Pine Mcdonaldbury, OH 18535",2024-07-03
256,Willie Rivera,jonathanhill@example.net,"06081 Charles Falls Suite 228 North Cathystad, IL 44653",2023-12-04
257,Cory Juarez,simmonsalexandra@example.com,"54853 Richard Burgs Apt. 651 New Gina, WV 87882",2020-12-27
258,Shannon Kim,othomas@example.com,"847 John Via Suite 185 Alanstad, SD 13769",2021-11-07
259,Gary Burke,navarroapril@example.org,"544 Adam Locks Matthewside, FM 79809",2024-04-06
260,Tyler Barker,dsheppard@example.org,"855 Simon Spurs Amberchester, DC 25711",2023-09-13
261,Carrie Walls,xhunter@example.com,"0779 Buckley Club West Alecport, IL 02582",2022-12-12
262,Kathleen Gonzalez,nataliemitchell@example.net,Unit 5615 Box 2546 DPO AP 26696,2022-06-28
263,Stephen Lee,walterjasmine@example.com,"82360 Collier Fort Suite 536 West Daniel, AK 47085",2020-10-08
264,Bradley Jacobs,lesliesullivan@example.net,"8214 Peters Mills New Eileen, WY 37983",2021-07-15
265,Justin Tran,austin51@example.com,"14508 Garcia Junctions South Kimberly, IN 84836",2020-09-18
266,Kyle Park,melindahall@example.com,"2721 Perez Ranch Suite 346 North Juliefort, NE 35202",2024-01-08
267,Christopher Rodriguez,colemitchell@example.net,"6665 Charles Run Foxton, PR 71164",2021-04-15
268,Adrienne Young,ericpaul@example.com,"96605 Roman Lane Suite 248 North Elizabeth, VI 95339",2024-05-05
269,Angela Cochran,ubenson@example.net,USNS Turner FPO AE 73395,2022-10-02
270,Debra Pena,daviskimberly@example.com,"380 Frazier Spur East Vanessa, VA 48127",2023-01-12
271,Sydney Lindsey,ricesamantha@example.org,"489 Ward Turnpike Watsonbury, MH 75708",2023-04-18
272,Randall Hawkins,robert72@example.com,"3474 Wallace Common West Edwardburgh, OK 15279",2023-04-14
273,Ricky Campbell,pbaker@example.com,Unit 5756 Box 6706 DPO AP 90934,2020-01-28
274,Susan Bryan,danielcook@example.org,"9718 Perez Highway Suite 141 East Tracey, SD 69107",2020-03-16
275,Laura Thompson,romanamy@example.com,"39645 Smith Hill Apt. 673 Mccormickfort, OH 20368",2023-04-10
276,Sharon Bell,brownchristopher@example.org,"733 Courtney Viaduct New Michaelmouth, DE 29368",2021-05-26
277,Denise Horne,danieljohnson@example.net,"11153 Elizabeth Corner Apt. 742 South Desiree, PR 31516",2023-10-26
278,Margaret Patterson,sandrajenkins@example.com,"87251 Justin Branch Apt. 814 Lewisville, MO 32849",2020-07-26
279,Carol Jacobs,gonzalezkenneth@example.org,"9554 Amy Mews Marchaven, VA 43190",2024-02-28
280,Rebecca Sparks DVM,zunigageorge@example.com,"33784 Jessica Track Carlatown, ID 68279",2021-05-30
281,Theresa Underwood,kwatts@example.org,"824 Ronald Street Suite 837 Michaelhaven, MA 78794",2022-08-04
282,Mark Humphrey,edwardsmichael@example.org,"5271 Ward Forks New Jessica, WV 29911",2023-07-30
283,Andrew Cabrera,michaelarcher@example.com,"857 Steven Prairie Jenniferton, ID 21921",2020-08-09
284,Stephen Garrett,stephaniefields@example.com,"127 James Shoals Patriciamouth, LA 85955",2021-10-04
285,Wendy Riley,danielalexander@example.com,"798 Peck Key Suite 183 Port Kayla, AL 57093",2024-06-25
286,Shannon Stevens,dlopez@example.org,USCGC Thomas FPO AE 27449,2021-12-07
287,Tiffany Hansen,longcatherine@example.org,"494 Mark Haven Suite 346 Martintown, ND 43907",2021-05-23
288,Jessica Mitchell,stephen76@example.org,"0512 Jacobs Glen South Holly, KS 80361",2022-05-08
289,Gregory Allen,jmclean@example.net,"55612 Olivia Heights Tracychester, AL 82876",2020-12-18
290,Lisa Gonzalez,codybailey@example.org,"0784 Jeffrey Radial South Kimberlybury, AR 61844",2021-12-29
291,Michael Butler,rlee@example.com,"803 Megan Port Apt. 061 Garciaburgh, OK 83270",2023-02-26
292,Michael Freeman,elizabeth22@example.org,"86980 Ferguson Camp Suite 274 Lake Emilyberg, MT 67367",2024-07-05
293,Scott Randall,cindy04@example.org,"948 Lee Mills Salazarside, MA 52546",2024-05-05
294,Chad Nguyen,drobertson@example.org,"053 Beck Cape Kellerberg, KS 41724",2020-07-29
295,Scott Mueller,bryan45@example.com,"102 Roberts Streets Starkbury, DE 21203",2020-01-31
296,Eric French,trogers@example.net,"79013 Brian Crossroad Lake Ryan, FL 37254",2022-08-09
297,Steven Lee,katelyn80@example.net,"46221 Conner Mission Suite 942 Port Cody, ID 60124",2023-12-04
298,Hunter Werner,brian96@example.org,"086 Morgan Isle Suite 037 North Joefurt, MH 03113",2024-06-21
299,James Martin,richardwarren@example.net,"516 Victoria Stravenue Apt. 701 Leslieshire, ND 45287",2021-12-13
300,Madison Crosby,adavis@example.net,"PSC 9885, Box 8035 APO AE 67829",2023-07-01
301,David Morales,alisha11@example.net,"63106 Rodriguez Mill West Benjamin, DE 31062",2024-05-08
302,Kim Freeman,james77@example.com,"5868 Garcia Valleys Suite 006 East Joseph, HI 95120",2023-06-23
303,Raven Miller,karengomez@example.net,"97151 Jose Causeway Elizabethmouth, VA 17855",2022-03-02
304,Christian Johnson,whitecolin@example.net,"6521 Timothy Summit Suite 508 Richardborough, MN 58067",2020-09-14
305,Jeff Mercer,nortonallison@example.net,"61120 Jeremiah Ramp Suite 387 North Phillip, DC 56314",2020-08-23
306,Amber Wagner,chambersjoshua@example.com,"443 Hughes Key Apt. 187 Micheleberg, AS 53092",2021-07-10
307,Mr. Adrian Lane MD,tracey24@example.org,"39084 Williams Pine Ronaldhaven, MA 75660",2020-11-10
308,James Wallace,xsantana@example.net,"27985 John Road North Katrina, WA 34695",2021-08-16
309,Lori Jackson,dmacias@example.net,"6118 King Squares Danielfurt, AK 54896",2020-04-08
310,William Wood,djackson@example.org,USS Santos FPO AA 79019,2024-01-03
311,Amanda Barnes,lynchclinton@example.com,"395 Castillo Brooks North Jessicamouth, TX 51798",2022-03-15
312,Ashley Wilson,meredith69@example.net,"2367 Lane Hills Ryantown, MO 09394",2022-08-10
313,Scott Butler,erin02@example.org,"1105 Jessica Plaza Danmouth, MI 77110",2020-08-19
314,Gregory Allen,sward@example.net,"097 Scott Stream Apt. 939 Delgadoshire, DC 59790",2023-05-30
315,Patrick Ross,fmontgomery@example.net,"22165 Rowland Fork Suite 536 North Jameston, OH 93021",2020-02-08
316,Jessica Smith,millerkelly@example.com,"5653 Megan Street Lake Erichaven, WI 22976",2020-05-11
317,April Case,lindamedina@example.org,Unit 6706 Box 9331 DPO AA 43459,2022-05-18
318,Charles Mckee,mark16@example.com,"53302 Julia Vista New Casey, TX 87263",2021-07-31
319,John Martinez,joerogers@example.org,"1986 Kelly Terrace Suite 828 Robertsonborough, SC 39510",2023-12-18
320,Sarah Young,obriensharon@example.net,"574 Tiffany Club Apt. 496 Brentshire, IL 15827",2021-11-12
321,Mario Green,james13@example.com,"770 Elizabeth Gateway Michelleburgh, CO 46770",2024-05-05
322,Daniel Reyes,lorettamorris@example.org,"94510 Robert Island Harperstad, RI 59791",2021-08-07
323,Alexis Hughes,bonniemcclain@example.net,Unit 1537 Box 2081 DPO AE 64196,2022-04-21
324,Bruce Johnson,christopher19@example.com,"050 Cummings Lake Suite 835 Hendricksport, WA 22692",2024-02-05
325,David Smith,martinezcolin@example.com,"76821 West Summit South Matthewton, MS 33611",2022-11-08
326,Laura Wallace,andrew20@example.org,"27205 Rodney Mills Suite 381 East Sarah, IN 20868",2023-07-14
327,Monica Richardson,stevensjennifer@example.net,"698 Wayne Meadows East Cindychester, MS 73309",2024-02-02
328,Sandra Baker,kday@example.com,"9269 Reed Loop Suite 531 Port Nancy, AS 51466",2020-05-11
329,Matthew Reese,emilysweeney@example.org,"0268 Joshua Forge Williamsshire, MI 46873",2021-09-08
330,Samantha Moore,robert20@example.org,"4278 Jasmin Junctions Apt. 806 Mariachester, TN 98149",2021-11-18
331,Shelia Jennings,simsmatthew@example.org,"455 Joshua Throughway Apt. 466 Reedstad, TN 79793",2023-01-12
332,Cindy Thompson,tracyrowland@example.com,"3648 Jared Walks East Erik, NE 48517",2023-07-23
333,Ashley Taylor,caseyroy@example.org,"666 Pineda Extensions Suite 880 Matthewborough, SC 04791",2020-10-03
334,Jared Le,andersonlance@example.com,"173 Leslie Turnpike Apt. 762 West Timothybury, MH 98517",2022-01-25
335,Lucas Banks,christinecunningham@example.net,"7192 Jennifer Square Apt. 495 Wallermouth, MN 95696",2021-09-30
336,Robin Morris,blake00@example.com,"2956 Yang Plains Lake Laura, NJ 73354",2022-01-05
337,Kevin Johnson,xwhite@example.org,"592 Schneider Camp Apt. 522 South Jesse, ND 31635",2020-04-27
338,Joseph Jensen,benjaminsimon@example.com,"514 Christina Fork East Brandonshire, ID 96489",2021-04-13
339,Anthony Garcia,nicole81@example.org,"7870 Tanya Lights Loriland, WV 16638",2022-12-07
340,Tracy Gomez,vlam@example.net,"947 Brown Manors New Juliaside, AZ 62729",2023-05-21
341,Michele Abbott,erin95@example.com,"418 Chan Manor Apt. 881 New Marytown, CA 66740",2022-10-27
342,Tanner James,nmeyer@example.net,"95244 Morris Points Martinezstad, CO 86524",2022-08-14
343,Justin Grimes,leslie90@example.org,Unit 2734 Box 1951 DPO AE 56810,2023-10-26
344,Justin Meyer,leslie60@example.net,Unit 0339 Box 7300 DPO AA 44935,2020-04-29
345,Peter Ho,bcarlson@example.com,"710 Wilson Spur Suite 181 Rileytown, ID 93293",2024-07-07
346,Jessica Diaz,gallagherjoseph@example.net,"81570 Smith Flat Apt. 844 North William, NV 25356",2020-09-20
347,Christopher Griffin,qparker@example.com,"0265 Robert Grove Apt. 995 Lake Melinda, MD 78767",2022-06-19
348,Lisa Hernandez,rachaelpadilla@example.org,"3212 Michelle Trace Lake Jonathan, SD 74704",2023-08-16
349,Jennifer Buckley,markmclaughlin@example.com,"7907 Michelle Turnpike West Charlesbury, MH 72530",2022-06-29
350,Joshua Miller MD,eedwards@example.net,Unit 9526 Box 6460 DPO AA 97373,2023-05-17
351,Juan Jones,dmurillo@example.net,"31027 Haley Corners Port Julieside, PA 27080",2021-10-11
352,George Kennedy,larry60@example.com,"960 Melissa Knolls Suite 113 North Meagan, PW 32666",2024-06-26
353,Shawn Diaz,andreasmith@example.net,"374 Marc Course Apt. 674 Smithville, RI 80514",2024-01-11
354,Bonnie Vaughan,eric94@example.net,"281 Amanda Junctions North Shaneberg, PR 55332",2022-06-03
355,Christopher Gonzalez,stephen94@example.net,USS Meyer FPO AE 78635,2023-09-21
356,Tracey King,xlee@example.net,"544 Jack Pines New Lisa, VI 06436",2024-08-04
357,Michael Page,wisenathaniel@example.com,"61478 Patricia Ridge Suite 133 Katrinastad, VI 55391",2023-10-27
358,Aaron Mcdaniel,williamparker@example.com,"187 Taylor Ferry Suite 495 Mcgeeberg, CA 20391",2020-01-06
359,Sarah Davis DDS,gregorysmith@example.org,"751 Osborne Parks East John, PR 71222",2021-01-19
360,Monica Morse,marisawright@example.com,"19926 Rachel Prairie Brandiview, MT 92229",2021-02-27
361,Bruce Mccoy,angelaknapp@example.com,"220 Villarreal Squares New Drew, WV 51134",2022-12-26
362,Mark Ferguson,hthompson@example.com,"26245 Lori Falls Port Gregoryport, VA 96027",2022-06-19
363,Joseph Mccann,heathkimberly@example.com,"63344 Keith Lock Tinashire, TN 56890",2024-06-01
364,Sean Graham,justinharris@example.org,"8425 Montgomery Mountains Suite 401 Davidville, IA 86283",2022-01-11
365,Bonnie Fisher,edwinrollins@example.net,"28660 Theresa Drive Suite 820 Williamborough, MS 97104",2023-12-06
366,Alicia Levy MD,hoganjames@example.org,"04663 Mendoza Landing East Johnshire, NV 18902",2024-08-11
367,Lindsey Johnson,anthony15@example.org,Unit 8050 Box 3345 DPO AE 69254,2020-03-11
368,Joe Parker,tyler13@example.net,"6556 Zuniga Manors Apt. 394 Amymouth, MP 02871",2024-08-15
369,Rachel Dennis MD,bjackson@example.net,USNS Bryant FPO AE 09256,2022-03-02
370,Jason English,ericstephens@example.net,"614 Dixon Squares Frankfort, MI 59151",2021-05-01
371,Melissa Lewis,ddaniels@example.org,"266 James Rapids Suite 853 South Dylan, MD 40574",2024-08-24
372,Allison Cordova,stephengarcia@example.org,"606 Pamela Island Suite 046 Villarrealfort, KS 05794",2021-12-12
373,Shane Valdez,maryfitzgerald@example.net,"03749 Brittany Inlet Apt. 621 North Teresaton, OR 50344",2021-05-26
374,Aaron Dunlap,qwang@example.org,"3220 Nathan Harbor Suite 071 Kimberlyshire, FM 71749",2022-09-08
375,Charles Williams,jeff47@example.org,"8844 Jeffrey Ford Port Jenna, WA 94539",2021-02-14
376,Joshua Hawkins,uthomas@example.org,"PSC 9376, Box 5486 APO AE 09426",2022-06-03
377,Heather Bell,andrew41@example.org,"7453 Warren Mountain New Elijah, KY 63351",2024-07-09
378,Judy Smith,alexiswoodward@example.org,"7079 Liu Hill Apt. 066 Williamsfurt, KS 06162",2024-07-24
379,Melanie Bailey,ismith@example.net,"580 Jessica Rapids Apt. 573 Allisonport, OR 26311",2020-10-22
380,Jesus Poole,padillajasmine@example.net,"018 Charles Rue Suite 993 Manningshire, NJ 35004",2022-09-24
381,Patricia Paul,morgan69@example.com,"613 Olivia Glen West Adam, MA 92725",2022-10-22
382,Kelli Marquez,mgarcia@example.com,"8451 Kari Light Suite 076 Lake Amber, DC 42097",2021-12-27
383,Daniel Cook,annwheeler@example.org,"72429 Rita Avenue Suite 543 Nicoleshire, NM 60789",2022-03-07
384,Jacob Arroyo,youngdavid@example.com,USS Farley FPO AA 14636,2020-10-30
385,Adam Lewis,james38@example.org,"95751 Harris Mountain Apt. 103 Chapmanberg, PW 47422",2020-09-07
386,Donald Vasquez,davidwilson@example.com,"3040 Christopher Plains Apt. 569 South Scott, WV 61355",2021-10-17
387,Nathaniel Gonzalez,pbauer@example.org,"15540 Salas Bridge Suite 295 South Kevinstad, AK 21691",2022-09-24
388,Phillip Harris,denisecochran@example.net,"3324 Andrew Course Suite 725 Andrewschester, MN 03874",2023-07-21
389,David Arnold,brownmichael@example.com,"PSC 8171, Box 4433 APO AP 84245",2021-10-31
390,Elizabeth Padilla,bennettbarbara@example.org,"9609 Acosta Mountains South Ashleyberg, OR 80415",2024-09-10
391,Vanessa Roberts,uhall@example.com,"PSC 4481, Box 2753 APO AP 01275",2022-05-07
392,Judy Lowe,sancheztommy@example.org,"3543 Rachel Wells Dennischester, DC 58061",2022-07-03
393,Carolyn Vargas,evanpineda@example.com,USNV Lewis FPO AA 55021,2020-01-16
394,Eric Bender,bwalter@example.com,"1562 Rivera Bridge North Tracystad, NV 74743",2020-07-14
395,Tracy Daniels,schaefermelissa@example.org,"763 Donald Greens Apt. 979 Rodneyland, IA 59027",2020-06-28
396,Bradley Rodriguez,samanthamcbride@example.com,"PSC 8791, Box 9150 APO AA 50817",2020-05-11
397,Daniel Tate,anna32@example.net,USNV Donovan FPO AP 64731,2020-01-31
398,Natasha Kim,donald13@example.org,"890 Kenneth Trafficway Medinastad, WI 95078",2024-05-04
399,Sara Le,bradmcintyre@example.net,"4314 Edwards Flats Lisaview, WY 60213",2020-09-12
400,Stacey Mccoy,melissa51@example.net,"24815 Ruiz Track Apt. 892 Joannamouth, NM 31394",2020-10-23
401,Jessica Horn,randy26@example.net,"7003 Ruth Forest Schmidthaven, NV 99004",2022-07-29
402,Jacob Flores,marshthomas@example.com,"34509 Snyder Canyon Rachelchester, AR 25871",2020-07-24
403,Tracey White,rodney42@example.net,"3959 Teresa Throughway Apt. 971 North Courtneyshire, WI 35131",2022-12-26
404,Hayley Moore,michael50@example.org,"18013 Brandi Passage Suite 598 Johnsonfurt, OR 94938",2022-08-24
405,Joshua Stout,zacharyacosta@example.org,"293 King Throughway Apt. 083 Donnahaven, AR 72019",2022-12-03
406,April Lozano,schultzlaura@example.com,"59389 Andrea Groves Apt. 220 North Ryanfort, LA 27265",2022-02-10
407,Cameron Deleon,jeffrey83@example.com,"1250 Villa Shoals Suite 647 Johnsonburgh, LA 65357",2021-11-09
408,Karen Patel,aaronford@example.com,"9951 Emily Isle Port Kristihaven, RI 88859",2024-01-01
409,Patricia Caldwell,abigailkelly@example.net,"71777 Khan Streets Lake Donald, NC 17515",2023-05-28
410,Melissa Joyce,lyonserik@example.org,"174 Morrison Stream Jamesside, AK 56433",2023-08-27
411,Harold Gomez,anthony63@example.net,"193 Vaughn Center Suite 012 East Jennafort, OR 23887",2023-10-30
412,Edward Glass,debra02@example.com,"442 Timothy Forks West Meganburgh, OH 52077",2023-10-04
413,Ronald Dickerson,raymondlawson@example.net,"2065 Villanueva Oval Melissatown, MI 34818",2020-09-28
414,Christopher Dickson,lanesierra@example.org,"35314 Amber Squares Apt. 676 Duartestad, MO 51990",2024-01-07
415,Jessica Shields,heidirodriguez@example.net,"632 Daniel Alley Suite 378 West Rachel, GA 54299",2020-03-30
416,Kara Dalton,dharris@example.org,"0143 Dustin Estates Kleinmouth, GA 61751",2020-10-23
417,Emily King,anthonygordon@example.com,"80626 Goodwin Port Apt. 292 Cervanteschester, NC 60253",2023-08-29
418,Craig Arnold,tatetroy@example.net,"27435 Luke Glen Williamsport, AK 94672",2022-09-30
419,Maria Jacobs,jesusmclean@example.com,"0746 Cindy Cliff Shannonshire, DE 49534",2024-05-30
420,Joseph Gregory,tswanson@example.com,"3020 Matthew Plaza Apt. 245 North Jay, NE 61547",2022-11-22
421,Tiffany Johnson,john29@example.org,"417 Pollard Manor Lake Madisonhaven, FM 47155",2023-04-11
422,Joel Lee,alexanderfleming@example.com,"6526 Rick Locks New Kristin, GA 79850",2020-09-28
423,Jason Mckay,cklein@example.org,"3011 Kristina Ways Apt. 567 East Jamesmouth, MP 08971",2023-02-02
424,Richard Wallace,ronnie36@example.net,"957 Joseph Center Suite 651 Lisaborough, OK 61715",2022-06-08
425,Dylan Bass,drios@example.net,"48850 Williams Way Crawfordchester, DC 72032",2022-02-18
426,Michelle Peterson,matthewknight@example.org,"80746 Jacqueline Parks Suite 391 South Karen, MS 50185",2024-01-17
427,Lori Anderson,lindseywilliams@example.net,"8259 Erica Loaf New Craigstad, VI 91561",2023-07-30
428,Jason Turner,duncanchristian@example.com,"8506 Wendy Court Port Zacharyberg, SD 85050",2023-05-31
429,Joanna Daniels,ygraves@example.net,"17567 Scott Street West Jeremyborough, HI 55193",2022-02-10
430,Megan Santiago,pbrown@example.org,"2562 Eric Land Suite 869 New Justin, AL 42750",2021-02-21
431,Scott Lewis,stephensmith@example.org,"36546 Justin Place South Antonio, OH 14138",2023-08-27
432,Michael Strickland,stephaniechaney@example.org,"90566 George Skyway Lewisshire, MN 85578",2023-05-05
433,Christopher Grant,tara46@example.org,"PSC 7113, Box 5205 APO AP 43090",2022-10-26
434,Katelyn Meadows,ubell@example.com,"17223 Wood Rapids South Christopherborough, AK 57105",2023-06-25
435,Alisha Lee,atkinsonelizabeth@example.org,"307 Dillon Wall Jessicamouth, AL 70312",2023-07-21
436,Dominique Martinez,carlosmoore@example.org,"02897 Thomas Street Suite 066 East Tim, IN 35705",2023-06-16
437,Chad Crane,jennifer98@example.com,"40816 Natalie Junction Silvaborough, AZ 15007",2020-02-11
438,Kelly Key,jchapman@example.org,"49543 Byrd Spring Lake John, VT 91877",2021-01-30
439,Brittany Harris,christina83@example.com,"57421 Susan Summit Apt. 094 North Deborah, NJ 10118",2020-10-19
440,Julia Williams,prattgary@example.com,"60960 Scott Way West Ronaldton, NM 56176",2021-12-16
441,Jeremy Jones,michaelhamilton@example.org,"362 Campbell Extension Apt. 926 Lake William, MI 92087",2023-04-24
442,Amy Smith,melissabennett@example.com,"1047 Brown Isle Apt. 792 South Dianeport, CA 12494",2024-07-16
443,Janice Flynn,meganhartman@example.com,"3007 Williams Junction Joshuaton, MP 84442",2021-05-28
444,Sarah Baker,ysmith@example.net,"PSC 2707, Box 3910 APO AA 20091",2023-12-28
445,Michael Fletcher,webbbetty@example.net,"355 Emily Spur Lewisside, NY 31075",2023-10-12
446,Eric Miller,graytanya@example.com,"247 Robinson Wells Apt. 555 Vaughanview, OK 77321",2020-11-24
447,Shane Andrews,zsmith@example.org,"987 Williams Prairie Apt. 682 Lake Candacefort, DC 15664",2020-11-10
448,Thomas Rivera,salasmarie@example.com,"172 Peter Port Suite 512 North Paul, AZ 70846",2020-11-02
449,Robert Bell,jasonbryant@example.net,"31504 Bond Island Suite 187 New Davidstad, KY 22214",2020-01-13
450,Wanda Koch,rachel76@example.org,"33009 Melissa Field Apt. 253 Lake Kimberly, PA 89107",2023-06-16
451,Jamie Carter,mcgeephilip@example.com,"218 Craig Pass Davidport, OK 95595",2020-05-05
452,Robert Hicks,kimarnold@example.org,"6578 Cook Road Apt. 772 Danielside, WI 25511",2022-04-11
453,Christopher Marsh,kimberlypotts@example.org,"68066 Morris Estates Suite 012 New Jaredview, VT 24862",2024-07-19
454,Rebekah Ramsey,kellywalker@example.com,USNS Fitzpatrick FPO AA 76914,2021-06-02
455,Joann Meyer,jessepreston@example.com,"46722 Young Burgs Suite 924 West Erikmouth, UT 77220",2024-09-17
456,Mr. Antonio Francis,brooksapril@example.com,Unit 4913 Box 1383 DPO AP 65042,2021-01-14
457,Michael Cruz,elizabethmiller@example.org,"8606 Stanley Pike Apt. 946 Lisaland, TX 62719",2024-06-14
458,Ryan Miller,laurie20@example.net,"8916 Harris Ports Apt. 280 West Arthur, NY 12923",2024-02-16
459,Dawn Gonzalez,sophia31@example.com,"184 Amanda Pine Apt. 834 East Brandon, HI 78985",2021-06-07
460,Vanessa Parker,henrycummings@example.com,"57381 Jones Vista Apt. 804 North Stephenmouth, MT 22393",2022-03-13
461,Timothy Rhodes,lisa14@example.com,"4526 Houston Parks Stevensonhaven, FL 94532",2024-09-08
462,Suzanne Howard,shelleylozano@example.org,"690 Holden Knolls East Patrickchester, WV 10855",2022-07-01
463,Angelica Anderson,jeanmarquez@example.org,"0081 Woodward Expressway Billymouth, FL 03327",2022-07-15
464,Brian Hill,marie00@example.org,"6649 Ashley Centers Garciamouth, CO 22245",2024-08-29
465,Dr. Alyssa Bryant,paulsmith@example.net,Unit 3906 Box 8525 DPO AA 77947,2020-09-07
466,Mark Ruiz,waltermontgomery@example.net,"12472 Doyle Mission Suite 738 Richardsonmouth, IL 94319",2022-12-16
467,Brian Knight,smithwilliam@example.org,"6906 Gonzales Mill Suite 843 West Natalie, VI 35555",2022-03-22
468,Randall Morgan,qcaldwell@example.org,"716 Ricardo Gateway Suite 086 Doylefort, ND 85369",2022-11-29
469,Tina Woodward,john90@example.net,"212 Ballard Pine Brianberg, LA 48197",2022-04-20
470,Brandon Jones,clynn@example.com,Unit 9301 Box 9336 DPO AA 79492,2022-08-06
471,Joshua Sheppard,stevensandrew@example.com,USNV Frye FPO AA 52697,2022-01-08
472,Thomas Morris,michael26@example.org,"22747 Gutierrez Viaduct Rachelshire, WI 96257",2021-04-27
473,Kyle Nelson,cochranjacqueline@example.com,"6474 Clinton Green Fosterburgh, AK 59356",2022-05-10
474,Sierra Henry,meganrios@example.net,"83153 Bradley Mountains Annafurt, WA 62560",2021-10-30
475,Anthony Russell,david79@example.net,"2271 James Well Haleyview, DC 01491",2024-10-02
476,Christopher Sullivan,murrayalex@example.net,"67004 Conrad Island New Mark, WI 09609",2024-05-23
477,Hailey Holmes,ttownsend@example.org,"5761 Golden Shoals Suite 820 North Jason, SD 52006",2023-10-21
478,Crystal Rubio,victoriali@example.net,"79112 Savannah Walk Suite 184 West Julie, NY 42666",2021-09-15
479,Yesenia Stevens,rebecca22@example.net,"47868 Aguilar Parkway Greenberg, ND 37990",2021-12-18
480,Heather Hill,brittany45@example.net,"668 Stephanie Meadow Suite 179 New Katelyn, AK 95332",2023-02-04
481,Mr. Jason Rollins Jr.,beverlycohen@example.net,"3228 Jessica Plaza Suite 492 North Georgetown, MI 58335",2020-01-27
482,Angelica Smith,royclay@example.com,"468 Taylor Keys Apt. 517 South Rebeccamouth, ME 27064",2022-02-13
483,Charles Walton,peterdowns@example.com,"84439 Davis Ranch Apt. 199 Kimberlystad, NC 94440",2023-02-18
484,Ronald Edwards,ncarpenter@example.com,"6810 Andre Wall Lisafort, MT 71944",2023-05-13
485,Mr. Ryan Collins Jr.,eallen@example.net,"19360 Michael Lodge Port Tinaland, DC 45408",2021-02-08
486,Arthur Myers,lisa37@example.org,"4190 Salinas Views West Erik, IN 47512",2021-08-12
487,Pamela Villegas,yharrison@example.net,"7662 Mcgee Knolls Apt. 393 Jessicachester, WI 97884",2022-04-15
488,Nathaniel Brown,shanemurray@example.net,"23294 Flores Hills Johnborough, MA 29737",2020-02-12
489,Brenda Eaton,morrowrobert@example.net,"297 William Forge Suite 445 Michaelchester, MS 18034",2023-02-19
490,Rhonda Soto,leslie02@example.net,"34624 Johnson Rest Apt. 424 Joannaberg, AS 09215",2020-05-02
491,Jacob Goodwin,anthony86@example.org,"903 Kaitlin River Brownton, ID 75649",2021-09-02
492,Julie Harris,morrishannah@example.com,"7827 Fox Burgs Suite 752 Martinberg, TN 59834",2022-11-24
493,James Savage,harrisonjose@example.net,"72267 Valentine Bridge Port Cynthia, VT 69436",2022-07-02
494,Caitlin Mcdonald,mercadobrittney@example.net,"115 Robert Trail Samanthahaven, ID 92624",2023-12-21
495,Vickie Thomas,laura35@example.org,"75300 Stevens Trace Suite 194 East Ian, AK 82642",2021-06-05
496,Ellen Ramirez,hunterbrian@example.net,"068 Stephen Ville East Ericaburgh, CA 80044",2023-12-11
497,Jesse Ross,randyross@example.com,"852 Joy Mountain Kathleenstad, WA 81204",2024-04-24
498,Jason Flores,shurley@example.com,"195 Lee Points Hernandezstad, GU 19006",2020-08-27
499,Brittany Jennings,natalie54@example.net,Unit 6199 Box 2931 DPO AP 39811,2020-12-31
500,Jennifer Robinson,williamjones@example.org,USNS Jones FPO AE 10313,2022-07-03
