id,name,email,address,date_joined
1,Megan Nguyen,careytimothy@example.com,"671 Crystal Canyon Apt. 940 New Stephanieville, MS 84659",2022-04-21
2,Amber Morris,ryankelley@example.net,"519 Courtney Mountains Karentown, CT 45637",2021-08-02
3,Jeffrey Burns,stephen53@example.com,"45438 Christopher Rue Port Ericside, FM 46686",2022-09-01
4,John Harris,cassandra73@example.org,"3802 Courtney Plains Apt. 959 East Melissa, WY 54200",2021-10-10
5,Brooke Mata,meredith87@example.com,"296 Alexander Tunnel Suite 709 South Melaniehaven, OH 97632",2020-02-02
6,Joshua Wright,philipwells@example.net,"45445 Shannon Hills Apt. 204 New Joshua, HI 55370",2021-06-13
7,Michael Washington,ipennington@example.net,"07359 Jose Locks Lake Michael, CT 55558",2023-08-29
8,Daniel Brooks,zfleming@example.org,USNS Rose FPO AE 59768,2021-06-15
9,Mr. Samuel Singh,brendanjones@example.net,"3198 Traci Circles Anthonyshire, FM 44149",2021-10-06
10,Haley Hill,kschroeder@example.com,"444 Hayes Squares Josephshire, VT 24681",2022-11-21
11,Kelly Barnett,opage@example.com,"079 David Flats Justinfurt, MA 69031",2024-04-16
12,Elizabeth Cole,daviswilliam@example.com,Unit 1466 Box 9811 DPO AA 41495,2021-05-18
13,Robyn Reynolds,tfrazier@example.net,"554 Jamie Parks Suite 191 Anthonyland, MN 64922",2021-07-13
14,John Simpson,jamesriley@example.com,"2645 Austin Lane Danaville, NH 19285",2022-12-15
15,Timothy Cordova,paulwhite@example.com,"65185 Tyler Alley Lake Anthonymouth, TN 43552",2023-03-01
16,Danielle Briggs,sean95@example.com,"239 Ashley Mission Apt. 910 South Kimberlyland, MD 03395",2022-07-22
17,Angela Harris,jessica05@example.com,"089 Carrie Trafficway Lake Jessicaville, ID 14907",2020-07-06
18,Joshua Farley,uclark@example.org,"4191 Marquez Mews Suite 193 New Jason, MH 02103",2020-02-26
19,Maria House,robinlindsey@example.com,"7608 Cook Ways Apt. 069 New Danielle, AR 85394",2023-01-19
20,Susan Cooper,lmejia@example.org,"18596 Smith Junctions Jimenezbury, MI 92422",2022-03-02
21,Christopher Lewis,robertward@example.org,"0099 Hernandez Stravenue North Teresaport, MS 43854",2022-01-10
22,Juan Anderson,stephensjessica@example.org,"473 Christopher Hills Andrewmouth, CO 77270",2024-06-22
23,Gabrielle Bailey,tyler18@example.com,"86113 Jacob Lake Colliertown, WI 43910",2021-11-24
24,Courtney Henson,fergusontommy@example.org,Unit 6646 Box 4452 DPO AE 14483,2023-10-16
25,Michelle Jones,tylerlowe@example.org,"8220 Paula Summit Michaelmouth, IA 80875",2023-07-07
26,Maria Jackson,hernandezlaurie@example.com,"22275 Hernandez Valley Apt. 336 Robertbury, HI 64724",2023-06-15
27,Julie Floyd,stevenhanson@example.org,"356 Chavez Park Apt. 433 Rossstad, NH 31093",2020-05-30
28,Susan Brown,psmith@example.net,"9724 Douglas Drive Bryanland, VI 80086",2023-01-03
29,James Montoya,reginald24@example.com,Unit 6611 Box 9877 DPO AP 13322,2022-03-22
30,Krista Baker,william41@example.net,"541 Norman Forks New Virginiastad, SD 18611",2022-01-28
31,Katie Crane,rbrown@example.net,USNS Rivera FPO AE 91843,2021-09-07
32,Michael Meyer,hjohnson@example.net,"874 Robert Camp Derekview, MA 60884",2023-05-21
33,Karen Douglas,karen14@example.com,"6168 Mitchell Oval East Amandamouth, FM 72067",2021-12-11
34,Taylor Cobb,qmason@example.org,Unit 4656 Box 5055 DPO AE 84183,2021-05-14
35,Lori Young,walkerjohn@example.net,USNS Jackson FPO AA 47181,2020-12-05
36,Kevin Chen,tracysmith@example.org,Unit 0305 Box 8713 DPO AP 24119,2020-04-21
37,Timothy Caldwell,annette70@example.org,"9891 Debra Shore Apt. 071 Vincentville, NH 07035",2020-12-08
38,William Patton,johnwells@example.com,"696 Logan Isle Apt. 374 Lake Oscar, FM 35201",2020-07-12
39,Mark Clark,williamchen@example.net,"83227 Dunn Cape Watsonborough, WI 15513",2024-05-06
40,Todd Le,andrea72@example.com,"2127 Sullivan Motorway Apt. 475 North Kristamouth, NH 12742",2022-07-18
41,Joseph Walker,josephprice@example.com,"038 Soto Alley Josephmouth, DC 71498",2024-10-01
42,Felicia Reed,frankkeith@example.net,"45662 Jessica Fort West Misty, NC 21298",2024-07-03
43,Jeffery Decker,daisy25@example.com,"04978 Megan Extensions Apt. 988 Obrienstad, DE 73958",2023-06-16
44,Megan Pennington,david47@example.net,"7138 Miller Burgs Apt. 695 Port Craig, NY 94225",2023-11-27
45,Amber Brown,derrick06@example.net,"928 Jennifer Fords East Kevin, NM 37424",2021-12-22
46,David Edwards,katherine78@example.com,USNV Knight FPO AP 32137,2023-09-28
47,Dr. Mary Fuentes,lbrown@example.org,"24371 David Spur Apt. 206 North Katie, AK 99343",2020-04-04
48,Sara Reed,dawn70@example.net,"872 Devin Courts Apt. 205 Charlesborough, GU 20130",2023-09-20
49,Russell Stevens,coxtasha@example.net,"965 Ian Parkways North Kim, NV 61366",2020-06-04
50,Michelle Gomez,twillis@example.org,"456 Perry Prairie Nancyport, AK 51466",2023-11-23
51,Thomas Quinn,heidi41@example.net,"781 Peters Hills Mckeeberg, VI 50333",2020-07-21
52,Sara Harrison,hooverdavid@example.org,"5282 Miles Meadow Suite 777 Shieldsview, AK 18314",2022-08-03
53,Lauren Dunn,josephgriffin@example.com,"408 Michael Trace Suite 248 Elliottberg, GU 20264",2022-04-03
54,Noah Tran,tsanchez@example.com,USS Moore FPO AA 26974,2022-05-02
55,Cassandra Lucas,mackkristen@example.net,"58897 Brown Alley Carlabury, MA 99543",2020-12-02
56,Russell Santiago,josephbrown@example.com,"779 Carlson Pines Suite 730 Phillipsfurt, AZ 32825",2022-02-12
57,Amanda Harris,christopher16@example.org,"8452 Martinez View Apt. 020 New Christina, DE 90020",2022-11-30
58,Michael Kramer,rushchristine@example.org,"899 Eric Hollow Apt. 254 Port Kathleenview, KY 63601",2021-08-17
59,Brian Carson,gjohnson@example.com,"572 Angel Neck Suite 297 New Tom, FM 43109",2022-03-07
60,Tony Dougherty,qgoodwin@example.org,"8740 Hays Ports Dawnville, NE 83130",2024-09-07
61,Michele Burke,jeannedaniel@example.net,"825 Abigail Loop Apt. 819 Sarahville, AL 09271",2023-10-26
62,Amy Jones,nochoa@example.org,"6416 Morris Course Suite 394 Myerschester, MT 85188",2023-08-04
63,Scott Lambert,michael65@example.org,"022 Whitaker Land South Richardchester, NH 51773",2023-03-09
64,Mrs. Chelsea Little,stephanie81@example.net,"145 Matthew Field Apt. 489 South Travis, AZ 14735",2022-12-08
65,David Lynch,mhenderson@example.org,"2231 Beasley Springs Suite 451 New Shelia, UT 34692",2021-11-14
66,Lisa Baker,jthomas@example.org,"799 Yang Hills Wheelerchester, PR 12443",2022-12-08
67,Matthew Mccann,kellygonzales@example.org,"055 Suzanne Mountains Delgadomouth, CA 74967",2021-02-26
68,Travis Jones,harmonbryan@example.net,"692 Velasquez Mission Apt. 393 New Patrick, VA 48024",2021-11-13
69,Mary Tucker,john27@example.org,"9944 Stanley Crossroad Joshualand, MT 10911",2020-12-03
70,Garrett Flowers,chadkemp@example.net,"6099 Anderson Wall East Aaronfurt, NH 55601",2022-06-14
71,William Watts,vharvey@example.org,"39617 Mark Grove North Chadland, IA 21822",2022-08-03
72,Ryan Bass,ebean@example.net,"88100 Scott Ranch Hopkinsmouth, AR 34760",2021-09-08
73,Erica Franco,robert77@example.org,"3858 Lowe Squares Apt. 481 Blackville, NM 90723",2023-03-30
74,Teresa Garza,ijoseph@example.net,"37917 Young Village Lake Manuel, ND 04533",2023-03-22
75,James Larsen,john43@example.org,"0512 Watson Circle Suite 040 Michaelberg, GA 59796",2022-12-25
76,Stacey Olson,campbellalyssa@example.net,"09685 Angela Crescent Lake Tracy, SD 15861",2023-11-20
77,Stephanie Scott,amykelly@example.net,"82666 Sherry Bypass Lake Kristin, CT 22265",2023-08-19
78,Susan Morgan,jamesrobinson@example.com,"506 David Flats Cherrymouth, AK 82025",2022-04-30
79,William Wilson,paynereginald@example.org,"PSC 6591, Box 0742 APO AE 52891",2023-09-29
80,John Fisher,garywhitaker@example.net,"751 Teresa Brooks Suite 542 Lake Michael, ME 87648",2020-08-07
81,Sarah Stewart,jflowers@example.com,"724 Mcintosh Mall East Chelsea, PW 41718",2023-08-14
82,Jennifer Williamson,ograham@example.net,"17965 Andrew Islands Suite 793 Rodriguezport, MA 35821",2024-06-21
83,Laura Williams,egoodman@example.org,"3414 Zuniga Estate Suite 647 Patriciaside, NE 80224",2020-02-14
84,Michael Smith,efranco@example.net,"14754 Davidson Lodge South Tonyville, WA 93250",2020-08-10
85,Matthew Erickson,butlerstephanie@example.com,"06536 Robbins Gardens Suite 417 Port Brian, MD 41362",2020-11-12
86,Jessica Yang,preynolds@example.org,"4125 Adams Gateway Apt. 385 Cheyennemouth, WI 99295",2022-07-30
87,Cheryl Lester,keithcopeland@example.com,"93708 Sullivan Spurs Taylorland, IL 24182",2023-05-05
88,Brian Fitzgerald,justin59@example.com,"707 Mariah Square Apt. 435 Jasonport, NC 23390",2024-01-23
89,James Adams,faithfields@example.net,"5966 Brian Heights Suite 397 New Joshua, OK 51427",2022-03-25
90,Susan Rojas,kmurphy@example.net,USCGC Smith FPO AP 57851,2021-05-11
91,Leonard Stewart,bgomez@example.org,"19575 Mark Port Port Monique, WA 82120",2022-11-14
92,Heidi Carlson,henrytrujillo@example.org,"874 Ariel Inlet Apt. 944 Robertton, TN 77750",2021-07-30
93,Matthew Noble,martinandrew@example.net,"442 Johnny Locks Port Kelly, LA 59930",2023-01-12
94,Heather Gutierrez,davisjocelyn@example.com,"21035 Sarah Ports Suite 087 Stephanieside, MH 48949",2020-09-23
95,Richard Fox,smithjulie@example.org,"4466 James Stream Apt. 571 Owensberg, FL 47678",2020-07-29
96,Joshua Johnson,yjohnson@example.com,"236 Castro Knolls Lake Markberg, HI 09042",2023-09-06
97,Cindy Jones,kroberts@example.net,"709 Anthony Landing West Carol, ME 69742",2022-01-08
98,Breanna Beck,brownbrian@example.org,"021 Erin Pines Karenland, MI 60618",2024-02-18
99,Andrea Meyers,kathryn97@example.com,"457 Collins Lane Suite 928 East Mark, LA 60811",2022-12-10
100,William Ramirez,lawrencecuevas@example.org,"9316 Kristen Harbor Apt. 694 Jonestown, IL 25351",2020-01-25
