id,name,email,address,date_joined
1,Samuel Cooper,moorerobert@example.org,"4629 Sherry Creek New Kathryn, AK 07267",2020-10-27
2,John Francis,heather88@example.org,"2428 Anthony Turnpike Blackburnborough, NV 55404",2024-04-26
3,Mark Johnson,garciachristine@example.net,"294 Bradshaw Wells Apt. 756 Yangburgh, WY 31428",2023-02-17
4,Lisa Tate,tuckercrystal@example.org,"6344 Robert Trail Apt. 782 Norrisberg, KS 05988",2020-03-29
5,Patrick Wilson,richardsonmatthew@example.org,"091 Patrick Crossroad Apt. 880 Port Georgefurt, OR 03596",2023-08-22
6,Russell Barton,anthony46@example.net,"6858 Williams Mall Apt. 282 Jeffersonhaven, SC 67452",2022-04-02
7,Cheryl Abbott,wanda97@example.net,"73871 Garrison Meadows Port Mary, MT 64355",2020-05-03
8,Michael Moore,nicole76@example.org,"7659 Adam Mill Pereztown, GU 33598",2022-05-21
9,Ashley Morris,chadcook@example.com,"6896 Norman Terrace New Ashley, CA 04040",2024-01-24
10,Emily Vasquez,matthewflores@example.org,"4273 Horn Valleys Suite 810 North Kathrynbury, VT 32853",2024-06-29
11,Erin Pope,kimberly07@example.net,"2042 Nicholas Crest Suite 509 Townsendport, VT 70609",2021-03-03
12,Nicole Brown,jenniferwinters@example.net,"4400 Jensen Ridge Keithtown, AL 14027",2021-12-28
13,Carol Kramer,kylemiranda@example.com,"818 Elliott Valley West Rachel, NC 22736",2022-02-04
14,Holly Schmidt,sarajohnson@example.com,USNV Jones FPO AP 22010,2021-02-17
15,Marie White,coffeyheidi@example.com,"959 David Way Suite 332 Edwardsland, VT 97114",2020-10-15
16,Dana Turner,meaganwilson@example.net,"PSC 3534, Box 2745 APO AA 93056",2022-02-03
17,David Kelley,rachael04@example.net,"600 Nichols Estate Michaelhaven, NY 47491",2023-06-18
18,Barry Wright,pleon@example.com,"3915 Mary Walk Beckerside, GU 22486",2020-05-23
19,Jeffrey Wheeler,oevans@example.com,"27356 Guzman Isle Calebview, MP 65533",2023-12-11
20,Dawn Lopez,jacklopez@example.net,"119 Compton Dam Grantfurt, PR 80326",2022-04-10
21,Victoria Stewart,cherylmiranda@example.org,"446 Angela Neck Crawfordside, NM 37057",2023-12-21
22,Brittany Sanchez,payneaaron@example.com,"649 Ryan Oval Woodsmouth, MI 04840",2023-09-25
23,Frank Valencia,halltiffany@example.net,"815 Williams Rapids Suite 420 New Andrewstad, LA 77589",2023-08-13
24,Robert Murphy,vriley@example.org,"53990 Cooper Loop Lake Christophermouth, CT 71528",2024-09-24
25,Shelley James,nicoleedwards@example.com,"371 Morrow Ford Amandaville, RI 92098",2024-01-24
26,Cassie Luna,mccallerin@example.org,"0120 Buchanan Avenue Schroederberg, NC 43156",2024-05-15
27,Thomas Harrison,codymendez@example.com,"9584 James Point Codyberg, GU 71751",2022-05-05
28,Kyle Williams,charles68@example.org,"6614 Nicole Plaza Suite 771 New Jessica, RI 00585",2022-09-22
29,Ronnie Best,blairandrew@example.net,"50918 Amanda Roads Apt. 240 Daughertytown, MA 14901",2020-04-28
30,Gabriel Reyes,kwilliams@example.com,"02409 Ramos Mountains Lake Heather, WI 97104",2024-05-05
31,Anna Sanchez,jjohnson@example.org,"87671 Hernandez Plains Monroetown, VI 40695",2024-01-08
32,Taylor Johnson,cday@example.com,"0580 Allen Course South Jeremy, KS 70740",2023-07-16
33,Paul Wright,schultzsamuel@example.com,"1068 Mary Walks Suite 001 Millshaven, GA 59622",2021-10-14
34,Omar Brown,gforbes@example.net,"8989 Mueller Hollow Apt. 233 Popemouth, OR 56003",2021-12-30
35,Mr. Jeff Singh,williamsjohn@example.com,"4613 Jessica Coves Brianmouth, PW 26294",2021-08-09
36,Emily Bentley,rcalderon@example.com,"205 Joe Road Apt. 346 Jasonport, FL 21322",2024-01-28
37,Stacey Lin,williamsstacy@example.net,USNS Ramirez FPO AP 01115,2020-08-06
38,Robert Obrien,juanweaver@example.com,"0398 Russell Forge Hammondfort, TN 16254",2024-03-30
39,John Johnson,bradshawjudy@example.net,"209 Anthony Junction West Cherylfurt, IN 08043",2021-04-18
40,Dalton Byrd,andrewmorris@example.org,"6833 Rogers Gardens Apt. 946 Avilachester, VI 89497",2022-10-26
41,David Martinez,isaaclee@example.org,"4834 Franco Lakes Tinaside, IA 40291",2021-01-23
42,Ashley Miller,jennifermeyer@example.net,"PSC 0185, Box 5265 APO AE 62242",2024-09-06
43,Mr. Justin Robinson,carlgonzalez@example.net,"152 Ford Lock Suite 355 Lake Jasonton, WA 40774",2023-03-19
44,Julie Long,perkinsvictor@example.net,"95399 Theodore Villages Apt. 659 Bryanville, FL 33670",2021-01-05
45,Ashley Thornton,petersonmichael@example.com,"919 White Turnpike Apt. 959 Alexandraborough, DE 85347",2020-06-04
46,Kristin Taylor,michele93@example.net,"7779 Michele Curve Port Kathleenstad, DC 30347",2023-12-06
47,Kristie Allen,ohanson@example.com,"2409 Tommy Pike Apt. 723 Kimmouth, WV 68404",2022-12-05
48,Nicholas Anthony,zcruz@example.net,"197 Logan Mission Apt. 097 Morenotown, MS 36688",2020-02-08
49,Monica Shaffer,hsantana@example.net,"09703 Joseph Lodge Apt. 364 South Lori, NE 95721",2021-02-15
50,Jason Miller,brett06@example.net,"814 Briana Locks Apt. 811 Port Nicholas, RI 51114",2024-07-26
51,Steven Miranda,angelaross@example.com,"39589 Margaret Drives Chavezburgh, MT 08334",2024-01-26
52,Kristi Copeland,nina79@example.org,"636 Wilson Burg Lake Wendy, NY 51792",2021-01-09
53,William Griffith,pedromedina@example.net,"928 Watkins Tunnel Gilbertland, IN 58903",2021-02-17
54,Brett Scott,janehoffman@example.org,"4689 Flores Motorway West Annette, NH 27869",2023-11-06
55,Dr. Melanie Payne MD,mphillips@example.com,"262 Baker Brooks Apt. 327 North Ashleybury, AK 20366",2020-02-22
56,Daniel Bell,shane95@example.net,"51110 Tanya Neck Laurenport, VI 42795",2024-05-13
57,Kyle Fernandez,abigail50@example.net,"6101 Davis Mission Suite 608 Dorseyfort, NY 09267",2022-06-15
58,Robert Donaldson,patricia90@example.com,USCGC Ferguson FPO AA 30251,2022-09-13
59,Michael Lopez,gabrielaustin@example.org,"07029 Dennis Loaf South Robertland, AZ 92852",2020-08-14
60,Roger Jackson,robert29@example.org,"287 Santiago Shoals Suite 432 New Breannaland, VI 39100",2021-11-25
61,Jacqueline Chambers,williamsmith@example.net,"1343 Wilson Circle Apt. 424 New Jill, AL 93652",2020-10-31
62,Samantha Goodwin,jbrown@example.com,"2276 Janet Creek Apt. 111 Duffyton, PW 74291",2023-04-28
63,Angel Flynn,reynoldsjill@example.org,"55891 Patterson Street Apt. 606 Port Maryhaven, OR 11928",2024-07-26
64,Joseph Davis,tadams@example.com,"83004 Joshua Islands Williamston, CA 57972",2023-10-07
65,Brian Castro,parkermelissa@example.org,"0012 Paul Centers Apt. 507 Bryanport, PW 19029",2021-05-29
66,Melissa Clay,susanhoover@example.net,"44282 Ashley Mall Veronicaport, MA 41124",2022-06-29
67,Steve Ramos,nfriedman@example.net,"1043 Tyler Manors North Cassandrastad, SC 91554",2023-06-11
68,Andrea Navarro,patricklong@example.org,"0343 Marilyn Valley Apt. 953 Lauraborough, NH 92036",2023-07-28
69,Anthony Swanson,julia18@example.com,"06622 Cook Camp Suite 779 Waltermouth, PA 76342",2023-03-14
70,Tracey Murray,cuevasjessica@example.org,"9079 Shepherd Well Apt. 399 Whitneyside, CA 08786",2021-10-08
71,Gabriel Johnson,michele53@example.com,"017 Cortez Stravenue Suite 461 New Kimstad, NV 18668",2022-07-15
72,Colton Brady,jessica25@example.com,"6631 Roberts Stream Suite 825 Hendrixborough, GA 18979",2022-12-23
73,Lisa Ford,russell03@example.com,"3654 Angela Port East Anthonytown, MH 57129",2024-03-05
74,Jacob Molina,karla39@example.com,"79383 Jesse Lodge Suite 895 Smithview, AK 91300",2023-04-14
75,John Silva,brownantonio@example.com,"716 Nicole Estate Allentown, PR 22797",2022-04-19
76,Jessica Pierce,helen90@example.com,USCGC Moore FPO AE 15196,2023-08-14
77,Margaret Robinson,keithramsey@example.com,"902 Johnson Harbors Suite 830 Edwardhaven, DE 50786",2021-11-01
78,Erin Chen,homarie@example.net,"334 Nancy Roads Roweshire, PA 70739",2023-04-05
79,Ryan Coleman,rachelkeith@example.com,"933 Diaz Extension Apt. 167 Joshuaport, RI 73283",2024-02-08
80,Shawn Ellison,mariamccoy@example.com,"011 Lisa Ville Apt. 528 Bethfurt, NJ 39088",2021-06-21
81,James Glover,ojenkins@example.org,"5278 Wallace Place Suite 462 East Timothyshire, OK 43707",2023-06-20
82,David Porter,mitchellsamuel@example.com,"92828 Barbara Shores Apt. 327 West Kristin, MH 09832",2022-04-02
83,Kimberly Parsons,spearschristopher@example.net,"961 Steven Curve Apt. 124 West Codyland, AL 85303",2021-02-14
84,John Rodriguez,rivasjustin@example.net,USNV Quinn FPO AA 93934,2021-10-26
85,Erin Khan,kyleshelton@example.net,"38421 Scott Port Apt. 104 Popeport, WI 16460",2024-03-31
86,Richard James,crystal50@example.com,"5987 Bailey Plaza Suite 406 Martinchester, WA 33881",2023-11-27
87,Tammy Barton,lisa01@example.com,"PSC 5186, Box 4893 APO AA 34929",2021-11-06
88,Haley Turner,vanessagraham@example.org,"35728 Hoffman Ridge Lake Jessica, MT 86708",2024-06-28
89,Brittany Hart,kmacias@example.com,"33198 Hardy Street Suite 771 Brighthaven, MS 46490",2024-07-12
90,Brandon Sanders,bridget95@example.com,"584 Garcia Shore Suite 304 Port Kaylaville, PA 06807",2023-08-10
91,Jason Garcia,zacharyrojas@example.net,"4030 Eric Cliff Suite 522 West Sheriview, AS 44945",2022-11-26
92,Sara Fischer,johnsonleslie@example.org,"84077 Friedman Orchard Apt. 538 North Juliestad, NM 81069",2022-07-14
93,Raymond Arnold,merrittlisa@example.org,"92460 Tiffany Ferry Suite 524 West Ronniechester, OK 10249",2022-02-18
94,Jose Jimenez,warrenluke@example.org,"278 Carrillo Lane Apt. 866 Tamaraton, NY 62221",2022-04-28
95,Rebecca Cooper,cassidyrios@example.com,"50365 Robertson Drive Apt. 719 Porterside, VA 75667",2024-09-30
96,Stacy Davis,smithshelly@example.org,"PSC 3638, Box 5796 APO AP 83840",2022-01-10
97,Stephen Hanson,mitchellgraham@example.com,"30292 Jonathan Street Dominiqueview, VA 85860",2020-04-23
98,Susan Davis,katherineward@example.org,"408 Christy Lodge Suite 278 Susanmouth, CT 75317",2024-03-26
99,Joel Jones,apatel@example.com,"4745 Fry Neck Suite 636 West Andrew, WI 23742",2023-07-29
100,Jason Parks,pauljones@example.org,"4876 Serrano Stream Apt. 348 Mcintoshton, NM 41692",2023-12-10
101,Denise Kelley,rhanna@example.com,"89707 Glen Estate Apt. 209 North Wesley, RI 16681",2023-05-08
102,William Perez,lindarobinson@example.org,"74077 Nicole Station Suite 525 North Michaelview, VT 96849",2023-01-19
103,Lori Booth,davidlamb@example.org,Unit 7975 Box 4307 DPO AP 38935,2022-06-05
104,Chad Zavala,hsanchez@example.net,USCGC Wood FPO AA 99462,2023-02-16
105,Laura Oliver,jacob54@example.com,"64127 Cruz Views Hallhaven, TN 14667",2021-10-14
106,Curtis Johnson,benjamin65@example.com,"167 Jessica Meadows Suite 597 Lake Nancystad, WY 70294",2022-09-05
107,Jill Carroll,xjones@example.com,"13560 Hunter Ranch Dennisview, VA 49633",2022-12-30
108,Lisa Kelly,jessica44@example.com,"78570 Day Courts Apt. 307 Sharonland, MO 21322",2022-10-21
109,Juan Mills,qcarter@example.net,"3638 Nelson Plains Apt. 959 Alexanderview, PA 43098",2023-01-05
110,Gary Thompson,ksheppard@example.com,"08600 Ashley Orchard New Dennistown, AK 29561",2023-10-20
111,Amy Cole,vcoleman@example.net,"51219 Alexandra Crossing Suite 332 Pamelaberg, NH 03152",2021-03-27
112,Glenn Gray,michael44@example.net,"97689 Torres Shoals New Dwayne, MS 63948",2021-11-27
113,Michael Fox,alexandrawood@example.org,"997 Kennedy Parkways Marthaview, WY 33982",2023-12-13
114,Monica Anderson,kelly33@example.com,"2853 Trevor Ranch New Franciscoton, NY 03354",2022-11-01
115,Julia Hawkins,ewilson@example.org,"35266 David Track Bradyburgh, FL 30293",2022-05-06
116,Tamara Johnson,claudiamaynard@example.net,"6194 Martinez Square Davenportfurt, MI 27258",2024-08-06
117,Jordan Andrews,stacieharris@example.com,USS Liu FPO AA 95613,2021-04-01
118,Charles Marshall,ronaldbrown@example.org,"44732 Flores Avenue Suite 361 Brownshire, VI 97782",2023-01-15
119,Gabriella Williams,baileykeith@example.com,"12008 Hart Tunnel Christinehaven, RI 08690",2022-08-27
120,Jenny Rocha,marksmith@example.org,"29620 Austin Mountain East Rhondachester, PR 45803",2021-10-07
121,Sarah Robinson,cmoore@example.org,"693 Ortiz Ferry East Danaborough, TX 23309",2024-06-20
122,Lisa Wyatt,zwilliams@example.net,"930 Michelle Landing Suite 548 Erikland, KS 18826",2021-05-29
123,Douglas Williams,alexispierce@example.org,"0595 Rodriguez Tunnel Bennettton, RI 96609",2023-03-04
124,Ronnie Martinez,dgarcia@example.org,"3683 Nelson Station Apt. 672 Lake Kristina, NH 92121",2020-08-12
125,Whitney Fisher,johnnelson@example.net,"3834 Harris Forges Apt. 859 South Jessicatown, VA 40450",2021-12-15
126,Monique Mendoza,sdavis@example.com,"42126 Henderson Oval Apt. 617 Williamsfort, IL 72210",2022-04-11
127,Linda Cole,alexishopkins@example.com,"1274 Timothy Unions Apt. 519 Erikafort, MI 34474",2020-05-24
128,Kara Anderson,craigkim@example.com,"89449 Morgan Canyon Suite 340 Jefferyland, OK 25789",2022-10-07
129,Charles Obrien,william57@example.com,"707 Blake Path Jensenville, NM 08981",2020-03-16
130,Michelle Robinson,roblestammy@example.net,"2398 Allen Neck Hectorchester, FM 61308",2020-08-26
131,Guy Wood,samuelmorrison@example.com,"4662 Martin Cliff Suite 890 Camposborough, HI 86857",2022-03-15
132,Monique Hoover,lsimmons@example.net,"699 Richard Turnpike Suite 705 Rogersbury, NH 37013",2020-03-16
133,Allison James,johnny15@example.net,"011 Christine Expressway Port Kurtburgh, WY 73409",2024-08-29
134,Melissa Phillips,cesarellis@example.org,"77427 Torres Gardens Gouldton, PW 95578",2023-02-28
135,Kevin Zuniga,schmidtjoseph@example.net,"5874 Bishop Ports Lake Tanyafort, PR 79382",2021-08-09
136,Rebecca Carlson,burnsjessica@example.org,"1411 Bennett Manor Apt. 467 South Debramouth, ME 95910",2023-05-10
137,Beth Hill,johnsonhaley@example.net,"36714 Marcus Islands South Patrickfort, WA 97831",2022-11-21
138,Michael Smith,andreanewton@example.com,"48181 Juarez Valleys Suite 782 Smithberg, GU 87765",2021-01-23
139,Sean Henson,murphymelissa@example.org,"PSC 0049, Box 0848 APO AP 95022",2023-05-30
140,Rebecca Matthews,christopher55@example.com,"09581 Kathleen Green Farmerberg, AR 07994",2021-09-13
141,Jennifer Sullivan,brownsamuel@example.net,"78627 Welch Mall Tonyport, SD 48686",2024-04-18
142,Christopher Huynh,daniel35@example.net,"PSC 8120, Box 7036 APO AA 17133",2023-07-09
143,Thomas Johnson,angelacoffey@example.net,"0146 Erica Court Suite 567 West Bethville, MI 41814",2024-03-17
144,Kathryn Nelson,robinsonjason@example.net,"08178 Miller Harbor Benjaminfort, MP 32528",2021-08-01
145,Dennis Hancock,danderson@example.net,"9703 Brian Road Suite 169 New Derrick, MD 10746",2021-01-10
146,Rebecca Johnson,sdalton@example.com,"6162 Michael Ramp Apt. 590 East Edwin, MA 32685",2022-12-02
147,Stephanie Evans,wellslydia@example.org,"PSC 7107, Box 6174 APO AP 73776",2021-02-22
148,Timothy Thomas,michaeldavis@example.net,"27118 Smith Shores Griffinburgh, AZ 32868",2024-03-08
149,Teresa Hill,qglass@example.net,"585 Tina Fields Robertview, NY 81364",2021-12-02
150,Jeffery Jordan,robertbrown@example.org,"7483 Duncan Falls Suzanneview, OK 03302",2021-01-06
151,Melissa Myers,emiller@example.net,"329 Harmon Locks Apt. 968 Nicolestad, AK 70147",2024-07-14
152,Amy Mcdonald,donnamoore@example.com,"6114 Derrick Trace East Mary, WV 27086",2023-08-13
153,Dale Pacheco,williamsavage@example.net,"613 Craig Knolls Apt. 699 New Thomas, VT 70038",2021-10-30
154,Lori Jenkins,kimberly68@example.net,"274 Ashley Walks Apt. 593 Holtbury, AS 18206",2020-01-28
155,Jill Lowe,dustin00@example.com,"4784 Stephen Corners Georgefort, IN 43040",2020-03-23
156,Matthew Walker,kbailey@example.com,"16716 Kennedy Square Suite 494 South Laura, VA 20644",2022-12-18
157,Matthew Tapia,trujillojessica@example.net,"2326 Tyler Tunnel Apt. 029 Shanefurt, VI 79314",2021-01-29
158,Lindsey Smith,lparker@example.com,"1773 William Underpass Suite 633 New Tara, UT 15120",2020-12-30
159,Melissa Delgado,shorthannah@example.net,"264 Rosario River North James, DE 10628",2021-06-16
160,Zachary Reed,julie31@example.com,"6151 Kristen Cape Suite 125 Anthonymouth, NY 82380",2024-06-15
161,Heather Francis,rivasmarissa@example.net,"428 Wilson Stream Apt. 177 Glennstad, ND 30297",2020-06-17
162,Matthew Osborne,margaret06@example.org,"08065 Fields Islands Suite 214 Robertfurt, HI 62369",2020-11-23
163,Jeanne Day,stuartjohn@example.net,"142 Wilkins Via Angelamouth, DC 52751",2021-06-06
164,Kevin Ball,pettyrobert@example.org,"2540 Elizabeth Crossroad Fischershire, RI 62574",2024-07-13
165,Mr. Patrick Gonzalez,michael07@example.net,"59824 Erika Spur Evanston, VA 25571",2021-04-13
166,Amanda Ramirez,ibailey@example.org,"08322 Bradford Loop Shaneland, NM 04624",2020-02-23
167,Jacob Dyer,amymartinez@example.com,"PSC 9357, Box 9973 APO AE 09820",2024-09-05
168,Jimmy Salas,griffinhannah@example.com,"7550 Peggy Junctions New Jefferyville, FM 54588",2021-11-01
169,David Hart,marshdavid@example.net,"494 Richard Divide Suite 249 Lopezfurt, MN 52485",2024-05-22
170,Stephanie Mills,acooper@example.org,"612 Delgado Highway West Gabriel, AR 08869",2020-03-16
171,Stephen Palmer,kmorrison@example.org,USCGC Jones FPO AE 53630,2023-05-31
172,Maxwell Peterson,ngibbs@example.org,"055 Wright Alley Markmouth, PR 96224",2022-07-23
173,Elizabeth Schroeder MD,mendozatravis@example.com,"279 Berry Crescent Suite 655 North Kara, TN 14494",2022-10-14
174,Dawn Burnett,holmesdonald@example.org,"67691 Samuel Landing Yangtown, VI 53203",2023-07-15
175,Don Thompson,zsmith@example.com,Unit 4293 Box 1903 DPO AA 63457,2024-07-23
176,Katrina Rasmussen,tmichael@example.net,"51602 Donald Manors Suite 509 Davidshire, IL 21305",2020-11-13
177,Victor Fisher,christineellison@example.net,"287 Proctor Route Suite 962 Kochburgh, PR 09602",2022-09-28
178,Bobby Love,gregoryward@example.net,"83798 Brittany Row Apt. 164 North Robertville, TN 55678",2020-01-30
179,Michael Mayer,jonesrobert@example.net,"8094 Potter Throughway Leeberg, DE 14887",2024-09-04
180,Elizabeth Richardson,howardbrittney@example.com,"836 Tiffany Ways Mikebury, NJ 77643",2022-10-15
181,Edward Brown,tarawilliams@example.net,"6788 Barrett Unions Apt. 148 Chanmouth, PA 46298",2021-07-05
182,Melissa Cook,starkdebra@example.com,"3488 Fred Vista South Ericstad, LA 20806",2023-05-27
183,Tracy Vincent,kyleosborne@example.net,"4503 Rojas Inlet West Natalieport, MO 42158",2024-04-03
184,Brenda Lee,meyercourtney@example.org,"562 Maria Park Lake Stacey, ME 35802",2022-10-04
185,Paul Henderson,fischerdaniel@example.net,"55323 Parsons Ramp New Dana, OK 32315",2021-06-11
186,Dawn Berger,carneydaniel@example.net,"376 Todd Way Schroederhaven, VI 15589",2022-08-28
187,Melissa Rogers,evelynhooper@example.com,"520 Kenneth Curve Brendaview, KS 50489",2023-05-30
188,Matthew Miller,erica29@example.com,"62323 Theresa Mission Apt. 051 Stewartland, HI 49516",2024-10-04
189,Dawn Smith,johnhanna@example.org,"04875 Miller Lakes Apt. 866 Lake Calebstad, MN 16286",2021-09-16
190,Angelica Anderson,srojas@example.net,"57748 Murray Radial North Katherineshire, MA 34430",2022-01-02
191,Zachary Green,smcbride@example.com,"2609 Christopher Oval East Peter, NJ 08454",2022-04-10
192,Lauren Lopez,ashleygraham@example.net,"88615 Wilson Junctions Marybury, MI 10406",2024-03-07
193,Dana Gardner,christopher09@example.org,"657 Fitzpatrick Lodge Suite 606 Michaelstad, VA 92982",2022-03-13
194,Sarah Maxwell,laurenthomas@example.net,"33840 Samantha River Apt. 091 Websterborough, WI 77569",2021-01-28
195,Daniel Clark,ashleykelly@example.net,"9197 Tiffany Meadows Apt. 485 East Stephanie, AS 52647",2020-11-03
196,Natasha Lopez,qriley@example.com,"941 Thompson Court Johnsonton, IN 57633",2023-04-20
197,Tyler Murphy,charlesaustin@example.com,"9192 Timothy Pines Suite 999 East Deniseport, MD 56910",2020-12-25
198,Jeff Cook,jacksontaylor@example.net,"6422 Kristina Court Morrisstad, TX 67864",2020-09-10
199,John Wilcox,allenclark@example.org,"4457 Callahan Parkway Suite 680 East Billland, PW 71081",2024-06-23
200,Mr. Lee Lucas,rpreston@example.org,"256 Brittany Crossing Suite 503 Jaredside, LA 10718",2022-06-24
201,Jeff Perez,bethany67@example.net,"42011 Sarah Unions Suite 947 East Phillip, GU 36257",2022-09-30
202,Taylor Martinez,stoneannette@example.com,"3377 Jesse Pine Apt. 820 Lake Randyberg, MP 70499",2023-01-04
203,Shelby Baker,petergrimes@example.com,"846 Brown Trail Apt. 260 Ashleyfort, PW 51936",2023-07-28
204,Barry Moore,aaronturner@example.com,"94037 Jeffrey Radial Apt. 611 Lake Jay, CO 41052",2020-10-26
205,Andrew Kane,lmorales@example.net,USNS Walsh FPO AE 99638,2024-05-23
206,Alexa Jacobs,mhayden@example.net,"11679 Pratt Mountains North Angela, MT 37456",2022-09-26
207,Grace Wang,wilkinsonkelly@example.com,"03355 Kelly Locks Apt. 515 West Michaelview, MH 51860",2024-04-21
208,Tammy Boyle,joe21@example.net,"0819 Shirley Highway Apt. 825 Greenberg, ID 14431",2023-09-21
209,George Mitchell,rlester@example.com,"704 Miller Points West Rachelborough, MO 36409",2020-07-15
210,Shelby Hardy,jerry97@example.com,"96349 Allen Pine Apt. 482 Port Kyleberg, CO 58939",2022-06-08
211,Dustin Arroyo,youngsusan@example.org,"329 Amber Trail Suite 404 East William, FM 16442",2024-07-02
212,Courtney Smith,latashajohnson@example.org,"807 Juan Grove Ericberg, MI 89216",2023-11-11
213,Christopher Murphy,othornton@example.org,"3163 Wilcox Cape Reyesstad, WA 98809",2021-02-21
214,Lisa Armstrong,jamie86@example.net,"095 Sullivan Center Apt. 298 Cynthiaport, AS 43870",2021-06-04
215,Kelly Nielsen,williamsmark@example.org,"6720 Maria Island Lake Jeffreyton, FM 99745",2022-12-10
216,Jon Jones,padillajames@example.com,Unit 9355 Box 9413 DPO AP 76966,2024-04-06
217,Mary Bush,clinejohn@example.net,"PSC 0702, Box 1193 APO AP 94930",2023-04-14
218,Michael Woods,joneslindsay@example.org,"8610 Hampton Rest New Allen, AK 72810",2020-11-29
219,Nicole Gonzalez,qbuckley@example.org,"4154 Williams Mountain Apt. 638 West Ashleeview, VA 57531",2020-10-16
220,Katie Scott,joseph43@example.org,"75430 Lacey Fords West Heathertown, VA 17582",2023-06-25
221,Sarah Williams,joneskenneth@example.org,"13479 Watson Port Suite 754 Bryanside, IA 52185",2022-08-15
222,Ronald Collins,wilsonerin@example.org,"956 Berry Village Suite 984 Christopherfurt, CT 73994",2021-11-29
223,Luis Frey,stephanieanderson@example.net,"578 Janice Locks Suite 833 Hansonmouth, OR 42588",2022-05-01
224,Jonathan Graham,christopher55@example.net,"215 Brittany Heights Suite 058 Brittanyton, MT 29505",2022-02-25
225,Laura Miller,katrinaevans@example.com,"2900 Matthew Meadow Rossbury, TN 26969",2021-04-26
226,Natasha Morgan,wbowers@example.org,"929 Jamie Key Apt. 399 Jeromeberg, MS 27514",2021-07-03
227,Taylor Petersen,michael45@example.net,"0578 Franco Rue Hartchester, NV 61773",2022-10-26
228,Thomas Garcia,simmonslarry@example.com,"485 Christopher Field Suite 100 North Lisa, IN 62259",2021-11-11
229,Michael Archer,jeremy03@example.org,"84814 Phillips Crescent Apt. 629 Weaverberg, MT 03502",2021-10-19
230,James Williams,jeremywilson@example.net,"2041 Travis Summit Apt. 480 East Julie, TN 61298",2023-10-01
231,Lindsay Hess,deannahuerta@example.org,"PSC 7493, Box 3805 APO AP 94488",2020-06-19
232,Victoria Everett,uchang@example.net,"98420 Barrett Trafficway East Robert, AR 76661",2020-01-04
233,Mitchell Guzman,tgomez@example.net,"6558 Mcdaniel Forge Suite 279 Robertchester, NH 39343",2023-01-22
234,Rhonda Allen,rachel74@example.com,"52386 Gonzalez Turnpike Suite 102 West Jackson, MA 77427",2022-05-03
235,Russell Russo DDS,vswanson@example.org,USCGC Munoz FPO AP 91959,2022-11-14
236,Joyce Morse,megan92@example.net,"173 Rogers Green Apt. 342 Ramseyshire, WY 60912",2023-05-31
237,Robin Marquez,vwatkins@example.net,"03676 Kevin Islands Apt. 415 Roseland, MH 95688",2020-07-17
238,Mark Dominguez,smithdominique@example.net,"90254 Johnston Summit Stevenside, MA 82807",2024-03-12
239,Krystal Cox,smithjimmy@example.com,"69676 Michelle Trail Johnberg, KY 97566",2020-10-15
240,Lauren Taylor,jeffery61@example.com,"8496 Stephanie Turnpike Suite 127 Arroyofort, OH 27731",2024-07-01
241,Erica Rosales,tracycollins@example.com,"886 Lloyd Highway Lake Paula, PW 82182",2020-02-09
242,Christopher Baxter,jessica62@example.org,"51544 Shelton Shoal Flynnmouth, CA 94968",2023-11-27
243,Amanda Brandt,brucechristopher@example.net,"623 Williams Pike Suite 549 Garciafort, OR 21135",2022-08-21
244,Sharon Gardner,diazkelly@example.com,"12901 Julia Village Cookstad, GU 58176",2024-07-08
245,Robert Thornton,dlopez@example.com,"2375 Joshua Cliff West Brandon, PW 44287",2022-08-23
246,Jeff Moore,katherine80@example.com,"9732 David Courts Apt. 729 Lake Justinland, NY 53594",2024-05-13
247,Carlos Bell,jason06@example.com,"6497 Stewart Parkways Suite 033 Harrismouth, NC 03057",2020-04-23
248,Valerie Nguyen,reesecaleb@example.net,"1146 Turner Prairie Apt. 648 South Gloriastad, HI 77471",2021-04-06
249,Rebecca Perez,jonesfelicia@example.org,"63233 Michael Glens Apt. 669 Campbellhaven, ND 77346",2020-03-09
250,Andrew Morgan,rubentyler@example.com,"2173 Parsons Fords Suite 329 Katiefort, HI 58286",2022-02-08
251,Eric Barrera,dalegarcia@example.net,"19169 Nunez Field Suite 505 Michaelchester, IL 10397",2023-10-10
252,Anthony Cummings,aaronrichmond@example.net,"410 Hall Crossroad East James, VT 10926",2020-06-01
253,James Bailey,terri73@example.org,"20521 Schwartz Oval Claireberg, RI 29129",2022-01-29
254,Monica Montgomery,kevin44@example.net,"83200 Shepherd Street Apt. 526 West Cynthia, FL 91154",2024-07-28
255,Kimberly Dixon,jeremy81@example.org,"76382 White Path South Tracyborough, NM 80669",2022-05-25
256,Michael Whitaker,kristibarrett@example.com,"126 Cassandra Branch East Ryan, WY 25803",2021-11-20
257,Tina Guzman,joy18@example.net,"187 Richard Freeway Suite 192 Brianfurt, FL 04895",2021-12-02
258,Jennifer Li,cathy08@example.net,"6528 Burch Heights Suite 220 East Stephanieville, MP 94735",2023-12-13
259,Mr. Darren Acosta,gabrielrichardson@example.com,"642 Jones Inlet Jorgemouth, SC 56727",2024-10-08
260,Kathy Ramos,iwilson@example.org,"PSC 2541, Box 6107 APO AA 01031",2022-09-12
261,Cameron Wells,davidmiller@example.com,"219 James Grove Apt. 100 Suzannehaven, OH 78291",2022-11-01
262,Calvin Howell,leslie79@example.org,"9280 Carol Dale New Sarah, NM 41806",2023-04-30
263,Steve Roberson,villegasmelanie@example.com,"749 Smith Ridges Suite 003 East Antonio, MP 73236",2020-09-11
264,Timothy Jackson,jacksonchristopher@example.org,"4981 Arias Corners Wilsonton, MO 52455",2024-01-31
265,Jennifer Williams,martinezchristine@example.net,"90861 Ramirez Brook Apt. 320 Johnfurt, MD 99713",2021-05-25
266,Christina Hamilton,wilsonkimberly@example.org,"PSC 7500, Box 4690 APO AE 46693",2021-11-30
267,Joseph Smith,kathy71@example.org,"7060 Hughes Springs Port Matthew, IN 64150",2020-03-04
268,Benjamin Walker,ephillips@example.org,"166 Lane Forges West Josephstad, ID 43746",2024-09-09
269,Charles Walker,marcuscarney@example.org,"449 Bell Vista Gloriastad, MH 39410",2024-05-15
270,Robert Hicks,john21@example.net,"60774 Cervantes Neck New Steve, SD 41372",2022-08-14
271,Ebony Jones,juliacoffey@example.net,"5835 Webster Estate Suite 281 North Daniel, NE 32679",2020-06-18
272,Kelsey Marshall,louis76@example.com,"PSC 9604, Box 0110 APO AA 80715",2021-02-09
273,James Snyder,christopherbarrett@example.org,"9914 Alexandra Fork North William, SD 66588",2022-07-09
274,Donna Carroll,ethan74@example.com,"154 Jamie Gardens Suite 201 Cruzchester, NJ 77642",2021-06-28
275,Patricia Howard,reyesjane@example.org,"9839 Jennifer Circle Suite 455 West Laurafort, MP 49269",2020-03-10
276,James King,cynthiawood@example.net,"PSC 6400, Box 1908 APO AA 98556",2023-09-17
277,Bruce Miller,fkim@example.net,"32458 Underwood Trail Adamfurt, MA 96491",2022-04-21
278,Sabrina Caldwell,jose72@example.com,"0136 Robin Drives Apt. 206 West Allenburgh, HI 20729",2023-05-16
279,John Richardson,kelly21@example.com,"269 Adams Street Sharonburgh, SC 46875",2022-03-16
280,John Holmes,annespencer@example.com,"139 Mcpherson Lane Hughesborough, IL 16393",2021-07-21
281,Jason Rivers PhD,anitathompson@example.com,"59548 Nguyen Spring Suite 372 Davidbury, MH 68215",2024-02-26
282,Barry Stevenson,curtismendoza@example.org,"PSC 9460, Box 1566 APO AA 05051",2021-12-02
283,Anna Brown,reynoldswilliam@example.org,"325 Gary Cape Sandersbury, HI 93252",2023-09-14
284,Joseph Lee,steven05@example.com,USCGC Powell FPO AP 06982,2024-02-22
285,Joseph Foster,tammy47@example.org,"7622 Ballard Knoll Apt. 791 West Tracyfort, NJ 10634",2024-09-09
286,Linda Ryan,uroberts@example.net,"32641 Soto Vista Suite 368 South Emily, WI 21071",2023-04-07
287,Sara Matthews,kempelizabeth@example.net,"868 Hunt Port Rhondabury, PA 07991",2020-08-08
288,Logan Allen,robin67@example.net,"46687 Martinez Forge Suite 341 Williamhaven, FM 73083",2022-09-03
289,Dan Thompson,moranbetty@example.net,"733 Michael Course Suite 140 Meyersburgh, SD 86650",2021-05-19
290,Amanda Brady,garrisonheather@example.net,"20534 Monica Isle East Michaelmouth, ID 71680",2022-08-31
291,Melissa Morse,colton68@example.com,"55701 Hammond Keys Wintersmouth, NH 11511",2022-06-15
292,Matthew Sanchez,gregoryfischer@example.net,"578 James Forks Suite 093 Carlosshire, DC 51741",2020-01-09
293,Frank Marsh,lovejeffrey@example.com,"130 Palmer Lodge Suite 141 Kevinfort, KS 28758",2021-11-01
294,Anthony Garrett,kellyconnor@example.net,"5666 Lewis Gateway North Richard, AZ 69118",2020-07-01
295,Janice Moore,ucordova@example.com,"07491 Griffin Vista Briannaland, NE 35154",2023-01-25
296,Noah Moore,johnhall@example.org,"773 Jason Mall Port Jonathan, PA 28171",2020-08-02
297,Rodney Graham,umorrow@example.org,"083 Johnson Villages Apt. 264 Simmonsbury, MA 39930",2024-01-01
298,Megan Ford,ortegadonna@example.net,"6938 Lang Center Carolynmouth, IL 93646",2020-07-27
299,Tracey Melton,perezdebbie@example.com,"25823 Joshua Stravenue Katelynville, OK 20020",2023-04-19
300,Carly Murphy,debra07@example.org,"7869 Franklin Ports Jacksonhaven, LA 57998",2021-05-05
301,Edward Zimmerman,michaelharrison@example.net,"5488 Jason Forge Kimberlyfort, NV 27465",2023-11-05
302,Ruth Padilla,longwilliam@example.org,"022 Mark Knolls Port Johntown, VT 88547",2020-07-15
303,Randy Garcia,xortiz@example.org,"47703 Robert Mall Barrfurt, NC 80548",2023-04-25
304,Joanna Burns,jordanmichael@example.net,USNS Miller FPO AP 98542,2024-01-06
305,Paul Williams MD,jeremyhess@example.com,"840 Brian Island Bondville, HI 61053",2022-02-05
306,Alicia Mcneil,davisaaron@example.net,"38046 Adam Mission Suite 487 Samuelside, NY 39995",2022-11-22
307,Carlos Woods,vboyd@example.com,"80032 Snyder Summit Wheelerborough, WA 54879",2024-08-17
308,Rachel Walker,justinjones@example.net,"93165 Freeman Mill Lake Cynthia, NC 04796",2021-12-08
309,Erika Orr,zhines@example.org,"8153 Jasmine Mountains East Debra, VT 84916",2020-11-06
310,Thomas Rogers,mccoydaryl@example.com,"2633 Thomas Plaza Coleton, FM 79765",2024-01-25
311,Jesus Thompson,ataylor@example.com,"1872 Alvarez Junctions Clarkfort, WA 03314",2020-08-25
312,Keith Perez,kelly20@example.org,"069 Green Groves Port Timothyberg, NM 80322",2023-02-19
313,Thomas Burgess,ethan46@example.org,"403 Howard Common Davidborough, AL 00629",2022-02-02
314,Christopher Walker,westjason@example.org,"4792 Bennett Drive Apt. 659 Port Kevin, MI 12034",2022-01-28
315,James Scott,emily76@example.org,"2714 Wright Locks New Erin, OK 87636",2021-12-25
316,Patricia Johnson,amandaarnold@example.com,"830 Gardner Oval Apt. 633 New Jamiebury, SD 41187",2021-04-19
317,Lance Cunningham,gregorymegan@example.org,"98826 Gonzalez Avenue Steventon, AZ 85356",2022-08-26
318,Daniel Murphy,millersteven@example.net,"831 Joseph Pass Suite 452 West Amy, WA 32600",2024-03-22
319,Amanda Gillespie,stephen17@example.com,"211 Turner Ville West Wesleystad, IA 83690",2023-07-04
320,Sarah Chang,frenchivan@example.org,"1199 Morgan Plaza Suite 765 Jessicastad, NY 82856",2023-11-03
321,Darren Ruiz,davislisa@example.com,"417 Lewis Prairie Suite 953 Cherylberg, MI 78352",2021-01-05
322,Elizabeth Garrett,tracy20@example.net,"0996 Smith Wall New Steven, NJ 16470",2022-05-28
323,Paula Jenkins,judylawson@example.org,"559 Carson Ville Apt. 667 Rossmouth, MO 27502",2023-01-20
324,Lisa Perkins,hgarcia@example.org,"44260 Michael Avenue Apt. 805 South Alexandraland, OH 91989",2020-04-02
325,Pamela Stephenson,robertsanthony@example.org,"034 Christopher Harbors Lake Bryanville, CA 22599",2024-08-26
326,Alexander Chase,moralessandra@example.com,"1763 Karla Drives Suite 493 North Fred, CO 04607",2020-05-09
327,Amber Lutz,shawzachary@example.org,"49368 Young Well Apt. 000 Robertside, CA 12324",2021-07-01
328,Mary Clark,wwoods@example.org,"588 Rodriguez Hollow Johnview, CA 26982",2021-07-06
329,Lisa Thompson,mreed@example.org,"0384 Mitchell Street New Courtneyhaven, DE 17666",2021-04-12
330,Johnny Anderson,asmith@example.com,"8654 Steven Shoal Apt. 900 East Luis, PR 01561",2020-10-31
331,Stacie Bishop,wrightdebra@example.net,"9441 Levine Mount Suite 263 Andrewburgh, MO 06517",2022-06-26
332,Denise Brooks,whitemelissa@example.net,"599 Johnson Run Suite 203 Loritown, IL 02343",2021-07-02
333,Bruce Shaw,julie48@example.org,"869 Jordan Passage Apt. 665 Millerville, TX 84374",2022-05-12
334,David Jackson,mmcpherson@example.com,"130 Thomas Lodge Mikeville, WV 53809",2022-10-05
335,Kevin Cook,vlarsen@example.com,"46899 Michael Wall New Antonio, NE 36957",2023-02-11
336,Kristen Garcia,jmendez@example.org,"96423 Hardin Points Apt. 416 North Dorothyfort, MI 63006",2021-07-09
337,Jacob Rice,ijohnson@example.net,Unit 5636 Box 8037 DPO AA 74253,2022-01-25
338,Justin Russell,martin59@example.net,"29501 Todd Corner Luismouth, MT 85859",2021-06-20
339,Jennifer Barton,joshua24@example.com,"30658 Patricia Ways New Joseph, NE 20855",2020-06-12
340,Amanda Kaufman,julie62@example.org,"0789 Brown Pines Suite 909 Youngshire, CA 34988",2022-12-16
341,Jeremy Hamilton,meadowskathleen@example.org,"1161 Wendy Manors Suite 903 Anthonyton, SD 45746",2023-05-28
342,Zachary Rodriguez,james51@example.net,"6409 Jay Mews Suite 978 West Codyberg, FL 88904",2023-02-10
343,Michael Foley,mshannon@example.net,USCGC Keller FPO AE 53402,2021-09-03
344,Jason Banks,tammy05@example.com,"60528 Sarah Fall Suite 622 Patriciachester, ID 58759",2020-10-24
345,Julie Richards,larrywong@example.net,"059 William Manor Apt. 133 Port Valerieland, NC 63638",2024-09-09
346,Carol Howard,sharonbarker@example.net,"620 Warren Ranch South Gary, TN 96941",2022-12-27
347,David Chandler,valenciamonique@example.com,"68484 Trevor Prairie Markton, NM 56036",2022-12-20
348,Robin Smith,cheryleaton@example.net,USNV Cervantes FPO AP 31636,2023-09-11
349,Lindsey Gibson,wlopez@example.com,"361 Hannah Views Apt. 894 Ashleyton, ME 60766",2020-05-18
350,Jeffrey Brown,keithnathan@example.com,"142 Michelle Track Suite 829 South Kristahaven, NM 82009",2020-05-12
351,Tammy Potter,parkchristopher@example.org,"336 Holmes Way Walterfurt, MD 17127",2021-08-23
352,Katherine Gaines,tswanson@example.com,"63801 Garcia Courts Ashleefurt, FM 72100",2022-03-31
353,Travis Cruz,julie90@example.org,"4890 Dennis Squares Davisport, KS 09040",2023-09-15
354,Ivan Jenkins,tracie79@example.com,"1055 Thomas Forges West Michaelton, CO 68259",2021-03-01
355,Alexander Wallace,amandahenderson@example.org,USNS Wall FPO AP 59993,2023-10-01
356,Brenda Garner,michaelcurry@example.org,"00666 Kevin Throughway Apt. 015 New Brendan, AR 73856",2022-10-26
357,Monica Stephens,cervantesjordan@example.org,"35010 Kristina Fort Apt. 912 Port Mason, PW 17916",2023-02-15
358,Charles Henderson,laura04@example.org,"01370 Johnston Common Port Meagan, AS 04687",2022-05-02
359,Brandon Olson,qbarnes@example.com,"780 Amy Cliff Suite 783 Laurenton, WV 99064",2024-09-19
360,Jennifer Schwartz,harrisrhonda@example.com,"9174 Andrea Run Apt. 486 Mccoyland, NE 57038",2021-06-22
361,Victoria Lee,norma71@example.net,"239 Velazquez Creek Suite 106 Lake Markfort, WA 34581",2020-01-01
362,Elizabeth Nelson,scottwinters@example.com,"01473 Ward Ridge Apt. 508 Leehaven, SC 89351",2021-03-02
363,Susan Ross,npatterson@example.org,"68092 Neal Groves Apt. 586 Armstrongchester, FM 32657",2024-05-21
364,Brooke Davis,adamhoffman@example.org,"304 Anthony Mountain Nicolebury, SC 89362",2022-06-27
365,Nicholas Rios,kenneththomas@example.org,"PSC 7906, Box 5026 APO AE 14053",2020-08-05
366,Michael Ross,sjohnson@example.org,"893 Jamie Vista North Samuel, KY 22362",2022-05-14
367,Mr. Dale Thompson,watsonjohn@example.org,"6872 Gould Freeway Michelletown, NY 24359",2020-03-19
368,William Higgins,joanna35@example.com,"7758 Adams Trafficway Patriciahaven, DE 05523",2020-01-24
369,Robert Gordon,leesteven@example.net,"39348 Holt Views Apt. 689 West Theresastad, NH 80836",2021-05-14
370,Christopher Saunders,adavis@example.org,"4883 Cherry Branch South Tammy, SD 43366",2023-02-07
371,Christopher Chambers,fhurst@example.org,"611 Hill Fort West Joeside, PR 78358",2024-04-12
372,Amber Davies,gshort@example.net,"PSC 3136, Box 9995 APO AP 28467",2020-05-13
373,Scott Bentley,castillorebecca@example.com,"02090 Jeffrey Viaduct Suite 010 South Julie, PR 68383",2021-09-28
374,Jon Anderson,whitezachary@example.org,"598 Chelsea Bypass Jennifershire, AS 11682",2023-09-21
375,Walter Long,lawrenceguzman@example.org,"1692 John Cliff Odomhaven, MS 83209",2022-11-28
376,Robin Mckinney,melissa11@example.com,"9708 Holloway Springs Apt. 198 Watersfurt, MP 86163",2023-05-31
377,Justin Woodard,stephenwelch@example.org,"739 Moore Ridge Franciscoburgh, IA 86077",2020-05-31
378,Ethan Carter,kimberlysmall@example.org,"3391 Savannah View Apt. 329 Port Thomasborough, IN 76352",2023-08-27
379,Xavier Stephens,theresa80@example.net,"93135 David Ville Suite 790 Port Krystal, OK 80652",2020-10-03
380,Kimberly Bailey,andre23@example.com,"9833 Teresa Harbors Apt. 948 Ramosview, NY 41397",2020-04-12
381,Scott Porter,david92@example.org,"605 Monroe Meadow Benjaminview, AZ 09370",2021-10-06
382,Paula Burch,ubeltran@example.org,"50754 Nicole Isle Apt. 708 Brianville, AS 61210",2020-09-16
383,Daniel Jones,stephen23@example.com,"700 Jackson Isle Apt. 827 Douglasport, NV 19734",2020-04-24
384,Nathan Smith,anthony59@example.org,"65232 Cameron Bridge Francisshire, NM 04477",2023-11-01
385,Chad Sanchez DDS,ramosjoy@example.com,"222 Sharp Bypass Suite 563 Danachester, VA 46667",2024-03-08
386,Paul Jones,brosales@example.net,"4902 Hart Parkway Suite 842 North Danieltown, GA 90040",2021-04-26
387,Eric Brown,brianmitchell@example.com,"71699 Gomez Orchard Lindseyhaven, OR 69743",2020-02-27
388,Dylan Hall,williammaxwell@example.org,"4874 Hartman Station North Ryan, NJ 02516",2023-08-20
389,Kyle Rivera,jameshernandez@example.org,Unit 9674 Box 3240 DPO AE 30330,2021-05-20
390,William Weeks,perrycynthia@example.com,"058 Marie Street Apt. 353 Adrianview, NV 08571",2023-05-06
391,John Hamilton,alison63@example.net,"548 Robert Club Jonesside, NH 37858",2023-10-13
392,Veronica Rubio,marcoford@example.com,"42189 Laura Place Hebertton, DC 59751",2021-05-23
393,Brandon Smith,carl43@example.com,"4561 Haynes Pike Apt. 837 West Danielside, PA 59257",2021-09-01
394,Jessica Costa,ymckenzie@example.com,"6930 Melinda Squares Apt. 407 West Christinamouth, PA 60559",2022-02-15
395,Gregory Serrano,vcurry@example.org,"21822 Valdez Roads Suite 144 Amandachester, ID 38867",2021-02-03
396,Diana Mendoza,qferguson@example.org,"7614 Michele Flats New Jared, WI 36084",2022-05-21
397,Angel Ramsey,samuelwilson@example.org,"27027 Sandoval Highway Kaitlinberg, PR 34202",2020-03-23
398,Christina Thompson,katiealexander@example.org,"801 Davies Forge Tammychester, WY 72702",2020-12-29
399,Daniel Jimenez,fwood@example.org,"1340 Douglas Inlet Adamsborough, CT 25587",2021-12-11
400,Lisa Peck,nberry@example.net,"5605 Donald Club Suite 782 Jessicachester, OK 63039",2023-04-07
401,Garrett Allen,oflores@example.net,"4529 Wilson Lane West Robin, CO 96390",2024-08-03
402,Cathy Anderson,larry54@example.org,"6999 Tanya Brooks West Jacob, ID 77500",2023-07-12
403,Eric Mcneil,thomas95@example.com,"7533 Miller Stravenue Suite 921 Port Jonathanshire, CT 36769",2024-05-22
404,Martin Adams,richard14@example.org,"7627 Hill Passage North John, NV 98264",2024-03-13
405,Lisa Hensley,barreraanthony@example.net,"6281 Bautista Passage Suite 332 Raymondport, PR 59929",2024-02-06
406,William Campbell,erikwall@example.org,"PSC 1286, Box 1330 APO AP 35259",2022-10-02
407,Tamara Morgan,jennifer01@example.org,Unit 4551 Box 8043 DPO AA 05776,2023-08-04
408,Frank Gould,jose87@example.net,"496 Taylor Stream South Timothy, DC 42723",2020-06-05
409,James Zuniga,mknight@example.com,"721 Clark Garden Suite 831 Mullenmouth, WI 30440",2021-03-10
410,Julie Stewart,nmurray@example.org,"402 Bennett Views Port Emily, CA 48205",2020-06-01
411,Edward Munoz,amanda03@example.com,Unit 9652 Box 5295 DPO AA 68555,2021-03-30
412,Aaron Ramsey,jordanvasquez@example.com,"2618 Mendez Plaza Glennside, AR 92831",2020-04-07
413,Traci Sanders,mcmillanalexis@example.org,"610 Christine Skyway West Kathryn, MD 19726",2021-09-07
414,Jeffrey Hall,richmondelizabeth@example.com,"39375 Hall Court Apt. 041 North Donna, NC 15159",2023-10-24
415,Sean Greene,kanderson@example.com,"627 Jessica Crescent Lake Bethport, RI 64748",2021-04-30
416,Wendy Stewart,shortrebecca@example.org,USNS Aguirre FPO AP 74440,2024-10-06
417,Brittany Fields,reedcrystal@example.com,"32059 Ann Knolls Martinmouth, NY 62844",2023-07-07
418,Alexander Myers,williamsthomas@example.com,"59654 Ruth Prairie Apt. 348 Gonzalezport, AL 93587",2020-01-25
419,Willie Weber,uburke@example.org,"0565 Antonio Meadows Suite 667 Port Jason, NE 29767",2024-01-22
420,Crystal Garcia,ubrown@example.net,"5583 Adams Row North Christopher, MP 78459",2022-05-14
421,Maxwell Christian,aaron98@example.net,"62151 Michael Wells Suite 637 West Reginald, MN 95029",2021-08-22
422,Lisa Brewer,lboyle@example.com,"986 Jenny Oval New Nicoleton, FM 40717",2023-06-08
423,Lindsay Wheeler,sue41@example.org,"5316 Charles Lodge Bryanshire, AS 95496",2024-04-30
424,Ethan Hartman,nhardin@example.com,"144 Glenn Roads Suite 792 Stephentown, WI 07112",2022-12-10
425,James Russell,rossdenise@example.com,"47617 Stacey Shores Apt. 975 North Cassidy, GU 51411",2020-02-15
426,Jamie Harris,millerheather@example.net,"003 Carter Loop Apt. 286 Sotomouth, FL 27787",2022-03-20
427,Michael Chan,vsimmons@example.org,"740 Kevin Plaza Smithfort, NV 84054",2024-08-31
428,Jasmine Berg,melanie17@example.net,"81620 Bowers Fork Newtonport, AK 09112",2023-07-07
429,Sydney Dennis,wagnerstephanie@example.net,"083 Matthew Circle Suite 015 West Jeremy, IA 57932",2020-02-04
430,Javier Ayala,anorman@example.net,"576 Long Tunnel Suite 920 Nathanielport, GA 74606",2022-09-10
431,Kenneth Gutierrez,tferrell@example.org,"4472 Oneal Views Suite 010 New Robertville, ME 66770",2021-01-08
432,Lorraine Sutton,lisaphillips@example.org,"60732 Justin Dale Apt. 404 Matthewport, MO 44712",2024-07-02
433,Mary Bass,michaelruiz@example.com,"45844 Linda Burg West Jennifer, VI 92391",2022-03-06
434,David Thomas,ntorres@example.com,"8297 Michelle Wall Annabury, TX 24229",2020-06-08
435,Amanda Davis,brittanyburke@example.org,"08531 Little Ramp Lake Amanda, ID 77666",2020-02-26
436,Tyler Frank,lwalton@example.org,"242 Cox Cove Suite 286 Juliemouth, FM 70947",2022-10-11
437,Mark White,kennethramos@example.com,"58623 Adrienne Village Lutztown, DE 05354",2024-06-19
438,William Roberts,ysmith@example.org,"470 Miller Gardens Apt. 687 Youngchester, HI 52338",2023-03-04
439,Debra Banks,eddiehodges@example.org,USNS Brown FPO AP 70144,2021-01-17
440,Jerry Graham,charlesjohns@example.com,"88499 Mackenzie Field Apt. 999 Simmonschester, TN 33421",2021-10-04
441,Christine Williams,courtney80@example.org,"15775 Salas Island New Kimberlymouth, NH 65401",2024-03-09
442,Diane Raymond,peggystout@example.org,"480 Johnson Glen West Davidbury, NC 83802",2021-05-13
443,Vicki Novak,galvantracey@example.org,USNS Cooper FPO AP 82735,2023-04-13
444,Karen Ellis,reesemelissa@example.org,"171 Alexis Crescent Suite 514 Destinyhaven, LA 71240",2021-03-23
445,Linda Nunez,kmurphy@example.com,USNS Wilson FPO AP 82526,2024-04-05
446,Michael Johnson,janetwong@example.org,"7875 Shawn Lake Apt. 419 Fitzpatrickshire, NV 58206",2023-07-09
447,Matthew Elliott,ccamacho@example.org,"6205 Guzman Summit Apt. 037 New Samuel, AL 99396",2024-05-27
448,Theodore Reilly,billy60@example.com,"382 Lorraine View Michellemouth, UT 72259",2022-09-12
449,Alyssa Robertson DVM,carrilloalexandra@example.com,Unit 5911 Box 4391 DPO AP 70495,2021-05-01
450,Nicole Wilson,srivera@example.org,"074 Shannon Islands Apt. 594 Lake Matthew, CA 52361",2022-10-27
451,Donald Harrell,williamweiss@example.net,"463 Lawson Alley Port Christine, LA 47479",2021-08-04
452,Jeanette Phillips,chaneytyler@example.net,"9894 Amanda Mount Suite 223 East Paulaberg, WY 11466",2021-07-18
453,Ryan Noble,khaas@example.com,Unit 2554 Box 7435 DPO AP 87308,2022-09-20
454,Gary Bullock,scottrachel@example.net,"0977 Brooks Ville Lake Rachel, CO 86228",2023-11-17
455,Frances Schmidt,rdennis@example.org,"3780 Craig Lane Cindybury, AZ 98366",2021-05-10
456,Bianca Vega,fitzgeraldandrew@example.net,"164 Kathryn Viaduct Lake Heather, MO 52948",2023-08-24
457,Dwayne Douglas,joshua97@example.net,"21489 Jacob Drives North John, GA 28591",2023-07-26
458,Emily Jenkins,rossgrimes@example.org,"04674 Ronald Shoal Apt. 649 North Tamara, PR 98503",2024-01-19
459,John Murphy,omaxwell@example.org,"9848 David Junction Apt. 844 Heidiborough, SD 32019",2020-01-28
460,Caleb Mora,garrettjonathan@example.com,"455 Kenneth Gateway Suite 688 Williamsmouth, PR 24308",2022-12-26
461,Christopher Schmidt,wallswanda@example.com,"54939 Cantu Islands Apt. 681 Ramosburgh, MA 85820",2021-12-03
462,Jenna Willis,rosskevin@example.org,USNV Glenn FPO AE 74757,2021-01-29
463,Olivia Hansen,clarketimothy@example.org,"104 Duran Path Apt. 195 New Miguel, WA 77544",2020-01-16
464,Lisa Manning,sergio95@example.org,"03860 Amanda Valleys Laurafurt, KY 95741",2024-06-17
465,Jesse Li,rossjason@example.net,"614 Holly Burgs Doylechester, WV 69550",2021-07-05
466,Sherry Webb,millerlynn@example.org,"10750 Elizabeth Loop Lake Cole, NC 98957",2024-04-21
467,Sydney Hunt,gabrielporter@example.net,"857 Kara Throughway Apt. 034 Kimberlychester, AK 59780",2022-10-03
468,Kimberly Price,laurie79@example.com,"78362 Reed Shore Port Jasonville, FL 59040",2022-10-24
469,Bradley Cook,nharrison@example.org,"8929 Chase Stream Suite 858 Kimberlychester, CT 75995",2022-10-08
470,Anthony Porter,barbara72@example.net,"91590 Eric Place Suite 776 Tylerburgh, WA 23906",2024-01-12
471,Lauren Craig,clarkrobert@example.com,"52323 Debra Rapid Davisberg, UT 48402",2022-12-29
472,Lindsey Gonzalez,brian78@example.org,"7864 Ashley Road Apt. 074 Leonardstad, IA 55405",2021-09-06
473,Abigail Reilly,wangvanessa@example.com,"6328 Stacie Expressway Hopkinsland, CA 03025",2023-06-15
474,Ricky Floyd,bookergary@example.net,"399 Munoz Rest New Melissahaven, SD 76086",2023-01-08
475,Madison Hansen,scosta@example.net,"7147 Mack Summit Suite 160 East Monicahaven, ME 89998",2023-04-22
476,Mr. Daniel Bennett,stephanie77@example.org,"511 Michael Oval Rodgerschester, LA 99345",2020-08-02
477,Angela Newman,andrew58@example.com,"40998 Perez Tunnel Apt. 512 Lake Jessica, UT 36703",2024-08-11
478,Janet Johns,andrewgallagher@example.net,"4983 Mora Brooks Apt. 255 Alecfurt, MS 53992",2020-09-30
479,Jessica Larson,grossrebekah@example.net,"6775 Morrow Meadow Danielmouth, UT 06555",2021-02-02
480,Roger Snyder,jenniferfuentes@example.org,"87509 Wanda Ville Lake Max, NJ 36606",2021-11-07
481,Barry Graham,christinegreen@example.com,"PSC 6278, Box 9368 APO AP 43122",2020-06-02
482,Tiffany Larson,dsilva@example.com,"53265 Greene Junctions Whiteburgh, SD 32718",2020-08-10
483,Eric Martin DDS,sara68@example.org,"586 Wilkins Highway Apt. 687 Dunnside, ME 66724",2020-12-22
484,Karen West,doyletina@example.net,"78587 Joseph Road Apt. 030 Julieland, MS 38454",2020-10-26
485,Jeffrey Meyer,cooperjorge@example.com,"6710 Jared Knolls Jonesport, ME 79507",2022-01-14
486,Kristen Curry,ryan39@example.net,"26405 Victoria Street Ruthtown, CO 69119",2021-06-28
487,Margaret Garcia,benjamin17@example.org,"32893 Ricardo Court Apt. 395 Port Rachel, NC 36304",2022-12-07
488,Austin Knox,jeremywyatt@example.org,"82963 Phillips Spring Garyhaven, NH 62275",2022-10-19
489,Tracy Gomez,kathywilliams@example.net,"76115 Gary Bridge Hoffmanmouth, CT 81014",2022-11-14
490,Jeffrey Maxwell,jorgehart@example.net,"7447 David Trail Suite 871 New Manuelton, MS 01449",2023-06-09
491,Jennifer Cherry,smithemily@example.com,"235 Preston Ports Brownborough, KY 07260",2024-06-12
492,Alexander Grimes,daviddiaz@example.com,"046 Jody Harbors Suite 861 Lake Debbieview, PA 93364",2020-09-11
493,Aaron Nichols,cody72@example.net,"209 Ewing Well Dianestad, OR 56271",2020-02-09
494,Michelle Bender,vsmith@example.com,"553 Watkins Glen North Melindaport, MH 78042",2020-06-28
495,Whitney Gentry,susan59@example.com,"63329 Carla Rest Suite 567 Harperborough, MA 56148",2020-01-14
496,Kenneth Robinson,christinaanderson@example.org,"75796 Colleen Parks Apt. 471 South Andrewbury, OR 69990",2022-07-11
497,Austin Cortez,jeannemorgan@example.net,"8888 Megan Knolls New Jefffort, WA 76502",2020-08-07
498,Andre Ritter,wdougherty@example.org,"15641 Gill Ways Suite 143 Christopherport, WA 20653",2023-11-17
499,Melissa Wilson,winterskaren@example.org,"51990 Marc Plains South Angela, SC 56443",2023-05-05
500,Christine Monroe,daniellesmith@example.com,"46095 Jamie Wells Apt. 717 Cunninghamland, CO 45446",2022-03-03
