id,name,email,address,date_joined
1,Leah Phillips,zscott@example.com,"914 Glenn Groves Lake Coreyberg, ND 79081",2020-12-24
2,Caitlin Willis,wongcrystal@example.net,"1696 Melissa Walks Apt. 299 East Matthew, WA 69690",2020-12-14
3,Heather Henry,ghester@example.org,"31737 Roberta Spurs Troyport, GU 31948",2024-01-24
4,Thomas Reyes,rstevens@example.com,"316 Hood Stravenue Apt. 662 East Thomasfurt, NC 80659",2022-10-19
5,Robert Pierce,lbennett@example.org,"5050 Veronica Drive Suite 668 Herreraburgh, AZ 24613",2023-12-23
6,Samuel Ibarra,tony01@example.net,"7816 Rivera Drives New Michael, MA 14560",2023-03-12
7,Michael Burns,dhays@example.com,"7304 Gregory Forest Port Tarafurt, NC 30883",2023-04-26
8,Paul Perez,benjamin80@example.com,"89834 Ian Drive Suite 703 East Amandaton, CA 55331",2024-04-30
9,David Walters,berrynancy@example.com,"67610 Bobby Flat Priceport, AZ 53569",2024-05-27
10,Kristen Skinner,rwilliams@example.net,"548 Carla Plains Shawland, MH 87630",2023-10-07
11,Mary Henry,preynolds@example.com,Unit 6816 Box 7981 DPO AA 00634,2023-09-04
12,John Yang,nicolejackson@example.com,"5085 Susan Junction New Crystalview, VT 57951",2020-08-14
13,Stephen Silva,fgarrison@example.net,"076 Shannon Rue Kellyhaven, MT 26359",2022-12-12
14,David Ramos,edwardsnow@example.org,"518 Leslie Key New Katherinefurt, ND 41550",2022-05-14
15,Angela Simon,qdavidson@example.com,USNV Michael FPO AA 85895,2020-10-02
16,Maria Davis,aoliver@example.com,"40733 Fleming Fords Apt. 061 Vanessaland, MT 60603",2020-01-31
17,Kari Johnson,angelicawilliams@example.net,"9937 Weiss Path Apt. 255 Williamton, DE 41806",2022-10-29
18,Brenda Eaton,clarkjulia@example.org,"0847 Kyle Plains South Mitchell, PR 48327",2021-04-07
19,Richard Ramirez,hickmanjohn@example.com,"0453 White Path Suite 207 South Victorfort, TX 88713",2023-04-22
20,Carolyn King,dgarcia@example.net,"733 Martin Motorway Jacksonstad, ID 85845",2023-08-26
21,Robert Robinson,edward03@example.net,Unit 8369 Box 7404 DPO AE 04429,2021-05-31
22,Sharon Harris,harrisalexis@example.com,"332 Saunders Mission Apt. 522 Josephport, CO 71499",2022-12-25
23,Katherine Smith,nicholssherry@example.org,"43507 Brian Inlet Apt. 660 Jasmineburgh, GU 83517",2023-05-21
24,Rebecca Hawkins,kellywilson@example.com,"439 Dodson Rapid Suite 649 Vargastown, MI 92705",2020-02-09
25,Arthur Lucas,matthewryan@example.net,"864 Hays Shoals Apt. 735 Port Christine, NM 78642",2024-09-24
26,Alexa Lester,bscott@example.com,"8577 Amy Estates Lisaberg, RI 38035",2023-11-30
27,Erica Nolan,andreahernandez@example.org,Unit 1067 Box 3714 DPO AP 80503,2024-03-21
28,Daniel Davis,julia12@example.net,"62664 Wood Village Hillville, VI 86124",2021-02-17
29,Thomas Smith,joshua93@example.net,"474 Ashley Island Apt. 295 Port James, SC 25860",2023-05-26
30,Amber Jackson,manderson@example.org,USNV Rodriguez FPO AP 58345,2021-10-29
31,Rebecca Callahan,zhangmelissa@example.net,"44255 Richard Grove Suite 720 New Davidview, HI 40938",2023-04-10
32,Christopher Ray,mortonlisa@example.com,USNV Rodriguez FPO AE 54474,2021-03-16
33,Emily Hopkins,angieharris@example.org,"782 Luke Corner Apt. 752 North Aaron, MT 43665",2020-05-09
34,Destiny Love,wlopez@example.com,"86957 Thomas Greens Ninaport, RI 17673",2020-07-25
35,Courtney Gonzalez,amber51@example.com,"966 Deborah Extensions Rowechester, NJ 11344",2020-01-21
36,Jennifer Phillips,zwalker@example.net,"7112 Phillips Highway Apt. 691 Lake Donna, GA 62410",2022-12-15
37,Crystal Morales,aliciastone@example.net,"575 Morales Landing Apt. 490 Gloriaberg, NH 81153",2023-06-24
38,Mark Fernandez,kristenclay@example.net,"943 Michael Springs Suite 591 South Marystad, GU 75172",2021-03-06
39,Ivan Douglas,kristen77@example.org,"7983 Hall Trail Apt. 442 Richardtown, SC 91119",2022-01-13
40,John Carlson,justinpatterson@example.com,"4983 Erica Avenue Apt. 160 Ericview, MA 70900",2024-02-28
41,April James,christopher38@example.com,Unit 3746 Box 9687 DPO AP 87965,2021-03-21
42,David Johnson,matthew46@example.org,"79461 Bowman Stream Apt. 215 Cassandraport, MS 46063",2024-04-26
43,Stephanie Downs,cindyvega@example.net,Unit 4393 Box 7244 DPO AP 13131,2023-06-23
44,Kevin Elliott,evantorres@example.net,"5094 Morgan Ways West Brooketown, MH 45282",2024-03-03
45,Angela Taylor,mary76@example.net,"54463 Elizabeth Forges Rogersside, OR 80488",2021-09-23
46,Michael Hawkins,sheena06@example.com,USCGC Mitchell FPO AE 19567,2021-10-15
47,Mr. Wayne Ramos Jr.,david33@example.org,"1764 Hogan Station Hallchester, WV 19235",2020-11-06
48,Audrey Harper,toddolsen@example.net,"79764 Carter Branch Apt. 186 Lake Peter, WY 76022",2024-03-19
49,Jennifer Wright,mstewart@example.org,"323 Barnes Shoals Charlesshire, CT 04023",2020-07-03
50,Tara Allen,nicholasjimenez@example.org,"32466 Jeffrey Points Apt. 278 West Dillonland, ID 84424",2024-06-21
51,Paul Gordon,alexandrameza@example.com,"8739 Clayton Manor South Adamborough, SD 72700",2021-04-25
52,Jacob Cuevas,zmoore@example.com,Unit 7266 Box 5857 DPO AP 95033,2023-05-09
53,Brett Jones,christophersimmons@example.org,"273 Natalie Corners Suite 558 Lake Anthony, KY 37747",2024-08-28
54,Ashley Cole,derek52@example.org,"5277 Jason Wells Apt. 347 New Jeffrey, DE 38209",2024-05-21
55,Cynthia Hayes,gutierrezemma@example.com,"8699 Lawrence Shores Hamiltonshire, LA 33983",2021-12-21
56,Joel Marshall,stewartshannon@example.com,"021 David Courts North Alex, MI 96637",2023-07-12
57,Jacob Pena,cynthiacarter@example.org,"39587 Mary Mountain Apt. 984 Tuckerview, DE 95457",2022-11-09
58,Kendra Johnson,katelynsmith@example.net,"9286 Jacqueline Track Apt. 082 Sabrinaberg, NE 06361",2021-02-08
59,Sherry Gonzales,eric85@example.net,"362 Kayla Divide Aprilmouth, WA 14903",2024-05-19
60,Samuel Williams,rbrown@example.org,"PSC 7295, Box 2504 APO AP 13338",2024-03-26
61,Ms. Jennifer Macias DDS,michelle58@example.org,"3110 Nguyen Gateway West Wendyfurt, NH 49897",2022-03-27
62,Christopher Reyes,lberry@example.net,"4296 Anderson Port Markstad, MN 10373",2023-08-18
63,Jerry Butler,mollymartin@example.com,"314 Gregory Neck Mollyberg, AZ 36314",2021-11-02
64,Gary Gonzalez,burnettjason@example.com,"9300 Jennifer Points Jonathanville, VI 13564",2022-06-19
65,Jerry Johnson,sherri98@example.org,"023 Zachary Courts Flynnchester, WV 15736",2020-03-19
66,Benjamin Lewis,marcus76@example.net,"36263 Lisa Point Suite 819 South Angelshire, PR 30287",2020-10-14
67,William Davis,whitakerzachary@example.net,"153 Reeves Spurs Suite 145 North Markfurt, WA 68507",2022-11-27
68,Thomas Smith,orrderek@example.net,"26606 Kirby Radial Apt. 687 Scottport, WA 41561",2024-03-11
69,Thomas Roy,ehernandez@example.net,"537 Julie Dale Suite 359 Ericchester, KY 12899",2023-11-13
70,Mike Moreno,rodriguezpatrick@example.com,"63266 Moore Fields Apt. 947 Dunlapland, MO 47112",2020-10-25
71,Cynthia Warner,clarence72@example.org,"819 Alan Port Apt. 037 Hansenfurt, AZ 23653",2020-05-10
72,Aaron Brown,megan84@example.net,"717 Weaver Ville Apt. 367 Cheyenneburgh, NY 53840",2022-01-22
73,Justin Sherman,stephanierosales@example.org,"128 Cassie Avenue Alvarezbury, SD 46384",2023-09-26
74,Donald Jones,iosborne@example.net,"841 Smith Cliffs North Elizabethstad, WI 39228",2023-03-31
75,Michael Carlson,isolis@example.com,"959 Carla Fields Suite 742 Vanessaland, SD 30089",2021-04-15
76,Timothy Miller,philip59@example.org,"94500 Diaz Crescent Apt. 313 Beckton, ME 50850",2022-04-27
77,Michelle Fernandez,meagan93@example.net,"9752 Derrick Parks Rickfort, PW 58353",2023-04-26
78,Robert Jenkins,brandonwilliamson@example.com,"5043 Peterson Land Schmidtmouth, SD 82951",2022-04-21
79,Rebecca Rasmussen,arodriguez@example.com,"969 Parker Via Suite 558 West David, FM 05036",2024-07-15
80,Carlos Baker,tdavis@example.com,"510 Wolf Junctions Suite 324 New Robertland, KY 98310",2021-08-13
81,Phillip Foster,evilla@example.com,"760 Barry Points Terryfort, AK 47460",2020-01-29
82,Edward Baker,ericjohnson@example.net,"120 Michael Extensions New Marvinchester, AR 92852",2020-05-22
83,Laurie Perez,michael86@example.com,"577 Chase Heights Suite 340 West Brian, MD 09102",2024-01-19
84,Jacob Reid,timothybarr@example.com,"4702 Courtney Hills Suite 140 Port Daniel, OH 30024",2024-05-21
85,Logan Davila,michael97@example.org,"0840 Mark Prairie Apt. 326 North Travisshire, NM 73522",2021-02-23
86,Cassandra Ramos,hullcourtney@example.org,"7237 Sarah Springs Apt. 769 Woodsbury, OR 79689",2022-03-12
87,Michael Mckee,georgeshelton@example.org,"793 Horton Pines Suite 179 East Laurachester, ND 70192",2021-05-29
88,Heather Wong,bryan73@example.net,"0664 Bradley Estate Apt. 271 Ryanmouth, MD 01719",2022-11-27
89,Bridget Henry,dawn50@example.net,"635 Joseph Mountain Suite 520 North Noah, NH 24155",2022-09-15
90,Susan Baker,dbrown@example.net,"69262 Chelsey Trail West David, PR 77336",2022-01-30
91,Andrea Walters,jacob71@example.net,"2139 Scott Rapids Lake Jessicaville, GA 08418",2020-05-22
92,Victoria Howell,devin80@example.net,"200 Antonio Rue Lake Thomas, UT 72006",2020-10-12
93,Patrick Gibson,smithbrian@example.net,"4990 Brown Inlet South Nicole, WY 83816",2021-06-11
94,William Conley,jacksonjackie@example.net,"98202 Brown Junction Joneschester, GU 03256",2023-12-31
95,Daniel Edwards,douglasstewart@example.org,"3260 Johnston Bypass Port Kellyport, NH 28179",2020-01-23
96,Charles Hoffman,townsendmarvin@example.com,"76941 Smith Expressway Jeffstad, MI 17666",2021-06-26
97,Kathryn Gallegos,levinechad@example.com,USNS Ochoa FPO AP 89935,2022-05-06
98,Ashley Wallace,leslie51@example.org,"002 Wiley Vista Allisonbury, AS 67638",2022-06-02
99,Heidi Zimmerman,kellyowen@example.org,"08410 Jesus Parkway Suite 146 New Lancetown, CT 91012",2020-10-05
100,Mrs. Stephanie Reed,lauren05@example.net,"55934 Williams Knoll West James, NJ 97255",2022-03-03
101,Brandon Diaz,ajenkins@example.com,"99133 Soto Burg Jesseshire, GU 17135",2023-10-28
102,Wanda Lynch,jeremywatson@example.net,"89695 Lamb Turnpike Walkerberg, KY 52303",2024-09-19
103,Christopher Blake,kimberly86@example.com,"9978 Moore Falls Apt. 304 West Christopherburgh, WI 11120",2023-01-11
104,Michael Jenkins,james42@example.org,"488 Thompson Radial Port Judith, NY 57356",2022-07-04
105,Robert Cross,christina39@example.org,USS Moore FPO AP 92676,2021-11-26
106,Corey Lane,denisemoore@example.net,"87209 Cheryl Course Davisberg, NC 22583",2020-10-30
107,Brad Phillips,msimmons@example.net,"97619 Rhonda Stravenue West Michelleville, MN 55912",2024-08-19
108,Kevin Scott,michellejones@example.net,"0657 Johnson Mountains Suite 576 Jamesview, AL 54334",2023-12-09
109,Susan Blake,jacob74@example.com,"91486 Thomas Springs Apt. 535 Lake Robert, CA 52429",2022-02-11
110,Justin Hicks,melissahoffman@example.net,"244 Laura River Dennisstad, AK 30480",2023-12-07
111,Luis Cooper,carterandre@example.org,"680 Barry Ridge Apt. 254 Booneshire, OK 89857",2021-11-25
112,Justin Russell,brandthannah@example.net,"67230 Mack Coves Gomezborough, WA 99424",2020-03-17
113,Andrea Horton,priceamanda@example.com,"431 Michael Village Suite 634 Greenhaven, AL 32903",2023-11-26
114,Christina Wilson,bbowman@example.com,"432 Kathy Ford Laurenhaven, IL 27258",2022-05-07
115,Scott Serrano Jr.,foleytaylor@example.com,"904 Richardson Route Suite 532 South Jillstad, AK 22674",2020-09-16
116,Anna Williamson,perezkathy@example.net,"935 Cunningham Drives New Madison, NE 05613",2023-01-14
117,Jason Harper,hunterwhite@example.com,"300 Parker Squares Suite 123 Nicholasburgh, NE 43468",2024-09-14
118,Kendra Harris,johnsonmark@example.com,"531 Brandon Cape Michaelshire, MD 34651",2021-07-03
119,Virginia Shah,dunnchristopher@example.com,"761 Harris Viaduct East Alexa, MP 49679",2021-06-06
120,Cynthia Washington,carlford@example.com,"30824 Derek Islands North Kevin, VI 21705",2024-02-26
121,Jeffrey Dalton,gthomas@example.net,"501 John Shoal East Emilyside, AS 48872",2022-03-19
122,Wanda Benson,sarah50@example.net,"197 Lisa Springs Port Amy, OH 57241",2021-12-08
123,Katrina Brown DDS,marissa93@example.com,"2939 Susan Summit Nataliemouth, FL 38722",2020-04-29
124,Kevin Lindsey,cynthiahanson@example.com,"022 Melissa Union North Alexatown, IL 15268",2021-03-02
125,Crystal Garrison,frysavannah@example.org,"1489 Holmes Trail Apt. 998 Lake Natalieside, KY 32447",2021-03-10
126,Amy Carter,christopher24@example.com,"189 Johnson Bypass Apt. 915 Emilymouth, CT 41595",2023-03-11
127,Eric Webster,joseph57@example.com,"896 Samantha Rest Suite 058 South Kellyburgh, VA 49936",2022-03-15
128,Ms. Ashley Hall DVM,laurajordan@example.org,"34696 Perez Roads Suite 501 Markfort, ME 78312",2024-02-11
129,Tara Li,vmcdonald@example.net,"30961 Benjamin Rest Apt. 612 Ramirezhaven, SC 44321",2022-12-17
130,Justin Hooper,vgibson@example.com,"PSC 8873, Box 5104 APO AP 38353",2020-06-12
131,Michelle Mora,gallagherbethany@example.org,USCGC Stevenson FPO AA 98247,2022-09-06
132,Raymond Moore,thomas86@example.org,"276 Harris Villages Apt. 653 Ericmouth, WV 45948",2023-07-02
133,Mrs. Michelle Vance,riveracory@example.org,Unit 7100 Box 2844 DPO AP 83784,2023-07-13
134,Carl Pena,jacob36@example.net,"21977 Campbell Falls Apt. 076 Lake Derekland, WY 48615",2021-11-03
135,Jason Love,alexanderlopez@example.org,"71205 David Oval New Ericafurt, UT 39006",2024-03-03
136,Jeff Bender,ashley84@example.org,"01295 Williams Curve Suite 293 West Stephanie, GA 43919",2021-09-20
137,Brian Hamilton,pamelaperkins@example.org,"45523 Sandoval Key Suite 627 Rhondatown, MP 19341",2023-12-19
138,Kevin Hawkins,charlescollins@example.com,"119 Stacy Square Suite 072 Lake Robinmouth, WY 60567",2022-09-19
139,William Nguyen,fhughes@example.org,"4875 Aguilar Road Suite 765 Skinnerland, WV 89130",2024-05-30
140,Rachel Harvey,michaelwilson@example.net,"36405 Ellis Groves Suite 912 North Christinafort, SC 34155",2024-09-28
141,Jeffrey Jones,charleswilson@example.org,"10143 Sanders Walk Apt. 520 Amandaberg, MO 32449",2020-06-17
142,David Jones,cheyenne47@example.org,"6567 Taylor Glen Suite 076 East Tommy, NM 22904",2021-04-29
143,Joseph Mitchell,kristen69@example.net,"249 Hernandez Creek Apt. 736 West Maryberg, AZ 23012",2021-01-01
144,Johnny Moody,gwilliams@example.org,"513 Jennifer Ville Apt. 656 Tranborough, TN 37778",2020-11-11
145,Amanda May,georgenelson@example.net,"81084 Douglas Springs Lake Kevin, TN 52022",2021-08-27
146,Matthew Lopez,jrivera@example.com,"08301 Andrew Avenue Apt. 806 New Kevinhaven, IN 64735",2024-03-23
147,Christian Black,jessica88@example.net,"487 Carney Mills Suite 605 Carolport, MT 92419",2020-07-29
148,Andrew Mercado,katelynbeard@example.net,Unit 6654 Box 3042 DPO AE 39399,2022-10-16
149,Charles Perez,icruz@example.com,"0509 Jennifer Brook Suite 849 New Marissa, DC 39627",2021-02-11
150,Douglas Hernandez,stevesullivan@example.com,"1722 Marc Lake Suite 353 Lake Brian, NY 08174",2023-04-22
151,Ashley Dickson,christopherhall@example.org,"56767 Shawn Freeway South Madison, NH 34642",2020-06-12
152,Corey Walker,thompsonjuan@example.net,"165 Young Shoal Suite 453 North Heidi, LA 70928",2023-12-20
153,Joshua Blackwell,ramirezcorey@example.com,"1964 Eaton Cove Suite 041 Wrighthaven, AS 63268",2023-05-26
154,Wanda Wagner,dhurley@example.org,"4465 Moore Forest Suite 096 East Alicia, PA 96454",2020-07-10
155,Erik Jacobs,williamsashley@example.com,"29881 Zoe Summit Harrisborough, GU 25326",2022-03-09
156,Tammy Barber,ithompson@example.net,USCGC Curtis FPO AA 87798,2022-08-28
157,Lisa Gonzales,williamseric@example.org,"1767 Ross Park North Juanshire, MO 94521",2023-10-20
158,Jeffrey Sims,ellisondavid@example.org,"58798 Garcia Extensions Port Jose, MI 06435",2023-01-09
159,Mr. Troy Johnson,seanrice@example.net,"79829 James Alley Suite 371 Christopherchester, NE 30247",2023-02-11
160,Katelyn Barry,samantharyan@example.org,"813 Brooke Vista Alexanderchester, AL 01690",2024-05-01
161,Mr. Jason Forbes,vwells@example.com,"2990 Heather Loaf Apt. 288 East Seanview, MA 39919",2020-09-05
162,Larry Rogers,dblevins@example.net,"51440 Craig Mission Davidshire, AZ 27250",2020-06-24
163,Ana Rodriguez,nstevens@example.net,"612 Jennifer Inlet Apt. 575 New Keithfurt, IL 99697",2020-06-03
164,James Turner,dsalazar@example.org,"113 Rodriguez Harbors Apt. 580 Carolinestad, NE 68328",2021-12-16
165,Kristine Jackson,dblevins@example.com,"47124 Carrillo Freeway Heatherburgh, GA 96534",2021-06-04
166,John Jordan,hkirby@example.net,"272 Perez Mount Suite 928 South Bryan, NM 75196",2024-04-11
167,Jacqueline Campos,clarkrick@example.com,"10460 Veronica Land Suite 877 Grahamstad, SD 53856",2023-08-07
168,Roberta Fischer,burkemichelle@example.com,"PSC 9625, Box 1996 APO AP 73409",2020-02-06
169,Rebecca Cameron,kellylinda@example.net,"676 Webb Greens Suite 955 Michaelchester, GA 09546",2023-02-18
170,Joshua Ramirez,eric02@example.net,"05820 Green Land Apt. 073 Port Anna, CO 54366",2022-12-22
171,Melvin Campos,jessemoore@example.net,"6842 Melissa Roads Kyletown, TX 30136",2024-01-02
172,Eduardo Rios,walterchad@example.net,"348 Griffin Island Suite 351 Andrewview, ID 99933",2024-06-13
173,Elizabeth Sharp,briantaylor@example.org,"95916 Graham Glens Suite 796 New Michellehaven, NV 11450",2020-02-15
174,Bethany Bullock,judith20@example.org,USNS Wilkins FPO AE 39658,2023-03-21
175,Lisa Washington,tiffanywilliams@example.org,"032 Michael Square West Andreaburgh, HI 26656",2022-12-08
176,Justin Lyons,pfranklin@example.net,"27820 Turner Knoll North Ryanport, NC 97176",2024-07-28
177,Alejandro Santiago,pmiller@example.net,"0442 Ian Greens South Lindaside, OR 46181",2023-01-02
178,Amber Oliver,qwoods@example.net,"PSC 4838, Box 6064 APO AA 76446",2023-07-24
179,Cheryl Callahan,krivera@example.com,"411 Taylor Stream Suite 684 South Judytown, NY 88257",2024-03-07
180,Madison Thomas,olsonjill@example.net,"396 Louis Shores East Aaronfort, GA 49352",2022-06-06
181,Richard Hanna,richardhudson@example.org,"62776 Katelyn Hill Apt. 347 New Ashleyburgh, WA 20560",2023-10-01
182,Bradley Kelly,alexis36@example.org,"6984 Benton Loaf Suite 154 East Lisa, IN 19513",2022-05-05
183,Katherine Lopez,brandy87@example.net,"059 Amy Crossroad New Richard, DC 44122",2022-03-28
184,Tiffany Thompson,varmstrong@example.net,"018 Michael Burgs Andersonbury, GA 22782",2022-04-13
185,Shelly Collins,michelle51@example.org,"735 Becky Island Mooremouth, DE 67226",2020-08-26
186,Kevin Gilbert,edwardgarcia@example.org,"410 Melissa Walk East Jessica, NY 94536",2023-05-27
187,Kerry Koch,johnsonlinda@example.com,"9153 Larry Club Chandlermouth, NM 59532",2023-10-05
188,Denise Jenkins,douglas84@example.com,"453 Perez Wells North Shannonmouth, WA 66765",2020-07-31
189,Mary Anderson,ljohnson@example.net,"271 Wendy Harbor West Williamview, UT 31125",2022-08-21
190,Trevor Roberts,lunarichard@example.net,"66360 Marsh Fields West Tammiefort, DC 90617",2023-06-12
191,John Wilson,brittneykennedy@example.net,"5826 Taylor Point Graytown, VI 37000",2022-12-30
192,Nicole King,andrea02@example.org,"388 Hawkins Corner Michaelview, AR 22379",2024-09-10
193,David Gonzalez,wrightjacob@example.com,"8019 Melanie Trail Boothchester, NJ 71284",2022-12-23
194,Tyler Gonzales,lijennifer@example.com,"20865 Smith Plaza Suite 256 South Kimberly, MS 46316",2022-01-02
195,Crystal Hodge,garrett54@example.org,"03801 Jeffrey Terrace South Hannah, NV 40689",2022-01-26
196,John Thompson,chanson@example.org,"7732 Hernandez Rapids Apt. 987 Jillianfurt, AL 18403",2021-01-20
197,Emily Cuevas,jacquelinemurray@example.org,"3711 Donald Path Williamfurt, HI 78290",2024-04-17
198,Richard Brown,dannybailey@example.com,"08590 Glenn Views Suite 436 Port Blakebury, MH 89539",2023-08-30
199,Nicole Meyer,williamsmith@example.com,"900 Christensen Mountain West Matthew, NH 69409",2020-05-01
200,Vickie Rios,julie66@example.net,"40693 Boyd Islands Suite 343 Sampsonberg, NH 54071",2023-12-24
201,Kara Tran,thomasroth@example.com,"PSC 4903, Box 4669 APO AP 63667",2022-04-17
202,Daniel Spencer,christianreed@example.net,"7290 Brian Well Lake Josephtown, NH 07688",2020-06-02
203,Brandon Bell,eyoung@example.org,"11977 Julia Orchard Samuelhaven, IL 64464",2024-05-23
204,Mr. Juan Hayden,pmyers@example.net,"887 Gavin Plaza New Kathyview, VT 46071",2023-01-02
205,Cynthia Garcia,patricia17@example.org,"233 Melissa Route East Garrett, ND 73052",2023-01-15
206,Karen Hernandez,duane18@example.org,"055 James Forge Apt. 706 Jadeport, AS 65782",2020-12-16
207,Amanda Lester,kevinthomas@example.org,"565 Mathew Greens West Patriciabury, NE 69072",2022-10-30
208,Crystal Adkins,wesley81@example.org,"PSC 9778, Box 5590 APO AP 48858",2023-11-27
209,Jonathan Lloyd Jr.,navarromichael@example.org,"065 Mason Port Port Charles, VI 74446",2023-04-11
210,Lisa Brown,qbradford@example.net,"39647 Thomas Extension Apt. 457 Fullerfort, VA 49694",2021-01-29
211,Scott Edwards,jocelynbarnett@example.com,"730 Andrew Row Apt. 783 New Kevinborough, DE 98719",2021-04-21
212,Cindy Brown,zhamilton@example.org,"99963 Rose Wells Apt. 587 Hansonland, VI 28289",2022-03-08
213,Randy Watkins,lewiswilliam@example.net,"63534 Richard Overpass North Margaret, DE 04328",2023-05-08
214,Billy Peterson,rmanning@example.com,"46804 Steven Stream West Brendaport, NH 44281",2020-10-11
215,Rachel Parker,sanchezcharles@example.org,"85694 Murray Mission Apt. 365 Jenniferview, NM 34790",2022-05-05
216,Jacqueline Bush,donaldkane@example.org,"13713 Brittany Drive New Sandraville, OH 46368",2021-06-09
217,David Shelton,osbornthomas@example.net,"7452 Steven Center Apt. 166 Lake Aprilport, HI 80652",2020-07-21
218,Rachel Harper,dwood@example.net,"805 Robinson Islands Suite 597 Lake Roger, GU 37801",2022-01-12
219,Ashley Jordan,jasminebrock@example.net,"836 Mack Harbors Josephstad, PR 34887",2023-07-17
220,Mary Long,jaybenitez@example.org,"25509 Nguyen Lock Apt. 951 Spencerfurt, PA 35814",2022-09-02
221,Derrick Webb,flemingjacob@example.net,"7521 Chapman Burgs Apt. 089 Hortonside, MN 83405",2021-05-16
222,Frederick Robinson,rmccarty@example.com,"140 Rose Squares Suite 720 Daltonport, TN 83517",2023-07-07
223,Mitchell Davis,kirksteven@example.com,"7497 White Shore Scotthaven, MO 86282",2021-08-28
224,Debra Clark,andersonjill@example.net,"661 Matthew Via Apt. 682 Port Sean, MN 05646",2020-03-28
225,Charles Roberts,morganjimmy@example.org,"398 Megan Extension Suite 013 Kevinhaven, OR 29200",2024-08-08
226,Joshua Valdez,matthew89@example.net,"2989 Vazquez Manors Apt. 770 Lake Anthonyton, CO 78265",2024-03-22
227,James Garcia,stephanie76@example.com,"788 Adam View Hectorstad, FL 04523",2023-01-04
228,Paul Thornton,scottbradford@example.com,"010 Ibarra Roads Larryburgh, TN 14997",2024-05-11
229,Kevin Freeman,elizabeth08@example.net,"5388 Peterson Plains Brownmouth, MO 24479",2021-05-27
230,Katie Lozano,josephcontreras@example.net,"37716 Andrew Brooks Apt. 440 New Joshuamouth, LA 08108",2020-05-07
231,Mrs. Kathy Perez,nathanielsmith@example.net,Unit 1424 Box 0116 DPO AA 02175,2023-01-14
232,Nancy Carrillo,afowler@example.net,"81854 Stone Cliff Suite 335 Juarezstad, NE 96164",2022-11-04
233,Zachary Miller,aliciahoffman@example.net,"856 Martin Plaza Adamville, WY 78336",2022-07-19
234,Joshua Campbell,christopher52@example.net,"2359 Andrea Estate Apt. 088 West Martin, MA 12728",2021-08-01
235,Patrick Randall,bakerkelly@example.org,"32273 Carla Dam Apt. 746 New Alyssaview, RI 11827",2022-03-13
236,Mr. Ryan Todd Jr.,trevorneal@example.net,"73604 Davis Mountains Apt. 777 Jonesburgh, HI 39711",2023-05-04
237,Lisa Kirk,williamsjohn@example.com,"367 Hayes Gateway Suite 470 South Michelleborough, KS 38791",2023-06-30
238,Robert Torres,ambersantana@example.com,"09613 Warren Shoals East Justintown, MN 47633",2021-05-11
239,Denise Clayton,cassandra38@example.org,"649 George Street Suite 672 Rossside, VA 91485",2021-04-03
240,Michelle Bell,warrenfrank@example.com,USS Warren FPO AE 65323,2021-07-05
241,Ryan Joseph,melissastevens@example.org,"747 Parker Bypass Apt. 078 Andreside, RI 85700",2020-01-04
242,Julie Smith,adam02@example.net,"591 Taylor Via Apt. 806 Longview, PW 43879",2020-09-20
243,Charles Frank,joshuarobinson@example.com,"17986 Sweeney Ridge Apt. 521 Hammondborough, TN 28770",2024-04-12
244,Thomas Jackson,mmunoz@example.com,"2560 Deborah Wall North Darren, LA 51801",2021-01-27
245,Sarah Fox,richardscott@example.com,"9352 Williams Locks Suite 078 Port Michaeltown, NJ 38275",2023-05-31
246,Nancy Sanders,thomassmith@example.net,"36826 Brian Crescent Wangland, AZ 05366",2021-06-13
247,David Chapman,pamelamckenzie@example.org,"448 Andrade Estate West William, MI 09922",2020-09-01
248,Shirley Perez,shaneramirez@example.org,"88402 John Ramp Suite 237 Marshallmouth, WA 77261",2022-08-24
249,Douglas Elliott,linda70@example.org,"391 Brad Bridge North William, AR 54383",2020-10-29
250,David Hunt,carmenwalker@example.com,"579 Michael Brook Burtonville, MO 16143",2021-02-14
251,Martha Herrera,johnbailey@example.com,"85278 Lee Flat Vargasfort, NY 14719",2024-03-02
252,Andre Jefferson,jane43@example.com,"6302 Freeman Ridge East Stephenmouth, MT 90062",2022-05-13
253,Anthony Martin,jessefoster@example.com,"003 Peck Crescent South Bailey, OR 47449",2024-09-08
254,Benjamin Perez,amymartin@example.com,"49450 Hicks Divide Melissaville, NV 23895",2023-08-31
255,Melissa Mcdonald,davidriley@example.org,USCGC Harrington FPO AE 31001,2024-05-11
256,Christie Owens,gavin90@example.com,Unit 3317 Box 2505 DPO AA 37164,2020-06-13
257,Daniel Richardson,josephwilson@example.net,"44942 Chelsea Spur North Robertofort, NH 41192",2023-08-30
258,Jack Morris,cherylsmith@example.org,"688 Ryan Canyon Port Jeffreymouth, NY 68310",2021-08-17
259,Kenneth Huber,ggonzalez@example.net,"9954 Shelly Walk Amandaview, FM 02732",2023-11-22
260,Jason Williams,johnnyjackson@example.net,"71701 Powell Ferry Apt. 834 South Christian, MS 63263",2024-10-01
261,Julia Ford,johnsonmichael@example.com,"47898 Hines Ridges Apt. 229 Fowlermouth, DE 99212",2023-04-13
262,Olivia Hardy,dennis67@example.com,"735 Randy Street Suite 395 South Elizabeth, WY 25936",2023-08-29
263,Barbara Copeland,scottanderson@example.com,Unit 2022 Box 7143 DPO AA 43168,2021-04-02
264,Albert Byrd,jonadams@example.org,"84697 Moran Oval Suite 955 New Christopher, UT 84055",2024-05-28
265,Kiara Carter,francisco50@example.com,"88028 Gibson Keys Lisabury, IL 65730",2020-06-26
266,Lisa Rush,joshuataylor@example.net,"87894 Roberts Glens South Randyburgh, MD 27737",2022-09-07
267,Penny Flores,jeffreymoore@example.org,"1569 Francisco Isle Suite 655 North Sethmouth, PA 19810",2021-01-17
268,Charles Cooley,lalvarez@example.net,"351 Webb Underpass Apt. 723 Wallacefurt, OK 64818",2023-12-14
269,Thomas Stewart,ashleyrodriguez@example.net,"6068 Park Landing Apt. 622 East Michaelton, LA 82558",2024-06-12
270,Denise Rojas,langchris@example.com,"98762 Jonathan Shoals Suite 493 Davidchester, PR 11180",2022-07-28
271,Sylvia Delgado,wayne30@example.net,"103 Sarah Walks Apt. 402 Port Kevinmouth, GU 05862",2020-05-16
272,Wesley Garcia,brandonrivera@example.org,"3506 Hopkins Heights Apt. 079 Velezborough, ND 99943",2020-12-28
273,Jonathan Graham,carrie68@example.net,"61889 Aaron Freeway Lake Matthew, RI 87382",2020-08-25
274,Xavier Martin,bretttorres@example.net,"37586 Wade Fords Apt. 028 West Caitlin, CA 70687",2022-10-24
275,Tony Ortiz,landerson@example.com,"36173 Timothy Circle Kimberlyport, NY 56916",2023-01-03
276,Kristin Le,vhanna@example.net,"1823 Burns Villages South Susanmouth, ME 52180",2022-06-08
277,Samantha Morse,angela04@example.net,"9619 Townsend Fall Apt. 628 Mariabury, KS 38344",2023-09-07
278,John French,jessica08@example.com,"81071 Kimberly Trail Port Ashley, PW 89385",2022-12-10
279,Jennifer Higgins,umiller@example.com,"631 Gonzalez Skyway Apt. 369 Sarachester, MI 52365",2020-11-06
280,Lisa Peters,ijackson@example.com,"39633 Sandra Turnpike Suite 849 Toddmouth, VA 12634",2020-11-03
281,Robert Prince,jennifer69@example.com,"400 Martin Crescent East Brett, PA 59825",2020-01-17
282,Michael Lee,johnsoncynthia@example.org,"21828 Brandon Via Charlesshire, MD 39115",2021-09-12
283,Anthony Harris,lisadavenport@example.com,"PSC 3330, Box 5406 APO AP 89213",2020-06-06
284,Juan Sanders,cherryamanda@example.org,"4285 Johnson Dale Apt. 646 Lake Robertoport, AZ 11798",2023-11-19
285,Tyler Smith,mark91@example.com,"9003 Cox Land Suite 304 Aaronburgh, WI 14449",2024-03-10
286,Jonathan Black,jeffreydavis@example.com,"9459 Sanders Knolls East Scottfurt, MA 27622",2022-08-19
287,Elizabeth Reynolds,ndavis@example.com,"6466 Maria Knoll Patrickside, CA 92211",2023-04-30
288,Jessica Mendoza,lewisrebecca@example.com,"151 Banks Street Lake Justinmouth, NH 59898",2021-04-12
289,Ryan Ward,cherylramirez@example.com,"093 Grant Shore Apt. 745 South Cheyennefort, MS 90784",2024-04-29
290,Diane Watts,heather15@example.net,Unit 2123 Box 8545 DPO AP 60404,2024-05-10
291,Molly Wright,rebecca02@example.com,"1138 Justin Passage Becktown, OH 27536",2022-10-30
292,Tammy Patterson,tapiaedward@example.net,"2971 Williams Pine Suite 552 Rivasville, SC 70739",2021-06-15
293,Brandi Thomas,heatherthomas@example.org,"70612 Donna Summit Marchaven, UT 55232",2020-05-02
294,Gregory Hernandez,kiara05@example.org,"89411 Reynolds Land East Christine, IN 81681",2022-12-01
295,Matthew Gates,jonesmark@example.com,"2027 Scott Extension Richardsland, UT 85733",2021-07-01
296,Richard Miller,mgreene@example.com,Unit 5845 Box 9841 DPO AP 85620,2024-05-05
297,Mary Cooper,ehoward@example.com,"PSC 4325, Box 0045 APO AE 98950",2021-05-18
298,Jerry Williams,cheryl78@example.com,"4889 Melissa Island New Patrickhaven, FM 80336",2023-08-09
299,Ashley King,mary28@example.com,"740 Keith Radial East Jeffreyhaven, GU 93191",2021-08-31
300,Sandra Mayo,michaelnicholson@example.com,"9823 Katherine Drive Tamibury, UT 89582",2021-02-12
301,Joseph Lynch,patrick36@example.net,"896 Michael Circles Apt. 212 Lake Alyssaland, OR 89406",2024-07-16
302,Eileen Palmer,basscindy@example.com,"32066 Jared Landing Apt. 292 Lake Michelleton, CA 46393",2021-09-12
303,Cassandra Clayton,alexandermarquez@example.com,"7409 Reese Court West Stephenhaven, CO 65204",2020-09-22
304,Jason Rasmussen,smithamanda@example.com,"530 Matthew Pass Mcdonaldshire, OK 83260",2021-08-17
305,Rachel Fowler,jsmith@example.net,"86740 Walker Trail Apt. 382 Mollyview, NH 51732",2023-04-10
306,John Sandoval,buckleychristopher@example.net,"56201 Allen Fall Hawkinsfort, WY 78996",2022-05-25
307,Caitlin Weeks,samuelbowman@example.net,"327 Timothy Green Lake Jared, TN 96665",2023-10-16
308,Jimmy Delgado,xhodges@example.org,"472 Paul Coves Suite 477 Taylorfort, AK 63541",2023-01-06
309,Jose Pugh,amber29@example.org,"471 Donna Oval Apt. 665 North Jefferyfort, MN 08742",2024-08-09
310,Caitlin Johnson,tylercraig@example.com,USCGC Williams FPO AP 09427,2020-09-22
311,Jessica Maddox,thomas95@example.net,"30428 Carlson Harbor Lake Katherine, RI 74113",2023-05-20
312,Alejandra Robertson,amandariddle@example.org,"520 Carlson Divide Vargasstad, VI 18223",2024-04-30
313,Kathryn Williams,xroach@example.com,"PSC 5913, Box 9013 APO AE 79056",2021-04-19
314,Ethan Nelson,angelabrown@example.org,Unit 5578 Box 5384 DPO AA 93160,2021-12-03
315,Stephanie Haynes,haynesjohn@example.com,"2099 Thomas Burgs Suite 991 Pamelaport, NE 26858",2024-01-10
316,Yesenia Foster,johnnyconley@example.net,"55852 Corey Trail Michaelfort, IA 56823",2024-03-09
317,Stephanie Jensen,erinbraun@example.org,"3762 Kendra Pines Apt. 277 Danielbury, GA 19097",2022-07-16
318,Karen Robinson,gilbertpamela@example.net,"493 Roberto Causeway Apt. 101 Wardbury, NC 52578",2023-07-12
319,Bethany Scott,mark35@example.org,"542 Timothy Mountains Apt. 726 West Richard, WA 95890",2024-06-02
320,Benjamin Dillon,katherine37@example.com,"1210 Roberts Flat Suite 445 Jamesmouth, AZ 03657",2021-03-10
321,Jonathan Miller,jenna47@example.net,"013 Nancy Plain Jessicaport, GA 43182",2024-09-26
322,Thomas Flores,tanya39@example.net,"12540 Danielle Station Apt. 253 West Christinefort, DE 82141",2024-05-17
323,Dylan Wheeler,floresbrett@example.org,"0378 Stephanie Streets Apt. 739 Sullivanport, AK 61437",2024-01-08
324,Wesley Finley,charles23@example.org,"621 Sophia Circle Port Stephanie, GA 14287",2022-09-05
325,Kristina Mays,amy35@example.org,"86446 Julie Lane Apt. 523 South Mirandaberg, GU 38400",2024-05-01
326,Billy Hanson,richardgoodwin@example.net,"554 Harris Plaza Bishopchester, VA 65546",2021-03-13
327,Leslie Davis,barbaramiller@example.com,"788 Patrick Village East Haley, AS 33279",2021-02-12
328,Danny Thompson,jnelson@example.net,"07120 Richard Knolls Apt. 795 Lake Sheila, IN 09102",2020-09-15
329,Nicole Kelley,dayhector@example.com,"83473 Ian Path Melissaland, MS 84916",2024-04-08
330,Kirk Zimmerman,sullivanlisa@example.org,"9838 Brian Knolls Suite 961 East Adamtown, ND 91774",2020-11-26
331,David Wilson,stevendrake@example.org,"125 Williams Turnpike Suite 407 Turnerfort, MO 41804",2020-05-11
332,Sarah Brown,johntorres@example.com,"9943 Murphy Walk Patriciastad, WV 62047",2020-06-09
333,Stacy Murphy,alishasmith@example.com,"17531 Bender Pass Suite 655 Jamesfurt, MI 28818",2024-02-14
334,Andrew Black,tgarza@example.net,"04563 Lee Corner Suite 248 Lake Justinview, PW 75467",2024-04-16
335,Glenda Oneal,lthomas@example.net,"2761 Shawn Track Suite 203 Lake Maryfort, AR 57778",2023-08-02
336,Teresa Anderson,gclarke@example.net,"27114 Donna Crossing Port Shelby, MA 75384",2021-01-07
337,Kevin Alvarez,ybaker@example.net,"7271 Rich Green Apt. 075 North Ryan, IN 84473",2020-05-06
338,Jonathan Ellis,weeksrandall@example.org,"0064 Thornton Row Melissaborough, OK 51539",2021-04-03
339,Kenneth Dunn,karen33@example.com,"17076 Nelson Road Julieville, CA 38049",2023-08-08
340,Kurt Reid,melissa82@example.net,"63772 Carrillo Pass Apt. 529 West Lauren, VA 05991",2022-10-05
341,Tamara Reeves,xevans@example.net,"7914 Amanda Brook New Bryanfort, NJ 74834",2020-10-17
342,Brianna Gutierrez,cgarcia@example.net,"09358 Erickson Court Apt. 347 North Christopher, MT 13396",2023-02-04
343,Teresa Reynolds,perezmichael@example.net,"006 Klein Station Suite 000 Sanchezville, MO 60487",2020-08-12
344,Carlos Mosley,ydavis@example.net,"96699 Jennifer Canyon Port Robert, WA 94420",2023-01-04
345,Ricardo Reed,elizabethhuang@example.org,"801 Griffin Pike Apt. 133 North Dianabury, CA 46151",2021-06-01
346,Carrie Rodriguez,frankli@example.net,"259 Taylor Pine West Markmouth, MD 08557",2024-03-14
347,Amanda Russell,robertwebb@example.com,"07764 Amy Terrace North Daniel, PW 26623",2020-12-04
348,Tammy Martinez,harrisjames@example.com,"32607 Breanna Ports Suite 192 West Aimeebury, MD 61830",2024-07-26
349,Gina Hurley,melindawalls@example.org,USCGC Allison FPO AA 81585,2022-10-19
350,Stephanie Robinson,villegastyler@example.com,"23400 Bobby Valleys Christopherville, DC 24107",2022-03-19
351,Peter Mendoza,davidgrant@example.com,"9672 Sarah Cape West Josephmouth, AL 76467",2020-04-22
352,Elaine Sharp,jonessarah@example.org,"703 Kathryn Square Apt. 472 Port Alejandro, OH 46337",2022-12-01
353,Laurie Webb,njoyce@example.org,"748 West Knolls Jacobsport, PR 18973",2021-03-08
354,Grant Benton,hollandjohn@example.org,"5123 Donald Motorway Julialand, TX 70237",2024-07-25
355,Molly Coleman,karla26@example.net,"57784 Zachary Path West Jeffrey, ME 74632",2023-11-04
356,Michael Howard,philipkerr@example.org,"3537 Taylor Ville Suite 038 East Jennifer, NY 54586",2022-09-09
357,James Brooks,caldwellrobert@example.com,"7397 Mary Crossing Suite 055 Joseton, OR 14559",2024-07-21
358,Juan Robertson,jeffreymacdonald@example.com,"9863 Odom Turnpike Suite 350 Barryshire, IL 61692",2023-06-09
359,Samantha Fritz,christineboyd@example.com,"8626 Powell Inlet Suite 812 Lopezbury, FL 55556",2021-09-27
360,Catherine Strong,greergregory@example.net,"7270 Cory Mountains South Laura, NM 44119",2021-10-09
361,Andrew Khan,dvasquez@example.org,"2546 Black Unions Apt. 758 Lake Scottport, WA 66888",2024-06-30
362,Timothy Estes,jfrazier@example.net,Unit 4779 Box 5304 DPO AP 67774,2020-01-30
363,Jessica Tran,ocherry@example.com,Unit 3336 Box 3486 DPO AA 89008,2023-04-18
364,Melissa Manning,barbararyan@example.net,"037 Vickie Ferry Apt. 838 Moralestown, CT 29004",2023-03-23
365,George Lowe,chanraymond@example.org,"8286 Lee Court Sharonport, AL 80419",2021-09-08
366,Kimberly Owens,qjones@example.org,"415 Thompson Wall Jenniferburgh, OH 68361",2023-01-05
367,Kim Smith,nathan86@example.org,"23883 Anne Fall Suite 266 Kevinchester, VT 03755",2020-08-02
368,Brenda Greene,cherylwillis@example.com,"280 Anthony Squares Suite 085 Port Bryanmouth, IL 30729",2024-10-06
369,Kristine Stone,victoria36@example.net,"2088 Chelsea Mountain Apt. 326 Lake Brandy, NY 11274",2020-08-28
370,Laura Fisher,richardsonkayla@example.net,"0200 Jonathan Overpass New Robertville, WA 94476",2020-01-26
371,Audrey Hill,gregoryrandolph@example.com,"5292 James Parkway Rodriguezport, AR 40143",2022-06-17
372,Chris Moore,jasonzuniga@example.org,"68679 Daniel Islands Apt. 023 Christophertown, CT 82599",2024-03-20
373,Sean Quinn,norman66@example.net,"32008 Long Plaza Apt. 137 South Angelafort, NH 97855",2023-03-28
374,Jeremy Simmons,villanuevaamber@example.com,"54028 Crawford Cliff Suite 445 Garyhaven, MO 87320",2023-12-03
375,Joshua Hopkins,ddickerson@example.org,"7410 Marsh Crescent South Michellebury, AR 40065",2020-01-14
376,Dylan Evans DDS,norrisjose@example.net,"628 Savage Lodge Adkinsville, MD 34969",2023-07-02
377,Christopher Watson,donna80@example.org,"47175 Laura Common Luisfort, MN 22244",2023-07-02
378,Tracey Smith,kmcintosh@example.com,"629 Sanchez Meadows Apt. 940 Loriburgh, PR 98351",2023-06-04
379,Emily Sharp,wwashington@example.com,"88511 Ryan Rest Apt. 373 Port Christinefurt, PA 91130",2020-03-03
380,Matthew Hodges,lukerich@example.com,"41958 Janice Knolls Travisberg, WA 59734",2020-10-21
381,Sharon Obrien,milesjeremy@example.org,"18235 Michael Locks Suite 011 North Matthewfurt, PR 26247",2023-11-16
382,Elizabeth Thornton,sharonhorton@example.org,"6389 Chandler Unions Apt. 748 Nathanielland, DE 55133",2023-03-08
383,Mary Bowen,millerwyatt@example.net,"522 Schmitt Passage Suite 141 North Stevenstad, CT 90391",2021-05-10
384,Andrew Burton,strongtimothy@example.org,"13395 Michelle Garden Apt. 911 Lake Phillipburgh, DC 13494",2021-06-26
385,Dennis Rush,ashley88@example.net,"9023 Amanda Skyway Stewartfort, ID 49345",2023-05-25
386,Carl Wood,ernestchurch@example.org,"7261 Lisa Coves Suite 257 West Peggyberg, MN 54200",2024-08-14
387,Rebecca Jenkins,jstevens@example.net,"264 Tucker Gateway Apt. 689 North Jesus, FL 72418",2021-03-25
388,Henry Miranda,robertcampbell@example.net,"13356 Linda Mission East Jeff, AK 03301",2020-03-03
389,Carrie Mendoza,powellanne@example.org,"97192 Carter Crossroad West Jason, KS 74907",2022-02-05
390,Michael Rodriguez,changsandy@example.org,"716 Garza Fords Port Amy, MH 29522",2023-01-05
391,Wendy Smith,rebecca56@example.org,"1460 Alexander Roads Suite 162 East Angelton, KY 51546",2020-12-22
392,Cheyenne Anderson,wendygray@example.com,"23923 James Highway Carmenmouth, NJ 98260",2022-04-27
393,Amanda Espinoza,susan58@example.net,"85171 Edward Island North Mario, WV 69517",2021-11-12
394,Lorraine Hurst,amber77@example.net,"9287 Hudson Viaduct Suite 562 Johnville, HI 60832",2022-12-27
395,Anna Hall,michaelnash@example.com,"1665 Kennedy Loop Apt. 582 South Pamelaton, MD 42067",2024-08-28
396,Robert Jones,dawncruz@example.org,"12486 Jon Center Apt. 204 North Aaronland, NY 47887",2021-03-30
397,Ryan Castaneda,ricemargaret@example.com,"83430 Rosales Forest Fullerview, KY 27334",2020-08-21
398,Louis Stone,michaelfriedman@example.net,"50540 Potter Green Suite 008 Gabrielburgh, PA 84060",2023-08-24
399,Carl Nicholson,pevans@example.org,"438 Steven Square Suite 643 Lake Dawn, MA 26693",2024-01-14
400,Levi Farley,anthonydickerson@example.net,"282 Meghan Stream Apt. 034 Port Cherylside, MO 63718",2022-11-07
401,Kyle Alexander,kristinewatkins@example.com,Unit 3656 Box 8827 DPO AE 50924,2021-01-11
402,David Shepherd,eddieflores@example.org,"8383 Andrew Common Suite 747 Markborough, AK 28885",2020-04-22
403,Carolyn Taylor DDS,petersneil@example.org,"0440 Smith Club Suite 530 New Morganbury, VA 86311",2022-12-20
404,Sara Gonzales,peterharmon@example.net,"275 Stafford Well New Linda, NV 07379",2024-05-20
405,Matthew Black,masseyleslie@example.com,"PSC 0761, Box 4652 APO AE 57127",2024-07-04
406,Deanna Barker,barnesjoanna@example.net,"107 Mack Garden Apt. 281 New Toddchester, TX 27583",2020-08-19
407,Cody Strickland,hbrewer@example.net,"821 Jack Lane Suite 632 Toddstad, PR 66719",2020-02-14
408,Nancy Thomas,delgadoandrew@example.net,"931 Brandon Lane West Ericmouth, WY 44451",2020-07-18
409,Samuel Rosales,lhall@example.org,"620 Lawrence Corner Suite 679 North Johnshire, MH 11051",2023-08-10
410,Alyssa Watson,thomas09@example.org,"31205 Bell Island Apt. 724 West Kathy, VI 11831",2024-07-09
411,Christie Morales,alexander15@example.net,"2558 Kyle Bridge Apt. 064 Davismouth, SD 98269",2024-06-16
412,Stephanie Gonzalez,keith75@example.net,"47188 James Corner Apt. 704 West Lisaport, UT 96207",2021-02-11
413,Destiny Cooley,stephen44@example.com,"9385 Michael Vista Swansonview, NH 72761",2021-01-22
414,Gerald Bush,richard60@example.com,"39081 Timothy Forge Suite 208 New Bryanfort, ND 57855",2021-06-06
415,Samantha Thomas,bduncan@example.org,"PSC 2549, Box 4590 APO AP 33844",2020-12-03
416,Annette Kirby,debbiecarter@example.org,"827 Leonard Plaza Sarahmouth, PA 10582",2021-04-18
417,Chelsea Mann,josecox@example.net,"8367 Michael Wells Apt. 287 North Allisonport, VT 36644",2021-01-16
418,Gregory Stewart,jenniferwebb@example.com,"PSC 6184, Box 6341 APO AA 98778",2020-10-21
419,David Rodriguez,barbara70@example.org,"647 Weber Plaza Lake Krystal, RI 64640",2020-03-25
420,George Vazquez,corytorres@example.com,"5746 Wilson Turnpike Apt. 998 South Stevenland, VA 91412",2024-04-05
421,Tina Mcgee,stephenjuarez@example.org,"844 Murphy Parkway Suite 534 West Michaelborough, DC 42709",2020-05-26
422,Angela Thompson,carol66@example.org,"14069 Jones Glen South Kennethchester, HI 37292",2020-07-20
423,Elizabeth Woodard,udavis@example.com,"084 Hansen Plaza East Jennifer, DC 28928",2022-12-13
424,Dr. Troy Williams Jr.,elizabeth88@example.com,"150 Hale Street Suite 836 East Abigailchester, ID 11586",2021-11-01
425,Laura Richardson,rachelpatterson@example.net,"0656 Johnson Canyon Kaiserberg, MN 67569",2024-07-06
426,Scott Gillespie,jonathan60@example.net,"519 Brooks Ridges Watkinsville, TN 81174",2020-09-19
427,Susan Jones,gregory76@example.com,"951 Herrera Plaza Suite 277 Gibsonton, HI 87365",2023-09-14
428,Lindsey Carter,brittanypowell@example.org,"68186 Byrd Spring Suite 383 Davidberg, HI 39341",2024-03-15
429,Lindsey Ward,cbrown@example.com,"8476 Rodney Ramp Jamestown, VI 39284",2023-02-13
430,Christopher Marshall,jimenezkarla@example.net,"5518 Devin Turnpike Lake Josephport, UT 09972",2022-06-02
431,Meredith Vazquez,smithsandra@example.net,"46702 Oliver Burg Suite 365 New Williemouth, SD 77968",2020-06-22
432,Paul Faulkner,christopher86@example.org,"207 Jennifer Views Michaelshire, PR 91753",2020-06-25
433,Jocelyn Calderon,kyle15@example.com,"6712 Mike Gateway Apt. 474 Oneillfurt, FM 51989",2023-08-01
434,Danielle Jennings,ilewis@example.net,"PSC 9852, Box 8538 APO AA 09573",2023-06-11
435,Heather Mccarty,tlee@example.com,"342 Lauren Plain Lake Bethburgh, CO 25841",2020-12-25
436,Donald Williams,grahammonica@example.net,"2779 Amanda Motorway Fernandezshire, GU 07398",2024-02-01
437,Mark Lewis DDS,jasmin09@example.org,"9472 Carl Vista Suite 551 Shaunhaven, AZ 08310",2022-08-13
438,Susan Cooley,lcameron@example.org,"PSC 4045, Box 9637 APO AA 20932",2021-08-03
439,Joshua Kaufman,dwayne11@example.com,"219 Gary Drive Suite 131 Lake Debra, AL 83950",2022-01-09
440,Samuel Mcgee,madeline88@example.org,"262 Williams Glens Suite 177 Josephburgh, IN 69650",2022-05-16
441,John Cain,james00@example.net,"24527 David Prairie Wangtown, MP 81099",2023-10-18
442,Claudia Fritz,ujones@example.com,"0108 Shaw Alley Apt. 572 Paulmouth, MA 39532",2021-06-27
443,Crystal Ware,stevenbaker@example.org,"PSC 6455, Box 4742 APO AE 30539",2023-06-15
444,Kristi Harris,ryan84@example.com,"71225 Murray Port Apt. 761 South Jonathanfurt, AR 20725",2024-06-08
445,Benjamin Walker,hardinryan@example.net,"20681 Potts Cape Suite 789 Salinasmouth, WI 88502",2023-11-26
446,Miss Elaine Ray MD,amber81@example.org,"25739 Mary Motorway Apt. 762 Adamfurt, CA 67408",2020-03-05
447,Jason Austin,stevenbenjamin@example.net,"47782 Richardson Camp Suite 217 Johnside, TX 13731",2022-08-20
448,Collin Chang,lisamedina@example.org,"398 Richardson Points Apt. 885 Lake Laurenshire, KY 83418",2020-07-19
449,Amber Webb,qwalker@example.org,"403 Jackson Estate Apt. 025 Ericksonmouth, DC 54348",2022-10-04
450,Lindsey Molina,georgereynolds@example.net,"8591 George Route Ericberg, MD 51696",2021-10-28
451,Christopher Delgado,stokesbelinda@example.net,"8331 Hebert Villages Suite 833 North Amanda, SC 53808",2024-07-04
452,Sarah Sanchez,briansolis@example.com,"PSC 6319, Box 3757 APO AP 48546",2021-06-17
453,Carol Wilson,dwright@example.net,"58464 Grant Lights Apt. 749 Marcusstad, NY 26822",2021-11-12
454,Angela Smith,audrey04@example.org,"74175 Collins Stream Apt. 353 New Anthonymouth, IA 73966",2024-03-19
455,Christopher Hall,portercrystal@example.org,"9786 Jill Course Vaughanshire, MI 34177",2020-10-04
456,Jared Powell DDS,kimberly22@example.org,"499 Bowers Neck Apt. 891 Tonyabury, SD 96775",2023-06-21
457,Jennifer Martinez,heidibray@example.net,"22738 Garcia Falls Suite 651 New Lesliemouth, MS 41341",2022-08-17
458,Francisco Ayala,qlopez@example.com,"984 Williams Ports Apt. 534 East Gregory, AK 86422",2023-03-13
459,Mark Hill,tiffany44@example.com,"7772 John Loop Port Paul, TX 90839",2024-08-14
460,Jessica Carter,jdavidson@example.net,"288 Ramos Locks Kaylaport, AZ 29819",2020-05-05
461,Amanda Clark,weberdorothy@example.org,"335 Thomas Island Romeroberg, NC 50348",2020-11-01
462,April Molina,christophergalloway@example.net,"16041 Eric Shores West Dillonfurt, DE 70537",2023-06-17
463,Joseph Carlson,jonathanlindsey@example.com,"PSC 4909, Box 5429 APO AA 36579",2023-02-14
464,Sheryl Carter,areed@example.net,"5265 Nunez Glen East Jimmy, PW 58857",2020-10-31
465,Joshua Walton,crystalbailey@example.net,Unit 2265 Box 5526 DPO AA 34363,2022-04-05
466,Matthew King,normantracy@example.com,"1295 Anthony Haven Shannonside, ID 37866",2024-03-21
467,Joe Dominguez,michellefoster@example.com,"7225 Perez Courts Suite 895 East Ronaldborough, LA 10297",2023-07-31
468,Madeline Ford,davidchoi@example.com,Unit 3678 Box 8651 DPO AA 93833,2023-02-01
469,Jason Hawkins,asullivan@example.com,"855 David Parkways North Amandaburgh, MS 38740",2024-05-29
470,Daniel Clark,davisolivia@example.org,"34919 Ball Cliff Apt. 222 Taylorside, UT 48861",2022-12-01
471,Richard Gibson,dennissmith@example.org,"50971 Dennis Locks Apt. 069 Connershire, KS 21716",2020-11-11
472,Ryan Mccall,cheryl37@example.com,"33117 Herrera Ferry Suite 348 New Diane, SC 23357",2021-03-11
473,Elaine Johnson,harmonkimberly@example.org,"41586 Nunez Corner North Jacob, GU 89086",2021-11-30
474,Molly Mccann,robert99@example.com,"676 Patricia Lakes Apt. 457 Annatown, NY 16435",2021-04-05
475,Kelsey Scott,brendajennings@example.org,"630 Jackson Orchard Apt. 541 Chadtown, MT 13622",2020-09-27
476,Steven Thomas,charles95@example.org,"140 Morgan Mountain Lake Kimberly, AL 74576",2021-11-03
477,Kenneth Meyer,nicoletrujillo@example.net,"78326 Lee Mission Apt. 320 Walkerside, IA 05835",2020-11-19
478,Sara Hart,michaelbeck@example.com,"7896 Jones Islands Apt. 639 Fullerville, AL 11916",2024-07-18
479,Jeremy Shaw,hmccoy@example.net,"04167 Dunn Run Craigburgh, CA 41439",2022-04-18
480,Valerie Lopez,singhchristopher@example.net,"1834 Michael Manors Larrychester, ME 50959",2023-11-02
481,Ashley Collins,spearsjohn@example.net,"980 Bonnie Square Suite 418 Turnershire, TN 60285",2021-09-09
482,Noah Richard,marie25@example.org,"93650 Rice Views West Jeremy, AS 42185",2024-07-24
483,Mrs. Abigail Cowan,patrickstout@example.com,"8776 Brett Valley North Sharon, MS 50376",2022-04-07
484,Cynthia Wiley,petersonjason@example.org,"9309 Johnny Pike Apt. 041 Lake Alexanderview, ND 04872",2023-03-13
485,Whitney Escobar,mrobinson@example.org,USS Pennington FPO AP 12666,2021-01-19
486,Katelyn Owens,oscarhernandez@example.com,"509 Evans Mountains Santostown, IL 67160",2024-02-23
487,Benjamin Chandler,yjacobs@example.net,"647 Ferrell Way Apt. 162 Vincentfurt, WY 10159",2022-11-05
488,Barbara Lopez,mosleystephanie@example.net,"16920 Teresa Stravenue Suite 715 Lake Christopherside, IN 93104",2023-04-05
489,Jennifer Gonzales,arichardson@example.net,"43975 Grant Parkway New Bonnie, VI 21303",2022-12-10
490,Christopher Martinez,cfoster@example.org,"9424 Larry Square North Roger, MH 91862",2021-05-22
491,Jordan Jackson,vwhitaker@example.com,"83983 Christina Tunnel Apt. 189 Gregberg, WY 30759",2024-06-18
492,Nathaniel Williams,clarkjaclyn@example.org,"55648 Kelly Key Ericamouth, MP 95503",2021-11-05
493,Gabriel Beard,jblackwell@example.net,"4055 Jose Lakes Suite 165 Port Joshuamouth, TX 37773",2024-10-01
494,Elizabeth Chung,timothy32@example.net,"3772 Tara Ports Apt. 012 Reyesmouth, FM 76084",2022-05-01
495,Kayla Jacobs,thoover@example.net,"8816 James Motorway Suite 461 Michelleberg, NE 38750",2021-02-27
496,Alan Brown,jacquelinepatel@example.net,"15628 Jarvis Squares Suite 278 West Christine, CA 69976",2020-06-22
497,Danielle Decker,carpenterlisa@example.com,"7848 Susan Forest Johnnyborough, DE 25377",2022-09-15
498,Antonio Riley,danielgonzales@example.org,"5364 Smith Lights Apt. 308 Wilsonstad, DC 71727",2022-06-10
499,Thomas Hansen,patriciaalvarez@example.net,"36117 Fry Knoll Apt. 045 Port Susanview, VT 91405",2020-01-26
500,Erika Reynolds,seth98@example.com,"9992 Riddle Rapids Apt. 533 Gonzalesland, MI 81201",2020-10-31
