id,name,email,address,date_joined
1,Daniel Wheeler,figueroaamanda@example.org,Unit 1011 Box 4930 DPO AE 64902,2023-06-21
2,Bonnie Austin,patrickmack@example.net,"PSC 0180, Box 6879 APO AE 03527",2022-10-08
3,Robert Bailey,hernandezthomas@example.org,"5554 Debra Ramp Roberthaven, SC 65375",2022-05-14
4,Steven Reed,tracyperkins@example.org,"548 Jennifer Trail Apt. 562 Jamesport, MS 75433",2024-03-31
5,Kerry Glover,olsonsteven@example.com,"12055 Massey Falls Suite 288 North Melanie, MO 44378",2020-10-04
6,Paul Thomas,lindamartinez@example.com,"8199 Reid Square Apt. 229 Karenberg, PR 75882",2021-09-10
7,Pamela Baker,williamsmelanie@example.com,"25411 Trevor Canyon South Matthew, CT 81075",2023-07-27
8,Kristen Hill,williamlara@example.net,"10983 Rivas Pines West Brett, AR 94544",2020-07-22
9,Calvin Woods,johnshannon@example.com,"7564 Becky Ferry West Kimberly, PA 32880",2022-12-28
10,Steven Townsend,vicki79@example.net,"703 Nicole Lights Rojasville, KY 09163",2023-09-02
11,Jeffrey Blake,samantha40@example.net,"652 Gary Trail Apt. 560 Port Maria, NV 04500",2024-04-10
12,Angela Kane,romeroscott@example.com,"460 Jerry Rest Apt. 916 Janiceton, OR 83035",2020-08-27
13,David Mcgee,erica45@example.com,"83198 Boyer Center North Ericaton, WA 29066",2020-12-03
14,Brandon Bowen,steven31@example.org,"17495 Johnson Rapids Port Leah, NJ 15554",2022-01-21
15,Matthew Schroeder,lindamoses@example.org,"80789 Jasmine Isle Apt. 031 Port Austinchester, KY 27507",2024-06-11
16,Ronald Walter,markfreeman@example.com,"8322 House Lodge Hudsonburgh, SD 84073",2024-03-01
17,Jared Garcia,donald61@example.net,"53020 Nicholson Ports Suite 288 Kristenshire, AR 25427",2022-03-02
18,April Kelly,christopher44@example.com,"488 Hoover Square Suite 408 Christopherburgh, IA 70396",2024-08-15
19,Maria Wilson,uwilson@example.com,"37172 Nicholas Harbor Apt. 061 Kevinland, ME 04221",2021-06-24
20,Dean Perez,jfuller@example.com,"306 Alvarez Key Suite 846 New Adam, MD 85681",2021-03-19
21,William Gonzalez,nhaas@example.org,"283 Emily Mountains Suite 260 Erikashire, UT 80706",2020-04-28
22,Melinda Ferguson,rmatthews@example.com,"562 Joseph Road Apt. 731 Maryland, PW 35533",2022-01-30
23,John Fitzpatrick,rhall@example.com,"0682 Tyler Harbor Bethmouth, MP 41204",2020-04-26
24,Terry Yates,heatherle@example.com,"4361 Karen Plains Lake Susan, NY 47270",2024-03-21
25,Tyler Gates,fhicks@example.com,"196 Fitzgerald Forges North Joseph, MP 99558",2020-07-12
26,Jessica Cook,ucook@example.net,"8154 Nguyen Forge Lake Russellfurt, AZ 02755",2023-12-18
27,Mary Taylor,valeriemayo@example.com,"97811 Bryant Curve Port Jeffrey, NJ 03893",2023-07-18
28,Shelly Jenkins,james26@example.com,"8110 Tina Rapid Christopherburgh, TX 36944",2020-11-17
29,Elizabeth Moore,floresbradley@example.com,"24615 Moore Terrace Ambermouth, IA 50527",2023-05-25
30,Maria Rodriguez,mlawson@example.net,"466 Reeves Green West Bradley, DE 59299",2021-04-28
31,Anna Hanna,ginagonzalez@example.net,"932 Bonnie Lights Suite 288 Bruceview, FL 18096",2024-09-12
32,Kaitlyn Freeman,parkjonathan@example.net,"745 Daniel Mountains Suite 952 West Andrea, AS 85131",2020-05-03
33,Michelle Walker,xgarcia@example.org,"3238 Kristine Centers Apt. 374 Anthonyside, ME 23399",2023-08-03
34,Lori Cochran,millskimberly@example.com,"65405 Edwin Creek Watsonbury, GA 36547",2024-02-01
35,Roberto Scott,christina42@example.com,"137 Rodriguez Prairie East Rogerhaven, PW 04101",2024-09-14
36,Kayla Chang,michelle29@example.net,"753 Sharon Grove Barnettshire, VA 57837",2020-10-28
37,Rebecca Tanner,petersenkenneth@example.com,"8856 Clay Lake Suite 146 West Alicia, DE 97846",2020-01-11
38,Thomas Boone,cory54@example.com,"55994 Bryan View Apt. 817 Lake Michaelview, NC 56797",2020-03-30
39,Alex Jones,hilldiane@example.org,"24996 Collins Grove Suite 207 New Emmashire, RI 02032",2023-07-04
40,Ebony Jones,westmandy@example.com,"837 Angela Fort Suite 738 South Annabury, OK 43209",2024-01-05
41,Jose Anderson,johnsonchristopher@example.com,"4652 Odom Tunnel Apt. 008 New Anthony, AK 11824",2020-10-01
42,Sean Patel,vharris@example.org,"42528 Bonilla Motorway Apt. 730 Michaelhaven, SD 81195",2022-09-05
43,Thomas Andrade,whitney16@example.com,"8714 Laurie Spurs Suite 126 New Jennifer, AK 21637",2024-02-07
44,Joshua Bonilla,ortizjulie@example.org,"99036 Hernandez Camp West Paul, GU 34160",2023-12-17
45,Gabriel Allen,vsimpson@example.net,"79840 Robert Cape Ericport, MO 73721",2020-07-12
46,Charles Beck,whiteheather@example.com,"70417 Natalie Ports Matthewfurt, CO 43970",2021-10-25
47,Joan Stewart,linda75@example.com,"8013 Nathaniel Keys Suite 368 Lake Williammouth, ID 25201",2021-12-02
48,Jason Perez,gomezjared@example.com,"53898 Amy Manors Port James, SC 01145",2020-06-27
49,Dylan Gonzalez,torresjason@example.org,"06909 Sean Center Apt. 675 Cherylhaven, ID 55614",2024-02-14
50,Christopher Saunders,sparksmelanie@example.net,"56280 Fox Trail Warrenhaven, IL 91425",2020-08-15
51,Michelle Hernandez,mary29@example.com,"1889 Herrera Island Barrfort, RI 01209",2022-08-27
52,Robert Gentry,billydelacruz@example.net,"1821 Jenny Crest Suite 482 Cruzville, MT 74914",2021-12-24
53,Randy Dickson,maddoxjessica@example.com,"12183 Davis Road Suite 914 Williamville, RI 49252",2022-04-20
54,Mrs. Nancy Merritt,jennifer71@example.net,"PSC 0021, Box 8357 APO AP 47871",2024-05-30
55,Kurt Ellis,wintersgabrielle@example.com,"6906 Roman Forks South Lauren, MT 50817",2020-04-15
56,Nicholas Gonzalez,adamsjared@example.com,Unit 3247 Box 4684 DPO AP 49877,2020-10-29
57,Corey Perry,samanthaclark@example.com,"7756 Todd Forges Suite 706 Jacksonfurt, MH 44318",2021-09-14
58,Samuel Shaw,margaretking@example.net,"00292 Valencia Roads Suite 280 Gayview, NE 19066",2023-10-26
59,Savannah Charles,martinperry@example.com,"343 Donna Rapids New Heatherhaven, GA 89971",2024-01-09
60,Justin Hobbs,brendacharles@example.org,"106 William Overpass Suite 274 Lake Thomaschester, NY 58350",2022-04-07
61,Megan Gill,zacharykelly@example.com,"1831 Rodriguez Via Suite 395 Davidton, MA 16552",2023-10-06
62,Sheila Thompson,wsilva@example.net,"457 Ford Dale New Dustin, NY 70817",2024-02-21
63,Andrew Robinson,pricedanielle@example.org,"497 Robin Course Apt. 184 Lake Robertstad, UT 06526",2022-06-27
64,Kathleen Harper,myerswillie@example.org,"97034 Mark Common Apt. 611 Guerraville, IL 44379",2024-03-23
65,David Murray,billy17@example.org,"152 Trujillo Loaf Apt. 509 Katieshire, PA 54307",2020-11-16
66,Robert Bishop,leejulie@example.org,"50797 Lawrence Squares Sanchezview, LA 47973",2020-05-23
67,Brian Peterson,duncanemily@example.org,"2781 Austin Track Suite 968 Port Mark, SD 33708",2021-04-25
68,Emma Mccoy,falvarez@example.com,Unit 8749 Box 9768 DPO AP 48032,2022-08-16
69,Meredith Harper,hwalker@example.org,"548 Ross Skyway Port Robert, PA 59031",2022-08-06
70,Laurie Romero,misty79@example.org,"84089 Richard Trace Apt. 979 West Kevin, ID 65772",2023-08-15
71,Ethan Sullivan,martinezcrystal@example.com,Unit 8898 Box 1771 DPO AP 93490,2020-04-22
72,Shelia Marshall,yowens@example.org,"5032 Torres Springs Apt. 896 Michaelmouth, CA 06552",2024-08-19
73,Daniel Smith,scott61@example.com,"31247 Abigail Parkway Port Amanda, PW 66618",2021-06-14
74,Maria Hinton,bwilliamson@example.net,"7137 Brian Mission Patelview, CA 55612",2024-08-21
75,David Curtis,drodriguez@example.net,"49543 Reid Shore Grayshire, WA 14089",2021-03-21
76,Kathryn Wilson,amy23@example.org,USCGC Wise FPO AP 53944,2021-07-31
77,Theresa Anderson,bsmith@example.org,"970 Davis Estate Suite 256 Miketon, AZ 79696",2021-03-03
78,Jennifer Russell,lisa53@example.org,Unit 8251 Box 7389 DPO AA 77799,2023-12-20
79,Michelle Briggs,cainchristine@example.org,Unit 0599 Box 8271 DPO AP 49843,2023-11-26
80,Elizabeth Hunt,yateseric@example.net,"22494 Joyce Point East Michaelfurt, AL 53906",2020-04-19
81,Manuel Miller,sarahchurch@example.net,"463 Betty Court Grayland, ID 87406",2024-08-27
82,Thomas Owens,dixonjohn@example.org,"02104 Adam Pass West Kimberlychester, MA 05584",2021-11-03
83,Amanda Boyd,richardwilson@example.com,"658 Donna Run Suite 591 Jenniferburgh, NY 83740",2021-07-04
84,Laura Nichols,thompsonrussell@example.net,"2554 Jodi Wells Taylorchester, ME 49003",2020-06-25
85,Ashley Evans,mcgeeamanda@example.net,"9234 Miller Passage West Jordanview, MP 77530",2024-05-01
86,Nathaniel Flowers,wdean@example.net,"36908 Megan Ranch Suite 768 West Chad, NH 08835",2022-04-15
87,Kevin Brown,rocharobert@example.net,Unit 7468 Box 7437 DPO AA 31836,2022-03-12
88,Alexander Nunez,vschmidt@example.com,"83454 Curry Islands Apt. 764 North Lindseyberg, FL 31358",2024-06-01
89,Brenda Rodriguez,hramos@example.com,"PSC 8219, Box 7765 APO AE 25598",2023-07-01
90,Jay Oconnor,ocain@example.org,"84376 Ellis Villages Sandrahaven, NC 79631",2024-07-31
91,Rachel Walker,smitheileen@example.org,"302 Vazquez Ville Apt. 861 South Cindy, VI 48504",2024-08-23
92,Shawn Petersen,morganbrown@example.net,"593 Sarah Lights Suite 352 Nicholasview, GU 36906",2023-08-11
93,Mr. David Ball DVM,crystal44@example.com,"259 John Fields Shafferstad, UT 07650",2023-06-25
94,Aaron Russell,ncook@example.com,"9480 Luis Key Suite 585 South Sarahburgh, GU 08655",2022-09-15
95,Martin Livingston,imcclain@example.net,"4671 Virginia Mills Suite 529 Carrbury, MT 57876",2022-01-23
96,Tyler Skinner,arthur71@example.org,"036 Melissa Isle Collinstown, MS 93682",2021-06-27
97,Kelsey Gordon,howardzachary@example.com,"0958 Lara Key Gomezmouth, WA 69499",2021-04-09
98,Misty Washington,brookewilcox@example.com,"143 Michael Radial West Andrew, NH 42191",2021-06-05
99,David Turner,ellen34@example.net,"5280 Casey Forges Suite 232 Brettburgh, MP 37507",2023-12-31
100,Sara Larsen,benjamin01@example.org,"45616 Jennifer Mountains Port Jacquelineborough, AK 21242",2022-05-01
101,Brenda Green,ryanhardin@example.org,Unit 9793 Box 5996 DPO AA 24289,2021-07-20
102,Christina Brennan,kaylabrown@example.net,"21597 Salazar Streets South John, DC 90434",2022-01-27
103,Stephanie Martin,vhamilton@example.com,"51077 Michael Locks Apt. 342 West Jeremybury, WY 24616",2023-04-09
104,Wendy Hernandez,hcaldwell@example.com,"2471 Brown Meadow Suite 754 Dannyville, CO 78567",2024-05-18
105,Keith Potter,reeseleah@example.com,"52481 Melissa Roads Apt. 200 New Patricia, SC 50108",2024-02-23
106,Kendra Olson,janicetaylor@example.net,"990 Margaret Drive Apt. 839 New Kellyfurt, ND 34549",2020-07-11
107,Dr. Nicholas Taylor,oconnellkaren@example.net,"52335 Ingram Vista Suite 847 Leeberg, MP 40660",2021-05-31
108,Ryan Davis,oliviareed@example.net,"3940 Robert Curve Apt. 567 North Alyssaport, NJ 54232",2020-07-19
109,Michele Pena,torresmanuel@example.com,"824 Tanya Groves South Justinville, NJ 91949",2022-03-03
110,James Brady,castillosean@example.org,"91152 Harper Mill Suite 054 East Kimberlychester, DC 75845",2024-07-26
111,Sherry Clark,virginiaschultz@example.net,Unit 5150 Box 3001 DPO AA 44118,2020-10-12
112,Stacy Snyder,dshaw@example.org,"3169 Jason Locks Rachelhaven, DC 19403",2021-06-24
113,Misty Klein,joseph32@example.net,"PSC 6521, Box 7238 APO AP 70761",2024-03-21
114,Amanda Cline,megan80@example.org,"039 Jenkins Ports Powellchester, WI 03589",2023-08-11
115,Anthony Gentry,shannonwright@example.org,"623 Barbara Meadow Suite 436 Theresastad, RI 58358",2022-11-08
116,Amy Singh,amygillespie@example.org,Unit 8941 Box 9229 DPO AE 70499,2022-04-29
117,Vanessa Williams,vsantana@example.net,"4527 Brown Roads Brightstad, NE 75288",2023-01-18
118,Robert Smith,philipmcguire@example.com,"558 David Camp Apt. 131 Port Briannamouth, PW 79333",2021-06-22
119,Curtis Rodriguez,tatetroy@example.net,"03279 Matthew Lodge New Katrina, MP 36162",2020-07-18
120,Sean Wheeler,jessicaramirez@example.org,"925 Rivas Extensions Suite 030 Weberchester, TX 58463",2022-09-28
121,Jasmine Beck,gdunn@example.com,"25952 Kevin Ranch Suite 570 South Robert, TX 32735",2023-08-21
122,Wanda Johns,wallaceabigail@example.com,"90817 Cruz Estates Apt. 101 Port Ryan, VI 07622",2020-01-21
123,Alexander Ryan,greggarza@example.org,"735 Randolph Lodge Apt. 544 Martinezburgh, WV 14468",2020-02-25
124,Nancy Sanchez,josephspencer@example.org,"8357 Nash Cliff Melissaview, MI 43660",2020-07-30
125,Sharon Schwartz,mvargas@example.com,"93364 Santos Plaza Michaelchester, WA 48117",2022-09-23
126,Rachel Brewer,morenojames@example.org,"970 Le Park Port Eric, TX 44940",2020-10-06
127,Martin Harris,raymond29@example.com,"64462 Whitaker Mall West Paulton, VA 17068",2024-03-01
128,Ronald Walton,jasonwells@example.net,"1106 Jerry Manor Suite 337 South Hannah, NE 11889",2021-07-04
129,Megan Jones,rojaswilliam@example.net,Unit 4718 Box 4827 DPO AE 19794,2020-09-03
130,Rebecca Reed,richardsonnicholas@example.net,"18991 Evans Road Suite 234 South Heidi, ND 23535",2024-08-17
131,Michelle Williams,amy43@example.net,USS Johnston FPO AA 20791,2022-12-07
132,Carrie Sanchez,crawfordmary@example.com,"820 Troy Keys Port Kristen, NJ 30997",2024-05-18
133,Tyrone Adams,richardlopez@example.net,"4728 Foley Common Hopkinsville, SC 35481",2023-12-14
134,Regina Black,mirandanelson@example.com,"8718 Cook Ports Suite 846 Farrellland, KS 38803",2023-10-08
135,Jason Fisher,angelica08@example.net,"935 John Radial Apt. 774 Melissaland, CO 57931",2022-02-20
136,Michael Hernandez,vdouglas@example.com,USCGC Mercer FPO AP 85477,2020-06-06
137,Gregory Williams,michaelgarcia@example.com,Unit 5148 Box 6142 DPO AE 37823,2021-04-14
138,Cody Williamson,jamesbridges@example.com,"5611 Cooper Path Martinezstad, KS 40452",2020-10-20
139,Margaret Bennett,nataliebaker@example.org,"332 Kaitlin Expressway Joycemouth, CO 98942",2023-02-19
140,William Sampson,woodwardmark@example.net,"1483 Jackson Lodge Suite 159 Port Williammouth, MD 81068",2020-11-29
141,David Jacobs,gloverbob@example.org,"254 Janet Manor Suite 817 East Jonathanstad, LA 10642",2020-05-17
142,Alicia Rogers,sdunn@example.com,"65166 Richard Harbors Lake Brenda, WY 93868",2023-05-06
143,Aaron Curtis,brittanybeasley@example.net,"2562 Tracy Hollow Lake Robert, DC 86225",2020-04-30
144,David Franklin,dennis86@example.org,"5517 Cameron Lodge South Caleb, AK 22890",2022-08-08
145,John Ewing,garcialisa@example.com,"3212 Reynolds Court Alyssaville, WA 32772",2023-09-17
146,Cheryl Galloway,obrienisaac@example.org,"4676 Timothy Club Apt. 285 Ellisberg, FM 59056",2020-02-07
147,Tracy Schmidt,abutler@example.net,"0328 Andrew Wall Debraburgh, MH 27087",2021-03-21
148,Kevin Harris,jking@example.org,"26251 Alexander Shore Ferrellmouth, DC 04024",2023-02-19
149,Michelle Gonzalez,heatherdiaz@example.com,USCGC Mccoy FPO AE 53416,2020-05-08
150,Nathan Pierce,jessica82@example.net,Unit 2760 Box 8911 DPO AP 48004,2023-07-28
151,Richard Fletcher,judy35@example.net,"897 Michele Track Foxside, HI 41182",2024-06-17
152,Jenna Nguyen,michael30@example.com,"3968 Cameron Island Suite 153 Port Jasonview, MP 60863",2022-06-07
153,Charlotte Spencer,xchapman@example.net,"77218 Estrada Roads Suite 647 Ferrellland, NY 30899",2024-05-03
154,Robin Howell,xtaylor@example.org,"0129 Blevins Squares Suite 080 East Jenniferfurt, WV 28696",2020-03-20
155,Lori Nelson,ssmith@example.org,"590 Morrow Crossroad Hickstown, DC 04181",2024-01-08
156,Amanda Savage,ncolon@example.com,"PSC 9680, Box 5344 APO AE 75916",2023-07-28
157,Leslie Baker,erica43@example.net,"785 Andrea Port Wolfestad, AL 70080",2021-01-09
158,Jennifer Parsons,christian78@example.org,"158 Vaughn Locks Wallberg, HI 71170",2024-05-21
159,Lori Brown,brendaphillips@example.com,"80433 Jennifer Flat East Breanna, WY 10040",2023-12-29
160,Joshua Morrison,rogersalexander@example.org,"30578 Goodwin Oval Kyletown, GU 45807",2020-02-27
161,Edwin Martin,egomez@example.net,"743 Clark Trafficway Suite 173 Sharonfurt, ND 08727",2024-03-06
162,Amber West,hallzachary@example.com,"PSC 4267, Box 6386 APO AP 83172",2021-06-22
163,Edward Burke,cmorgan@example.org,"0562 Denise Street Lake Jennifer, MS 01409",2020-11-15
164,Jason Pace,frederick40@example.org,"5964 Patel Mount Apt. 150 Lake Michaelfurt, VI 55780",2021-12-30
165,Stephanie Silva,moorelynn@example.org,"519 Omar Lodge Alexanderborough, NC 94276",2020-08-22
166,Ruth Watts,ojones@example.com,"6885 Farley Keys Derekfort, PR 00792",2023-08-10
167,Catherine Alvarado,jclark@example.net,Unit 4068 Box 3169 DPO AP 44551,2022-01-09
168,Timothy Oliver,martinezheidi@example.net,"70617 Collins Fork Suite 833 New Victoriashire, DC 57833",2022-12-08
169,Lee Williams,lopezsusan@example.net,"53268 Miranda Loop South Brianna, AZ 52653",2020-11-06
170,Kevin Thomas,hansenchristopher@example.com,"7048 Amy Harbor Suite 386 Patrickland, DE 76247",2022-05-22
171,Angela Harris,pattersonmargaret@example.net,"583 Mark Plains Lake Rebecca, KS 31885",2022-02-01
172,Terry Jennings,robinsonnancy@example.org,"4082 Mclaughlin Stream Apt. 275 Christopherport, KS 06076",2021-03-05
173,Jeffrey Hudson,aallen@example.com,"1728 Coffey Shoal Michaelstad, DC 33666",2020-02-13
174,Kayla Daniels,ashley73@example.com,"79443 Amy Mount Suite 152 New Jasonfort, CA 88517",2024-08-18
175,Heather Love,douglas41@example.com,"3577 Michael Track Suite 278 Shepherdborough, ND 77853",2020-09-21
176,Daniel Jones,kimberlythomas@example.org,"1851 Jonathan Stream West Derrick, CO 48565",2021-09-19
177,Ronald Morales,rickygardner@example.com,"151 Collins Crossing North David, DC 33982",2021-08-07
178,Victor Swanson,aaron08@example.net,"141 Odom Rapid Kinghaven, MD 61861",2020-10-25
179,Frances Harris,lewiskyle@example.net,"2748 Mark Walk Apt. 298 South Daniel, OR 36813",2023-08-23
180,Paula Booker,goneal@example.net,"22229 Amber Corners Apt. 465 West Lacey, PW 21827",2024-08-20
181,Trevor Fields,markwoodward@example.net,USNS Mcmahon FPO AE 30403,2020-01-23
182,Rachel Deleon,htorres@example.net,"73445 Kevin Mountains Suite 827 Frankmouth, SC 52608",2024-03-13
183,Kimberly Gray,lawrencevictoria@example.org,"316 Powell Grove Apt. 863 Port Vanessaborough, MN 25150",2023-10-21
184,Paul Zhang,ecain@example.com,"29282 Rice Brook Apt. 372 North Timothystad, ME 16407",2021-12-05
185,Ryan Fitzgerald,greenevan@example.com,"8744 Woodard Ports Martinezside, VA 32786",2023-04-07
186,Dean Christensen,michael05@example.net,"8070 Barbara Route Davidtown, NY 68558",2020-07-02
187,David Merritt,katherinehoffman@example.com,"29146 Nicholas Burg Sylviaborough, MN 28827",2022-12-13
188,Mary Byrd,petersonalexis@example.org,USNV Walker FPO AP 36724,2023-05-19
189,Angela Rush,trancassandra@example.com,"0835 Beasley Underpass Apt. 266 South Logan, NJ 39537",2022-01-22
190,Joseph Clay,craigmichael@example.net,"7710 Brown Road East Melissa, MO 17137",2021-07-14
191,Emily Roberts,suzanne45@example.com,"37392 Bradshaw Circle Apt. 714 North Tonyborough, NH 58993",2021-10-01
192,Hannah Morgan,qbrown@example.net,"446 Mahoney Oval Davistown, IL 84243",2020-04-26
193,Laura Randolph,wcampbell@example.org,"1782 Richards Groves Aaronhaven, OK 39313",2024-06-22
194,Bruce Fields,johnthompson@example.com,"2513 Miller Mills Jamesview, OK 11904",2021-04-09
195,Alyssa Juarez,johnsonjordan@example.com,"5539 Lane Prairie Websterport, NC 94509",2023-06-10
196,Daniel Torres,lewisrachael@example.org,"147 Craig Spur Paulmouth, IA 91469",2021-06-18
197,Sierra Mcdonald,williamswalter@example.net,"4529 Phillips Road Suite 172 West Jennifershire, GA 33145",2021-11-03
198,Joanne Fields,ramosdanny@example.org,"7123 Brown Unions Kristenchester, SC 95951",2021-08-09
199,Patricia Hart,dayandrew@example.org,"39575 Elizabeth Centers Suite 297 Gonzalesbury, MN 98657",2021-10-15
200,Pamela Sosa,tinakoch@example.com,"2269 Rebecca Tunnel Matthewburgh, IA 67047",2021-03-13
201,Maria Bennett MD,spearsamy@example.net,"688 Michael Villages Suite 977 Johnnyton, AL 53964",2023-06-15
202,Dustin Powell,rrobinson@example.net,"50245 Aguilar Ville Angelicaland, PW 31980",2022-01-29
203,Thomas Kirk,iarnold@example.com,"6988 Anthony Center South Stevenshire, FL 14504",2020-10-16
204,Jamie Walker,vfrazier@example.net,"PSC 7723, Box 3973 APO AA 39509",2024-06-27
205,Lisa Cobb,laurenmitchell@example.com,"1360 Davis Island Apt. 680 North Davidborough, CA 03879",2021-02-01
206,Ronald Smith,johnsmelissa@example.org,"8008 Maurice Mills Jeffreystad, AL 70411",2020-11-17
207,Anne Griffith,cwhite@example.com,"89437 Harold Turnpike Apt. 380 Brooksfort, TX 93353",2021-08-26
208,Grace Rodriguez,julia63@example.com,"0373 Mckee Canyon Boydmouth, ND 46897",2020-03-17
209,James Benson,vperry@example.net,"284 Davis Locks Foxborough, MT 41453",2021-03-30
210,Tracey Mcdonald,reginalddavis@example.org,"44099 Short Wells Suite 768 Darrellbury, NH 60839",2021-07-03
211,Barbara Mccoy,jamesjackson@example.org,"089 Steven Cliff Suite 318 Robertport, CT 96680",2022-09-12
212,Charles Castillo,gallaghertravis@example.net,"1949 Nicholas Field Riveraport, PW 90839",2022-05-19
213,Patricia Boyd,ebony29@example.com,"54517 Allen Mountains South Sharonside, VT 99681",2021-04-13
214,Amber Garza,kara22@example.net,"697 Gregory Squares Suite 296 South Danielland, MD 89676",2024-03-25
215,James Morris,rubiobrittany@example.net,"11647 Flores Groves Apt. 597 North Danielleborough, SC 12392",2022-07-06
216,Rachel Cantrell,vbrown@example.org,"4952 Matthew Ford Apt. 740 Kurtchester, CT 07434",2023-02-08
217,Jeffrey Reed,deborahbarber@example.com,"29271 Townsend Falls Kevintown, NC 45984",2023-06-13
218,Gregory Gray,whammond@example.com,"89964 Vasquez Wall Suite 305 Jonathanport, FL 93941",2023-03-03
219,Kimberly Stein,kaylagarcia@example.org,USCGC Payne FPO AA 43211,2020-01-16
220,Kelly Stone,mcdowelllauren@example.net,"203 Davidson Courts Kellyville, MA 95188",2023-11-20
221,Joshua Hill,samuel00@example.com,"63750 Jones Ports Suite 982 Lake Kevinport, GA 91270",2023-03-31
222,Sara Stanley,catherine21@example.org,"0314 Yolanda Springs Walkermouth, WI 16071",2022-12-11
223,Pamela Howard,mhobbs@example.com,"5726 John Harbor Apt. 256 Kellyshire, MH 97204",2020-08-24
224,Danielle Guzman,nicolehill@example.com,"67875 Dominguez Spurs Suite 202 Hayesstad, FL 70441",2021-02-19
225,Brian Flores,gpayne@example.net,"PSC 3960, Box 8780 APO AP 31401",2023-01-10
226,Kelly Howell,jenniferross@example.org,"93805 Coleman Lodge New Christinaberg, SD 49760",2021-05-20
227,Brent Mann,ngarcia@example.org,"41158 Megan Tunnel Lake Alexander, MO 86643",2022-11-08
228,James Price,colemanandrea@example.net,"60353 Alexander Trail Lake Brenttown, MO 18518",2024-07-12
229,Taylor Small,melissahuber@example.net,"984 Harper Cliff Apt. 844 Laurafurt, RI 81863",2020-09-23
230,James Evans,brewerdebbie@example.net,"36683 Patrick Court Suite 147 South Michaelborough, CA 66695",2021-01-07
231,Luis Burns,millermarc@example.com,"029 Stone Ranch New Christophertown, KY 61267",2024-03-14
232,James Wells,jason65@example.com,"3346 Soto Locks Medinaside, TX 17358",2023-01-08
233,Chelsey Klein,lori38@example.net,"97039 Mandy Port Suite 438 Owenmouth, HI 28719",2022-02-20
234,Grace Clark,kfisher@example.net,Unit 1165 Box 1795 DPO AA 16943,2023-04-18
235,Laura Anderson,denise13@example.net,"42574 Nathan Cape Apt. 201 Alexandertown, WI 99867",2022-04-28
236,Chad Morgan,durhamangela@example.com,"861 Ryan Heights Suite 245 New Michael, NC 34124",2020-09-03
237,Jessica Cantu,julie92@example.org,"564 Soto Orchard Apt. 303 North Katherine, IA 15006",2021-01-03
238,Theodore Munoz,santoscorey@example.com,"064 Forbes Cliff Atkinsontown, MD 59736",2020-05-21
239,Ruth Fox,marcusmartinez@example.org,Unit 6220 Box 3374 DPO AE 82775,2024-06-05
240,Gabriela Gray,clarkanthony@example.net,USNV Sutton FPO AA 27574,2022-05-17
241,John Mclaughlin,valenzueladavid@example.org,"17966 Rogers Trail Wallland, WI 55599",2020-08-04
242,Tammy Morgan,nsmith@example.org,"392 Allen Plaza Suite 489 Greerland, AL 74253",2024-05-07
243,Stephanie Rodriguez,edwardshaley@example.com,"342 Brock Rapid Suite 524 South Deannaport, VI 13586",2022-04-09
244,Anthony Campbell,vhudson@example.com,"576 Michael Gardens Kristinview, AZ 68424",2024-07-08
245,Tonya Crawford,cheryl16@example.net,"5097 Karen Lodge Stevenmouth, MS 05331",2020-10-09
246,Amy Medina,peterbrown@example.org,"8007 Raymond Square Parkerfort, FL 57985",2020-01-10
247,Susan Pittman,briantorres@example.org,"28827 Catherine Point Walterport, AZ 86676",2023-01-24
248,Charles May,franklinjill@example.org,"75155 Johnson Ranch Suite 007 New Matthew, NM 04052",2020-05-17
249,Teresa Taylor,williamschristopher@example.net,Unit 0426 Box 5672 DPO AP 14122,2022-11-12
250,Taylor Wiggins,sgamble@example.net,"436 Hill Green Suite 933 Robinsonside, CT 09899",2020-06-13
251,Christian Gonzalez,christopherbowers@example.net,"675 Sarah Path Apt. 106 Brownborough, RI 98379",2023-03-15
252,Brittany Kelly,wcarter@example.net,"812 York Manors Snowfort, PR 12041",2024-06-25
253,Kenneth Hancock,petersstephanie@example.org,"146 Wendy Village Apt. 046 West Kevin, NV 72458",2020-04-11
254,Hannah Payne,timothylong@example.com,"7728 Sean Cliffs Suite 247 North Brian, NV 12871",2020-05-23
255,Debbie Ross,uwelch@example.com,"36706 Randall Spurs West Jesusview, DC 98869",2022-09-01
256,James Tucker,obrienkimberly@example.net,"9111 Jamie Key Apt. 875 Turnertown, TX 64933",2024-03-05
257,Derrick Shelton,karla95@example.com,"776 Melissa Underpass East Emily, LA 77369",2024-01-16
258,Amy Romero,fryepaul@example.net,USNS Cooper FPO AE 08642,2024-07-08
259,Caleb Johnson,mmclaughlin@example.net,"86868 Debra Landing South Chelseymouth, KS 52919",2020-07-05
260,Maxwell Woods,michaelhernandez@example.net,"958 John Mountain Port Paula, NJ 62421",2021-05-05
261,Kelly Strickland,jeremyleblanc@example.com,"641 Robert Meadows Suite 354 East Breannafort, IA 86503",2022-03-19
262,Carl Alvarez,porterjeff@example.com,"7724 Howard Oval Apt. 941 Edwardmouth, FL 73810",2021-02-20
263,Bryan Leblanc,jjenkins@example.com,"069 Smith Locks Ryanbury, NH 79040",2020-09-08
264,Kathryn Clark,audrey26@example.net,USNS Williams FPO AE 67004,2023-04-01
265,Patricia Wilson,grimesanthony@example.com,"76852 Lewis Plain Andersontown, HI 63157",2022-03-22
266,George Ramsey Jr.,conniemitchell@example.org,"0471 William Bridge Johnsland, KS 64236",2021-01-23
267,Valerie Fisher,ashley97@example.org,"7684 Kyle Plains Mccoyhaven, VA 57058",2023-02-22
268,Manuel Gardner,joe60@example.com,"PSC 7485, Box 4693 APO AA 31428",2021-02-27
269,Rebecca Montgomery,edeleon@example.org,"492 Clayton Ramp Suite 368 East Reginald, VT 77038",2024-08-29
270,Brenda Jacobson,angela36@example.net,"959 Robert Dale Apt. 046 South Jennyside, MD 54357",2021-08-17
271,Michael Gonzalez,ialexander@example.com,"3150 Gary Islands Apt. 597 Leslieshire, AS 17077",2020-02-29
272,Anthony Knight,moorejames@example.org,"332 Noah Extensions Apt. 199 Buckfort, AK 21351",2021-04-08
273,Jeffrey Ross,glen29@example.net,"8659 Jeremy Shores Suite 753 West Emilybury, WA 95379",2023-10-29
274,Alec Hall,robinsoncharles@example.org,"280 Barbara Manor Suite 687 Floresberg, WI 54338",2022-04-08
275,Robert King,qdavis@example.com,"0930 Joe Mills Suite 564 Port James, SC 11212",2023-12-06
276,Catherine Gomez,christophercasey@example.org,"5245 Moreno Ridge Amyhaven, PW 59046",2022-01-18
277,Michelle Williams,robin45@example.net,"6501 Timothy Trail East Stephenfurt, TN 27190",2021-01-17
278,Zachary Goodman,gutierrezkimberly@example.org,"193 Patricia Neck North Kimview, UT 66617",2021-06-08
279,Janet Wallace,kellymargaret@example.com,"9457 Ramos Roads Apt. 015 North Christina, TX 48933",2020-06-04
280,Thomas Johnson,iflowers@example.org,"2312 Hamilton Keys Apt. 470 North Scott, VI 80022",2024-02-04
281,Jessica Miller DVM,adkinsrichard@example.com,"876 Carter Squares Lake Mark, AS 45941",2021-01-26
282,Stephanie Durham,emilyyu@example.net,"277 Bonilla Harbor Suite 081 Mirandafurt, PA 56146",2020-03-10
283,Jennifer Smith,juliereese@example.com,"0881 Matthew Ways Port Kariview, SC 88792",2023-11-18
284,Austin Williams,theresa78@example.org,"62137 Collins Skyway Apt. 119 Ericachester, MO 54756",2023-03-28
285,Shirley Simpson,orranthony@example.com,"6272 Ruiz Cove Suite 113 North Robert, MA 33395",2020-07-19
286,Melissa Solis,brownbrooke@example.net,"2430 Tyler Light Suite 970 Bradleyfurt, MD 95476",2023-06-29
287,Bobby Henderson,jilllopez@example.com,"958 Berry Stream Suite 982 Josetown, SC 06254",2021-02-07
288,Valerie Miller,ecook@example.com,"4167 Williams Via North Daniel, AK 38713",2022-03-02
289,Bonnie Long,brice@example.com,"226 Rodriguez Place South Kimberlymouth, AR 16714",2021-07-06
290,David Gregory,hsoto@example.org,"087 Burgess Track Apt. 831 Josephtown, NY 54150",2021-02-26
291,Desiree Nunez MD,ncarter@example.net,"2337 Karen Trail Suite 197 South Ronald, ND 29712",2022-10-18
292,Joseph Roach,diazfrank@example.net,"19204 Cain Crest Duncanberg, IA 71964",2023-08-07
293,Tristan Phillips,csmith@example.net,"6279 Porter Road Suite 343 North Jack, MD 69639",2020-12-30
294,Gerald Stone,nclark@example.org,"99044 James Club Suite 232 Port Brittany, MN 04679",2020-03-06
295,Mary Hughes,tbryant@example.net,"29476 Flores Shoal Apt. 293 West Courtneyshire, OK 68567",2023-04-16
296,Laurie Wolf,monicaadams@example.org,"8821 Miller Bridge Mccarthyton, MH 13955",2020-11-09
297,Scott Grant,donnacampbell@example.org,"442 Johnson Mills New Jacob, DC 66092",2024-03-09
298,Angela Christian,khernandez@example.org,"982 Roberta Ville Hodgeberg, HI 07627",2022-07-06
299,Justin Sexton,millerkim@example.com,"068 Thompson Track Davidberg, PR 13795",2024-03-18
300,Benjamin Alvarado,jasonchristensen@example.com,"041 Martinez Points Mccormickshire, FM 17320",2021-11-16
301,Carrie Clay,bryan48@example.org,"974 Stephen Row West Holly, AZ 83346",2023-03-14
302,Erica Marsh,jose78@example.com,"033 Williams Creek Lake Vincentfort, IL 42219",2021-03-22
303,Stephen Schultz,tbaird@example.com,USNV Hill FPO AP 92453,2022-05-07
304,Jennifer Horton,smckinney@example.org,"8874 Robert Ville Suite 438 North Rodneyville, VI 01894",2024-01-25
305,Helen Taylor,davidvargas@example.net,"049 Chang Squares East Lisa, AR 82105",2024-04-12
306,Matthew Michael,nicholas14@example.org,"045 Whitaker Rapids Jefferyborough, MD 20918",2024-08-03
307,Brandy Phelps,mberger@example.org,"842 Ramos Dam Apt. 471 South Davidfurt, PA 29476",2024-04-09
308,Tina Morris,anthonyroman@example.net,"88430 Torres Ways Suite 188 Cabrerastad, AK 72382",2022-05-05
309,Jesse Woodward,duranmelanie@example.org,"275 Porter Shoal Suite 281 Bartonfurt, WI 80206",2022-07-29
310,Jonathan Hall,sean58@example.net,"6414 Julie Wall Suite 622 Hardyhaven, CA 29823",2022-07-13
311,Jeremy Wong,marilynsingh@example.org,"7942 Leon Views Apt. 755 Derekton, NC 68562",2024-03-11
312,Justin Stewart,mcdanielnichole@example.net,"8394 Rachel Mountain Suite 531 South Paultown, WY 54434",2022-05-31
313,James Clark,williamsoneric@example.com,Unit 9905 Box 0762 DPO AE 18957,2022-10-20
314,Terry Young,adamallen@example.net,"75741 Sean Greens Johnsonport, SC 08724",2020-02-10
315,Roberto Washington,tylermcclure@example.net,"34279 Scott Forges Apt. 251 Smithside, OR 34025",2024-08-24
316,Christina Butler,sarahsims@example.org,"381 Phillip Ridges Hernandezburgh, OH 35676",2020-06-21
317,Mary Carr,radams@example.org,"5518 Nelson Square Suite 798 North Garymouth, OK 58898",2024-01-23
318,Juan Pierce,nwoods@example.com,"8273 Sarah Radial Apt. 685 Clementschester, AL 72061",2023-12-22
319,Stacey Vaughn,lbradshaw@example.com,"0085 Fowler Port Suite 813 Lindsayburgh, MT 39317",2021-11-08
320,Jessica Gomez,hollymiller@example.net,"59851 Walker Turnpike Suite 244 Huntside, MO 61498",2023-07-17
321,Frederick Howard,smithbilly@example.net,"5264 Ronald Glen New Samuel, RI 58888",2020-05-26
322,Jennifer Lane,fischeralan@example.com,"19679 Phillips Canyon Kimberlystad, SC 57867",2023-05-04
323,Michael Moore,qlittle@example.net,"417 Tanner Place West Steven, MI 78994",2020-05-01
324,Tonya Davis,kadams@example.com,"3404 Beth Mall Lake Brittanymouth, VT 31465",2023-12-30
325,Cynthia Reyes,jlove@example.net,"07804 Lewis Inlet Apt. 405 Joshuaside, NC 71785",2021-12-30
326,Jeanette Park,isabelthomas@example.com,"523 Miller Coves Lake Michael, NY 69044",2020-05-13
327,Ashley Castro,ypeters@example.org,"4606 Velez Isle Apt. 500 Lifort, DC 05289",2022-11-17
328,Adrian Floyd,steinchad@example.com,"617 Conway Estate Apt. 387 North Susanchester, MN 76466",2023-09-17
329,Daniel Reed,tstafford@example.net,"096 Jasmine Harbor Suite 068 Port Jamie, MT 01181",2020-11-02
330,Alexandra Tate,wendy53@example.com,"PSC 3959, Box 1103 APO AA 40290",2024-08-18
331,Ariel Young,galexander@example.net,"41558 Graham Light Ashleyton, KS 86260",2020-08-29
332,Pedro Long,michaelcarroll@example.com,"89124 Scott Expressway Apt. 962 East Claudia, HI 22760",2020-04-29
333,Thomas Lawrence,roblesamanda@example.net,"2579 Stephanie Streets Nicholasbury, CO 09947",2024-06-17
334,Rita Jensen,cheryl15@example.org,"44300 White Street Littleberg, CO 07495",2024-08-07
335,Linda Jones,francojohn@example.com,"48013 Alvarado Course Holmesport, MI 36036",2023-05-25
336,Shelby Young,hawkinsjames@example.com,"7845 Lauren Spurs Apt. 444 Ericaside, MS 28376",2023-02-13
337,Theresa Russell,hannah58@example.net,"357 Young Freeway Apt. 975 West Peterland, ND 24443",2020-08-28
338,Anne Cruz,seanford@example.net,"5046 Guerrero Island New Angie, IL 42524",2023-01-16
339,Robert Mcmahon,rebecca15@example.com,"6851 Joshua Forest Hendricksburgh, NM 46630",2020-05-12
340,Robert Salinas,mcrawford@example.org,"8931 Clark Lodge Caseyland, MP 61130",2023-04-23
341,Jessica Davis,joseph88@example.org,"66943 Hicks Trafficway Suite 456 Marymouth, NV 60969",2022-10-16
342,Gina Barry,lisarodriguez@example.org,"20915 Robert Mount Sheristad, ND 84429",2022-11-27
343,John Mason,cruiz@example.com,"231 Brenda Loaf Fordstad, IL 22691",2023-09-05
344,Mark Ross,hayesvanessa@example.com,Unit 8542 Box 1547 DPO AE 24852,2023-07-10
345,Robert Baldwin,johnsonpaul@example.com,"3802 Jacob Meadow Suite 156 West Angela, TX 49974",2023-09-17
346,Christopher Nguyen,angela52@example.com,"29217 Susan Turnpike Mortonbury, DC 04901",2024-09-07
347,Arthur Adams,narellano@example.org,"010 Jamie Run New Robert, TN 54520",2023-04-13
348,Charles Jones,stephanie73@example.com,"6434 Robert Fork North Dianaville, WA 43885",2024-01-19
349,Katherine Barnett,jgarcia@example.com,"337 Calderon Mount Suite 512 Rileymouth, AK 77830",2021-03-01
350,Brian Elliott,williamsruben@example.org,"4606 Jill Gardens Suite 133 Christopherburgh, OH 01605",2021-08-17
351,David Roberts,hayeslisa@example.net,"22217 Garcia Wall West Elizabethbury, AR 03351",2020-12-12
352,Natasha Porter,aarondecker@example.com,"4958 Derek Knoll Suite 746 North Jeremiahbury, PW 36001",2020-02-29
353,James Lee,anthonylarsen@example.org,"46173 Peggy Centers Suite 905 Shawland, CO 44245",2020-08-18
354,Denise Thomas,kmyers@example.org,"83545 Jody Walk Suite 811 Greeneborough, MT 45144",2022-09-15
355,Christopher Calderon,hjones@example.net,"3263 Daniel Landing Apt. 232 Cynthiabury, PW 61887",2023-11-16
356,James Thompson,underwoodjulia@example.net,"543 Brandi Parks Port Jade, MT 44945",2022-12-18
357,Jeffrey Smith,michelle87@example.org,"8194 Sandoval Expressway Apt. 274 Russellfurt, OH 15627",2021-06-13
358,Michael Martin,mcdonaldlarry@example.org,"38007 Michael Manor Andrewside, NV 93707",2021-04-02
359,Kenneth Campbell,rgarcia@example.com,"86992 Stewart Lock South Lisaborough, ME 77652",2023-12-11
360,Gregory Walters,courtney77@example.net,"057 Campbell Canyon Apt. 976 Port Tracy, DE 13073",2021-05-26
361,Jennifer Miller,jsullivan@example.com,"62842 Lindsey Expressway West Kaitlin, PA 14239",2024-08-19
362,Desiree Rich,travis63@example.com,"3973 Jacob Station West Brittanytown, WV 99306",2023-08-19
363,Mr. Nicholas Jones,carmstrong@example.net,"18813 Winters Roads Lynnmouth, MP 94193",2021-02-28
364,Jacob Taylor,qallen@example.net,"9032 Short Lane Suite 551 North Jennifer, CT 20610",2023-12-26
365,Brittany Cook,allisonzachary@example.org,"20247 Black Stream Suite 438 South Christopherburgh, CA 99412",2022-09-03
366,Kimberly Moreno,jill47@example.org,"4488 Gabriel Roads Josephhaven, MI 68004",2023-05-04
367,Henry Hickman,harveysandra@example.com,"7520 Martha Shoals Suite 929 North Valeriestad, NY 56752",2024-07-15
368,Sarah Foley,erikbennett@example.net,"22272 Heidi Ways Apt. 159 Matthewborough, IL 94958",2022-05-12
369,Renee Ingram,jonathan10@example.org,Unit 2465 Box 0270 DPO AP 02595,2021-03-04
370,Kathryn Walker,taylorhenson@example.net,"337 Miles Flats Apt. 903 North Katrina, TN 30475",2020-03-13
371,Cheyenne Smith,robert76@example.com,"056 Cynthia Ville Donovanview, NJ 18335",2021-03-27
372,Ryan Roberts,patricia47@example.net,"887 Diana Brook Barberview, VT 77376",2020-05-20
373,Cameron Mejia,nlewis@example.net,"34182 Mark Courts Suite 236 Washingtonchester, MH 18484",2021-08-20
374,Lori Walsh,michael07@example.org,"1182 Horn Common East Alecview, AS 18778",2024-03-28
375,Michael Lopez,bradleyroman@example.net,USNS Hayes FPO AA 21059,2022-08-18
376,Connor Garcia,charlespalmer@example.com,"18111 Black Alley Apt. 320 Port Zoemouth, VI 82217",2020-08-07
377,Bradley Cook,tylercannon@example.com,"4210 Bernard Harbor South Donna, UT 52826",2022-04-07
378,Michael Cervantes,jenniferjenkins@example.org,"74064 Hernandez Courts North Steven, IA 46917",2022-05-29
379,Daniel Martin,awright@example.org,"79348 Heather Keys Port Sarah, LA 47774",2021-05-29
380,Wanda Rios,peterslisa@example.net,"0864 Leah Corners Apt. 996 Port Jerry, AZ 11282",2022-08-26
381,Kyle Maddox,julie52@example.org,"07804 Samantha Island Lake Jenniferfort, ID 55557",2022-04-09
382,Mrs. Laurie Hayes,jamesmeyers@example.com,"63940 Rogers Forks Apt. 424 North Jodyville, KY 68267",2021-09-09
383,Travis Sullivan,cthomas@example.net,"46124 Collins Crossing Farmerchester, AR 87902",2022-03-05
384,Nicholas Taylor,turnerkenneth@example.org,"54634 Petty Garden West Alexanderside, MH 65499",2021-10-10
385,Donna Clark,mparker@example.net,"38195 Carpenter Islands North Allen, NV 30623",2023-05-20
386,Gregory Stephenson,thomaslinda@example.org,"909 Jacobs Flats North Matthewville, NJ 67743",2024-06-11
387,Sara Price,hensonvictoria@example.com,"465 Farmer Trafficway Apt. 275 Williamside, GU 90228",2020-04-30
388,Steven Alvarez,ehill@example.com,"607 David Camp Peggytown, NJ 31316",2021-02-15
389,Eric Pena,ronald33@example.com,"522 Randall Common Lake Jenniferchester, OK 74755",2022-12-17
390,John Parks,ljackson@example.net,"7880 Tammy Mountain South Brandy, PW 24113",2022-06-19
391,Joshua Gordon,vparker@example.com,"33809 John Mall Aaronchester, KS 62230",2020-12-12
392,Dr. Andrea Carpenter,johnsonheather@example.com,"6225 Morgan Burg Suite 079 New Albert, ID 90331",2021-01-31
393,Jonathan Kim,changsabrina@example.org,"2368 Cabrera Loop Georgeport, FM 30664",2020-09-13
394,Amy Poole DDS,avelasquez@example.org,"40338 John Plaza Apt. 086 Kerrymouth, NJ 78417",2023-05-12
395,Shane Medina,mwalters@example.com,"026 Mora Skyway Maysview, ME 44324",2023-06-07
396,Paula Terry,haneypatrick@example.org,"526 Alexandra Row North Donna, TN 36700",2022-05-28
397,Angela Collins,jillianmacdonald@example.org,"PSC 7814, Box 4091 APO AA 48298",2022-10-15
398,Linda Cruz,sara07@example.org,Unit 0032 Box 3073 DPO AE 69636,2022-09-05
399,Chelsea Smith,jeanbright@example.net,"905 Wright Plains Apt. 867 Walkerside, IA 71403",2021-07-03
400,Erin Gardner,kristine36@example.com,"866 Castro Stravenue Apt. 383 Farrellport, KY 21710",2022-07-04
401,Bradley Allen,christiansmith@example.org,Unit 4191 Box 0408 DPO AP 22044,2022-09-28
402,Robert Bishop,lrodgers@example.com,"18552 Noble Fort Amberbury, ID 88873",2020-09-17
403,Anna Hale,kevinwilson@example.net,"40777 Fitzgerald Ridge West Robertmouth, MT 61799",2024-05-17
404,Stephanie Perry,robert36@example.net,"925 Clarence Stravenue Suite 974 Mariaville, VA 21131",2024-06-12
405,Jamie Lawson,richardjenkins@example.com,USS Santiago FPO AA 98954,2021-03-08
406,William Moss,amberrodriguez@example.org,"090 Herman Mission Apt. 602 New Amybury, CT 91619",2022-08-04
407,Mary Clarke,sschwartz@example.com,"0694 Walker Pass Apt. 696 Kendratown, DE 48281",2023-12-28
408,James Jones,kdorsey@example.com,Unit 6483 Box 4994 DPO AP 53682,2020-07-27
409,Scott Adams,paultorres@example.net,"9191 Mcfarland Center Suite 352 Colemanville, NJ 44425",2021-11-13
410,Crystal Archer,williamolson@example.com,"6908 Michael Locks Suite 252 Lake Hannah, OH 15922",2021-06-28
411,Harold Adkins,ronaldgrimes@example.net,"8958 Wilson Turnpike Suite 744 South Kyleview, VA 57412",2023-12-03
412,Ashley Dyer,jeffcastro@example.net,USS Barnes FPO AP 02044,2021-11-25
413,Jenny Brown,david12@example.net,"6908 Kayla Throughway East Nancy, GA 61986",2024-08-04
414,Gwendolyn Stone,fcuevas@example.net,"678 Grimes Center Shannonview, WA 74273",2023-10-27
415,Riley Daniels,jordansabrina@example.com,"PSC 7625, Box 1850 APO AA 34299",2020-10-22
416,Gerald Kelly,wbrowning@example.org,"4243 Campbell Loaf Kennethburgh, OR 76949",2021-09-11
417,Brian Norris,clintonjohnson@example.org,"000 Jessica Trail Suite 025 South Martin, MS 75683",2024-07-19
418,Kayla Allen,karen24@example.com,"867 Snyder Drive Suite 904 Fosterborough, RI 64639",2021-02-04
419,Frederick Hardy,sdunlap@example.org,Unit 1470 Box 9352 DPO AE 20637,2022-06-03
420,Brittney Walker,scole@example.net,"724 Jimenez Court Suite 574 Lake Jason, NJ 11228",2024-05-31
421,Terri Evans,lorihawkins@example.com,"21648 Davis Trace Suite 520 Longhaven, MH 77753",2024-06-14
422,Ryan Jensen,sean06@example.net,"601 Michael Highway Bradyfort, NM 85939",2021-09-02
423,Tommy Hunt,jensensandra@example.org,"19703 Brittany Square Apt. 102 New Krystal, CT 66439",2023-09-25
424,Patrick Wood,joshua49@example.net,"1521 Rogers Cliff Apt. 966 Lake Diamond, PR 02888",2022-04-23
425,Richard Arroyo,yhill@example.com,"2022 Farrell Estates Apt. 355 Lake Adam, LA 21768",2020-04-02
426,Alexa Day,donna22@example.org,"6154 Robin Viaduct South Erinhaven, MH 17992",2023-01-04
427,David Todd,timothy92@example.org,USS Allen FPO AP 91434,2022-06-17
428,Darlene Hernandez,kyleanderson@example.org,"67008 Murphy Lodge Suite 771 Pittmanville, NC 39604",2020-01-18
429,Jamie Sutton,taylorreginald@example.com,"744 Mitchell Crossing Edwardsshire, NV 42430",2020-02-21
430,Benjamin Perez,ryanguzman@example.com,"8765 Cox Harbor Suite 606 Reyesbury, DC 58742",2022-06-26
431,Matthew Romero,carmenmayo@example.net,Unit 9853 Box 0720 DPO AA 66860,2022-07-20
432,Mary Davis,ann68@example.com,"35271 Jordan Spur New Jefferyville, VT 59887",2023-02-26
433,Joanna Rodriguez,eduardo13@example.com,"4155 Evans Cape Suite 566 Port Saraberg, OH 77699",2023-12-30
434,Jennifer Liu,davidbowen@example.net,"8954 Tracey Square New Lindsaychester, AS 33829",2021-02-19
435,Sarah Freeman,michael44@example.org,"9432 Gray Course East Scottfort, NY 56967",2021-02-28
436,Amanda Ramirez,iserrano@example.net,Unit 2620 Box 6585 DPO AP 79165,2023-01-03
437,Cory Jensen,keithdiana@example.net,"9523 Austin Lakes Port Pamelachester, WV 31526",2024-09-01
438,Lawrence Stark,heathjane@example.com,"0023 Shelton Highway Suite 965 North Matthewview, GU 06069",2023-06-23
439,Eric Fields,josephlawson@example.com,"47215 Brittany Ports Sloanhaven, ID 57928",2024-05-10
440,Karen Branch,justin61@example.org,"28966 Stevenson Fork Apt. 646 Perezside, KS 29253",2021-09-27
441,Calvin Wilson,hcruz@example.org,"301 Mcgrath Mountain Shawville, NH 94296",2022-06-25
442,Jacqueline Smith,hrojas@example.org,"542 Cruz Ways Apt. 826 Harrisland, NH 61339",2022-04-25
443,Kyle Adams,gloria03@example.net,Unit 4464 Box 6434 DPO AE 42678,2022-10-11
444,Kara Flynn,russell72@example.org,"6032 Munoz Mountain Apt. 600 South Billy, ND 12387",2020-08-22
445,Michael Grimes,katherinemoore@example.com,"348 Thomas Common Dustinside, MA 68897",2024-03-20
446,Joyce Lawson,jenkinsmark@example.com,"58143 Woodard Route Apt. 275 Cummingsport, ME 30350",2021-03-18
447,Todd Smith,robbinscurtis@example.org,"62541 Murphy Turnpike Garzaburgh, SD 54260",2023-04-15
448,Nicole Brown,allisonsampson@example.com,"43133 Matthew Highway Port Mckenzieside, ID 91073",2022-01-19
449,Mrs. Kathy Yang,rebecca39@example.com,"537 Martin Views Suite 474 Williamville, AR 28435",2024-01-09
450,John Smith,jeffrey13@example.com,"0062 Marisa Harbors Karenfurt, ND 74611",2022-07-27
451,Matthew Dickson,matthewhernandez@example.com,"4137 Patrick Court Whiteport, NC 18461",2024-02-29
452,Kimberly Weaver,barry22@example.org,"905 Michael Port Apt. 048 Jeremiahtown, OR 02576",2021-09-19
453,Robert Cross,robertsdebra@example.com,"05533 Morris Trace New Mark, ND 75513",2024-03-25
454,Kenneth Adams,rickybarajas@example.org,"06477 Justin Parkways Cindyville, UT 26249",2024-06-02
455,Daniel Davis,stoneshannon@example.com,"545 Sean Circles Suite 180 South Kelly, AS 08064",2021-01-28
456,Robert Richmond,jamesrobles@example.com,"083 Renee Common Suite 972 East Ericamouth, NM 82035",2020-07-15
457,Amy Glenn,smithseth@example.net,"706 Chad Unions Apt. 664 Cynthiatown, LA 18681",2021-03-28
458,Patricia Brown,woodrobin@example.net,"3598 Francis Mountains Lake Kristine, OH 25257",2022-12-16
459,Courtney Spencer,ebutler@example.org,"0008 Stafford Locks Coxborough, ND 30057",2021-02-19
460,Christian Nguyen,wward@example.net,"348 Bennett Brook Apt. 140 East Drewburgh, UT 54447",2021-05-02
461,Adrian Black,ashley43@example.com,"11095 Kenneth Garden Suite 310 Walkerberg, MN 54500",2021-01-23
462,Brenda Ray,ulucas@example.net,"47006 Matthew Rest Mcdonaldmouth, ND 21874",2023-03-28
463,Joel Young,ucoleman@example.net,"391 Lee Roads Suite 733 Port Philipville, KY 17675",2022-10-28
464,Steven Ward,staceyallen@example.net,"40874 Melissa Port Apt. 211 South Benjaminborough, CO 73917",2021-07-27
465,Tammy Tapia,strongalan@example.org,"6692 King Expressway Jaybury, ND 31281",2021-02-18
466,Nicholas Hoffman,douglascannon@example.org,"7063 David Vista East Samuelburgh, MO 76520",2024-04-30
467,Erica Rodriguez,paul99@example.org,"158 Joseph Courts Jimmyhaven, IL 27459",2022-05-13
468,Michelle Walter,danahall@example.com,"98637 Ayala Wall Lake Christine, GU 41464",2024-07-31
469,Mr. David Galloway,michellewilliams@example.com,"0317 Deborah Vista North Tracy, SD 03806",2020-08-29
470,Barbara Quinn,ymartinez@example.com,"347 Mark Via Apt. 525 Davidmouth, WA 11850",2023-10-01
471,John Ferguson,amyturner@example.org,"219 Frey Mill Apt. 752 Brooksview, NC 18030",2021-11-18
472,Anthony Bentley,websterjoan@example.net,"765 Anna Bridge Apt. 549 Lake James, DE 63236",2023-03-11
473,Chad Taylor,ohayes@example.com,"660 Troy Motorway Apt. 155 Brianville, MT 92448",2020-05-04
474,Miguel Jensen,josephtorres@example.com,"15927 Tyler Hollow North Lorettamouth, MA 86536",2020-08-18
475,Andrea Romero,jefferyjones@example.net,"626 Marissa Alley Suite 814 Lake Heather, SC 58526",2023-11-27
476,Deanna Johnson,anthony41@example.com,Unit 1400 Box 2426 DPO AA 92785,2020-03-06
477,Hunter Allen,sally89@example.net,"4471 Hughes Shore Suite 221 Hernandezburgh, ME 35603",2020-06-06
478,Tammy Gonzalez,lisataylor@example.com,"29588 Gonzales Flats Suite 396 Davismouth, AL 73619",2020-12-27
479,Natalie Obrien,lhenry@example.com,Unit 3716 Box 1142 DPO AP 13081,2020-06-14
480,Kristin Nelson,qjones@example.org,"1849 John Stravenue Hopkinsfort, SD 90239",2020-03-24
481,Michael Williams,tasha35@example.net,"4918 James Trafficway Suite 941 North Jamesview, ND 14120",2023-02-11
482,Jamie Smith,mendezsteven@example.com,"813 Beltran Lodge East Zachary, HI 50110",2024-09-09
483,Stephanie Smith,robert70@example.net,"28427 Bates Drives South Davidville, WI 76604",2021-11-16
484,Corey Thomas,bethmanning@example.net,"6922 Ellen Avenue Suite 712 North Cindy, MP 26818",2021-12-09
485,Brandy Mccall,adamgarner@example.org,"77072 Shawna Plain Suite 802 East Annette, MS 46830",2023-10-16
486,Deborah Mcguire,christycooley@example.com,"6456 Jessica Overpass Apt. 863 North Paul, MH 70915",2022-07-07
487,Olivia Parker,angela40@example.com,"33841 Miller Drive Suite 938 North Bryce, IN 33480",2022-03-18
488,Becky Newman,carcher@example.net,"24300 Gabrielle Way West Scottview, MI 80298",2023-09-26
489,Troy Deleon,jgreene@example.org,"92627 Brooks Prairie Suite 909 Smithberg, ID 69101",2023-12-22
490,Christopher Frederick,hensonlauren@example.org,"98897 Salazar Island Port Dianafort, IN 41446",2024-05-18
491,Sarah Cortez,erika46@example.com,"347 Kelly Forges Sanchezville, TN 50479",2020-03-11
492,Peggy Noble DDS,ronald51@example.org,"7807 Gray Creek North George, CO 32114",2022-10-09
493,Logan Nash,millerrachel@example.net,"04333 Huber Cove Alexbury, ND 14964",2024-03-10
494,Candace Craig,rossseth@example.org,"3447 Sutton Knoll Davisville, AR 59428",2022-01-10
495,Colleen Walton,gregory70@example.org,"8996 Jackson Trail Suite 860 West John, IL 71962",2024-08-03
496,Mrs. Morgan Barber,thomashernandez@example.org,"1581 Bryant Springs New Veronica, PR 65783",2021-03-07
497,Kelly Smith,abigail44@example.com,"0457 Smith Tunnel Joshuashire, UT 47715",2020-03-04
498,Matthew Mills,jennifermarsh@example.com,"521 Steven Light Apt. 688 East Jennifershire, KS 89787",2022-10-11
499,Ashley Nolan,travis42@example.com,"606 Rachel Walks Suite 921 Malonemouth, NY 43348",2021-04-26
500,Billy Sexton,phillipsryan@example.com,"2321 Dougherty Route Apt. 218 Griffinstad, TN 70366",2022-02-22
