id,name,email,address,date_joined
1,Brian Williams,karengriffin@example.org,"4331 Jennifer River Suite 925 New Jonathanburgh, WI 50134",2023-11-02
2,David Porter,ddowns@example.org,"75569 Austin Meadows Suite 954 West Davidside, IN 94071",2022-12-28
3,Jennifer Moore,amber02@example.org,USNS Downs FPO AE 30958,2022-05-16
4,Misty Jackson,watersvincent@example.net,"90532 Chad Lakes Julietown, VA 09118",2022-01-09
5,Travis Copeland,joshuaromero@example.net,"43469 Brooks Springs Suite 933 South Sara, WY 36811",2022-09-02
6,Elijah White,lynchmary@example.com,"44104 Dustin Falls East Debbieberg, SC 97512",2023-06-14
7,Mr. Caleb Miller Jr.,dianethompson@example.net,"51633 Susan Locks Burnettville, NJ 94879",2020-09-20
8,Marie Miller,rweiss@example.com,"898 Stephanie Place Garyland, MT 64760",2024-05-21
9,Deborah Sanders,jonesandrea@example.com,"69384 Meyers Course New Amanda, NC 49344",2020-08-26
10,Jay Hull,qshaw@example.com,"2106 Anthony Mews Suite 077 East Kelly, ID 67619",2023-09-10
11,Anne Mckenzie,mfoster@example.com,"18106 Serrano Branch Gonzalezside, ND 20475",2021-12-30
12,Randy Adams,juanhill@example.org,"56831 Morrison Inlet Shannonburgh, WA 25135",2022-09-02
13,Lindsey Harding,devinbeasley@example.net,"8203 Best Roads East Catherineport, IA 66839",2023-04-30
14,John Morales,kathleenjones@example.org,"38003 Jones Orchard Rebeccaburgh, NY 20230",2023-07-03
15,Debra Myers,xjenkins@example.net,"27409 Melissa Mission Suite 955 South Elizabeth, ID 29625",2024-04-01
16,Mitchell Wallace,saraboone@example.com,"1636 Elliott Common Chadborough, MT 91161",2023-01-16
17,Deborah Le,jacob94@example.net,"21594 Cody Garden Apt. 114 South Gregorytown, ND 88432",2023-03-09
18,Robert Bush,kim96@example.net,"492 Smith Island Carlsonhaven, RI 31971",2020-11-21
19,Tamara Rice PhD,william82@example.com,"054 Carla Radial West Lori, MS 19860",2022-03-08
20,Anthony Doyle,sean52@example.com,"4473 Samantha Pine Apt. 597 Smithland, MN 51662",2020-06-18
21,Amanda Smith,amartin@example.net,"149 Charles Meadows Apt. 016 South Johnside, TX 78261",2022-12-01
22,Jason Ramirez,elizabeth34@example.com,"0519 Webb Mills Apt. 358 Port Matthewport, TN 10680",2021-02-17
23,Olivia Mason,ephillips@example.com,"73846 Debra Wall Fisherfort, UT 48047",2020-06-04
24,Cory Greer,latasha05@example.net,"5353 Scott Locks Johnfort, KS 35375",2022-01-20
25,Brandon Richardson,schmidtkimberly@example.org,USNV Harrington FPO AP 88638,2023-01-22
26,Sydney Pitts,raymond40@example.org,"6780 Horton Ridge Suite 086 North Nathanfurt, OK 95591",2024-07-06
27,Shane Young,davidsteele@example.com,"697 Marissa Mills Apt. 046 West Jo, AL 41409",2024-03-22
28,Barry Robles,arellanoarthur@example.net,"43118 Mitchell Burgs Suite 780 Lawsonville, CA 38765",2020-09-27
29,Kristin Ross,johnsondonna@example.org,"3192 Javier Ways Michellechester, IN 15748",2020-04-07
30,Carrie Sullivan,rodriguezrandy@example.org,"4946 Brian Village Apt. 431 Amandaville, MP 83717",2024-03-10
31,Brenda Zavala,ywoods@example.com,"6035 Angela Corner South Todd, MD 77569",2022-12-05
32,Edwin Stevens,dawn93@example.com,"646 Drake Keys Suite 705 West Jenniferport, WA 66420",2022-02-25
33,Nicholas Jones,bennettmaria@example.com,"9375 Andrea Hills Port Thomas, DC 21197",2023-06-15
34,Bailey Chung,atkinsonchristopher@example.org,"0995 Obrien Brook Suite 550 South Juan, UT 09894",2023-11-23
35,Juan Schneider,tgarrison@example.net,"85462 Joyce Parks Apt. 145 Sherryberg, UT 82422",2022-12-27
36,Loretta Ray,michelle25@example.com,"PSC 1470, Box 1612 APO AA 77456",2023-11-26
37,Rick Bennett,elizabethmiller@example.org,"063 Williams Wells Beckbury, MT 08260",2020-10-23
38,Tiffany Burke,masonpeterson@example.net,"5885 Rebekah Spurs Apt. 675 New Anthony, WI 45370",2023-01-11
39,Daniel Simpson,taylormary@example.net,"17335 Murphy Forest Chapmanburgh, MI 07228",2021-02-09
40,Robert Thomas,watkinsjuan@example.com,"647 Samuel Tunnel Apt. 735 Robertsonland, IA 65209",2020-11-15
41,Adam Hall,gwelch@example.com,"83704 Zachary Stravenue Suite 379 Vickimouth, MP 63882",2022-06-21
42,Joseph Roth,nicole95@example.net,"2812 Davis Viaduct South Christopherstad, NE 66856",2023-01-12
43,Damon Harrison,nancy82@example.org,Unit 9252 Box 3243 DPO AP 04060,2024-01-15
44,Tammy Garza,kylejohnson@example.net,"221 Misty Mountain Apt. 923 South Rhondaburgh, NY 19064",2022-12-16
45,Carrie Booth,judithbriggs@example.net,"5520 Parker Trail Laurenfurt, ID 92405",2023-02-11
46,Joanne Lawson,eblair@example.net,"760 Butler Highway Suite 065 Georgebury, WA 29394",2024-06-08
47,Lauren Farmer,levypeter@example.com,"54045 Cochran Alley Apt. 875 Christophertown, CT 42404",2020-12-14
48,Craig Morales,icooper@example.org,"8935 Mullen Ramp Suite 898 East Kimberly, OR 96990",2021-09-13
49,Holly Novak,jamesedwards@example.net,"95127 Palmer Meadow Jasonhaven, SC 32982",2020-07-08
50,Spencer Fitzpatrick DDS,goodmanderrick@example.com,"0205 Danny Bridge Apt. 928 New Gilbert, TX 99408",2024-06-02
51,Jacqueline Welch,whitemichael@example.net,"4600 Sheri Stream Suite 123 Martinstad, CT 85195",2022-12-19
52,Savannah Miller,nbenjamin@example.org,"7025 Griffin Turnpike Suite 691 Jacksonmouth, AR 76060",2024-04-02
53,James Baker,ashleyhall@example.net,"78400 Oscar Squares Apt. 111 South Evelynmouth, CT 68451",2021-07-25
54,Joshua Johnson,tchristian@example.org,"64300 Jon Manors Apt. 374 North Andrea, IA 66950",2024-07-08
55,Justin Good,rodgersjoshua@example.org,"21658 Garner Dale Lake William, NE 74846",2020-01-17
56,Terri Howe,karen48@example.com,"6231 Martin Light Lake Timothychester, MI 97538",2024-05-10
57,Laura Ferguson,vanessachristian@example.org,"5918 Matthew Tunnel Ruizmouth, PR 60690",2022-08-23
58,Vanessa Boone,whiteapril@example.net,"2729 Luis Causeway Apt. 601 Rebeccastad, IL 31450",2024-06-10
59,Kenneth Davis,tiffany33@example.org,"023 Johnson Lights Suite 124 Trevorbury, WV 75981",2023-04-28
60,Julia Mccall,smithkimberly@example.net,"075 Cassandra Locks Apt. 550 New Cynthia, IA 88435",2021-04-26
61,Jenny Sanchez,marycampbell@example.org,"928 Carter Creek Apt. 733 Kimberg, KS 88146",2022-01-28
62,Larry Paul,sarah40@example.org,"601 Thomas Key Lake Anthony, OH 88507",2021-07-07
63,William Ramos,pfischer@example.org,"12083 Mayer Wall Apt. 980 Jenniferport, VT 25032",2021-02-08
64,Melissa Maldonado,cory85@example.org,"02033 William Ranch Banksfort, GU 40544",2022-08-12
65,Jessica Romero,justin39@example.net,"49298 Amy Path Suite 474 Parrishhaven, IA 78034",2020-04-12
66,Evan Bright,evansjoshua@example.net,"84886 Chavez Plaza Apt. 699 Hernandezfurt, MN 75692",2021-10-11
67,Grace Clark,smithheather@example.org,"9340 Kayla Oval Suite 915 West Oscar, NY 32379",2024-05-06
68,Jamie Palmer,hayeskevin@example.net,"2911 Michelle Rapids Suite 678 Robertshire, KY 92588",2024-09-29
69,Daniel Gonzalez,kathleen09@example.com,"PSC 4902, Box 5854 APO AA 46508",2024-01-19
70,Mr. Roger Harris,jenniferrubio@example.net,"1627 Brooks Pine Bettyshire, MA 12079",2023-08-23
71,John Brown,kcook@example.org,"118 Melissa Gateway Apt. 961 Johnfort, PR 86508",2024-02-20
72,Alexis Porter,kenneth38@example.com,"7546 Thornton Harbor Apt. 492 South Karentown, IL 55233",2023-04-24
73,Scott Finley,swansonvictoria@example.net,"472 Austin Curve North Luis, MD 54428",2021-09-21
74,Stephen Davies,kimruiz@example.com,"91793 Steele Stravenue Heatherberg, DC 37027",2021-09-14
75,Jeffrey Weaver,albertgoodman@example.net,"2669 Barr Curve Apt. 041 North Patrick, VI 23694",2023-07-17
76,Steven Decker,dmcclure@example.org,"4519 Christina Greens Suite 965 West Johnview, CT 17963",2022-07-13
77,Carol Phillips,efloyd@example.net,"0972 Lee Estates Apt. 263 Port Alexander, NE 36350",2024-05-15
78,Ernest Rogers,zthompson@example.com,"4258 Scott Mission West Laurachester, VA 50502",2022-01-09
79,Lisa Middleton,traci71@example.org,"16312 Kimberly Light Apt. 566 West Jeffrey, ND 62691",2023-01-06
80,Paula Gates,julia98@example.org,USNS Casey FPO AP 37536,2023-08-25
81,Alexis Brown,yanderson@example.org,"7441 Kelly Ports Dennisland, TN 28423",2020-10-25
82,David Barnett,dawnwolfe@example.net,"59469 Buchanan Square Apt. 884 Mirandatown, IA 50429",2021-02-24
83,John Hill,rachel87@example.com,"12025 Donna Ports Apt. 737 Hullmouth, KY 81357",2022-08-17
84,Thomas Beck,bradshawtracy@example.org,USNS Landry FPO AE 43627,2023-09-28
85,Barbara Rios,chris31@example.com,Unit 3822 Box 7277 DPO AE 91647,2024-07-26
86,Carrie Hunt,vasquezderek@example.net,"5226 Tran Rest Suite 156 South Johnmouth, TN 71418",2023-08-23
87,Matthew Campbell,amyschneider@example.net,"669 Jones Trail East Nathan, MN 22488",2021-11-21
88,Eric Ballard,ngriffin@example.net,"62961 Rachel Squares Apt. 086 East Diane, OK 15705",2020-02-20
89,David Clarke,brendan70@example.org,"85237 Fischer Inlet Apt. 979 Spencermouth, MN 75016",2023-08-29
90,Michael Boyd,alexandra36@example.org,"045 Glover Prairie Apt. 354 Browntown, NJ 68296",2022-10-06
91,Tammy Clark,weberamanda@example.com,"88230 Kevin Wells Lake Margaretton, CT 86627",2023-07-05
92,James Wolfe,christophersantiago@example.org,"6262 Theresa Rue New Nicholas, MP 42855",2021-02-16
93,Dawn Maldonado,angela53@example.org,"8979 Nicole Roads Apt. 800 East Brianland, DC 07002",2022-10-15
94,Kimberly Smith,lhayes@example.com,"PSC 2446, Box 0733 APO AP 52974",2023-04-23
95,Pamela Wilson,gary75@example.org,"77880 Gray Center Suite 440 Laurenport, NM 44024",2021-10-02
96,Michelle Snyder,xturner@example.org,"8696 Kimberly Fall South Christopher, MD 45551",2021-07-04
97,Heather Hess,jhancock@example.net,"25370 Johnson Island Apt. 456 Robinsonport, UT 70645",2022-05-10
98,Tina Owens,brenda95@example.com,"46279 Eric Knolls Lake Randall, WI 04200",2023-07-12
99,Jonathan Hartman,usanders@example.org,"PSC 5847, Box 6785 APO AE 96073",2022-07-23
100,Casey Johnson,hallmary@example.org,"9730 Smith Extensions Suite 581 New Jessica, KY 42701",2021-09-08
101,Robert Patrick,dwaynelevine@example.net,"PSC 9336, Box 2925 APO AA 40011",2022-10-16
102,Angela Stanley,robert82@example.org,"906 Elizabeth Mill Apt. 604 Sethbury, MO 23615",2022-01-03
103,Tina Ferguson,zalexander@example.org,"91669 Greer Hill Annaside, MN 25836",2021-12-05
104,Mark Perez,ryan14@example.net,"0435 Laura Fort East Gabrielleview, AR 62222",2022-05-09
105,John Rich,kayla95@example.net,"PSC 3251, Box 0644 APO AE 83693",2021-07-31
106,James Diaz,nicholascox@example.org,"36315 Nicholas Street North Jennafort, VT 50163",2021-04-28
107,Dustin Dennis,cory79@example.com,"255 Bowen Circles Apt. 772 North Kristina, AK 74511",2022-07-12
108,Michelle Schmidt,katelynsantos@example.org,"9873 Reyes Spur Apt. 088 Clarkborough, VI 65049",2022-01-21
109,Amy Hawkins,hogancory@example.net,"4716 Garcia Trafficway New Tracey, NV 26995",2024-01-24
110,Bob Smith,bgoodman@example.org,"451 Nicole Lodge Suite 563 North Josephshire, WI 70902",2020-04-14
111,Kathy Taylor,awhite@example.net,"249 Glenn Mall Apt. 714 South Amanda, AL 56840",2020-11-17
112,Mr. Charles Carter Jr.,stantonbrenda@example.net,"69988 Rose Dale Lindaside, CT 52058",2021-02-14
113,Kiara Hayes,april80@example.org,"PSC 9816, Box 2444 APO AE 52804",2022-04-08
114,Mark Black,pachecoheather@example.net,USCGC Arnold FPO AA 93997,2023-11-14
115,Pamela Horn,williamdavis@example.net,"65898 Scott Point Suite 196 Calebstad, ND 93179",2022-03-27
116,Tracey Mitchell,gonzalezchristopher@example.org,"24432 Allen View Clarkview, CA 26259",2023-06-08
117,Debra Hall DDS,mmartinez@example.com,"776 Castillo Villages East Angelaland, SC 34634",2022-03-20
118,Kenneth Burns,dmatthews@example.com,"04987 Karen Expressway Apt. 264 Hollandport, PW 27522",2023-08-21
119,Mrs. Danielle Mcdonald,hebertkatherine@example.org,"PSC 1075, Box 8888 APO AP 27361",2020-06-10
120,Jessica Hatfield,joseph36@example.com,"27730 Tucker Parkway Sarahland, VI 89325",2024-06-07
121,Carl Smith,mark00@example.org,"57111 Solomon Court Suite 389 Port Amandahaven, VA 09949",2022-03-26
122,Catherine Norris,joshua97@example.com,"PSC 5047, Box 0287 APO AE 92476",2024-08-30
123,James Boone,adam58@example.org,"81773 Brian Mountain Mcguiretown, WV 46399",2024-05-06
124,James Atkinson,darrellblake@example.org,"3750 Kristy Mission Apt. 939 Lake Susanport, SC 84869",2021-02-10
125,Christopher Roth,brookeolson@example.net,"9057 English Island South Kennethbury, LA 24623",2020-07-06
126,Noah Sanchez,frankevelyn@example.org,Unit 4293 Box 1104 DPO AP 12743,2022-08-02
127,Jasmine Bennett,qmcmillan@example.org,"2397 Thompson Junction Pruittton, PW 54775",2023-11-03
128,Jamie Allen,michaelglover@example.com,"4179 Joseph Station Apt. 083 Morrowshire, ND 36924",2022-07-31
129,Jeremy Garrett,usampson@example.org,"504 Kathleen Ramp Suite 974 Cassandraton, FL 65408",2022-09-13
130,Michael Brown,gyang@example.com,"768 Robbins Shore Joshuachester, NY 72517",2020-02-05
131,Alexander Decker,brios@example.com,"0916 Sosa Terrace Apt. 285 Rosemouth, TN 57543",2021-01-24
132,Heather Garner,xgomez@example.org,"16719 Gross Creek Apt. 754 New Matthew, MP 56226",2020-07-17
133,Meagan Pittman,epeterson@example.net,"19019 Gordon Harbor Lake Jamesshire, MH 30088",2021-10-29
134,Joan Luna,dfrost@example.org,"4385 Beck Glens Christopherstad, SC 32843",2020-03-10
135,Kimberly Griffin,henrytownsend@example.org,"87153 Larry Extensions Apt. 755 Webstermouth, NJ 63237",2023-12-07
136,Kelly Petty,kmiles@example.org,"1739 Jason Hill East Jessica, FL 22531",2022-11-25
137,Alejandro Walls,brittanyavery@example.net,USCGC Gonzales FPO AE 47696,2020-09-04
138,Shelley Brady,scoleman@example.net,"326 Johnson Common Apt. 143 South Danahaven, MA 67534",2021-01-10
139,Lauren Gray,adamwright@example.net,"75535 Debra Mews Bakermouth, PW 57158",2020-12-26
140,Jennifer Hunter,danielnguyen@example.org,"408 Castro Well Evanstown, MS 68590",2022-07-24
141,Leonard Goodman,ypark@example.org,"7786 Crane Valley Suite 838 Lake Phillipside, SC 73661",2022-11-16
142,Claudia Shields,kinghailey@example.net,"18154 Natasha Ports South Larryville, AZ 85153",2022-04-25
143,Bruce Hoffman,lamraymond@example.org,"73144 Pierce Square Lake Hollyview, DE 21406",2020-11-27
144,John Morales,alexander05@example.org,"342 Smith Lock Apt. 744 North Joseton, PW 12420",2023-09-28
145,Janet Johnson,melissadavis@example.org,"869 Scott Trail Apt. 381 New Christine, NC 07695",2020-10-30
146,Randall Ponce,robert89@example.org,"57084 Fitzgerald Courts Suite 010 Woodsfort, MH 25875",2022-02-10
147,Alexandra James,ndavidson@example.net,"055 Jones Stream West Destiny, TN 54178",2024-09-25
148,Joseph Davis,tammy11@example.net,"9851 Ashley Isle Huangport, AR 48178",2023-04-13
149,Mark Hernandez,michael39@example.net,"2618 Mcdaniel Square Lake John, NH 74568",2020-01-06
150,Sandra Dixon MD,joangoodwin@example.org,"728 Shaffer Port Lake Codyville, TN 64247",2022-10-08
151,Stephanie Hodges MD,currymelissa@example.com,"16300 Joseph Row Katiemouth, MS 11292",2023-02-23
152,Jamie Frazier,xatkins@example.com,"7783 Ann Pass Watsontown, IA 63655",2024-02-06
153,David Miller,traceyleach@example.net,"32499 Thomas Path Apt. 513 Clarktown, MO 01341",2022-02-03
154,Shelby Lee,matthew38@example.com,"372 Romero Walks Lake Amy, OR 81618",2021-12-22
155,Douglas Phillips,michaelchan@example.org,"269 Torres Stream Juliashire, MA 17461",2021-03-06
156,Jeremiah Frye,paul55@example.org,"37467 Joshua Squares Apt. 226 Deborahhaven, CA 52077",2020-11-17
157,Christopher Smith,guerrerotimothy@example.org,"5348 Ramirez Branch South Benjaminfurt, MP 80614",2024-05-19
158,Teresa White,mckenzieseth@example.com,"613 Carl Course Port Joytown, NE 30522",2022-10-29
159,Kathleen Simmons,sharris@example.com,"5529 Winters View East Mariahaven, DC 46965",2023-08-07
160,Joseph Hartman,shawnancy@example.com,"5711 Jose Ridge Suite 475 East Moniqueville, MA 78216",2022-05-23
161,Donna Simmons,sydney42@example.net,"94345 Steven Prairie Suite 772 Gravesmouth, NC 89103",2023-12-25
162,Michael Elliott DDS,jessicayang@example.org,USS Murphy FPO AA 25338,2023-07-02
163,Michael Marshall,wmorrison@example.org,"4316 Tanya Ranch Apt. 465 Lake Randall, SC 39659",2020-05-13
164,Brittney Webb,gatesconnie@example.net,"04775 Montgomery Junction Youngstad, CT 91715",2024-05-11
165,Michael Garcia Jr.,alexandria96@example.org,"455 Bryant Crest Apt. 051 Stevenmouth, LA 13388",2020-07-27
166,Kevin Webb,michael66@example.org,"8945 Claudia Valleys Apt. 657 North Norman, MP 17528",2024-05-14
167,Charles Moreno,schneiderdavid@example.org,USNS Wise FPO AE 34357,2021-10-12
168,Travis Miles MD,lcontreras@example.net,"30108 Michael Creek Lake Kellyshire, NH 97146",2022-02-27
169,Tiffany Wright,charles88@example.net,"25100 Marvin Trafficway Suite 326 Georgetown, GU 73936",2020-11-21
170,Kathryn Barnes,williammoore@example.org,"5906 Lisa Court East Tiffanybury, MD 48509",2023-09-22
171,Kenneth Harding,jboyd@example.com,"455 Bradley Cove Apt. 358 South Curtisport, MN 24192",2021-06-09
172,Sandra Padilla,combseric@example.org,"771 Regina Views North Carlosstad, AL 82497",2022-08-14
173,Rebecca Campbell,wobrien@example.com,"756 Julie Stravenue Mccarthyton, IN 20506",2021-12-14
174,Jennifer Clarke,tracy46@example.org,"1310 Jon Cliffs New Robertside, SC 41870",2021-01-13
175,Derrick Turner,smithdavid@example.net,"52958 Christine Manor Fryview, DC 97712",2022-06-09
176,Jeffery Cox,carteralexandra@example.org,"73072 Knox Knolls Suite 944 Adamton, IN 85245",2021-07-17
177,Ashley Austin,beth52@example.org,"83335 Ashley Curve Downsville, AL 65154",2021-08-09
178,Stefanie Gutierrez,anthony88@example.com,"25766 Alvarez Islands East Brianmouth, OR 29084",2023-04-26
179,Brianna Murphy,michelleparker@example.net,"750 Cynthia Station Suite 469 New Curtis, MS 10893",2021-12-13
180,Jennifer Rodgers,angela46@example.com,"96332 Boyd Pine Jarvisborough, CA 07048",2021-03-30
181,Amy Gibbs,mhunter@example.com,"2399 Jordan Estates New Angelaview, ID 38228",2022-07-19
182,Kevin Stone,katherinegomez@example.org,"255 Veronica Walk Suite 846 Lake Chadfort, ND 39071",2021-09-24
183,Phillip Hamilton,bethany88@example.org,"0117 Kimberly Freeway Apt. 274 North Amyport, TN 60606",2021-03-06
184,Christine Charles,wnewton@example.net,"991 Susan Common West Scottstad, NC 17378",2023-01-25
185,Jason Lewis,ferrellkatherine@example.com,"582 Thomas Loop Batesmouth, TN 90106",2022-10-03
186,James Watson,bklein@example.net,"8802 Monica Mountains West Amberburgh, AS 09607",2023-05-17
187,Carly Black,brandigonzales@example.net,"722 Gonzalez Mill Suite 109 Charleston, ND 32745",2020-12-20
188,Tonya Powers,troysalazar@example.org,USS Bush FPO AA 59743,2024-03-05
189,Curtis Thornton,woodthomas@example.org,"8641 Patel Turnpike Lake Jamesmouth, IA 22303",2024-03-14
190,Kevin Gomez,karenjefferson@example.org,"5863 Dana View North Matthew, SD 85327",2021-03-31
191,Cindy Smith,michael58@example.net,"339 Ricardo Hill Whitemouth, MS 72990",2022-06-05
192,Nicholas Atkinson,annachristensen@example.org,"72982 Angela Burg New Deborahton, MH 51004",2023-03-04
193,Christopher Evans,tmartin@example.com,Unit 9897 Box 0756 DPO AP 97369,2023-09-19
194,Krista Garrett,cainjack@example.net,"075 Christine Hill Apt. 805 Watsonshire, FM 91139",2022-03-11
195,William Haas,michaelmiles@example.com,"235 Hughes Loop Apt. 564 Alejandrohaven, SD 21101",2023-07-11
196,Jennifer Mcdowell,whoffman@example.org,Unit 8167 Box 1951 DPO AP 28087,2022-01-11
197,Lori Jacobson,jennifermay@example.com,"337 Amanda Groves Knightmouth, AL 20565",2020-05-08
198,David Turner,christopher12@example.net,"86241 Michael Ferry Lake Michael, NJ 91441",2021-04-03
199,Emily Davis,daniel61@example.org,"44226 Jason Mission Nashview, TX 79089",2021-05-10
200,Michael Allen,xoliver@example.com,USNV Coleman FPO AA 31671,2020-12-06
201,Keith Jones,gainescaitlin@example.net,"71104 Gordon Lake Suite 073 Jamesborough, AR 92518",2021-02-01
202,Patrick Christian,jasonmerritt@example.net,"039 Kimberly Field Suite 951 East Natalie, UT 45812",2021-10-01
203,Adam Anderson,yjackson@example.net,"51386 Galvan Road East Randall, AZ 18816",2020-06-12
204,Samantha Kelly,hendersondaniel@example.net,"60791 Linda Turnpike Knapphaven, AS 10067",2023-11-22
205,Angela Wright,samueljohnson@example.org,"81501 Hannah Walks Watkinsfurt, AZ 16170",2020-11-23
206,Christopher Kelly,guzmanrobin@example.net,"348 Davis Plains West Bianca, VA 88465",2024-06-04
207,Michael Vasquez,butlerkevin@example.com,"8405 Taylor Freeway South Alyssa, NY 82397",2020-11-11
208,Shannon Bird,maryzuniga@example.net,"110 David Manor Marissamouth, CO 46149",2021-10-31
209,Jordan Booth,paulsmith@example.com,"06428 Karen Valley West Emily, PA 98901",2023-01-15
210,Devin Manning MD,sara14@example.org,"42192 Lance Corners Suite 596 Rachelview, MH 93979",2021-12-09
211,Christopher Butler,pattersonjason@example.net,"98590 Serrano Parkway Apt. 440 West Matthew, WA 04257",2022-04-01
212,Eric Brooks,joshuapadilla@example.com,"5380 John Stravenue Suite 218 Brownchester, NC 98389",2020-04-25
213,Julia Johnson,fcrosby@example.net,"911 Amanda Park Jennifertown, PA 97462",2023-02-22
214,Darren Stanley,parkerbrianna@example.com,"5726 Aaron Lock Suite 781 Bishopborough, SC 72016",2023-05-31
215,Derek Lopez,yallen@example.org,"4140 Robert Alley West Allenmouth, ID 75540",2022-09-26
216,Kenneth Keller,wking@example.com,"778 Sandra Neck Grahamville, NC 99913",2021-04-24
217,Karen Freeman,kristalopez@example.net,"26571 Randy Ranch Suite 218 East Meganville, OK 83111",2023-05-09
218,Nicole Norman,mccannangela@example.org,USCGC Berger FPO AA 65615,2024-03-31
219,Sydney King,chaveznicole@example.com,"18873 Sean Via Apt. 983 Kendramouth, IN 76498",2020-04-18
220,Peter Cannon,palmerwilliam@example.com,"8885 Snyder Rapid Apt. 110 West Erikahaven, ME 20729",2022-07-21
221,Michael Mccarthy,ybrooks@example.com,"35518 Leslie Lodge Apt. 999 Wrightbury, AZ 72973",2021-04-17
222,Anthony Wells,ljackson@example.org,"147 Jackson Track Christopherport, ME 20306",2021-07-13
223,Jennifer Vega,imartinez@example.com,Unit 3605 Box 5113 DPO AE 81295,2023-06-11
224,Brooke Parks,egomez@example.net,"2945 Delgado Center Apt. 365 East Ryanbury, MN 94623",2023-08-01
225,Cody Alexander,mirandajacqueline@example.net,"30275 Monroe Union Port Wendy, KS 24121",2023-04-17
226,Paul Nichols,margaret99@example.net,"PSC 4354, Box 4101 APO AE 04704",2023-10-01
227,Yvette Hunter,jay81@example.org,"1995 Christopher Shoal Apt. 457 West Mariaside, MD 50974",2021-08-02
228,Kyle Holland,amandabrady@example.net,"204 Eric Pass Suite 420 North Tammyview, VT 49694",2022-09-23
229,Anthony Walker,kenneth27@example.net,"63671 Gonzalez Islands Lake Larry, ME 13021",2022-10-26
230,Steven Burns,jamescummings@example.com,"570 Carter Roads South Melvinberg, NV 90113",2021-09-12
231,Jason Lawrence,brian39@example.com,"9634 Michael Fork Suite 036 New Gloria, WA 09869",2021-02-11
232,Sandra Martin,olivia00@example.com,"456 Miller Ville Apt. 293 Williamburgh, OK 74560",2021-07-13
233,Beverly Gray,travisjames@example.com,"24146 Samantha Crossroad Suite 580 New Raven, NJ 32308",2021-11-24
234,Brian White,vhess@example.org,"431 Dennis Mission Ebonystad, OH 82523",2022-08-23
235,Shelley Robinson,allisonfrench@example.net,"9258 Jacob Ferry Suite 430 Mcculloughtown, IL 08742",2023-02-07
236,Grant Harrison,dylan38@example.org,"35503 Stewart Locks Apt. 842 Christianport, VA 10830",2023-04-04
237,Corey Brown,charlesbutler@example.net,"923 Mathews Meadow Dylanmouth, OK 46252",2021-05-23
238,Karen Cooper,llove@example.org,"326 Jeffery Prairie Suite 438 Hunthaven, NC 64604",2023-01-20
239,Jonathan Stone,aburgess@example.com,"807 Byrd Manors Apt. 907 New Shelbyland, NM 90947",2023-12-06
240,Joseph Bryant,hmcdowell@example.net,"28705 Theresa Plaza Jakeport, AK 92376",2021-12-10
241,Brian Oliver,monica19@example.com,"531 Joanna Spring Suite 246 West Randyfort, OR 03333",2023-05-17
242,Shelia Dunn,jeremyhernandez@example.org,"219 Flynn Extensions Lesliemouth, OH 96983",2022-01-06
243,Matthew Richard,rachel34@example.com,"3273 Santiago Burg Suite 621 Veronicaport, IN 26621",2024-09-28
244,Kathryn Cortez,singletoncrystal@example.com,"92678 Mary Rue South Andrew, NH 70684",2024-10-08
245,Michael Rivera,jeremiahreynolds@example.org,"7213 Ashley Lock Richardchester, MI 88484",2020-05-16
246,Shannon Olson,glindsey@example.com,"0237 Rodriguez Path Suite 538 Annton, IN 14881",2020-01-17
247,Troy Rogers IV,rubioheather@example.net,"42276 William Ridge Suite 385 South Kevin, MO 05241",2022-09-18
248,Jose Saunders,trevornewton@example.com,"8648 Charles Oval Apt. 009 West Jessicafurt, KS 33057",2023-08-22
249,Tina Soto,riosdustin@example.org,"239 Underwood Alley Apt. 637 Eddieton, MO 53616",2022-05-07
250,Samantha Johnson,emilymccarthy@example.org,"81700 Simpson Isle Suite 388 Josephborough, VT 07905",2023-09-11
251,Rebecca Ortiz,kimberlyblair@example.com,"573 Hughes Skyway East Suzanne, IN 43307",2020-12-19
252,Justin Little,katrina52@example.com,"464 Casey Street Hickshaven, VT 27324",2023-02-23
253,David West,jade80@example.com,"56692 Alexandria Lake Apt. 013 Erikhaven, WY 65038",2021-02-13
254,Justin Dyer,richardsonhelen@example.org,"2639 Denise Path East Lori, AR 12066",2021-05-02
255,John Mcfarland,kathy50@example.com,"8592 Laura Estates Apt. 816 Garciashire, MI 01096",2020-09-19
256,Jeffrey Morales,jtate@example.org,"188 Hays Hills West Dennismouth, ID 34102",2023-12-08
257,Johnny Schwartz,maria32@example.com,"3184 Ellis Mews New Maryside, DC 14983",2021-08-02
258,Toni Estrada,paul21@example.com,"3200 Gregory Well West Kevin, ME 16372",2020-07-22
259,Shelby Schwartz,dawnchavez@example.org,"475 Bray Parkway North Natalie, WI 12449",2022-11-14
260,Jennifer Harrington,swallace@example.org,"5259 Gardner Drives Suite 639 Walkermouth, VA 90055",2020-02-11
261,Patrick Ryan,esawyer@example.org,"74087 Williams Trail Suite 668 East Mark, WV 71200",2023-05-20
262,David Taylor,michael65@example.com,"496 Velez Viaduct Apt. 724 South Lisaburgh, WV 03570",2022-12-25
263,Joseph Jones,monica72@example.com,"0762 Jonathan Squares Apt. 710 Barronchester, FM 11390",2020-12-21
264,Kenneth Hawkins,cassandrahawkins@example.com,"5702 John Brook South Tamara, CT 59130",2023-10-20
265,Justin Carter,lestermitchell@example.com,"89236 Luna Pike Suite 449 South Loriberg, MH 65923",2023-04-28
266,Joann Morales,sarahhinton@example.org,"9192 Sharp Stravenue Jacksonland, HI 76427",2021-11-02
267,Juan Coleman,ebrooks@example.net,"9348 Smith Glens East Jennifer, ND 04882",2022-12-08
268,Russell Perez,laura56@example.org,"712 Alicia Pass Suite 380 Richardton, ME 89042",2022-01-05
269,Ricky Acosta,kimberly80@example.org,"077 William Plain Suite 397 South Janicemouth, GA 71315",2020-07-19
270,Kimberly Evans,robert09@example.org,"7732 Jonathan Greens Apt. 915 East Josephmouth, FM 09135",2023-09-01
271,Jeffrey Jones,vincent83@example.net,"31048 Eileen Forest Johnsonbury, OK 67395",2020-05-28
272,Kelly Delgado,fsweeney@example.com,"132 Reid Cape North Aaronhaven, AL 87299",2022-09-01
273,Maria Ball MD,richardsbrianna@example.org,"6206 Kristina Well Lake Tony, DE 00555",2023-06-14
274,Suzanne Ramirez,cscott@example.com,"6579 Olson Mountain Apt. 344 North Jasmine, MI 74971",2024-04-25
275,Mallory Gregory,omartin@example.org,"53723 Christy Light Apt. 644 Jessicashire, VI 53456",2021-12-01
276,Sandra Lewis,ricardo45@example.net,"6836 Donna Well Smithstad, DE 61504",2021-07-07
277,James Price,robertgeorge@example.org,"24295 John Gateway Cruzfurt, MN 42359",2020-07-17
278,Jonathan Schaefer,margaretmcdonald@example.net,"24930 Charles Plains East Vickie, OK 48623",2023-10-24
279,Antonio Smith,lopezevan@example.com,"56666 Emily Burg Apt. 942 Lake Williamview, WV 41402",2023-07-31
280,Matthew Maddox,kelleytheresa@example.com,"771 Jim Wells Apt. 012 Lake Rebeccaton, MS 79735",2022-03-16
281,Jeffrey Rodriguez,mooreangela@example.com,"38010 Thompson Cove South Anna, PA 84412",2024-06-24
282,Patricia Cruz,victoria03@example.net,"504 Garcia Mills Apt. 702 Port Lisaview, OH 89157",2023-01-27
283,Thomas Williams,mercerheidi@example.com,"531 Austin Gateway South Markfurt, WY 52264",2024-04-21
284,Randall Brown,sayers@example.net,USS Vargas FPO AE 51377,2024-09-06
285,Laura Gilbert,jodi04@example.org,USNV Cameron FPO AP 07136,2023-03-26
286,Randy Wright,martinezsamantha@example.org,Unit 2088 Box 6295 DPO AA 43031,2020-06-30
287,Denise Lewis,nancy15@example.com,"924 Berg Corner Suite 052 Keithland, MN 73524",2023-06-25
288,Jasmine Smith,qbooker@example.com,"208 Katherine Fall Michaeltown, CT 64811",2023-04-05
289,Elizabeth Taylor,clineroberto@example.com,"279 Bryan Island Suite 993 Oconnellmouth, KS 21598",2020-07-06
290,Daniel Spencer,jonathancook@example.com,"4252 Tammy Forest Apt. 503 Christopherville, ID 15806",2022-10-22
291,Stacy Johnson,sweeneycrystal@example.com,USCGC Charles FPO AE 82323,2023-10-24
292,Joseph Wilson,swilson@example.net,"606 Hall Place Apt. 997 Port Jessica, OH 29652",2021-01-01
293,Jimmy Hayes,joanneramos@example.net,"6006 Gardner Pike Kevinchester, AL 93747",2020-07-15
294,Christopher Hernandez,vanessa84@example.net,"38612 Richard Causeway Suite 802 Pachecoport, UT 93825",2020-12-21
295,Tina Williams,brookelawrence@example.org,"3670 James Roads West Sallystad, MP 76128",2020-06-09
296,Brandon Kent,christopher53@example.com,"80440 Nicole Pines North Marilyn, TN 52392",2023-02-13
297,Michael Reyes,jesse78@example.org,"96147 Alvarado Oval Suite 013 North Frankland, KY 66351",2020-11-23
298,Destiny Lamb,johnnyroach@example.com,"79482 Walker Drives Suite 485 Port Isabellaland, GA 79701",2024-04-23
299,Nancy Kim,perezcarol@example.org,"79123 Sue Plain Apt. 394 Barnesborough, WI 42981",2020-05-08
300,Brandon Johnson,campbellmatthew@example.com,"30404 Jennifer Lodge Apt. 398 Port Nancy, CO 22387",2020-10-11
301,Lonnie Mendez,robert14@example.org,"6700 Price Brooks Suite 002 Robertport, FM 88454",2022-06-15
302,Sharon Hall,schmidtrobin@example.org,"346 Derrick Mission Port Melissaberg, PR 00995",2021-03-03
303,Laura Hess,cynthiahawkins@example.com,"339 James Lakes Johnberg, AZ 99238",2022-04-16
304,Kent Pittman,terri20@example.com,USCGC Vaughn FPO AE 64805,2022-05-29
305,Patricia Mccall,coopershari@example.com,"430 Burton Pass Suite 854 East Dave, KS 09203",2022-03-15
306,Donald Ramos,osullivan@example.org,"PSC 4386, Box 4469 APO AP 26026",2022-07-14
307,Jessica Davis,jaime84@example.net,"21232 Michael Estate Apt. 699 Blackberg, VI 90356",2023-09-06
308,Karen Lopez,robertssteven@example.org,"1465 Robert Locks North Charles, VI 28677",2024-09-12
309,Pam Howard,amber23@example.net,"03775 Stephanie Field Apt. 362 Bernardmouth, CA 74105",2022-12-27
310,Cristian Brown,eallison@example.com,"6681 Weaver Island Tonyabury, FM 12849",2021-08-05
311,Carolyn Santiago,jfletcher@example.org,"612 Krueger Ridges South Kylehaven, NV 94626",2021-02-17
312,James Wilkinson,awhite@example.org,"114 Lisa Mountain Suite 537 West Juan, PA 44054",2021-09-17
313,Olivia Mccann,chad22@example.org,USNS Smith FPO AA 56975,2023-08-15
314,Melissa Hart,yrush@example.org,"718 Williams View Suite 013 Port Jenniferville, MI 10418",2020-02-27
315,Jeffrey Montgomery,oconnorlisa@example.net,"797 Gonzalez Ville North Jamie, PA 75229",2021-10-07
316,Anthony Morgan,olewis@example.com,"268 Walker Pass Suite 432 Smithville, GA 59915",2020-05-18
317,Laura Stephenson,stephen56@example.org,"5756 William Road Apt. 973 East Lauren, OH 82660",2023-03-21
318,Alexander Garcia,kerri56@example.net,Unit 1289 Box 6973 DPO AP 64396,2020-03-15
319,Stephen Booth DDS,babbott@example.com,"683 Sean Center Jamestown, PR 04511",2024-09-03
320,Wendy Marshall,raymond82@example.net,"21627 Brittany Forest Apt. 780 Cookland, NE 32884",2023-08-26
321,Grant Cabrera,josephjones@example.net,"22125 Hill Station Williamchester, NY 30579",2021-05-11
322,Matthew Galloway II,jarednunez@example.com,"9905 Michael Squares Kristiview, VI 52492",2023-06-13
323,Roberta Figueroa,kleinjimmy@example.com,"88196 Martin Ford Suite 716 Walkerborough, OK 39969",2020-12-08
324,Lisa Benson,millertracy@example.net,"177 Brendan Wells Caseyhaven, OH 40514",2022-11-22
325,Haley Wilson DVM,melissa70@example.org,"2464 Howell Field West Susanbury, ID 09564",2020-01-13
326,Angela Richardson,jprice@example.org,"6651 Young Motorway Port Mitchell, MI 42709",2023-02-17
327,Nicole Thomas,brandi68@example.org,"0529 Howell Gardens Apt. 765 Aprilchester, PA 82298",2023-07-04
328,Sara Potts,williamfrench@example.com,"8180 David Grove Suite 128 Austintown, VA 39757",2020-08-06
329,Pamela Cohen,taylortheodore@example.com,"47946 Foster Mountain Richardsonshire, ID 00631",2024-05-30
330,Douglas Garcia,sherri35@example.com,"3562 April Landing Apt. 004 South Paul, WV 31676",2021-09-18
331,Mrs. Michelle Johnson PhD,joseburke@example.org,"11415 Scott Springs Powersberg, VT 70140",2023-04-14
332,Joseph Smith,ronniebaker@example.org,"3974 Jessica Forges Port Rachael, PR 80804",2020-05-11
333,Elizabeth Jenkins,carlosweaver@example.net,"492 William Squares Suite 584 South Ruth, RI 06537",2020-01-26
334,Anna Zimmerman,donald17@example.com,"218 Baker Island Apt. 154 Morrismouth, FL 22821",2023-03-24
335,Scott Newton,montgomeryjason@example.org,"198 Burke Lodge Curryville, KY 02872",2023-10-17
336,Cindy Dunn,alvarezemily@example.net,Unit 4467 Box 0988 DPO AE 21963,2022-10-26
337,Shelly Mayer,david40@example.net,"84337 Darren Curve New Biancaville, AR 40240",2022-05-11
338,Eric Baker,herreramichael@example.org,"747 Lisa Walks Suite 676 North Tyrone, FM 15082",2023-10-09
339,Cynthia Thomas,michael77@example.com,"960 Roy Burg West Robertmouth, CO 69172",2022-07-19
340,Emma Porter,ulewis@example.org,"1976 Allison Mountains South Thomas, PW 77466",2020-02-28
341,Colleen Anderson,davidshaw@example.net,"55208 Matthew Gateway Seanland, PR 76092",2024-04-17
342,Steven Campbell III,olin@example.com,USS Hester FPO AP 42315,2022-04-06
343,Jose Martinez,christianblackwell@example.org,"57415 Cummings Street Apt. 536 Grayland, VI 00536",2024-09-02
344,Suzanne Stokes,iramirez@example.net,"758 Brent Bypass New Mark, AL 09850",2022-08-13
345,Dawn Pittman,johnhendricks@example.org,"17543 Ebony Village Susanchester, KS 46038",2022-12-05
346,Samantha Butler,mreynolds@example.org,"195 Ramirez Points South Stephaniehaven, KY 38041",2022-08-31
347,Kristen Carter,carolyn12@example.net,"69437 Ashley Lodge Apt. 586 Petertown, PW 50775",2024-06-19
348,Jordan Wells,james81@example.org,"677 Teresa Throughway Suite 258 Maloneburgh, DE 08169",2022-12-30
349,David Johnson,juliaclark@example.org,"80912 Richard Ridges Suite 323 West Markfurt, LA 33490",2021-06-30
350,Richard Glenn,lawrencekenneth@example.net,"876 Monique Springs Port Michael, NC 71184",2020-07-19
351,Jerry Barron,angel65@example.org,"3916 Brooks Row Apt. 249 North Juliechester, AK 39705",2021-11-01
352,Dustin Campos,weberjay@example.net,USS Walker FPO AE 20604,2020-07-30
353,Michael Sims MD,elizabeth07@example.org,"40149 Sue Inlet Lake Diamond, TX 63648",2024-02-09
354,Charles Grimes DDS,jhoward@example.com,"15044 Brock Mount Apt. 019 New Loriville, RI 37548",2021-04-21
355,Stephanie Simmons,hhansen@example.org,"952 Chad Landing Lake David, NJ 28494",2023-10-28
356,Francis Brown,vchavez@example.com,"9814 Sherry Spur New Michael, UT 40159",2021-09-22
357,Arthur Phillips MD,watkinsernest@example.org,"04252 Taylor Station Apt. 633 West Donaldborough, MT 48024",2021-10-31
358,Jeremy Hawkins,duncanmark@example.com,"470 Stark Tunnel Suite 141 Jennastad, MT 97062",2022-02-24
359,Robert Campbell,deborah87@example.net,"73283 Suarez Unions Reneeborough, AR 93027",2023-08-25
360,David Mccullough,collinsmichael@example.com,"393 Burke Views Suite 886 New Johnville, SD 10873",2021-05-20
361,Alfred Brooks,phillipscindy@example.com,"40552 Ray Burg Apt. 103 Abigailport, IL 60777",2021-09-23
362,Mr. Mike Palmer MD,riverajennifer@example.net,"3265 Rhodes Lodge Apt. 160 West Elizabethmouth, MA 96641",2023-04-25
363,Justin Leach,bdelacruz@example.org,"72490 Michael Glens Suite 118 Stevensonfurt, WV 69742",2024-10-01
364,Austin Hurst,kflores@example.com,"79339 Kathleen Crossroad Suite 004 South Sherry, SC 23259",2023-03-14
365,Kathryn Davis,chad05@example.net,"52885 Wendy Shore Taylorfort, OH 14733",2022-01-24
366,Brandon Haynes,susanfoster@example.com,"89217 Palmer Drives Apt. 961 Brandyside, WI 70265",2020-12-24
367,Nicholas Bennett,alisontaylor@example.org,"24285 Cody Brooks Suite 031 Port Jacqueline, ME 72669",2022-04-15
368,Patrick Hughes,pamela87@example.net,"540 Duane Parks Suite 227 Gregorytown, CA 11962",2023-09-03
369,Amy Wilson,davidbenson@example.org,"1754 Jones Estates Apt. 385 Port Jerry, NV 65366",2024-02-08
370,Robert Rodriguez,carrie52@example.com,"18302 Jacqueline Plains Krausemouth, VA 73767",2024-09-25
371,Thomas Greer,braymelissa@example.com,"381 Daniel Forks Suite 395 Kellermouth, IL 25918",2023-04-07
372,Cody Johnson,alexander60@example.com,USNV Morris FPO AP 86107,2023-08-14
373,Emily Castillo,urhodes@example.com,"60071 Chelsea Club Suite 158 Michaelfort, OH 39215",2021-06-02
374,Katherine Holmes,jeffrey54@example.net,Unit 1583 Box 9823 DPO AE 14672,2023-12-04
375,Mrs. Dominique Gonzalez,ashley80@example.net,"245 Maurice Lights Apt. 035 New Lauren, PW 94547",2023-02-17
376,Kristin Lawson,samuel52@example.com,"150 Mary Village South Amberside, IN 81881",2020-06-07
377,Corey Wilson,justinwebb@example.com,"235 Angelica Pike Apt. 910 Port Williamborough, UT 14145",2020-11-02
378,Dr. Victoria Douglas,lisajacobs@example.com,"82908 Jamie Creek Apt. 949 Tanyahaven, SD 51170",2024-02-25
379,Anthony Clark,vegarobert@example.org,"98770 Wheeler Run East Natalie, PR 81649",2020-04-10
380,Ashley Mclaughlin,williamschristian@example.org,"1405 Woods Orchard Jonesberg, CA 19427",2023-04-07
381,Richard Harris,tannergreen@example.org,"280 Medina Loaf Port Thomasport, ND 49892",2023-11-18
382,Eric Robinson,smithkeith@example.org,"465 Susan Extension Suite 945 South Danielle, DC 23215",2024-08-15
383,Ann Williamson,richardsonclayton@example.com,"70153 Joseph Well Paulfurt, AS 63931",2022-02-25
384,Jonathan Brown,brentmartin@example.org,"571 Jake Branch Thomasport, VT 22555",2022-05-13
385,Brent Lewis,monica71@example.com,"45736 Jensen Lake Kennedystad, IL 28485",2022-05-19
386,Stefanie Ellison,brian07@example.com,"4157 Gregory Light Apt. 263 New Faithstad, GU 72050",2020-11-12
387,Angelica Brooks,rgrimes@example.net,"7123 Daniel Stream Scottburgh, AL 92034",2021-08-23
388,Mrs. Kaitlin Stark,bryancunningham@example.com,"270 Douglas Well West Michael, OH 45134",2023-11-27
389,Gregory Murray,millerjohn@example.net,"376 Phillips Hollow Suite 205 Port Rachelbury, MO 50278",2020-02-19
390,Kristy Johnson,shepardjennifer@example.org,"02938 Heather Fort Ronaldton, OH 48901",2021-03-12
391,Lauren Washington,clarkjill@example.org,"7773 Stevens Flats Suite 581 South Amanda, DE 46263",2020-11-02
392,Katherine Gaines,michaelthomas@example.org,"PSC 0305, Box 9556 APO AA 63414",2022-01-30
393,Rhonda Hicks,ashleydavis@example.net,"PSC 3222, Box 0044 APO AE 39234",2021-12-24
394,Brian Kemp,fherrera@example.org,"7855 Washington Wells Suite 675 Terryshire, AR 94948",2020-02-12
395,Karen Hayes,ezavala@example.net,"908 Jennifer Village Suite 478 Martinfort, OH 64251",2022-12-13
396,Kevin Lynch,rwarner@example.net,"275 Maria Lodge Apt. 128 New William, LA 75091",2021-03-07
397,Terrence Smith,angelarose@example.org,"PSC 8871, Box 8456 APO AE 04410",2021-11-16
398,Tiffany Thomas,matthew98@example.com,"098 Carl Meadows West Holly, CT 33139",2022-03-09
399,Laura Harper,debragilbert@example.org,"923 Gonzalez Alley Perezmouth, MI 41847",2024-05-16
400,Janice Reese,xjohnson@example.org,"820 Melissa Passage Suite 333 New Michelle, OK 55916",2020-04-27
401,Ryan Ramos,aprilperez@example.org,"31871 Evan Circle Suite 226 East Angela, ME 48493",2022-07-23
402,Gregory Delacruz,kathryncarter@example.org,"PSC 2904, Box 6347 APO AE 91743",2020-10-03
403,Jennifer Clark,nanderson@example.com,"3157 Preston Pines Apt. 730 Englishport, RI 75959",2023-03-13
404,Christopher Spencer,joshuagriffin@example.com,"200 Hood Fort Apt. 325 Duaneshire, GU 19936",2020-02-25
405,Donna Johnson,nuneznicole@example.org,"002 Dunn Stream Apt. 128 New Timothyfort, LA 06039",2020-11-30
406,Tara Green,perezjoel@example.com,"64130 Ford Mount Apt. 831 New Danielport, NC 15778",2020-05-08
407,Adam Murphy,fvang@example.net,"95870 Hall Branch New Timothymouth, VA 58018",2020-08-18
408,Ryan Long,franklindenise@example.com,"144 Ford Walks South Staceyville, NY 09922",2021-08-29
409,Suzanne Carson,epeterson@example.org,"3354 Richardson Avenue Apt. 481 Lake Dakota, ME 12635",2021-03-07
410,Jose Evans,brendasilva@example.com,"32638 Lee Mountain Suite 943 South Patriciaborough, MH 40181",2020-10-26
411,Mr. Bradley Flores,qmyers@example.net,"29743 Velasquez Manors Port Valeriechester, MO 92238",2023-12-28
412,Nathaniel Young,walkerallison@example.net,"416 Jacqueline Viaduct Suite 446 West Williamborough, HI 95264",2023-10-06
413,Dakota Berry,trujilloashley@example.net,"719 Dunlap Village Apt. 063 Lake Cynthia, PW 45311",2020-12-24
414,Emily Moss,munozpatrick@example.net,"94970 Coffey Lock Suite 407 North Nicole, PR 77571",2021-09-02
415,Ryan Deleon,qbeard@example.com,"95854 Paul Pass Apt. 016 North Chelseaport, NE 81284",2024-09-03
416,Shawn Padilla,dennis20@example.net,"12952 Raven Orchard Johnsonshire, TN 58669",2023-07-28
417,Charles Avila,wjohnson@example.org,"27729 Hector Underpass Suite 304 Traceyland, VT 20888",2020-06-23
418,Sean Johnson,spencer86@example.com,"8160 Levi Ridges Andrewburgh, SC 61732",2021-06-23
419,Andrea Bennett,ttapia@example.net,"768 Jenkins Glens Lake Lori, RI 62492",2021-04-24
420,Alexander White,clong@example.org,USNS Gonzalez FPO AA 46079,2022-05-31
421,Charlotte Velez,bconway@example.com,"5988 Jeffrey Mission Apt. 308 New Marychester, KS 47322",2022-01-10
422,Jonathan Davis,michaelrivera@example.net,"8460 Ward Key Port Janice, MH 88641",2024-02-19
423,Daniel Edwards,owalker@example.org,"71984 Johnson Point Suite 222 Sanchezport, FM 03093",2024-06-18
424,Catherine Garcia,leerobert@example.net,"28066 Freeman Grove North Gregoryborough, IN 39561",2022-04-24
425,Robert Richards,jesusquinn@example.com,"0776 Eric Brook Suite 978 Nashview, LA 36839",2023-12-22
426,Catherine Knight,currydonna@example.net,"326 Davis Springs Port Jeffrey, UT 29281",2020-07-28
427,Linda Baker,nreed@example.org,"790 Phyllis Mission Suite 776 New Sandra, OR 58611",2023-01-10
428,Steve Anderson,morganwyatt@example.org,"88884 Mitchell Mountains Suite 063 Andersonview, ME 64832",2022-02-05
429,Jenny Hicks,liujeffrey@example.com,"690 Mora Trafficway West Gary, GU 83607",2020-01-30
430,Antonio Perry,schmidtlaurie@example.net,"257 Renee Meadow Apt. 396 Lake Philipmouth, KS 68342",2021-01-27
431,Lori Harris,robertortega@example.org,"2518 Kristi Corners Reevesview, SD 46061",2021-06-17
432,Mary Floyd,iconley@example.com,"401 Erica Grove Patrickshire, DC 22892",2024-07-13
433,Kristen James,cdean@example.org,"8640 Lawson Fields Suite 137 South Jessica, CA 64261",2024-09-19
434,Scott Bailey,smithxavier@example.net,"44398 Kristen Circles Apt. 560 East Rhonda, AK 11457",2020-05-14
435,Sharon White,lwhite@example.com,"9573 Christina Walk Suite 914 Kristinaborough, DE 02270",2022-05-19
436,William Silva,griffinnatalie@example.net,"792 Mark Village Apt. 657 West Felicia, FL 95625",2021-06-17
437,Vanessa Wilkinson,olivia96@example.net,"19597 Jones Circles North Emilyberg, NH 94052",2023-12-06
438,Elizabeth Miller,michaeljohnson@example.net,"8026 Jillian Estates South Bruceburgh, LA 97611",2020-02-26
439,John Martin,tjohnson@example.com,"PSC 5734, Box 5854 APO AP 81424",2021-07-20
440,Laurie Jacobs,ortizandrew@example.org,"062 Wallace Wells Hermanberg, SD 66097",2021-08-08
441,Shawn Lindsey,cheryl63@example.org,"66557 Pamela Cliffs Suite 117 Chanville, VT 82236",2020-05-22
442,Johnathan Hammond,portercatherine@example.com,"1366 Macdonald Route Suite 847 Whitemouth, WY 09421",2020-09-21
443,Hannah Hernandez,pcole@example.com,"793 Valerie Fields Emilyborough, AZ 54654",2024-03-13
444,Jessica Jordan MD,ksimon@example.net,"316 James Drive West Christopherfurt, NY 00580",2022-08-23
445,Sierra Suarez,taylorjeremy@example.org,"7290 Warren Avenue Suite 277 Lake Rebecca, WY 00715",2022-01-22
446,Nathaniel Abbott,froberts@example.com,"8037 Katelyn View West Anitafort, TX 27085",2024-07-18
447,John Wagner,izhang@example.com,"83018 Doyle Crescent Apt. 908 Jaredfort, LA 26732",2022-01-06
448,Charles Velez,robert20@example.com,"1920 Lewis View Karlaview, GA 81915",2022-01-25
449,Denise Garcia,garrettmartin@example.net,"6676 Kimberly Village Perryberg, AK 17289",2023-03-09
450,Jessica Griffith,darrensullivan@example.com,"88354 Wolfe Stream Apt. 174 New Aaron, PW 30940",2022-01-01
451,Holly Jackson,dillon51@example.net,"3068 Erin Dale Apt. 575 Brandiside, UT 63830",2021-01-22
452,Michelle Sparks,wendy30@example.org,"26980 Williams Coves West Tina, AZ 51436",2023-05-19
453,Christina Phelps,tiffany72@example.com,"29441 Sally Turnpike Piercefort, PR 69751",2020-12-26
454,Glenn Perez,duncandebra@example.org,"790 Levi Junction Normanmouth, NJ 73698",2023-12-12
455,Charles Campbell,pwatkins@example.org,"4434 Mcpherson Mills East Patrickville, MA 83048",2023-03-10
456,Yvonne Ayala,michaelmolina@example.org,"220 Christine Valleys New Annbury, DE 46109",2020-11-19
457,Francisco Jones,rodriguezjoy@example.net,"779 Peterson Islands Suite 794 Bellstad, FL 55256",2021-03-11
458,James Kim DVM,sjohnson@example.com,"016 Peter Roads West John, UT 26960",2023-02-14
459,Donna West,bhampton@example.com,Unit 8397 Box 4183 DPO AP 67013,2023-01-07
460,Thomas Trevino,johnsonmikayla@example.net,"4905 Little Plains Apt. 199 Lake Jonathan, FM 97113",2024-04-24
461,Mark Moody,newmanmitchell@example.org,"PSC 6327, Box 9338 APO AA 85263",2023-12-31
462,Natalie Johnson,michelewalker@example.org,"6073 Valenzuela Ford Collinsberg, IL 91241",2022-07-10
463,Sharon Smith,morganpeter@example.org,"2809 Warner Trafficway Marshallport, LA 67951",2020-03-07
464,Joshua Rogers,tonya60@example.org,"0020 Mary Lakes Apt. 467 Justintown, NM 64704",2021-06-15
465,Michael Whitaker,valdezstephen@example.com,"1717 Winters Canyon Lewisport, KS 69363",2023-05-03
466,Caleb Williams,scarter@example.net,"636 Henry Bridge New Nathanielland, NY 47076",2021-02-10
467,Craig Campos,annchambers@example.com,"19310 Vincent Shores North Jon, LA 74267",2023-03-23
468,Troy Chapman,kgilbert@example.net,"30712 Lindsey Fort Suite 845 Lake Eric, PA 29705",2021-07-05
469,Alexander Robinson,zrivera@example.net,"797 Dixon Junctions Suite 718 Karenview, TX 80059",2022-12-27
470,Debra Simmons,harrisonrachel@example.net,"588 Garcia Greens Apt. 548 East Robert, ND 67840",2023-10-14
471,Joshua Terry,carolyn27@example.org,"910 Anderson Parkway East Williamfort, WI 82404",2021-03-06
472,Brandi Dillon,perezjoshua@example.net,"4383 Grimes Fords Justinmouth, WY 58963",2024-05-17
473,David Cook,dwaller@example.net,"32927 Johnathan Radial Sandersview, FM 36313",2021-04-27
474,Christina Johnson,kelly90@example.com,"9921 Lawson Ferry West Juan, SD 30936",2022-12-16
475,David Hill,ugreene@example.com,"42120 Ramirez Pine Apt. 896 Jeanetteside, PW 37341",2023-12-28
476,Jesse Stanley,kingolivia@example.com,USNS Martinez FPO AA 65622,2024-04-21
477,Leah Peters,bwilliams@example.org,"287 Reeves Club Apt. 395 Chaveztown, MA 21960",2023-02-27
478,Sabrina Duncan,peterseneric@example.org,USNS Murray FPO AA 03242,2023-01-20
479,Wayne Powell,mitchelljerry@example.com,"57601 Brandon Common Suite 912 Port Lauraside, IA 42378",2023-07-29
480,Joseph Barajas,kristentaylor@example.com,"9162 Moody Villages Gibbsville, VI 24877",2020-10-01
481,Dennis Brown,christine33@example.com,"1008 Taylor Junction Port Brandonstad, FL 57750",2022-08-29
482,Sean Cruz,xguzman@example.com,"89247 Adams Mountain Apt. 674 West Masonburgh, IN 96693",2020-02-25
483,Alan Bates,fflores@example.com,"925 Elizabeth Parks Michelleburgh, UT 86189",2022-10-03
484,Roy Davis,courtneysmith@example.org,"62289 Karen Glens Suite 051 North Rebecca, NV 23444",2020-02-17
485,Michael Newman,diazolivia@example.com,"68087 Teresa Bridge Suite 876 Michellefort, MO 06245",2020-11-08
486,Julie Williams,rschmidt@example.net,"2864 Taylor Key Suite 354 Delgadoside, VI 92426",2020-02-25
487,Linda Wade,batescaleb@example.com,"10845 Monica Trace Apt. 291 Thompsonfurt, NC 78974",2023-07-07
488,Zachary Hall,wharvey@example.org,"37689 Michael Prairie Suite 620 Robinsonshire, MN 72564",2021-10-25
489,Tammy Gregory,oscott@example.com,"3911 Scott Lights Suite 396 Gardnerfurt, NH 07299",2020-03-08
490,Gabriel Cardenas,equinn@example.net,"38176 Johnson Crest Richardfurt, PW 11227",2020-02-14
491,Todd Baker,joel10@example.net,"393 Peterson Vista Apt. 707 Davidhaven, PA 18260",2020-12-31
492,Tanner Smith,phughes@example.com,"906 Tina Run Lake Robert, VT 04973",2023-08-25
493,Haley Williams,gjordan@example.net,"0813 Amy Hollow Suite 440 South Brian, WA 77492",2021-05-15
494,Amanda Padilla,lauragonzalez@example.net,"96879 Hill Streets Phelpsport, IN 97810",2020-02-10
495,Gwendolyn Jackson,shaunfletcher@example.org,"849 John Well Suite 756 Michealville, DE 56768",2020-02-24
496,Cassandra Beck,sarah56@example.org,"003 Christina Hill Rogerhaven, AZ 14273",2020-10-22
497,Keith Quinn Jr.,stephensmichael@example.org,"02848 Maxwell Throughway North Coltonshire, MH 66533",2022-08-23
498,Kelly Mendoza,xblack@example.net,"107 Kendra Path North Jack, PR 69769",2024-04-08
499,Megan Lopez,joshuaturner@example.com,"940 Nelson Causeway Cartermouth, LA 55252",2022-01-25
500,Joshua Ramirez,janet31@example.com,"61395 Kristina Springs Apt. 042 Sherrymouth, NY 92924",2024-01-09
