id,name,email,address,date_joined
1,Cody Smith,kpadilla@example.net,"676 Hodges Walks Raymondtown, MP 95532",2022-02-16
2,Brandon Hoffman,daniel44@example.net,"3881 Natalie Dam Suite 072 North Alexanderfort, ME 15806",2023-02-13
3,Jessica Hampton,bethany50@example.org,"686 Jimmy Dale Apt. 862 New Emmaville, KS 99170",2023-04-16
4,Lauren Salinas,angela11@example.com,"9265 Mark Branch North Charleschester, NH 28830",2023-09-26
5,Mark Murphy,montgomeryalexandria@example.com,"3277 Monique Glen Apt. 902 New Brianhaven, KS 09440",2024-01-05
6,Eric Ellis,sarah48@example.com,"993 Gregory Tunnel Suite 018 Port Cody, WY 22496",2021-03-07
7,William Velazquez,ojones@example.com,"60523 Vargas View Apt. 120 Clarkview, CA 64199",2023-06-06
8,Brenda Hancock,mary58@example.com,"06926 Teresa Squares Apt. 535 West Morgantown, MP 09728",2024-05-24
9,Kevin Morgan,jennifer59@example.com,"PSC 6191, Box 0974 APO AE 63639",2022-02-23
10,Molly Taylor,robert67@example.net,"211 Wendy Creek Pooleberg, KS 76727",2024-06-26
11,Angelica Chandler,ehansen@example.org,"204 Jill Corner New Sherrichester, WA 69226",2023-04-23
12,Melissa Robbins,sara92@example.com,"516 Harmon Grove Apt. 035 Port Dana, WV 15928",2021-05-29
13,Jessica Young,katherine45@example.com,"39675 Heather Extension East Robertshire, KY 92159",2022-11-11
14,Christopher Richardson,edward73@example.net,"82364 Dawn Union New Peterport, OR 02155",2023-10-17
15,Dustin Tate,lararhonda@example.com,USCGC Smith FPO AP 34211,2023-06-30
16,Miguel Quinn,adrienne56@example.com,USNS Johnson FPO AA 46697,2022-09-19
17,Sarah Chandler,qsmith@example.org,"570 Miles Summit Annaside, SD 49029",2023-07-13
18,Anthony Williams,shannonbrown@example.net,"39130 Shane Island Veronicashire, ID 51189",2023-08-03
19,Peter Garner,weavermelissa@example.net,Unit 1854 Box 9361 DPO AA 31093,2021-06-05
20,Brian Burgess,brianjohnson@example.com,"2384 Amy Mews Apt. 493 Jeremyborough, VI 08708",2020-04-29
21,Nicholas Martinez,mwise@example.com,"3492 Daniel Island Suite 460 Martinville, NE 66278",2023-05-29
22,Deborah Jones,nramirez@example.com,"36804 Susan Roads Julianfurt, TX 21078",2022-03-26
23,Donna Gonzalez,mcmahonxavier@example.org,"250 Morrison Way Apt. 881 Port Jennifer, NM 71954",2024-02-05
24,Alison Thompson,carla29@example.com,"37281 Wanda Trail North David, WY 44222",2024-01-28
25,Marcus Williams,harriseduardo@example.org,"377 Johnny Run Howardborough, UT 78855",2022-11-14
26,Erica Fuller,amandahughes@example.org,"74675 Joan Hollow Ryanchester, NM 18490",2023-08-30
27,Ryan Brown,guzmanjason@example.org,"69127 Bartlett Port Suite 055 Port Dawnland, NV 63062",2021-06-17
28,Kurt White,jameskelly@example.org,"53749 Mills Isle Bellburgh, NM 09282",2022-05-29
29,Evan Black,wallen@example.com,"2936 Ortiz Park Apt. 141 Port Brandonfurt, VI 03151",2020-04-01
30,Matthew Miller,aimee00@example.net,"97928 Elizabeth Points Jamestown, WV 78792",2020-02-05
31,Sarah Willis,reyesbrian@example.net,USNV Pope FPO AP 44864,2021-02-23
32,Zachary Obrien,jamieandrews@example.com,"6329 Eric Keys Burketon, RI 85598",2020-09-30
33,Katherine Stone,kelly08@example.org,"59802 David Hills Apt. 638 Port Jenna, MA 40098",2020-01-24
34,Hannah Barber,whitakertracy@example.net,"573 Lauren Haven Graymouth, DE 85656",2021-01-09
35,Philip Patel,istephenson@example.com,"7365 Alfred Lodge Apt. 253 Warrenborough, NE 17399",2020-09-28
36,Patricia Paul,christina15@example.net,"8459 Christina Highway Suite 390 Sabrinabury, MO 18544",2021-09-08
37,Anthony Jackson,gregoryjeanette@example.com,"1752 Luna Forest Benjaminmouth, WA 95144",2021-11-24
38,Nicole Carr,michaelwatson@example.com,"2012 Caitlyn Underpass Suite 615 Cruzchester, RI 99109",2020-10-28
39,Micheal Garcia,awilliams@example.com,"PSC 6839, Box 3958 APO AP 05583",2022-07-14
40,Thomas Evans,piercejohn@example.com,"749 Mary Knoll North Timothy, VI 13790",2023-02-24
41,Susan Davis,murphytamara@example.net,"87445 Donald Estate Lauraville, MA 43929",2023-03-01
42,Daniel Montgomery,mthompson@example.com,"561 Stewart Grove Dunnchester, NM 62832",2020-02-13
43,Michelle Morales,goodwinbianca@example.com,USNS Terrell FPO AP 67266,2020-09-04
44,Brittany Morris,michael10@example.org,"18248 Mccann Tunnel Suite 606 Aaronville, SC 68742",2020-12-11
45,Lisa Ryan,muellerbrian@example.com,"6159 Paula Cliffs North Stevenbury, AZ 11885",2024-08-26
46,Belinda Wilson,amber42@example.com,"353 James Hollow South Ericamouth, IA 58331",2020-12-06
47,Kathy Martin,qarnold@example.org,"2860 Tiffany Mews Phillipsstad, UT 46922",2022-07-04
48,Karen Williamson,xstevens@example.com,"7469 Matthew Lodge Apt. 371 Reedmouth, VA 10367",2023-10-11
49,Jennifer Hodge,georgejonathan@example.org,"967 Gallegos Prairie Wilsonburgh, NC 34685",2022-12-26
50,Mark Johnston,willistami@example.net,"86593 Kathryn Centers Mooreland, NV 91158",2023-05-27
51,John Solis,jonwong@example.net,"710 Kyle Square Jensenport, AZ 85833",2020-07-25
52,Katie Holt,candace89@example.net,Unit 4269 Box 1387 DPO AP 42521,2021-11-03
53,Danielle Riley,masoncathy@example.org,"14332 Emily Spurs Suite 760 North Megantown, WI 13111",2022-05-16
54,Brian Wilkins,ryan84@example.com,USNS Nunez FPO AA 08521,2021-06-26
55,Matthew Walker,dmorgan@example.com,"07884 Mason Burg Josephville, WI 35065",2023-12-13
56,Sharon Mccoy,dlarson@example.com,USS Doyle FPO AA 98193,2020-06-22
57,Shawna Campbell,bmyers@example.net,"603 Angel Spring Suite 123 South Kenneth, UT 88085",2022-06-28
58,Jamie Myers,crystal74@example.com,"92009 Willis Estate Apt. 079 Rileytown, NY 82182",2021-06-11
59,Theresa Ortiz,justin03@example.com,"2392 Davidson Unions New Angelicashire, WI 82787",2023-01-31
60,Christopher Patterson,melindajohnson@example.net,"692 Hill Hill Suite 044 Troytown, VI 58894",2020-01-17
61,James Erickson,zachary04@example.org,USNV Todd FPO AA 51250,2024-03-11
62,Erik Wilson,kelly25@example.org,"1081 John Common Apt. 628 East Davidburgh, MA 08957",2020-06-16
63,Jeffrey Lee II,oaguilar@example.com,"65362 Allen Gardens Suite 819 Christopherstad, VA 43235",2023-07-13
64,Sharon Odonnell,thompsonkatherine@example.org,"4800 Smith Crescent Patelmouth, LA 04394",2023-10-01
65,Meredith Rodriguez,jorge38@example.com,"5491 Sabrina Hill Apt. 304 New Jason, IA 19356",2022-04-04
66,Michele Livingston,liuwendy@example.com,"PSC 0608, Box 3467 APO AE 39083",2024-07-11
67,Holly Garcia,jeffreyrhodes@example.org,"3480 Catherine Lodge North Amy, MD 20077",2022-01-28
68,Stephen White,elliottemma@example.net,Unit 3258 Box 3812 DPO AA 61433,2023-12-18
69,Brenda Graham,whitechristopher@example.org,"124 Pamela Squares Suite 450 Campbellborough, GU 31912",2023-03-25
70,Haley Thompson,cortezkevin@example.com,"4733 Michael Manor Apt. 109 South Krystalburgh, DE 27167",2020-03-18
71,Michael Smith,lambandrea@example.net,"PSC 8810, Box 8373 APO AP 23076",2022-11-25
72,Charles Walker,brownjon@example.net,"48052 Deanna Roads Suite 669 North Jessica, SD 98071",2024-04-15
73,Madison Serrano,zacharylee@example.com,"64510 Thompson Rue Hintonborough, AL 36518",2022-11-03
74,Alexander Forbes,greensheila@example.org,"1803 Joshua Club Suite 334 Johnport, IA 95274",2024-07-10
75,Amanda Cox DVM,heathermitchell@example.net,"924 Hunt Alley Suite 530 East Autumnmouth, IA 06586",2020-11-01
76,Noah Miller,williamellis@example.com,"127 Mitchell Inlet Hunterchester, AZ 25197",2024-05-12
77,Nathan Brooks,larry97@example.net,"98047 Bell Walk Deanview, IL 83976",2020-12-25
78,Daniel Parsons,bobarmstrong@example.net,USNV Cannon FPO AP 90216,2022-06-01
79,Angela Soto,davismorgan@example.net,USCGC Ewing FPO AA 74006,2023-06-21
80,Tyler Young,aalvarez@example.net,"024 Amy Fort Millerburgh, AS 31796",2021-08-08
81,Stephanie Harmon,mosleydeborah@example.net,"3661 Destiny Path Suite 971 Harrisonland, TN 85486",2022-09-05
82,Kenneth Rodriguez,anthony22@example.org,"PSC 0825, Box 9170 APO AE 02837",2021-02-21
83,Robert Gonzalez,vegamichael@example.com,"85221 Mclean Station Suite 700 Marioland, FM 67708",2021-05-28
84,Renee Wagner,stevensonsonya@example.com,"7386 David Shores Suite 368 South Ashley, UT 95674",2021-07-02
85,Paul Cortez,margaret92@example.org,"97033 Damon Islands Sandersbury, NC 49908",2024-09-19
86,Brooke Evans,fieldstracy@example.org,"5090 Michelle Valleys Suite 384 Lake Matthewburgh, IN 49343",2024-06-01
87,Kathryn Kaiser,jody04@example.net,"7266 Mary Views New Donnamouth, MS 18177",2021-01-06
88,Traci Martinez,bstewart@example.com,"762 Banks Point Apt. 954 Shanechester, MO 20645",2022-05-12
89,Robert Wilson,hudsonheather@example.com,"8499 Jackson Lights Georgeport, MI 58393",2020-11-07
90,Sandy Sparks,mooremonica@example.org,"563 Stone Trail Lake Georgeberg, UT 01747",2023-02-14
91,Samantha Elliott,adamsthomas@example.com,"062 Gray Crest Liborough, ND 56510",2022-01-09
92,Arthur Aguirre,melissa84@example.com,"311 Larry Points Cervantesfort, WI 70671",2023-11-03
93,Kristina Hernandez,amandajones@example.org,"093 Christian Park Abbottville, OR 40551",2022-01-29
94,Mary Bailey,davisjustin@example.net,Unit 7352 Box 7635 DPO AP 07471,2020-11-20
95,Anthony Barnett,ecarney@example.net,"4483 Anthony Squares Cobbmouth, LA 99165",2022-04-25
96,Stephanie Taylor,ymason@example.com,"67612 Mark Fords Marcusville, MS 29881",2023-01-24
97,Daniel Thornton,lanepeter@example.org,"633 Mendoza Mission Apt. 123 Lake Pamela, AR 46695",2023-09-19
98,David Daniel,danieljones@example.com,USCGC Bennett FPO AE 38319,2024-03-17
99,Michael Snyder,osmith@example.org,"3208 Anthony Trafficway Apt. 335 West Juliaton, AL 28653",2024-04-14
100,Tamara Maldonado,acostaamber@example.org,"808 Daniel Mall Suite 149 Joshuahaven, VT 08030",2023-03-18
101,Shannon Gould,fpeterson@example.net,"148 Samantha Neck Lake Edwardstad, DE 98720",2024-05-31
102,Marissa Farmer,jason07@example.net,"360 Norris Mills Suite 158 Parrishmouth, MA 11805",2021-01-07
103,Manuel Saunders,cochranelizabeth@example.org,"940 Duane Meadow Suite 771 Youngstad, AZ 24976",2022-03-27
104,Morgan Collins,teresavelazquez@example.net,"951 Kevin Cove Apt. 581 Christopherview, ID 98576",2024-05-07
105,Joshua Gutierrez,wyatt65@example.net,"02734 Moore Inlet West Derrickfurt, GA 85478",2023-09-08
106,Sharon Rios,karen85@example.net,"579 Beltran Fort New Faith, ND 87527",2023-10-23
107,Vincent Curtis,jay04@example.com,USCGC Oliver FPO AA 51037,2023-06-08
108,Hunter Weaver,russellheidi@example.net,"0202 Thomas Plaza Beverlyshire, WV 95661",2022-05-29
109,Jeffrey Bates,matthewmckinney@example.com,"282 Douglas Forks Suite 855 Bridgetberg, MT 35749",2020-09-20
110,Erin Obrien,fbond@example.com,"525 Hendricks Roads Apt. 023 Lake Heidi, MO 20798",2023-08-16
111,Denise Rojas,munozbryan@example.com,"200 Stacy Terrace North Jamesport, AZ 16921",2020-08-08
112,Andrew Kent,karenbrown@example.org,"10635 Dean Ports South Sonya, HI 93277",2022-10-22
113,Thomas Miller,littlemichelle@example.net,"5658 Margaret Tunnel Suite 631 South Holly, UT 79588",2023-09-04
114,Amanda Mccall,pamelabennett@example.net,"15245 Hughes Cape South Bernard, GA 96175",2023-03-31
115,Rebecca Armstrong,kevin21@example.net,"8226 Elijah Route Port Bernardmouth, GA 95415",2024-03-16
116,Laura Torres,paigebailey@example.org,"67581 Johns Vista Suite 016 Ortizbury, AS 82532",2024-08-01
117,Bradley Ross,jamesfuller@example.org,"664 Alexander Summit Apt. 663 Bookerville, RI 14671",2021-03-05
118,Gregory Shelton,ganderson@example.com,"79261 Jenkins Loaf South Rachel, MO 23128",2020-08-16
119,Melissa Bennett,danieljohnson@example.com,"4887 Margaret Crescent West Tammyberg, KY 70492",2020-09-11
120,Erica Moss,kelly04@example.com,"704 Shepard Tunnel East Richard, TN 91868",2023-03-28
121,Jasmine Ramos,jeffrey74@example.org,"72739 Jensen Locks Melissaland, MI 62801",2021-09-11
122,Brandi Howard,jenniferdavis@example.org,"314 Michael Trafficway Roystad, IL 47163",2021-01-12
123,Shelby Torres,edwardsashley@example.com,"897 Wilkerson Fall Apt. 756 New Timothy, WA 64307",2020-03-20
124,Nancy Aguilar,harrisonbarbara@example.com,"PSC 5202, Box 0176 APO AP 17598",2023-07-04
125,Courtney Fuller,tonytaylor@example.com,"13460 Maria Point Apt. 947 New Paul, GU 87749",2022-03-02
126,John Rogers,matthew11@example.net,"478 Michael Harbor Port Johnnystad, LA 66677",2020-04-18
127,Rachel Friedman,juanle@example.org,"35659 Fletcher Forge Suite 922 Nealview, NJ 72110",2021-02-11
128,Olivia Patel,anthony31@example.org,"875 Sandra Gateway Apt. 092 New Sabrina, KS 63962",2022-04-11
129,Melissa Franklin,kevin05@example.net,"89437 Angela Ridge Orozcoshire, WI 75685",2024-01-16
130,Jesse Peterson,grayandrew@example.org,"PSC 7611, Box 7189 APO AE 24370",2020-05-24
131,Andrew Parks,duarteandrew@example.org,"394 Acosta Turnpike Gonzalezburgh, NY 94700",2020-11-14
132,Steven Smith,michaelreid@example.com,"8719 Humphrey Fields Suite 277 South Kelly, MN 39576",2020-01-15
133,Marie Ferguson,khenson@example.org,"97005 Ramirez Park East Ryanton, SD 96514",2021-10-05
134,Kristen Hoffman,dbell@example.net,"2532 Lucas Lodge Apt. 377 West Juantown, WY 79094",2023-07-29
135,John Carney,richard52@example.com,"93193 Small Point North Victorview, FL 71219",2020-02-14
136,Christopher Brown,dianacampbell@example.com,"141 Freeman Shores Baileyfort, NM 79603",2022-06-18
137,Kenneth Roman,shieldsmitchell@example.net,"8849 Anderson Isle Apt. 598 Ashleyfurt, DE 79125",2023-11-08
138,Kayla Harvey,fking@example.com,"2987 Alicia Loaf New Brenda, MH 57386",2024-08-05
139,Tracey Reynolds,katie38@example.org,"90689 Richard Mews New Kristinhaven, VT 09149",2024-03-21
140,Mr. David Guzman II,frusso@example.com,"881 Gregory Cove Apt. 909 Lake Donaldchester, MD 86293",2023-04-01
141,Vanessa Washington,kerrywarner@example.net,"817 Katherine Alley Apt. 316 Lake Jessica, AS 35533",2021-07-18
142,Ashley Davis,cheryl70@example.org,"8537 Perez Stream Apt. 362 Geoffreyfort, ID 68243",2020-10-02
143,Larry Chung,daltonderek@example.com,"7951 John Row Apt. 701 West Lynn, TX 36384",2023-02-05
144,Kelli Lucero,aaron41@example.com,"8209 Brown Village Weberview, UT 34619",2021-04-26
145,Melissa Moore,richard93@example.net,"298 Caitlin Springs New Stacy, PA 63406",2024-10-06
146,Rebecca Porter,fuentesmary@example.org,"7861 Maldonado Branch Hollowayhaven, MO 72849",2022-03-08
147,Tony Holland,victoriaharrison@example.net,"9461 Carol River Suite 505 North Lisa, UT 18646",2023-07-24
148,Lisa Lopez,douglas59@example.net,"2285 Torres Pine West Josephburgh, MI 75939",2024-07-12
149,James Patel,lhodges@example.org,"82862 Robert Heights Suite 821 Susanmouth, NJ 16076",2024-02-19
150,Candice Cook,robertsamber@example.org,"2058 Wilkins Road Teresachester, TN 49791",2022-08-01
151,James Ewing,emily82@example.org,"76840 Patrick Viaduct New Chadside, ID 26924",2021-12-12
152,Aaron Andersen,ubrown@example.com,"2304 Barnes Gardens Suite 204 Jamesview, GA 20031",2021-12-01
153,Betty Wallace,anthonyjohnson@example.org,"27058 Anthony Road Kimberlyborough, IL 48558",2020-09-22
154,Natalie Carter,phart@example.com,"86296 Pamela Crossroad Cochrantown, TX 46679",2024-05-20
155,Teresa Nelson,danielmorales@example.net,"555 Jennifer Flat Apt. 404 Dunnton, MI 50185",2020-08-01
156,Nicole King,sheilapalmer@example.org,"2804 Linda Walk Suite 844 Port Jamesmouth, NH 54113",2024-07-18
157,Tammie Kim,peterjohnson@example.net,"162 Craig Viaduct New Mark, NM 21305",2022-12-19
158,Melissa Ryan,michelle53@example.org,"724 Cole Mountain Marquezfurt, IN 51095",2021-02-26
159,Mary Harrison,cynthia43@example.org,"55416 Chad Ville Apt. 655 Port Tylerton, TX 61914",2021-03-05
160,Susan Mckenzie,kylecompton@example.com,"3106 Davis Vista Suite 202 Perezville, HI 87255",2023-07-29
161,Tracey Everett,mallorydavis@example.org,"1632 Stafford Summit Suite 792 Edwardport, AS 85820",2021-12-24
162,Christopher Roberts,zwise@example.net,"4757 Charles Estate Apt. 233 Gardnerberg, NH 30705",2020-05-19
163,Kerry Rangel,eboyer@example.org,"816 Lyons Plaza Apt. 563 Davidsonside, MH 62628",2022-06-28
164,Amber Miller,emily41@example.com,"PSC 1193, Box 3859 APO AP 45687",2021-02-17
165,Stephanie Lindsey,jacobvelez@example.org,Unit 4400 Box 4369 DPO AE 37284,2023-03-23
166,Paul Miller,christopherbrady@example.org,"161 Jennifer Springs Derekside, DC 06979",2021-10-13
167,Ashley Martin,schultzkimberly@example.net,Unit 7472 Box 4668 DPO AE 01979,2024-03-31
168,Ryan Miles,lucas56@example.com,"1946 Brewer Crescent Suite 410 Dominiquefurt, HI 68970",2022-10-19
169,Adam Cole,jamesmercado@example.com,"5150 Morris Point Suite 001 New Sierrastad, CA 28537",2021-12-27
170,Robert Jackson,monroesabrina@example.com,"060 Duane Hollow Suite 299 Port Sarahberg, IN 15248",2024-09-27
171,Philip Adams,brittanyduffy@example.net,"10184 Reese Manors Lukestad, MI 28530",2023-10-03
172,Beth Andrews,nicholsonedwin@example.org,"65494 Cassandra Cliffs Apt. 405 West Heidiside, WI 55757",2022-06-14
173,Nicholas Phillips,georgejay@example.net,"30074 Jennifer Tunnel Suite 507 New Robertberg, MI 71451",2022-02-01
174,Jennifer Martinez,zbush@example.com,"94557 Gonzalez Crest Suite 069 Port Christopher, AL 21984",2020-12-03
175,Jade Solis,davissusan@example.net,"131 Dana Coves Suite 026 West Shawn, NC 31597",2024-02-20
176,Angela Robinson,williamsmichelle@example.net,"403 Elaine Knoll Apt. 970 Andrewton, PW 16477",2024-02-29
177,Bridget Brown,erikamorrison@example.com,"63144 Joseph Field Port Jonathan, FM 85011",2021-08-09
178,Julie Brooks DVM,brownamanda@example.net,Unit 3116 Box 9771 DPO AE 98458,2021-11-07
179,John Davis,tracy05@example.com,"8552 Daniel Pike Suite 983 East Tylerland, WY 99231",2020-02-28
180,Timothy Roth,smithjonathan@example.com,"29205 Mccoy Course Apt. 670 Richardmouth, OK 60585",2021-02-10
181,Timothy Skinner,jthomas@example.net,"6784 Ryan Ramp Hoberg, RI 40079",2024-03-13
182,Jeanette Rivera,chansen@example.net,"644 Thompson Junction Suite 694 Lake Michaelmouth, GA 87745",2020-01-18
183,Gary Mcdonald,williamowens@example.com,"80985 Audrey Islands Suite 274 North Christine, KY 80571",2022-07-08
184,Jennifer Madden,tuckermatthew@example.net,"682 Romero Pike Jacquelinebury, PR 88145",2024-08-29
185,Jacqueline Wright,johnsmith@example.org,"PSC 4703, Box 5126 APO AP 74969",2024-06-28
186,Steven Orr,moodyjesse@example.net,"10401 Angela Mountains Apt. 209 Torresview, AZ 37905",2021-05-19
187,John Young,fishermichele@example.org,"39737 Young Path West Bradley, FL 32893",2021-08-19
188,Carol Huff,chrisreid@example.org,"PSC 0288, Box 8641 APO AA 82191",2022-03-06
189,Elizabeth Davis,christine60@example.org,"949 Michael Village Jenningsville, MH 77870",2020-10-21
190,Christopher Clark,smiththomas@example.org,"273 Garcia Lock East Deannaport, MA 69647",2021-04-02
191,Mark Harper,haley80@example.org,"PSC 0302, Box 6597 APO AP 47859",2022-09-10
192,Robert Juarez,jessica32@example.net,"8493 Donovan Square Port Christianfort, ID 29390",2023-05-14
193,Jonathan Munoz,gsawyer@example.net,"478 David Ports Apt. 617 Port Yesenia, OR 24336",2022-01-08
194,Sandra Price,danielle65@example.com,"62661 Amber Mission Suite 132 Kristenhaven, UT 97718",2021-10-11
195,Kevin Reid,danielwilliams@example.net,"061 Flores Island Apt. 844 Ochoahaven, UT 23687",2024-04-09
196,Justin Ward,mpeters@example.net,"01627 Steven Camp Port Ryan, ME 48493",2023-09-24
197,Jeremy Chandler,cwhite@example.com,"61322 Brenda Turnpike Suite 008 Christopherport, AL 01415",2022-06-30
198,Donald Bates,mitchelldrake@example.org,"971 Fuentes Plaza Lake James, MS 98823",2024-05-08
199,Debra Russell,kimberly55@example.org,"6707 Berry Landing Suite 010 Lake Elizabethville, UT 73745",2021-06-08
200,Roger Riley,brettberg@example.org,"23384 Michael Gateway Suite 085 Brownland, AR 99343",2021-09-16
201,Randy Monroe,antonio05@example.com,"542 Webb Freeway Suite 698 North Lisa, NE 45357",2022-11-01
202,Greg Mcgrath,tayloralexa@example.org,"30156 Matthew Islands Mcneilbury, GU 69043",2022-01-11
203,Vanessa Long,kevin39@example.org,"297 Jennifer Bridge Dawsonburgh, MO 08734",2023-08-23
204,Stacy Peterson,barbara63@example.com,"668 Todd Streets Lake Francisco, AK 34315",2020-11-15
205,Elizabeth Rose,nancysmith@example.com,"308 Karen Loaf Suite 826 Jonesfort, MT 04353",2023-09-22
206,Angela Guerrero,kristinjackson@example.com,Unit 0535 Box 5183 DPO AP 90048,2023-11-04
207,Carrie Delgado,hendricksjames@example.org,"97245 Stevens Cape Suite 547 Matthewberg, KS 07725",2020-02-22
208,Jermaine Kidd,briggsheather@example.com,"3917 Cindy Rue Ramirezfurt, FM 63279",2020-09-23
209,Robert Owens,allentravis@example.net,"7293 Ward Manors South Henry, OR 50135",2023-05-12
210,Gary Colon,michaeljohnson@example.com,"5763 Miller Station Suite 294 Mejiahaven, FL 30401",2022-04-26
211,Susan Arellano,smithrandy@example.com,"7416 Steven Tunnel Apt. 963 New Jennifer, NM 08192",2024-05-24
212,Terry Bryant,fhudson@example.org,"8768 Crystal Burg Odomville, IA 61203",2024-05-21
213,Mrs. Danielle Murillo,douglaskristin@example.org,"579 John Rest Chloemouth, GU 15347",2020-05-31
214,Amanda Powell,paula97@example.com,"003 Derrick Glens Apt. 821 North Paul, IA 47409",2021-04-05
215,Michael Mccarty,michael64@example.com,"455 Sanders Camp Apt. 806 West Andrew, AS 69716",2023-04-04
216,Jeremy Mcfarland,melissawright@example.net,"577 Hoover Union Apt. 714 Chaseshire, MP 36738",2020-10-28
217,Eric Valenzuela,rebeccahamilton@example.net,"57013 Rodriguez Centers Suite 347 West Samuelport, CT 25243",2023-01-06
218,Karen Frazier,michael00@example.net,"30536 Preston Islands Apt. 157 West Annaport, VT 08796",2021-05-26
219,Roberta Zamora,darren57@example.org,"59323 Evans Glens Apt. 953 North Anthony, OK 00879",2020-02-09
220,Gloria Russell,anthony61@example.net,"24483 Antonio Mission Apt. 418 North William, NJ 98930",2024-07-21
221,Nicole Mendoza,monroealexis@example.org,"233 Johnson Mission Suite 222 Joanneborough, NC 13875",2021-06-01
222,Dalton Lee,loribarnett@example.org,Unit 5341 Box 6305 DPO AE 91512,2021-08-02
223,Tammy Nelson,jasonparsons@example.com,USNV Cook FPO AP 24886,2021-07-07
224,Jeffrey Gutierrez,jenkinsamy@example.net,"437 Shannon Walk North Markview, MO 38181",2022-01-07
225,Carolyn Stevens,benjamin78@example.org,"41287 Clark Mountain Lake Robert, PA 86343",2024-09-05
226,Eric King,maureen90@example.org,"887 Caleb Mill Suite 541 Tinaland, GA 80048",2023-03-22
227,Sheena Robertson,grobertson@example.net,"30022 Fernandez Center Apt. 161 New Amanda, WY 30764",2020-11-30
228,Melissa Roy,joseph15@example.org,"87465 Hays Villages New Christopher, KS 09863",2021-09-18
229,Megan Smith,danny31@example.net,"2881 Julie Spring Suite 473 Brandonchester, IL 03610",2020-02-06
230,Mary Hoover,pwalker@example.net,"35245 Woodward Ridges Apt. 049 Hessmouth, VA 06463",2023-06-28
231,Kimberly Lester,cmarshall@example.org,"PSC 1724, Box 0110 APO AA 10179",2020-10-19
232,Lisa Ruiz,garybrooks@example.org,"2015 Sheila Village Suite 179 North Benjaminland, CT 19926",2024-04-12
233,Anna Taylor,michaelhall@example.com,"3980 Smith Island North Paul, PW 90084",2023-12-17
234,Joseph Hill,sandralee@example.com,"294 Alvarado Spurs Apt. 935 Kylechester, MS 50954",2021-06-11
235,Lauren Osborne,mvillarreal@example.com,"083 Rodriguez Loop South Wesley, TN 16138",2023-08-14
236,Tony Hebert,mark59@example.org,"7369 Rodriguez Village Suite 988 Danielside, OH 02580",2024-02-27
237,John Gray,kristatorres@example.com,"82075 Smith Ramp East Alyssafurt, AK 70508",2021-09-29
238,Jennifer Reed,webbzoe@example.org,"873 Webb Manors East Peter, NJ 19902",2021-05-28
239,Gilbert Sims,cassandra34@example.net,"0212 Maxwell View Apt. 262 North Candace, HI 10975",2020-10-03
240,Holly Collier,taylorrodgers@example.com,"4311 Joseph Squares Morrisonberg, ID 64197",2021-05-21
241,Kevin Day,mark77@example.net,"3500 James Stravenue Apt. 521 Carterville, NC 56022",2024-09-19
242,Daniel Ball,amy89@example.org,"PSC 5365, Box 4094 APO AP 42218",2023-08-31
243,David Lopez,whitemiguel@example.org,"891 Cheryl Cliffs Suite 007 East Kellyfurt, MH 81405",2020-03-01
244,Oscar Gonzalez,johnsonsteve@example.net,"91242 Page Garden Vasquezstad, FM 71212",2024-06-22
245,Jessica Lewis,anguyen@example.org,"02983 Ralph Branch Reginaldhaven, OH 95657",2021-08-07
246,Aaron Warren,cantudanielle@example.org,"005 Jessica Circle Markville, DC 46778",2020-09-08
247,Nicholas Barry,julia15@example.net,"16023 Brian Club Apt. 444 Port Cheryl, NJ 93175",2023-02-02
248,Brian Palmer,kimberlykelly@example.org,"6686 Larson Estates East Meganbury, DC 96971",2020-12-08
249,David Rice,jamessoto@example.org,"355 Cooper Summit Apt. 288 West Henry, ID 67606",2022-01-16
250,Kimberly Adams,shane99@example.net,"362 Allen Underpass Lisaburgh, IL 00686",2023-07-20
251,Barry West,shannon64@example.net,"94810 Gutierrez Points Apt. 837 West Kristinaborough, MT 02870",2021-10-21
252,William Wilson,hharris@example.net,"0118 Carroll Bridge Suite 214 Lake Timothyville, UT 44146",2023-08-06
253,Mario Anderson,wjones@example.com,"18066 Pham Summit West Timothy, AZ 09993",2022-01-29
254,Tiffany Collins,sarah63@example.net,"82858 Brandy Ford Samanthaland, MT 65793",2022-12-28
255,Joy Schmidt,dfrancis@example.net,"08512 Ryan Grove Meganfort, MP 32700",2022-03-04
256,Carol Smith,lori42@example.net,"40253 Mikayla Land Carlsonfort, NV 80804",2022-02-26
257,Gregory Salazar,christopher06@example.org,"PSC 8652, Box 8270 APO AA 24995",2020-12-01
258,James Jones,wbanks@example.org,USS Erickson FPO AA 55803,2023-07-30
259,Scott Campbell,john26@example.net,"8069 Murray Station Whiteberg, IA 03654",2020-07-07
260,Brandon Burke,jsmith@example.com,Unit 1896 Box 9241 DPO AP 72130,2024-05-19
261,John Morris,taylorbrandon@example.net,"8286 Cook Summit Apt. 476 North Thomas, TX 18742",2021-12-07
262,Amy Russell,denise17@example.net,"079 Thomas Village Suite 825 East Michaelshire, VA 69622",2024-04-06
263,Jade Foster,lisa65@example.org,"4723 Brian Run Markberg, OR 02152",2020-07-11
264,Joseph Li,ccastillo@example.net,"2864 Mclaughlin Turnpike Apt. 138 East Traci, NE 58411",2023-04-14
265,Douglas Perry,marksjustin@example.org,"30519 Ashley Prairie Apt. 106 Morganmouth, ME 17006",2021-12-15
266,Paul Campbell,danielleboyd@example.net,"956 Michael Garden Mcintoshborough, VI 82588",2022-08-31
267,Jennifer Smith,aguzman@example.com,"28923 Wheeler Ridge Lake Lisaton, IL 35810",2021-06-25
268,Valerie Nguyen,morrisshannon@example.net,USNS Garza FPO AE 73453,2021-08-14
269,Linda Jordan,joseph55@example.com,"PSC 8853, Box 8636 APO AA 68000",2020-08-12
270,Justin Jackson,edward02@example.org,"847 Mckee Valleys Apt. 560 Salinashaven, HI 83504",2023-07-12
271,Dale Charles,ashleyherrera@example.org,"7705 Christine Spur West Lauren, NC 47951",2022-05-18
272,Tamara Hardin,nicoleterrell@example.net,"487 Joseph Branch Suite 667 Lake Robertshire, HI 14069",2022-09-19
273,Jessica Lawson,paynehannah@example.net,"0792 Horton Mission Suite 156 Thomasshire, FL 15184",2023-08-25
274,Noah Howard,steven53@example.net,"94044 Roy Lights Apt. 353 New Danielstad, PW 24393",2022-11-10
275,Lynn Williamson,tinawatson@example.net,"6884 Hernandez Lodge Apt. 420 South Shawnbury, VA 61647",2024-01-06
276,Christian Bowers,leah46@example.net,"374 Williams Mountain Apt. 052 North Nathan, UT 59123",2023-09-28
277,Katherine Flores,justin31@example.net,"6414 Caitlin Via North Robertburgh, MS 06308",2021-12-03
278,Alicia Merritt,zhart@example.org,"07788 Tracy Rest East Danielfort, FL 03388",2023-01-18
279,Philip Paul,bryanmccann@example.net,"680 Chavez Lodge Traceyville, CO 40602",2023-07-28
280,John Miller,klopez@example.net,"886 Raymond Ports Lake Michaelfort, FM 17090",2022-08-28
281,Deanna Walker,ypatel@example.org,"86743 Scott Points Apt. 584 Lisastad, AS 13016",2023-06-07
282,Andrea Pacheco,jennifer24@example.net,USS Ray FPO AP 84432,2020-09-03
283,Nathan Hurst,gregorybrewer@example.org,"950 Gina Ridge Apt. 421 New Cathyfort, GU 28858",2024-04-28
284,Sarah Waller,diana94@example.com,"25069 Malone Meadow Apt. 363 East Jenniferland, PR 52511",2021-11-01
285,Ronald Shaw,jonesandrea@example.net,Unit 4062 Box 3373 DPO AA 93374,2020-06-04
286,Leslie Rodriguez,david34@example.com,"402 Bobby Walks Phillipsbury, NE 29466",2023-09-22
287,Joseph Mullins,russellbrendan@example.net,"012 Tracy Squares Suite 236 South Michael, ND 95249",2024-02-26
288,David Barrett,jonesjeremy@example.org,"66766 Hannah Canyon New Kelly, MP 29274",2023-06-09
289,John Franklin,thomasbrown@example.com,"30500 Baldwin Creek North Tiffanybury, ME 93357",2021-10-11
290,David Brown,nicholasstewart@example.com,"350 Jesse Pass Apt. 453 Aaronmouth, ND 76375",2021-05-01
291,Jennifer Cunningham,fitzgeraldrachael@example.org,"20119 Matthew Neck Burgessstad, CT 28398",2023-08-25
292,Cory Willis,uclark@example.org,Unit 2073 Box 5562 DPO AP 17990,2023-04-06
293,Richard Torres,carolyn55@example.net,"181 Fitzpatrick Glen Burchfurt, KY 50944",2024-06-01
294,Sarah Carr,stewartsarah@example.org,"03485 Frazier Club Steinchester, NM 85070",2020-08-11
295,Brandon Moran,qross@example.com,"672 Benjamin Meadows Martinezland, MD 66097",2023-03-02
296,Carolyn Hernandez,tammy67@example.com,"080 Jennifer Via Apt. 651 North Tiffany, RI 25007",2022-07-21
297,Kelly Cruz,ajackson@example.org,"26865 Greene Hill Suite 014 Malikmouth, CA 42709",2022-12-17
298,Michael Randolph,humphreyedward@example.com,"30258 Bautista Light Williamsfurt, VI 34498",2021-10-18
299,Barbara Alvarado,aaron94@example.net,"2856 Simpson Shoals Jeremyton, GA 69466",2020-04-18
300,James Rose,frankcobb@example.com,"7958 Wall Island Suite 615 Martinfort, PW 40454",2022-07-01
301,Tammy Hicks,umontoya@example.com,"863 Thomas Mills Apt. 974 Youngfort, AL 89712",2022-08-12
302,Zachary Fry,mark72@example.net,"81747 Williamson Walk Suite 593 Eatonbury, ID 69006",2022-07-16
303,Victoria Cruz,favila@example.org,"10972 Mclaughlin Knoll North Sarah, VI 56191",2021-04-14
304,Melanie Jackson,ronald92@example.org,"9675 Torres Fork Apt. 453 West Julia, WI 95774",2023-12-20
305,Louis Montgomery,nruiz@example.com,"61223 Jones Key Suite 235 South Christianton, OK 72590",2020-01-12
306,Erin Jones,nwalker@example.com,"0186 Brown Crest Brookeburgh, WI 78616",2022-12-11
307,Anthony Hahn,bzhang@example.com,"4505 Ashley Ford Lake Steveport, NH 82304",2020-01-18
308,Bonnie Moreno,christopherreyes@example.net,"557 Travis Lodge Lake Jesustown, MO 21137",2022-08-15
309,Timothy Wells,julie41@example.net,"947 Robin Inlet Apt. 141 Odonnellbury, NY 23872",2022-04-25
310,Michelle Nguyen,llara@example.net,"767 Tracey Viaduct Grantchester, NC 16601",2024-03-21
311,Theresa Stewart,selena79@example.com,"92367 Collins Islands Apt. 663 North Amanda, NE 69345",2021-08-12
312,Reginald Campbell,smithalex@example.net,"216 Parker Manors Joannemouth, FM 14960",2023-10-17
313,Sarah Ingram,ewalker@example.com,"229 Williams Burgs Apt. 987 North Michael, GU 67245",2021-06-10
314,David Mcdonald,angelawilson@example.net,"667 Robert Crossroad Suite 764 Port Johnnystad, UT 83415",2021-04-27
315,Michael Solomon,katherinelee@example.com,"9505 Beck Garden Suite 585 Port Jeffery, AZ 70623",2024-04-23
316,Patrick Wells,fklein@example.com,"66928 May Ridges Apt. 495 Williamport, HI 22399",2023-04-30
317,Mason Mayo,mortonjames@example.net,"463 Crystal Mountain Ochoafurt, GU 72151",2022-10-05
318,Joseph Jones,larsonvictoria@example.com,"6694 Austin Stravenue Apt. 802 Ellisport, DC 25731",2023-03-05
319,John Schwartz,shawmark@example.com,"01178 Jennifer Neck Lake Amyside, MI 90044",2020-10-04
320,Katherine Harding,hvance@example.net,"36093 Curtis Walk Suite 757 Nathanborough, PW 31611",2021-11-10
321,Chris Anderson,ashley47@example.org,"5219 Travis Lock Amyville, OK 27815",2021-09-04
322,Alisha Davis,hschwartz@example.org,"PSC 4943, Box 6498 APO AP 16301",2020-01-09
323,Cheryl Proctor,jamesmendoza@example.net,"604 Ramirez Passage Lake Monica, GU 87675",2024-08-25
324,Edward Johnson,tjohnson@example.org,"18386 Miranda Fall Suite 162 Port Robertoside, AZ 60329",2023-05-24
325,Danny Wells,ryansullivan@example.net,"298 Stout Via Raymondberg, WY 92690",2022-10-11
326,Amanda Ruiz,marysmith@example.org,"2638 Shane Motorway Apt. 753 Port Tracymouth, AS 93170",2023-04-22
327,Gloria Lewis,pingram@example.org,"323 Tara Cliff Apt. 595 South Daniel, UT 65219",2024-04-13
328,Dennis Serrano,olsonsarah@example.net,"90273 Miller Lane Wrightchester, IA 28192",2022-03-10
329,Jill Crosby,iphillips@example.org,"966 Shepherd Islands Apt. 639 Hodgeview, KY 92680",2023-01-31
330,Steven Baker,munozrobin@example.org,"4213 Deborah Ways Tracyton, NV 08005",2022-12-12
331,Elizabeth Morris,zachary50@example.net,"954 Richard Mills Suite 421 Lake Scott, DC 07036",2021-10-07
332,Robin Rogers,walkergrant@example.net,"23275 Angela Vista Lake Christopherburgh, MO 13511",2020-12-08
333,Christian Delgado,jessica61@example.net,"35491 Dodson Avenue Apt. 709 New Jenniferhaven, WA 87760",2021-04-21
334,Ryan Obrien,guerrasandra@example.com,"9404 Novak Causeway Jefferystad, IA 32483",2020-03-19
335,Dr. Victoria Davis,zgomez@example.com,"63552 Ashley Hill Suite 138 East Daisyhaven, FL 54716",2021-01-17
336,Peggy Flowers,justinmitchell@example.org,"85325 Martin Gardens Apt. 213 South Tony, FM 20828",2022-09-23
337,Richard Brown,blairtony@example.org,"944 Jeff Mountain Apt. 019 Port Michelle, UT 33904",2023-03-16
338,Michelle Williams,jonessteven@example.com,"2457 John Mill West Jonathan, AR 95551",2023-05-20
339,Michael Wells,carrie86@example.org,"30826 Davis Lake Suite 690 North Crystal, ID 95387",2024-04-18
340,Jacob Jackson,peterconley@example.net,"3862 Hood Circle Apt. 187 Wrightstad, VI 30329",2021-07-12
341,Megan Weber,stonekayla@example.net,Unit 5251 Box 9295 DPO AA 91081,2024-05-31
342,Pamela Johnson,zgutierrez@example.net,"320 Moran Divide Apt. 156 Nealborough, KS 71764",2022-12-09
343,Angela Vargas,wsmith@example.net,"7914 Jay Manor Apt. 487 Port Laura, KY 46777",2022-08-30
344,Tiffany Meyer,schultzarthur@example.org,"46389 Berry Plain Apt. 389 Donaldton, CO 37466",2024-02-03
345,Michelle Smith,seanadams@example.com,"0388 Timothy Shore Watsonhaven, RI 47484",2023-09-18
346,Linda Herring,lmurillo@example.com,"8467 Charles Mount North Robinfurt, OR 61122",2023-09-02
347,Heather Chan,rowlandchristian@example.org,"89509 Thompson Lake Suite 985 Lake Brianburgh, IN 01290",2023-12-18
348,Anne Richardson,zavalamichael@example.org,"9951 Melissa Parkway West Jennifermouth, FL 05852",2023-02-10
349,Nicholas Mcgee,kathrynfields@example.org,"2736 Jesse Rue Suite 166 Mariaton, MA 53976",2022-04-27
350,Jeffrey White,marvin25@example.net,"784 Roman Tunnel Suite 449 Sweeneyview, PA 36955",2022-07-07
351,Amy Miller,averyvictoria@example.org,"61090 Wu Harbor Port Alan, WV 09392",2024-01-11
352,Jeanne Adams,hurstpatrick@example.com,"178 Amanda Union Johntown, KY 51677",2022-07-03
353,James Wilson,martin76@example.net,"23828 Roman Estates Apt. 651 Duncanmouth, NH 29807",2021-03-10
354,Jeffrey Orozco,murphydeborah@example.com,"3937 Sarah Court Suite 455 Meganchester, NE 11903",2022-08-02
355,Christopher Wells,benjamin49@example.org,"7318 Johnston Lodge Suite 693 Brooksview, IA 45886",2021-06-12
356,Cynthia Jimenez,tricia37@example.org,Unit 0652 Box 3980 DPO AA 25354,2023-09-17
357,Cody Wilson,alexander29@example.org,"493 Fry Valleys Suite 535 Townsendville, WY 09095",2024-08-03
358,Monica Wilkins,aprilward@example.net,"9627 Benjamin Ramp Apt. 790 Millsstad, HI 96856",2020-01-21
359,Nichole Cox,hawkinslaura@example.net,"973 Maria Dam Apt. 741 East William, OH 21519",2020-05-24
360,Michelle Ward,sara03@example.com,"7337 Harris Pass Apt. 885 Brianstad, WI 56932",2022-07-26
361,Craig Woods,lindaskinner@example.com,"4126 Murray Roads Apt. 374 West Jessica, RI 55183",2022-07-21
362,Anne Robertson,murphyanthony@example.org,"058 Amanda Shore Suite 959 Stewartview, CA 08901",2024-03-09
363,Jamie Ryan,rachelmontoya@example.org,"5888 Gray Via South Charles, WA 44004",2022-04-03
364,Shawn Hill,vdavis@example.com,"313 David Gateway East Michael, IN 11329",2024-02-19
365,Jennifer Thomas MD,amanda87@example.net,"99883 Brandon Ranch Michaeltown, GA 68900",2024-08-26
366,Robert Moreno,harrisonsusan@example.net,USNV Smith FPO AP 30122,2020-11-30
367,Adam Cortez,dorisburns@example.net,"0744 Rice Unions Port Victorland, NV 65544",2023-04-21
368,Timothy Collins,craiggeorge@example.net,"232 Calvin Ports Suite 610 Lake Kristin, DE 88434",2021-04-26
369,Mariah Scott,emccoy@example.net,"3263 Jones Wells Suite 975 Lake Andreaborough, ND 81132",2020-04-15
370,Joseph Austin,smithcynthia@example.net,"86761 Howe Stravenue Lake Kimberly, NJ 58135",2020-12-18
371,Debra Morrison,steven09@example.net,"8616 Gallegos Roads West Davidberg, CO 31187",2023-01-18
372,Clayton Lawson,andrewwright@example.net,"3804 Lisa Mission Johnsonview, WV 66675",2020-11-01
373,Julie Nash,jamesmassey@example.com,"837 Wright Rue Joshuaborough, MD 28238",2020-02-22
374,Michael Brooks,andresortiz@example.org,"6420 Andrew Spring Suite 196 Deleonstad, OR 43302",2021-11-27
375,Jonathon Rivera,breannarogers@example.com,"29219 Beltran Squares Apt. 179 Michaelside, NC 59616",2021-01-30
376,Anita Bennett,ichristensen@example.net,"1482 Payne Groves Suite 248 South Jose, AK 09597",2022-07-06
377,Jessica Parker,waltonnatalie@example.org,"111 Alexander Corners Berrymouth, ND 21892",2020-10-02
378,Todd Rodriguez,stephenmcguire@example.net,"70491 Anderson Brook Suite 721 South Joshuaside, IN 68002",2023-11-25
379,Jimmy Ruiz,meganmoreno@example.org,"24857 Christopher Summit Melaniehaven, NC 78749",2021-09-10
380,Kimberly Hernandez,andrea67@example.org,"057 Simmons Pike Apt. 239 New Rachel, WA 19472",2023-04-23
381,Stephanie Orr,srobinson@example.com,"59039 Michael Corners Reedside, UT 05206",2023-10-20
382,Sarah Zimmerman,nathaniel38@example.org,"7017 Barrett Trail Suite 032 Andersonborough, UT 49145",2023-12-24
383,Michelle Myers,jessicamiller@example.org,"713 Saunders Rest Patrickborough, DC 64586",2020-03-21
384,Kelly Owens,tbaker@example.org,"993 Brandon Valleys Apt. 594 West Justintown, MN 23195",2022-10-18
385,Nicole Mayer,elizabethwhite@example.org,"67430 Rachel Cliff Suite 129 West Bobbyfort, IN 60528",2020-07-18
386,Carol King,garzadeborah@example.com,"6076 Brenda Motorway Suite 517 Parsonsfort, FM 06324",2024-02-26
387,Zachary Fritz,johnsondrew@example.org,"18811 Gary Village Apt. 312 Port Elizabeth, ID 06236",2021-06-30
388,Casey Martin,ryangarcia@example.net,"818 Taylor Pass Aaronfurt, NE 04318",2020-05-31
389,Joy Adkins DVM,rthomas@example.net,"4494 Schneider Inlet Apt. 949 Stephenshire, KS 84251",2021-06-22
390,Megan Cox,vasquezpamela@example.net,"582 Ashley Corner Smallport, AL 26859",2020-06-11
391,Stephen Moon,eaguirre@example.org,"41979 Hannah Isle Apt. 907 Mcdanielchester, FL 74389",2023-03-15
392,Andrew Williams,lauren60@example.com,"18729 Armstrong Falls Apt. 460 South Melissa, WI 12414",2020-07-08
393,Nicole Bowers,ksnow@example.net,"08129 Matthew Branch East Charles, OH 15489",2021-09-25
394,Justin Lee,marysimmons@example.org,"730 Lisa Meadow Suite 810 Robertsonburgh, PW 70504",2021-01-08
395,John Allen,cody89@example.net,"469 Jessica Highway Suite 079 Antoniomouth, OK 56036",2020-04-13
396,Tammy Scott,thomas44@example.org,"688 Rios Ranch Suite 771 Port Patrick, MN 86766",2024-05-08
397,Seth Bennett,sheri38@example.com,"056 Christina Ways Apt. 819 Port Jeffrey, KY 95429",2024-02-20
398,Nathan Delacruz,dannymartinez@example.com,"802 Hanson Villages Apt. 032 West Stevenburgh, IL 32201",2020-05-15
399,Janice Goodwin,mariahall@example.net,"47444 Martin Row Apt. 507 Timothymouth, ND 98605",2022-04-14
400,Terri Johnson,jcarey@example.net,"2435 Stone Haven Carolview, IN 43270",2021-09-06
401,Christina Williams,william85@example.org,"295 Austin Trace East Morganside, TN 02261",2023-06-26
402,Deborah Allen,qgarcia@example.net,"75554 Hernandez Branch East Kellyview, TX 46191",2022-07-28
403,Christina Gross,lharris@example.net,"7162 Valerie Inlet Webbtown, VA 03826",2022-12-29
404,Linda Stewart,devinwalters@example.org,"269 Wyatt Loaf Williamsburgh, FL 77579",2024-10-06
405,Sarah Zuniga,kingerik@example.org,"420 Amy Rapids Morsefurt, OH 34057",2020-03-19
406,Jose Long,tlamb@example.org,"4414 Bryan Mill Davidborough, SC 81354",2021-05-17
407,Daniel Mosley,ithompson@example.org,"31014 Carter Wall Port Brandonfurt, MD 30572",2021-05-22
408,Kathleen Thomas,whitealyssa@example.net,Unit 2639 Box 5381 DPO AA 32078,2021-02-05
409,Michael Padilla,zwhitaker@example.org,"7153 Janice Harbor Suite 008 Port Tiffany, PR 42533",2023-09-14
410,Hannah Hall,anthony86@example.com,"0243 Jones Locks Lake Alexandraton, MH 62913",2024-07-04
411,Ashlee Martin,pross@example.org,"12623 Nicholas Creek East John, VT 63499",2023-08-11
412,Leslie Anderson,umaddox@example.org,"5074 Courtney Canyon Apt. 830 Wrightland, NY 15562",2022-10-10
413,Kerri Gillespie,jamesdyer@example.net,"655 Melissa Road Suite 294 South Michele, GA 11905",2024-01-04
414,Desiree Sawyer,andrew94@example.com,"21665 Michelle Bypass Johnside, MH 46959",2020-12-10
415,Frank Rice,aliciabrooks@example.com,"9600 Johnson Junction Suite 991 North Juliemouth, DE 10746",2020-06-24
416,Susan Sanders,williammedina@example.com,"025 Jessica Prairie Aaronberg, IA 66158",2020-09-16
417,Melinda Dodson,ewalker@example.org,Unit 3774 Box 3072 DPO AP 54150,2023-04-22
418,Stephen Kim,gouldjames@example.com,"2075 Lauren Summit Ramosview, WA 59746",2023-12-22
419,Christian Ortega,catherinetaylor@example.org,"638 Roberto Flats Kimmouth, WI 99170",2021-07-29
420,Stephanie Flynn,gmoran@example.com,"1201 Dalton Square Apt. 022 West Alicia, ND 01720",2020-08-29
421,Tina Hudson,andersonapril@example.org,"564 Ethan Greens Port Davidview, NE 50685",2024-09-11
422,Anna Martinez,grobinson@example.net,"817 Daniel Bridge Johnberg, VI 38165",2020-04-03
423,Dustin Anderson,elizabethyork@example.net,"48928 Robert Drives Suite 577 Jessemouth, MI 98108",2023-08-01
424,Evan Mays,contrerasnicole@example.com,"5014 Robinson Stream Apt. 351 North Edwardmouth, FL 89085",2021-03-31
425,Stephanie Adams,kathleenwatson@example.net,"9330 John Wall Mendozaville, PA 81426",2023-11-08
426,Eric Phillips,oliverpatricia@example.org,"661 Harvey Cliffs East Tracyburgh, SC 03561",2021-09-04
427,Laura Fox,amanda13@example.org,"101 Kyle Pike Apt. 300 Murphyfort, NJ 43554",2023-11-08
428,Christopher Christian,carlos97@example.com,"499 Pierce Hill Apt. 670 North Adam, FM 78582",2021-04-15
429,Alexis Phillips,plamb@example.net,"76787 Williams Harbor Suite 735 Kaylastad, HI 95155",2023-11-27
430,Mary Ortiz,bruce94@example.org,"2141 Pacheco Islands Apt. 577 Jameston, NH 91437",2023-01-21
431,Ronnie Herrera,lmontgomery@example.org,"264 Kimberly Corners Apt. 003 West Rebecca, OK 32846",2023-10-05
432,Alexander King,diazbarry@example.net,"70292 Lauren Canyon South Sherryville, NC 47865",2022-09-06
433,Christopher Watts,thicks@example.net,"294 Christopher Neck New Catherine, DE 42976",2022-04-09
434,Robert Bush,georgesavannah@example.com,"PSC 5221, Box 0709 APO AA 96055",2024-03-29
435,Justin Moore,tina80@example.com,"99547 Anderson Centers South Michaelstad, TX 35643",2024-06-21
436,Nicolas Smith,coopergail@example.net,"669 Hill Plains Guzmanhaven, WV 12057",2024-09-22
437,Melissa Evans,vnelson@example.com,"643 Veronica Run Apt. 913 North Katherine, UT 35731",2023-07-06
438,Jeremy Martin,harriskevin@example.com,"8441 Fuentes Pine Apt. 163 North Chelseyville, ID 34335",2020-09-09
439,Angela Miller,frichards@example.org,"0996 Watson Flats Jessicahaven, MI 71042",2020-09-26
440,Joseph Grimes,duransuzanne@example.com,"1378 Phillip Inlet Suite 500 Boyertown, VA 96210",2024-01-06
441,Jason Lopez,eric96@example.net,"006 Allen Ramp Lake Aaronburgh, AL 39872",2021-05-31
442,Jennifer Espinoza,grossamber@example.com,"10157 Kennedy Well Suite 555 Colemanside, MS 31695",2020-09-14
443,Matthew Hawkins,ocastillo@example.com,"192 Anderson Prairie Monicamouth, NH 88837",2022-06-08
444,Renee Miller,thompsonjames@example.com,"3745 Smith Fields Apt. 598 Elizabethfurt, WV 40163",2020-02-13
445,Jared Mack,mayeredwin@example.net,Unit 1281 Box 0129 DPO AA 49861,2020-08-09
446,Frank Perry,morganfranklin@example.net,"6921 Dakota Glens Dianeland, AS 20323",2021-11-21
447,Joel Cook,dbennett@example.org,"3790 Sara Brooks Suite 469 Jessicaside, MS 93961",2024-08-22
448,Dr. Matthew Johnson DDS,tonya26@example.net,USCGC Hansen FPO AE 71763,2024-07-26
449,Marcus Nguyen,mcintyresusan@example.org,"6711 Yang Forges Apt. 137 South James, KY 87380",2021-02-24
450,Shannon Wilkins,edwardsconnie@example.org,"6286 Holmes Creek Port Jeffrey, VI 60032",2021-01-04
451,Brandon Gonzales,umitchell@example.com,"8516 Joshua Highway North Robertmouth, NY 52293",2022-12-25
452,Hector Kelley,coltonyoung@example.com,"5108 Adams Well Suite 299 Port Thomasberg, WA 62226",2020-11-10
453,Javier Green,annamorris@example.net,"9755 Murphy Gateway Apt. 796 Port Josephmouth, CA 42739",2023-12-27
454,Chris Bradley,elliotteric@example.com,Unit 5582 Box 8210 DPO AA 63515,2021-06-13
455,Paul Cole,morrisjessica@example.org,"4556 Brown Knoll Clarkmouth, HI 00877",2021-04-18
456,Breanna Garcia,sean49@example.net,"723 Amy Pike Suite 185 Perezburgh, NE 87220",2021-12-14
457,Alyssa Clark,adavis@example.com,"0977 Monique Greens Suite 320 Smithshire, MP 61008",2022-12-28
458,Tina Campbell,christina53@example.net,"71668 John Way South Laura, MP 41499",2024-09-28
459,Donna Harris,robert17@example.org,"33543 Fernandez Inlet Brianside, UT 07831",2024-07-17
460,Thomas Watson,wvargas@example.com,"36550 French Springs Johnborough, WA 28472",2022-10-08
461,James Eaton,rogerwhite@example.org,"2953 Ryan Loop Suite 818 Robertbury, MA 68991",2020-11-17
462,Jacob Hughes,yvance@example.net,"69630 Williams Bridge Apt. 082 Lake Kelseyborough, WI 06192",2021-04-01
463,Patrick Thompson Jr.,tuckeradam@example.com,"8879 Amber Corner Suite 607 Brownburgh, ND 20486",2022-08-05
464,Haley Perry,ykrueger@example.net,"8948 Nixon Centers Apt. 818 West Kristin, NC 16080",2021-09-29
465,Miranda Taylor,gregoryjacob@example.org,"15166 Nguyen Garden Apt. 756 Port Victorville, KY 35532",2021-06-09
466,Eric Brown,jenniferferguson@example.org,"285 Judy Knoll Laurabury, TN 78285",2021-05-01
467,Dana Wilson,maryburns@example.com,"46380 Bailey Views Suite 078 Wardview, NC 24660",2023-08-27
468,Jordan Bowers,ebrown@example.com,"80789 Marissa Grove South Charles, AS 61741",2020-05-02
469,Kathryn Cole,adrienne39@example.net,"80634 Paula Garden Shelbymouth, CT 88594",2023-08-20
470,Deborah Adams,smann@example.org,Unit 1447 Box 5392 DPO AP 61401,2020-06-26
471,Shawn Miller,fieldsbrittany@example.com,"665 Stewart Junction East Richard, WY 14913",2020-08-26
472,Jennifer Garrison,brandibryant@example.com,"559 Davis Fords Apt. 626 Westmouth, KS 23539",2022-11-23
473,Kenneth Williams,mburgess@example.com,"792 Newman Mill Apt. 926 North Suzanne, PR 13528",2022-10-24
474,Michael Edwards,bateselizabeth@example.net,"20335 Daniel Ferry Suite 853 Rodriguezhaven, WV 76081",2022-03-19
475,Frank Jackson,pmorgan@example.net,"916 Michael Spurs Apt. 289 Martinhaven, NY 12064",2022-11-23
476,Brittany Odonnell,chambersgerald@example.org,"640 Martin Villages North Sarah, VT 60240",2022-05-03
477,Jessica Ortiz,jack77@example.org,"970 Christopher Square New Kimberly, NE 16140",2023-04-03
478,Alexandra Curtis,perryzachary@example.org,"4391 Jennifer Lodge South Antonioland, AS 78354",2023-11-01
479,Brandi Shah,darrenlynch@example.net,"653 Laura Rue Apt. 880 Kimburgh, RI 70629",2020-04-28
480,Jasmine Chapman,brent15@example.net,"784 Lee Drives South Shaun, MS 78840",2021-02-03
481,Joshua Taylor,melvingarcia@example.net,"917 Patton Ridges East Jenniferburgh, MI 45926",2023-04-25
482,Patrick Wang,rodriguezdebbie@example.net,"2092 Adam Ways Suite 083 Aaronborough, WA 55234",2024-04-27
483,Martha Cole,john19@example.net,"4746 Ryan Bridge East Robertmouth, CO 77953",2022-07-12
484,Rebecca Vance,robinsonmichael@example.org,"9953 Mccann Falls Port Linda, CA 62680",2024-06-06
485,Sarah Mcdonald,sdavis@example.org,USNV Thompson FPO AE 30281,2022-05-01
486,Amy Quinn,tuckeraustin@example.com,"23615 Frank Tunnel Apt. 184 West Mary, MN 86353",2020-05-26
487,Elizabeth Fletcher,jeffreypreston@example.com,"34428 Hubbard Knolls Apt. 677 Williamston, MS 59158",2022-01-21
488,Richard Anderson,ellen68@example.net,"PSC 0405, Box 1063 APO AE 86559",2023-03-18
489,Michael Sutton,frankbaker@example.net,"80430 Gray Oval Scottton, AR 06608",2024-08-22
490,Samuel Brown,crossmelinda@example.com,"286 Mccoy Knolls Hernandezmouth, OR 57106",2024-04-28
491,Janet Vasquez,tcastro@example.com,USNS Medina FPO AP 68337,2020-04-27
492,Danny Fuentes,michaelbenitez@example.org,"554 Andrea Glen Lake Holly, NM 52489",2024-05-27
493,Elizabeth Gross,brendadavis@example.com,"73283 Reed Field West Ernestport, AZ 59581",2021-05-06
494,Tiffany Morgan,fbrown@example.com,"23571 Esparza Ford Seanmouth, GA 97251",2024-09-21
495,Holly Castaneda,troberts@example.com,"352 Snyder Neck Lake Julia, AS 35607",2021-12-19
496,Brett Baird,angela77@example.org,"586 Brewer Overpass Lindahaven, RI 56537",2022-04-04
497,Richard Nelson,amoore@example.org,"0417 Velasquez Keys Suite 472 Vanessaland, KS 54385",2022-06-14
498,Tracy Allen,bryancarroll@example.net,"444 Gibson Cape North Mark, ME 53324",2024-05-19
499,John Tyler,wilsonsharon@example.org,"8950 Tiffany Field Berrytown, CO 72999",2021-11-02
500,Natalie Newton,sherrycollier@example.net,"60350 Fischer Inlet Port Elizabeth, DC 39646",2021-07-16
