id,name,email,address,date_joined
1,Alexandra Jordan,bryanwelch@example.net,"60493 Walker Heights Ronaldton, AL 12422",2022-06-27
2,Taylor Walters,singletonjames@example.com,"244 Chad Crest Suite 507 West Kyletown, WA 51574",2023-12-10
3,Duane Gross,dustin72@example.org,"560 Barron Ports Suite 499 Davisport, ID 14645",2022-05-20
4,Christine Perez,emilymartinez@example.org,"4186 Mejia Streets Lindsayshire, MI 76387",2024-06-26
5,Denise Pittman,jordanbradley@example.net,"834 Michael Valley Apt. 826 Patriciaberg, AR 84126",2020-04-25
6,John Burch,jasonjohnson@example.com,"514 Brown Valleys Apt. 126 Jamesmouth, DC 71608",2021-02-09
7,Brittany Martinez,ritamoore@example.org,"4531 Preston View Apt. 279 South Edward, WI 00688",2023-01-06
8,Jesus Skinner,steverobbins@example.com,"587 Banks Ferry Apt. 162 Fischerfurt, MO 47845",2021-09-11
9,Jason Wilson,kenneth97@example.com,"196 Sandoval Wall Apt. 241 Port Kristin, DE 93285",2020-06-09
10,Brenda Brown,stephaniejones@example.net,"331 Andrew Stream Watsonberg, GA 01684",2023-12-14
11,Hayley Guerra,keithgerald@example.com,"11544 Christina Keys Suite 363 Port Patriciabury, SD 70699",2023-09-12
12,Alexander Lopez,phillipsbrenda@example.com,"79014 Jones Trafficway Suite 046 South Jeffreyberg, WY 16318",2024-06-25
13,Terri Brown,annettewalker@example.org,"58077 Brewer Mountain Apt. 934 North Danielhaven, WA 64923",2020-04-22
14,Danielle Thomas,thomas22@example.net,"108 Ann Brooks Suite 872 Zacharymouth, CT 22065",2022-03-03
15,Michael Hunter,michael73@example.com,"1495 Fisher Bypass Doughertyhaven, TX 23632",2022-07-18
16,Laura Morales,wdavis@example.org,"1982 Stephens Causeway Suite 446 Catherinestad, MS 00540",2021-03-29
17,Thomas Willis,ryan03@example.com,"7408 Luna Center Apt. 413 Floresfort, MT 92549",2020-04-19
18,Nicholas Long,susan83@example.org,"595 Martin Plain Apt. 975 Port Carolshire, IL 12201",2022-02-08
19,Calvin Gonzalez,gmclean@example.org,"1840 Shaffer Village Suite 293 West Derekview, MA 09095",2020-11-06
20,Raymond White,cguerra@example.com,USNS Hawkins FPO AA 65678,2024-04-04
21,Tracy Harrison,lanesarah@example.net,"4081 Jones Brooks Port Michael, WA 75628",2022-08-01
22,John West,kylejacobs@example.org,"97135 Fields Spring Cherylchester, MS 35628",2020-06-21
23,Laurie Gonzalez,egarcia@example.com,"20107 Michele Fords Port Alec, TX 01147",2023-09-19
24,Henry Lee,bjackson@example.net,USNS Johns FPO AE 88388,2023-02-11
25,Rebecca Welch,clopez@example.net,"595 Karen Village Suite 149 Barberview, VT 94005",2023-07-16
26,Eric Hernandez,tracey40@example.com,"81198 Norman Track Apt. 348 Tiffanyshire, UT 21192",2020-06-07
27,Jessica Carson,melissagutierrez@example.org,"07313 Green Turnpike Leahview, MP 61107",2021-07-13
28,Diane Casey,ymartinez@example.org,"3015 Victoria Summit East Jonathan, AZ 19494",2022-11-07
29,Kimberly Yates,tina89@example.com,"071 Goodwin Cliff North Travis, MS 08611",2020-06-29
30,Justin Hamilton,zamorapaul@example.com,"64242 Gross Drive Suite 756 West Allison, SC 23631",2021-08-09
31,David Hunt,vvargas@example.com,"395 Cook Oval Jennifershire, NM 13741",2022-12-04
32,Michael Page,qjohnson@example.net,"055 Barr Springs Apt. 485 North Richard, OR 50416",2024-06-19
33,Rachel Martin,mary84@example.com,"545 Carr Freeway Douglashaven, SD 70141",2024-06-12
34,Ronald Kim,timothy95@example.com,"9644 Allen Motorway West Michael, OK 87034",2022-06-18
35,Emily Nguyen,christine09@example.com,"6115 Rodgers Drive Suite 717 Alexandraside, MN 48974",2021-07-03
36,Jermaine Martinez,christopher38@example.com,"8603 David Island Suite 176 East Toddberg, SD 46394",2023-02-12
37,Anna Levy,jennifercole@example.com,"050 Johnson Dale Jeffreyport, CO 82483",2020-12-26
38,Patrick Bowman,sierra39@example.com,"81504 Mcgee Neck Suite 274 East Derek, NV 01584",2023-12-02
39,Jennifer Woods,fletcheralexis@example.org,"530 Jennifer Crossroad Suite 694 Spencermouth, WV 37673",2022-08-14
40,Kathy Williams,stokesnicholas@example.com,"644 Megan Roads Apt. 216 Morenofurt, GA 69177",2024-02-08
41,Lauren Harper,bakerolivia@example.org,"33939 Bonilla Mountain Lake Debraton, LA 77224",2024-08-18
42,Rachael Hernandez,guerrajoshua@example.net,"PSC 4598, Box 4378 APO AA 85375",2021-07-04
43,Bryan Joyce,grant31@example.net,"3283 Linda Gateway West Timothy, WY 63210",2022-12-01
44,Wesley Robertson,martindakota@example.com,"08695 Ricardo Station Suite 022 Sheenahaven, UT 82487",2023-10-14
45,Alicia Pierce,tlee@example.org,Unit 8792 Box 2699 DPO AP 49824,2021-01-30
46,Leslie Nelson,catherinewashington@example.com,"PSC 1633, Box 5103 APO AA 32733",2023-08-15
47,Shelley Porter,diane09@example.org,"8392 Ryan Oval Apt. 229 South Maria, ND 15465",2023-10-18
48,Sandra Weber,richardwhitney@example.org,"485 Kramer Highway Port Meredith, PR 04921",2021-08-14
49,Mario Perry,zhawkins@example.com,"1109 Charles Mill Apt. 398 West Julie, WV 50598",2024-09-20
50,Mary Stephens,margaretzavala@example.net,"7938 Carrie Cape Parkerfort, NM 89146",2024-06-28
51,Eric Knox,snoble@example.org,"287 Jonathan Mews Gutierrezport, VA 49402",2020-03-25
52,Molly Snow,moorenatalie@example.com,"19004 Caitlin Curve Apt. 883 Henrymouth, AR 14203",2020-07-30
53,Amber Myers,ryan98@example.com,"8903 Moore Forge Apt. 316 Spencerville, UT 30414",2023-07-28
54,Alexander Rose,stevensonjason@example.org,"585 Julie Skyway Apt. 019 Gonzalezshire, NC 49326",2024-07-03
55,Nathan Buchanan,kenneth04@example.org,"PSC 6971, Box 2590 APO AE 34367",2024-07-20
56,Emily Vaughn,tinasmith@example.net,"6382 Anderson Tunnel Donchester, VA 03248",2022-10-26
57,Thomas Dodson,carly60@example.net,"338 Savage Junctions West Joshuabury, MT 11730",2021-07-13
58,Julia Moss,deanna86@example.net,USCGC Williams FPO AA 56567,2022-09-10
59,Dominique White,michaeltate@example.org,"PSC 2666, Box 8301 APO AP 14471",2024-01-05
60,Chad Valencia,fisherrichard@example.org,"19980 Collins Brook Louisfurt, MN 38026",2023-01-06
61,Heidi Norman,scottking@example.org,"74254 Rodney Expressway New Ginachester, WI 94437",2024-07-09
62,Ann Ramos,wodonnell@example.net,"9419 Juarez Locks Catherineberg, MO 10800",2021-08-16
63,Tina Rodriguez,lisamarshall@example.org,"7904 Mary Route Suite 987 Port Lindsey, AS 61337",2023-04-10
64,Patricia Parker,anthonyparker@example.net,"5125 Jasmine Squares Karenstad, HI 87626",2021-02-26
65,Robert Wood,hruiz@example.net,"00951 Gregory Motorway Suite 845 West Jeffrey, IL 22087",2021-02-24
66,Jennifer Williams,foxjustin@example.net,USS Luna FPO AP 97156,2023-12-02
67,Bryan Medina,dmiller@example.org,"701 David Island Lake Aaron, AZ 53251",2021-09-05
68,Savannah Meadows,cindy48@example.org,"0230 Kathryn Plains Sierraberg, CT 62617",2021-04-04
69,Michael Jones,casey16@example.com,"65759 Amber Shore Lake Johnathanport, LA 26575",2023-07-08
70,John Anderson,msanchez@example.org,"833 Jill Spring Port Cherylport, IL 86802",2024-09-11
71,Jacob Hanson,pjensen@example.net,"311 Eric Causeway South Jasmine, SC 33723",2022-09-22
72,Jill Pennington,mlane@example.org,"7273 Lynn Stream Apt. 801 New Kaylaborough, TX 16893",2022-08-31
73,Elizabeth Carpenter,cynthia56@example.com,"538 Devin Parkways North Lauraville, NM 21249",2020-04-29
74,Monica Cruz,thall@example.net,"62330 Vazquez Prairie Suite 765 West Kevinchester, PR 04874",2022-11-28
75,Richard Wilson,qhenderson@example.net,"545 Thomas Meadows Apt. 479 East Jenniferstad, KY 72269",2023-01-05
76,Christy Ali,steven12@example.org,"06151 Santiago Turnpike Sextonville, MN 51875",2022-08-02
77,Robin Mcguire,rhuynh@example.org,"283 Susan Crescent Apt. 309 Marthaburgh, AL 19383",2021-08-01
78,Matthew Donovan,evanschad@example.org,"57232 Decker Center Suite 010 Kimberg, UT 43074",2023-07-16
79,Joan Booker,john35@example.org,"383 Kevin Glen Apt. 374 North Matthew, FL 02497",2023-03-21
80,Christopher King,ksolomon@example.org,"558 Robinson Trail Oliverborough, NY 97445",2021-12-20
81,Sarah Patterson,amy01@example.net,"0966 Edwards Coves Suite 861 West Molly, MO 19893",2023-06-06
82,Ashley Phillips,robert83@example.net,"27158 Lewis Groves Apt. 827 West Kylemouth, MP 02808",2020-01-17
83,George Rivera,patrick34@example.net,"66872 Nicholas Ridge Suite 043 Port Kaitlynport, OK 73056",2020-09-12
84,Ashley Ray,charlesforbes@example.org,"0021 Coleman Lake East David, MP 34937",2021-03-03
85,Pamela Ware,cynthia79@example.org,"358 Smith Spurs Travisville, AZ 36062",2021-02-14
86,Glenn Moore,scottsutton@example.com,"32842 Samantha Rapid Fletcherside, IL 29384",2023-04-12
87,Darlene Matthews,xdeleon@example.org,"46153 Smith Path North Melissachester, ND 04690",2021-10-02
88,William Jackson,lisabrown@example.net,"37563 Jeffrey Dale Apt. 398 Obrienborough, NM 22655",2021-10-01
89,Amanda Foley,xramsey@example.net,"73525 Garcia Via Apt. 711 Christensenton, MT 04850",2022-04-06
90,Scott Hoffman,jamesrivera@example.net,"849 Frye Roads Wangton, PR 66922",2020-12-24
91,Heather Morgan,paula78@example.org,"24239 Scott Place South Shirley, TX 05956",2024-05-25
92,Nancy Moyer,stevengould@example.org,"4100 Rebecca Prairie Suite 196 Griffinbury, SC 11004",2022-11-11
93,Brian Guerra,tina51@example.org,"410 Lopez Rest Williamfort, DC 51384",2022-05-26
94,Jennifer Merritt,christina23@example.com,"66817 Bryan Pass Lake Allen, FL 24693",2023-08-16
95,Jack Washington,whitakerjacqueline@example.org,"838 Holder Walks New Lisahaven, MN 55664",2024-04-06
96,Adam Smith,francisbranch@example.org,"5032 Margaret Prairie East Kellyberg, RI 51574",2022-05-19
97,Dawn Hawkins,harrisgloria@example.org,"92681 Caitlin Rest East Stephanie, VA 88538",2021-01-05
98,Michael Simpson,sotokaren@example.net,"3671 Earl Heights Armstrongview, SC 67519",2022-10-07
99,John Hill,onolan@example.net,"8314 Huerta Locks East Karinaland, OR 99165",2020-10-28
100,Phillip Skinner,pereztracy@example.org,"0577 Adams Rapids Suite 709 Aguilarshire, VI 55613",2022-06-22
