id,name,email,address,date_joined
1,Joe Allen,christopherwilson@example.com,"5144 Leach Springs New Steve, IL 29932",2023-06-16
2,Jennifer Arnold,johnharris@example.com,"425 Parker Lakes Clarkstad, MD 04696",2020-10-09
3,David Pope,navarromichael@example.net,"5332 Acevedo Village Laurenburgh, PA 23573",2024-03-06
4,Brenda Jones,jacksonkenneth@example.com,Unit 1228 Box 8076 DPO AE 33487,2022-05-12
5,Bryan Reynolds,emilycarney@example.com,"2258 Martin Brook Petersontown, FL 55566",2022-06-03
6,Michael Norris,nicole90@example.net,"54170 Kathryn Gardens Apt. 278 East David, NC 85512",2021-02-22
7,Katherine Lowe,aaronpowell@example.net,"086 White Square Suite 847 Lake Barbara, AS 36104",2021-12-16
8,Jennifer Burke,lisafields@example.net,"8177 Hess Summit North Savannah, MT 08434",2022-06-20
9,Henry Johnson,wardbobby@example.org,"80483 Ramirez Freeway South Willieville, MA 37052",2022-06-04
10,Joel Morales,trogers@example.com,"3402 Lewis Radial South Michaelside, VA 45773",2024-03-18
11,Katherine Boyle,ajordan@example.com,"43831 Martinez Village Apt. 618 West Roberthaven, MP 29481",2024-10-04
12,Kathy Watson,donnabarnes@example.com,"2974 Bradley Station Prestonfort, MN 09174",2020-12-12
13,Ryan Taylor,sharon86@example.net,"91604 Wallace Shore Suite 272 Bellhaven, WY 86428",2020-11-04
14,Henry Atkinson,rmatthews@example.net,"949 Hart Circles Suite 386 North Williammouth, MP 71254",2024-09-29
15,Michelle Burgess,jessebennett@example.org,"089 Whitney Turnpike Suite 329 West Theresamouth, SC 15794",2023-07-04
16,Daniel Rodriguez,tmiller@example.org,"895 Erica Passage Apt. 406 Rodriguezport, ME 47737",2020-12-19
17,Matthew Baker,piercedaniel@example.com,"19916 Sandra Walks Suite 841 East Sethhaven, DC 32018",2022-06-27
18,Christopher Padilla,donna18@example.com,"8910 James Estates Apt. 243 West Taylorburgh, ND 40024",2023-04-16
19,Laurie Thomas,cthomas@example.com,"25475 Porter Square Apt. 168 South Brenda, NE 90075",2022-09-03
20,Carrie Harris,harperchristopher@example.com,"9329 Knox Fords Porterchester, HI 14606",2023-06-28
21,Kimberly Davis,cindy15@example.com,"6497 Annette Neck Jamestown, DE 92110",2022-08-16
22,Kathleen Mcdaniel,lindsay40@example.org,"371 Marie Ferry West Rhondahaven, OK 06939",2022-10-27
23,Susan Perkins,susanhuynh@example.net,"83508 Parker Camp Lopezfurt, AK 73476",2021-01-28
24,Ronald Decker,cantrelljoyce@example.com,"5003 Christine Gateway Maryhaven, NJ 50821",2021-01-18
25,Michael Harris,richpatrick@example.net,"98050 Gallagher Grove South Robertshire, PR 03880",2022-09-11
26,Kim Hodge,candacebarrett@example.org,"34846 Garner Junction Suite 634 Colefurt, VI 05934",2020-06-14
27,Anna Todd,kiarajames@example.com,"348 Ruben Prairie Apt. 809 Higginsville, ME 43203",2021-02-22
28,Joshua Gonzalez,ronald70@example.org,"4580 Joshua Spurs Suite 079 Albertside, WY 25672",2022-10-26
29,Patricia Lewis,iwalter@example.net,"7317 Ray Pass New Zacharyberg, NH 76935",2022-02-21
30,Victoria Gutierrez,qdavis@example.com,"07859 Rodriguez Meadow Suite 239 Johnsonfurt, AZ 22829",2021-01-22
31,Katherine Lewis,jake08@example.com,"04889 Johns Villages Suite 053 Ericachester, FM 78359",2022-01-25
32,Donald Reynolds,brianwagner@example.org,"0212 Greene Island South Ryan, MN 03510",2024-08-11
33,Christine Watson,diane34@example.com,"412 Rogers Parks Apt. 685 Christophershire, PA 63332",2022-12-25
34,Austin Richards,qmarshall@example.com,"5837 Young Underpass Virginiachester, MH 32971",2021-05-18
35,Michael Gardner,amanda32@example.com,Unit 9663 Box 0989 DPO AE 70438,2021-08-24
36,Leslie Hood,delacruztimothy@example.com,"088 Carmen Corners Suite 414 Lewistown, CT 14909",2022-02-03
37,Kenneth Watkins,alvarezjohn@example.com,"9762 Newman Plaza Jenniferburgh, AR 27755",2021-07-26
38,David Coleman,colemandebra@example.net,"69303 Miguel Junctions West Garrettmouth, TX 10428",2022-12-10
39,Rebecca Green,aroberts@example.com,"561 April Track East Heatherbury, MS 41684",2024-01-30
40,Tina Watkins,ronald23@example.org,"1698 Michelle Haven Apt. 329 East Michaelside, MA 77902",2022-07-31
41,Darren Lewis,johnwatts@example.org,"57442 Cortez Trafficway New Alexisland, VT 11370",2020-11-06
42,Patricia Vance,rodriguezlogan@example.net,"752 Brooke View Suite 447 Rebeccaville, KS 68391",2023-04-06
43,David Martin,kristyfields@example.net,"72457 Bryant Bridge Meltonbury, FM 48614",2020-03-07
44,Bryan Keller,lisa88@example.net,Unit 8210 Box 2622 DPO AE 73719,2023-07-19
45,Brett Hernandez,chavezthomas@example.org,"3261 Emily Throughway Floresstad, TN 99286",2021-12-14
46,Darlene Mccarty,andreamays@example.net,"444 Betty Expressway Suite 173 Zamoraton, WY 58629",2023-10-09
47,James Green,greenkathleen@example.org,"41520 Beltran Roads Suite 476 Pamelaberg, PW 75834",2023-12-20
48,Barbara Jackson,dvargas@example.net,"1955 Robin Highway Port Daniel, MH 44629",2024-05-29
49,Adam Hill,millerjody@example.org,"19074 Amanda Roads Suite 935 Kingside, TX 65211",2022-01-15
50,Franklin Clark,donaldcooper@example.net,"2642 Monica Shoals Apt. 133 Port Aaronfurt, VI 94263",2023-07-17
51,Jeffrey Frey,corey74@example.com,"90581 Shannon Valleys East Mark, SC 18125",2024-06-13
52,Jeffrey Mcfarland DDS,carrerin@example.com,"07216 Eric Orchard Monicashire, ME 69412",2021-07-30
53,Taylor Evans,meghan49@example.org,"7005 Tammy Fords Apt. 194 North Kristina, NE 81913",2020-10-15
54,Kathleen Hall,kerrmatthew@example.org,Unit 2267 Box 1477 DPO AP 05371,2022-10-10
55,Shaun Cox,gkelly@example.org,"239 Jeffrey Drive East Karentown, WY 00706",2024-05-12
56,Jack Wolfe,wdiaz@example.net,"168 Rodriguez Rue Lindaside, UT 15415",2022-05-09
57,Stacey Anderson,thomas85@example.net,"93199 Howard Pine Maryville, WI 78255",2022-02-07
58,Michael Johnson,kevin82@example.org,"749 Ellison Locks Apt. 108 Elliottberg, GU 80389",2024-09-25
59,Michelle Smith,brewerdavid@example.org,"54581 Brown Trail Apt. 299 West John, ND 50315",2021-09-17
60,Carol Mccormick,xmartinez@example.com,"805 Edwin Field Suite 274 West Michelleshire, PW 76075",2020-04-27
61,Jeremy Simpson,hollowaywilliam@example.com,"79338 Cherry Fort Suite 348 Ramosport, MA 09681",2021-10-03
62,James Kelly,steven55@example.org,"59681 Stephanie Corners Suite 519 Riceland, DC 07431",2023-01-31
63,Kimberly Riley,burnscatherine@example.net,"63216 Sherri Land Apt. 204 Smithshire, NY 04575",2020-09-19
64,Peter Underwood,amy32@example.net,"1843 Kelly Forest North Marcus, AS 14257",2020-08-17
65,Justin Wyatt PhD,ronniebradford@example.com,"272 Dennis Greens Port Derrick, NM 46559",2023-12-16
66,Jason Hurst,deborahmarquez@example.net,"61284 Bryan Turnpike Apt. 802 Kerryport, MD 17555",2022-05-20
67,James Morales,robertstommy@example.org,"3366 Johnson Rapids Port Lisa, MH 84879",2021-04-10
68,Brandon Todd,qlee@example.com,"0846 Briana Ports Lake Ronald, NV 56671",2020-12-13
69,Maria Lambert,shelley84@example.org,"55208 Kathleen Courts Apt. 436 Port Robert, MT 26049",2023-03-01
70,Richard Farrell,audreycraig@example.org,"952 Debbie Well Suite 369 New Adamburgh, MO 48073",2020-03-01
71,Michele Brandt,watsonpatricia@example.org,"500 Stewart Coves East Williammouth, GA 19783",2021-08-15
72,Jacqueline Moon,rick91@example.com,"28618 Stephen Courts Suite 146 West Michaelton, MT 44523",2020-03-06
73,Kyle Stewart,grobinson@example.org,"245 Michael Dale Suite 811 Lake Jasminechester, NC 47163",2021-12-15
74,Rebecca Schmidt,award@example.com,"6810 Tara Stream West Kaitlynmouth, GA 88726",2020-05-01
75,Eric Berger,johnsoncorey@example.org,"90669 Anderson Vista Tinaburgh, DE 02973",2021-12-04
76,Michael Pierce,alexandraporter@example.net,"005 Carolyn Ferry Port Danaberg, IN 17896",2022-10-22
77,Kara Jenkins,cooleyjeffrey@example.net,"89590 Knox Prairie Tammyborough, UT 60808",2022-08-05
78,Patrick Davis,richardsonsusan@example.net,"PSC 1561, Box 1367 APO AP 26683",2020-12-20
79,Laura Williams,william11@example.com,"348 Gonzalez Meadows Smithbury, VA 84966",2021-06-27
80,Veronica Young,smithgina@example.net,"81344 Flores Forges Apt. 089 Hoffmanfort, TX 74228",2020-08-27
81,Ryan Arnold,pking@example.net,"625 Timothy Manors Apt. 369 Richardsberg, MP 76801",2021-11-09
82,Jonathan Griffin,thomasromero@example.net,"868 Michael Fort Dixonmouth, MT 35947",2023-04-02
83,Teresa Holt,mnewton@example.net,USS Santiago FPO AE 72470,2023-06-11
84,Mary Adams,rodriguezcasey@example.com,"645 Nathan Rapid North Dakota, VT 10239",2021-04-26
85,Daniel Guerra,jenniferalvarado@example.net,"95449 Janet Land South Michaelstad, GU 81660",2021-12-22
86,Lisa Allen,stacy17@example.com,"8915 Mary Mountains Penatown, GA 72263",2021-07-13
87,Lydia Nelson,qgriffin@example.com,"380 Perez Hollow Suite 231 Perezbury, PW 24609",2022-09-09
88,Brianna Hernandez,melindakane@example.com,"481 Johnson Tunnel Diazberg, NH 58241",2023-11-15
89,Robert Harrington,jasonbrown@example.com,"781 Michael Square Suite 701 Murphychester, CO 39940",2022-10-07
90,Michael Johnson,kevin24@example.org,"94965 George Plains New Julie, ID 97510",2022-08-12
91,Leonard Joseph,gene85@example.org,"57951 Smith Plains New Shari, NV 55701",2023-07-13
92,Richard Rodriguez,michael41@example.org,"3954 Bowen Inlet Suite 808 North Patriciastad, PA 16412",2024-01-26
93,Helen Dudley,kellydavis@example.net,"71576 Wagner Valleys Lake Katherinemouth, PW 24119",2023-01-25
94,Danielle Vaughan,donna00@example.com,"827 Lee View Hayesmouth, MS 41269",2024-06-29
95,Jaime Smith,fsantiago@example.com,"070 Hahn Via Port Jenniferton, WI 95329",2020-06-26
96,Melissa Hogan,ohamilton@example.org,"4247 Alexander Inlet North Michaelbury, LA 11360",2020-05-03
97,Randall Scott,perrysherry@example.com,"257 Anthony Trafficway East Kevin, SD 61339",2023-04-13
98,Yolanda Smith,mahoneyrobert@example.net,"96263 Ryan Isle Timothyberg, MP 18420",2020-05-21
99,Larry Ford,carlsonjoshua@example.com,"622 Sutton Hill Andrewberg, FM 03400",2024-07-31
100,Steven Myers,richardchristopher@example.org,"67089 Charles Court Apt. 688 Austinview, DE 94297",2023-11-14
101,Evan Lopez,leonlisa@example.com,USCGC Harris FPO AE 26707,2024-09-25
102,Ruth Snow,bentleykevin@example.net,"657 Clark Place North Corey, MO 92563",2022-04-28
103,Mercedes Peck,larry11@example.org,"129 Quinn Tunnel Apt. 141 Calebchester, NM 79048",2021-09-26
104,Jessica Marks,jhamilton@example.com,"813 David Village Suite 449 Ronaldhaven, OK 80837",2021-09-14
105,Michael Hardin,joshuasalas@example.org,"742 Bennett Hollow North Ericashire, MT 42202",2023-08-04
106,Cole Mcneil,romanmonica@example.net,"846 Reese Port Kellystad, OK 58205",2020-03-03
107,Amber Rodriguez,miguel21@example.net,"5708 Julie Springs Apt. 646 New Vincentmouth, NY 07191",2024-01-13
108,David Castro,ewilliams@example.org,"6486 James Junctions Hansenborough, MP 42034",2021-04-24
109,John Baker,benjamin83@example.com,"864 Campbell Lock New Lisaside, ME 46142",2023-08-30
110,Michael Thompson,andrewgreene@example.net,"066 Smith Trail Suite 693 West Andrechester, WI 92748",2024-05-26
111,Paul Smith,robinsonpeter@example.net,"1630 Judy Island North Mark, OR 67297",2021-08-26
112,Denise Clark,brandon91@example.com,"46386 Tapia Road Suite 634 Lake Theodore, MI 96445",2023-12-01
113,Phillip Dickerson,petersonkevin@example.com,"0651 Monica Squares Huynhview, SD 42202",2020-03-13
114,Rhonda Gonzalez,kellykatherine@example.net,"90439 Desiree Drives Benjaminside, LA 03178",2020-02-08
115,Mark Gonzalez,gary13@example.org,"671 Moody Roads Robertchester, UT 88556",2024-02-09
116,Kimberly Rodriguez,catherinehernandez@example.net,"960 Ray Square Suite 990 Marthafort, MA 61493",2023-04-11
117,Michael Levy,william11@example.net,"35291 Smith Lodge Apt. 458 Hancockside, RI 59909",2022-01-15
118,Chad Melton,daviskaitlyn@example.com,"4676 Williams Locks Suite 979 West Sarahside, DC 64198",2021-08-03
119,Barbara Roberts,lisa80@example.com,"9235 Love Manors Apt. 338 West Nathanielshire, RI 12988",2021-04-05
120,Matthew Johnson,kristareeves@example.net,"9587 Douglas Dam North Paulaview, PW 67549",2024-05-08
121,Kathleen Williams,kimryan@example.org,"51513 Sims Port East Christina, HI 96760",2023-07-15
122,Elizabeth Rhodes,maymichael@example.com,"5934 John Viaduct Phillipsfurt, NC 85139",2020-07-22
123,James Wilson,ramireztiffany@example.org,"7145 Moran Locks Youngfort, NE 26101",2024-08-26
124,Benjamin Patterson,christopher66@example.com,"958 Angela Pass Garciamouth, SD 71108",2020-08-31
125,Michael Ferrell,jshepard@example.net,"996 Chandler Inlet Scottport, SD 15848",2023-06-21
126,Angela Burton,lhaas@example.org,"7154 Charles Stream New Anthonyview, FM 23154",2021-11-24
127,Tracey Freeman,lesliesimpson@example.com,"9057 Bryant Inlet Knoxport, GA 81218",2022-12-08
128,Steven Norris,gjohnson@example.org,"51742 Richard Harbor New Barbarabury, MN 20470",2024-05-25
129,Michelle Horton,scole@example.org,"36044 Choi Drive Lisaview, IA 43357",2021-08-22
130,Melvin Stephenson,iwang@example.com,"4213 Young Pike Baldwinfort, NE 49052",2020-08-19
131,William Cox,jennifer74@example.org,Unit 2888 Box 6586 DPO AP 14766,2024-07-28
132,Shawn Hunter,briangreen@example.com,"1638 Wesley Parks Port Michellefurt, NC 52379",2021-07-12
133,Andre Gibbs,richard07@example.org,"PSC 7305, Box 0242 APO AA 78939",2024-03-15
134,Jeffrey Thomas,barronphillip@example.org,"12582 Sherman Gateway Suite 477 East David, MI 41421",2023-03-18
135,Megan Solomon,johnsrobert@example.net,"31590 Christopher Circle Apt. 607 South Donaldberg, SD 64391",2024-03-13
136,Lauren Moore,tyronecoleman@example.com,Unit 0141 Box 1330 DPO AP 32329,2022-01-15
137,Danielle Owens,ssmith@example.net,"11951 Tiffany Divide Apt. 091 Jeffreyberg, KY 32536",2021-06-03
138,Devon Lopez,brettflores@example.org,"4255 Graves Forest Smithburgh, MH 90298",2024-07-30
139,Susan Green,jessicatorres@example.net,"0179 Mejia Spurs Apt. 535 North Jenniferfurt, OR 43186",2024-09-07
140,Omar Santiago,elizabeth86@example.com,"2422 Alexander Ridges Port Tom, ID 40110",2021-04-12
141,Jacob Adams,nancy83@example.com,"596 Elizabeth Run Apt. 931 East Brittany, KS 91655",2023-09-10
142,Kim Smith,michellesmith@example.com,USNV Bowers FPO AA 98581,2024-07-30
143,Mary Jones,gli@example.com,"2515 Terry Inlet Apt. 860 East Laurenport, AK 60330",2020-04-04
144,Kaylee Elliott,gjones@example.com,"01879 Carrie Ville South Melissa, PR 11254",2023-05-11
145,Daniel Shea,cochransara@example.net,"2468 Claudia Heights Suite 244 East Mary, NY 08755",2024-01-26
146,Janet Garrison DVM,hcruz@example.com,"0108 Lori Coves Martinezchester, AZ 61553",2024-04-17
147,Anna Blake,adamsemily@example.org,"45617 Brooks Villages Apt. 065 South Anthonyburgh, DC 87531",2023-12-05
148,Karen Knight,thomas60@example.net,"124 Peter Row Apt. 426 North Monica, NH 93863",2020-07-02
149,Julie Watson,janice82@example.org,"90766 Evan Walk North Kathytown, TN 95791",2023-11-01
150,John Bishop,vjones@example.org,"0036 Martinez Landing Suite 999 Jasonberg, GA 58841",2024-05-16
151,Nicole Campbell,gmedina@example.net,"61899 Davies Garden Port Jasonburgh, MH 59605",2022-12-09
152,Juan Lewis,nrodriguez@example.org,"8837 Parker Prairie Suite 956 Cathystad, WI 21842",2022-12-07
153,Jessica Barrett,hartmansandra@example.net,"0896 Thomas Mission Apt. 591 New Chad, ID 02169",2022-05-13
154,Sierra Brewer,lindseykaren@example.com,"51972 Drake Extensions Apt. 234 Bergton, NC 25543",2022-08-05
155,Denise Francis,zhicks@example.org,"6113 Robert Circles Gallegosmouth, WY 74686",2024-03-27
156,Kristin Booth,tammychung@example.com,"291 Julian Circle Laraberg, MN 50661",2020-12-30
157,Scott Snyder,vanessa95@example.org,"096 Patterson Track Bensonland, AK 60959",2022-01-26
158,Tracey Lopez,gonzaleschristine@example.org,"2752 Johnson Orchard Suite 212 Kimberlyfurt, IA 91866",2022-09-25
159,Catherine Fields,eanthony@example.com,"10205 Samuel Via Suite 079 East Johnmouth, IA 83632",2021-02-20
160,Ryan Lutz,danielpatel@example.com,"PSC 4967, Box 0522 APO AP 10878",2021-09-16
161,Denise Cooper,ajuarez@example.net,"857 Koch Extension New Williamchester, KS 80429",2023-10-23
162,Cindy Beasley,harmonvictoria@example.com,"440 Michael Fall New Joshuaton, AZ 13115",2024-06-12
163,Megan Hayes,codycastaneda@example.net,"189 Jonathan Plain Apt. 240 Williamsburgh, KS 61456",2022-04-29
164,Randall Miller,ostephens@example.net,"83939 James Radial Apt. 911 Nelsonland, RI 58047",2022-07-23
165,Jesse Nguyen,petersonchristina@example.org,"2637 Amanda Inlet Suite 066 Powellmouth, UT 66117",2022-06-24
166,Christopher Sanders,kgarrison@example.com,"PSC 1175, Box 0066 APO AA 72064",2024-01-11
167,Thomas Murphy,ovalencia@example.com,"155 Jeffrey Place Apt. 206 Lake Jennifer, MO 98644",2022-08-14
168,Madison Anderson,robin73@example.org,"37843 Moreno Dale Apt. 595 Reyesburgh, WY 93883",2022-03-10
169,Charles Nunez Jr.,maryrivas@example.org,"832 Silva Harbors Suite 806 Whiteview, VI 16203",2022-08-22
170,Steven Gardner,stephenwilson@example.org,"0513 Holmes Crossroad Suite 617 North Kevinton, KY 49734",2024-10-03
171,Donna Blevins,christophermullins@example.com,"73102 Janet Harbors South Ericatown, MH 42090",2023-04-03
172,Joshua Carr,phillipskaren@example.net,"8517 Laura Rue Apt. 351 Hillland, GA 41565",2022-10-16
173,Theresa Mitchell,sierra55@example.com,"384 Connie Dale Suite 889 North Alexanderhaven, IL 63635",2023-12-14
174,Renee Allen,jhiggins@example.org,"134 Thomas Crossing New Ashley, SD 80293",2022-12-01
175,Shelby Bartlett,vmorales@example.com,"06382 Riley Ramp Suite 008 Parkerfort, FM 92227",2021-11-08
176,Terri Mejia,rodneydaniels@example.org,"265 Todd Highway Donnaville, VT 46847",2023-04-19
177,Crystal Phillips,keith49@example.org,"3255 David Drive Riveraside, NE 60020",2024-01-02
178,Daniel Brown,laurakelly@example.org,USNV Flynn FPO AA 57231,2023-01-27
179,Lori Smith,jenniferanderson@example.com,"675 Nancy Keys Suite 196 Lauratown, MP 66456",2021-01-30
180,Brittney Smith,markbrooks@example.org,"5577 Michael Islands Lake Danielleberg, WV 87319",2023-07-05
181,Andrew Anderson,youngmegan@example.org,"019 Clarence Isle Lake Seanland, KY 21668",2020-09-27
182,Joseph Bennett,codywright@example.org,"022 Morgan Route West Johnview, IL 88962",2022-01-26
183,Troy Wallace,bmorales@example.net,"445 Kenneth Stravenue Williamhaven, IL 88302",2022-09-14
184,Scott Bowman,hrush@example.org,"891 Wilcox Junctions Carrshire, MS 07456",2023-08-04
185,Joshua Baker,danielwilkins@example.com,"3728 Michael Station West Brianamouth, MS 97795",2021-09-22
186,Lucas Beck,sabrinamartinez@example.net,"16073 Sanchez Crescent Apt. 175 East Raymondberg, VT 30657",2021-03-28
187,Kayla Olson,william03@example.org,"794 Johnson Estate Suite 818 Kimberlymouth, MH 61284",2022-01-28
188,Elizabeth Owens,zpetersen@example.net,"536 Keith Ridges Suite 019 New Malik, AS 02413",2021-07-26
189,Richard Warren,laurie10@example.com,"118 Miller Avenue Apt. 831 Brentport, CT 01957",2024-05-30
190,Sarah Hill,milesjessica@example.net,"4196 Brittany Landing Suite 207 Jacquelineburgh, TX 75267",2022-09-11
191,Denise Taylor,pwallace@example.com,"PSC 8666, Box 3186 APO AP 18649",2023-08-01
192,Gregory Ramos,vcruz@example.net,Unit 0784 Box 2101 DPO AA 72229,2021-09-30
193,Brad Williams,roykristen@example.org,"318 Watson Locks Patriciatown, VT 88540",2021-02-25
194,Michael Robles,juarezjoshua@example.com,"548 Jackson Key Suite 214 South Edwardland, DC 77502",2023-01-14
195,Brenda Anderson,hubbardjenna@example.com,"99329 Dunn Vista Jamesville, WV 67424",2022-03-02
196,Timothy Johnson,xolson@example.net,"1489 Neal Rapids Orozcochester, TN 04946",2021-01-21
197,Ann Green,ehanson@example.net,"580 Schmidt Cove New Christine, GU 80662",2021-01-04
198,Wesley Phillips,pottermarcus@example.com,"3383 Amber Tunnel Suite 145 East Justinburgh, MS 49848",2021-02-21
199,Timothy Martin,martinezmichelle@example.com,"0490 Howell Road Apt. 507 Teresaberg, NJ 25850",2022-04-17
200,David Woods,paynecrystal@example.org,USS Conrad FPO AE 40562,2023-05-09
201,Frank Rogers,whumphrey@example.net,"78161 Frank Groves Suite 392 Kennedyport, TX 42317",2020-08-29
202,Jacob Rodriguez,lauren08@example.net,USCGC Perez FPO AE 01851,2020-07-08
203,Kristie Taylor,sandra79@example.net,"849 Monica Shoal Kyleview, NM 45253",2024-05-06
204,Stephen Sawyer,lorettawillis@example.net,"133 Samantha Vista Apt. 371 Wellsburgh, NE 21354",2023-10-08
205,Shirley Campbell,edwardsluis@example.net,"826 Heather Shores Smallside, IN 08332",2021-12-06
206,John Morgan,yanderson@example.org,"4897 Wells Causeway Suite 231 Heathershire, DE 94577",2021-09-03
207,John Mason,rward@example.com,"6502 Stephanie Fords Suite 313 Hayesport, FL 62848",2021-11-10
208,Cindy Mccoy,jasonbentley@example.org,"492 Alejandro Stravenue West Gloria, LA 41134",2022-02-27
209,Tyler Anderson,thomas65@example.org,"2091 Cox Locks Apt. 429 Leemouth, GU 25915",2023-03-13
210,Anna Martinez,mary29@example.org,"85571 Wagner Road Shawhaven, MT 13071",2023-10-03
211,Marc Luna,gsutton@example.com,"24704 Garcia Terrace Kendraville, PR 76577",2020-05-27
212,Susan Cabrera,campbelleddie@example.org,"841 Philip Road East Staceychester, SD 26935",2023-08-09
213,Maria Jones,peteravila@example.org,"227 Simpson Road Suite 274 Patrickberg, IN 74260",2024-06-30
214,Ruben Holmes,fromero@example.net,"3165 James Skyway Apt. 308 Torresstad, TN 86193",2020-09-06
215,Daniel Jones,donnabailey@example.net,"648 Erik Avenue Adrianburgh, AR 72755",2022-07-06
216,Christopher Goodman,joanneandrews@example.com,"0874 Foster Hollow Suite 471 Lake Valerie, WI 02737",2022-04-19
217,Matthew Ramos,vanderson@example.com,"2066 Elizabeth Roads Suite 913 Pughborough, WV 07069",2021-10-05
218,Christopher Ponce,destinybrennan@example.com,"3614 Timothy Spurs Williammouth, AZ 05885",2020-08-22
219,Christine Jones,calebharrell@example.org,"291 Mccarthy Roads Natalieberg, NM 87987",2021-03-16
220,Melanie Whitehead,tguerrero@example.org,"56123 Whitaker Creek Apt. 210 New Luis, ME 05878",2021-12-16
221,Travis Stafford,yfisher@example.net,"3062 Melinda Station Suite 733 West Ronaldchester, SD 28679",2023-07-07
222,Jason Carpenter,rebeccadavis@example.com,"690 Jamie Road Apt. 260 Port Karen, TX 01951",2022-02-21
223,Christine Manning,pnelson@example.net,"91924 Gomez Alley Apt. 588 South Jimmy, FL 08449",2021-03-29
224,Kyle Owen,alejandro84@example.org,"84675 Crystal Road Suite 711 East Autumnborough, IA 14563",2023-03-03
225,George Johnson,rickeybrewer@example.com,"15161 Preston Loaf Suite 308 Jacksonville, KY 63793",2024-09-09
226,Gregory Jackson,htorres@example.net,"4747 Ali Heights Robertfurt, TX 83426",2024-05-13
227,Rachel Sutton,daniel05@example.net,Unit 6471 Box 0061 DPO AE 78101,2021-04-05
228,Sarah Brock,cameronscott@example.com,"2350 Pena Keys Suite 034 West Steventon, SD 90823",2022-10-11
229,Lauren Clark,anthony26@example.com,"929 Bradford Greens Boothberg, SC 95821",2022-05-26
230,Christina Lamb,mariajohnson@example.net,"528 Kimberly Extension South Paigetown, MN 52657",2020-10-25
231,Paul Campbell,psmith@example.org,"90369 Palmer Ridges South Danielberg, KY 15932",2020-09-23
232,Mike Burgess,taraobrien@example.net,"064 Mills Expressway North Parker, WY 30094",2024-08-18
233,Karen George,hendersoncathy@example.org,"015 Rodgers Roads Suite 717 South Lisabury, ND 97175",2021-04-27
234,Chelsea Davis,kreeves@example.org,"631 Green Junction Suite 219 Christopherburgh, LA 65022",2021-08-27
235,Jeffrey Harrison,shayes@example.com,"009 Sara Crossroad South John, NY 86223",2020-08-20
236,Michael Cruz,kathrynkennedy@example.net,"6627 Larry Squares Bryantview, VT 73554",2021-07-10
237,Robert Pena,lopezjoshua@example.org,"177 Gary Parkway Suite 765 Mataberg, RI 55856",2022-08-16
238,Ronald Wiggins,delgadoarthur@example.org,"764 Elizabeth Fort Leeburgh, UT 65644",2020-06-07
239,Joshua Browning,mark28@example.net,USNS Bradley FPO AE 04132,2021-07-29
240,Denise Horton,angela10@example.net,"132 Ross Pines West Travis, HI 13903",2024-04-17
241,Janice Martinez,marcia60@example.net,"1100 Huff Dam Huangtown, DE 10742",2024-09-10
242,Steven Johnson,emily23@example.net,"70446 Ashley Parks Suite 443 Timothybury, AK 66796",2020-03-20
243,Karen Fleming,wgarza@example.org,"438 Smith Way Apt. 150 East Shawn, LA 74145",2024-06-22
244,Joseph Booth,edwardhayes@example.com,"5219 Taylor Springs Apt. 654 North Justinville, TX 25235",2022-08-12
245,Jamie Rogers,mgreene@example.org,"740 Christopher Dam South Darrellfurt, FM 76719",2020-11-19
246,Shannon Daugherty,jenniferwood@example.net,"00628 Knight Roads West Whitney, AK 12403",2022-11-30
247,Paula Pennington,anthonyhernandez@example.org,"293 Watson Roads Apt. 294 West Cynthiamouth, VI 61210",2020-01-23
248,Timothy Hernandez,jacobsaaron@example.net,"0894 David Loop Rebeccabury, OR 43905",2024-04-02
249,Carmen Ramos,jholder@example.org,"830 Garcia Passage Michaelview, MT 70880",2022-10-23
250,Adam Johnson,robert50@example.com,"270 Barbara Viaduct Apt. 802 Port Janet, PA 83588",2022-09-27
251,Matthew Dennis,churchholly@example.org,"4904 Garcia Hollow Suite 811 Ingramfort, CO 31514",2021-03-22
252,Stephanie Kidd,nparker@example.net,"14435 Eileen View Port Tracie, VA 93963",2024-08-12
253,Michael Wilkinson,hmeadows@example.org,USNS White FPO AE 85083,2020-03-27
254,Nancy Yates,boonevictoria@example.org,USS Suarez FPO AA 69431,2023-08-13
255,Gary Kirk,arellanoteresa@example.com,Unit 9564 Box 0418 DPO AP 82846,2022-12-06
256,Scott Chapman,tharper@example.net,"9133 Walsh Unions Suite 023 Wrightport, MD 94974",2022-06-18
257,David Gonzalez,scott82@example.com,"91431 Smith Vista Wallsmouth, OR 17224",2020-11-28
258,Stacey Murphy,melissa70@example.org,"866 Christensen Branch Amyshire, GA 53062",2020-05-21
259,James Williams DDS,lisabrown@example.net,"73985 Hughes Lodge Apt. 392 Thomasberg, MD 94301",2023-12-28
260,Kayla Martinez,jacobhughes@example.net,"960 Bonnie Orchard Suite 803 New Paulstad, CT 97315",2020-07-25
261,Brady Clark,nicolegomez@example.org,"881 Santiago Rapids Christopherberg, OH 17209",2024-06-21
262,Charles Larson,nacosta@example.com,"17410 Gray Dam Suite 634 Marioton, MH 81125",2020-10-17
263,Heidi Gonzalez,jessicathompson@example.org,"7001 Lopez Crest Suite 450 Matthewmouth, ID 09612",2021-10-29
264,Tom Tran MD,rchristensen@example.org,"43493 Smith Common Suite 454 Jessicashire, ME 07889",2023-08-03
265,Marcus Griffin,alexander31@example.org,Unit 6693 Box 8287 DPO AA 43114,2023-02-01
266,Christy Horne,jennifer85@example.org,"54900 Crane Village Kristinaland, CT 71214",2020-10-18
267,Javier Hickman,stephenpeters@example.com,"392 Davidson Shores Apt. 461 New Caleb, IN 30683",2021-04-02
268,Eric Delgado,fgarner@example.net,"521 Diaz Inlet Apt. 619 New Brian, WA 83746",2022-03-22
269,Beth Gonzalez,gabrielferrell@example.com,Unit 7278 Box 5706 DPO AA 13874,2022-01-21
270,Norma Bowman,vrodgers@example.net,USNV Taylor FPO AP 37388,2020-02-18
271,Amanda Manning,marklee@example.org,USS Bell FPO AP 68033,2020-12-12
272,Mckenzie Cox,dcruz@example.com,"48146 Franklin Plaza Jasonbury, FM 11635",2022-08-13
273,Michael Smith,jimmysanchez@example.net,"5846 Lisa Place Suite 546 East Nicoleberg, MS 51244",2021-10-31
274,Stacy Brown,mmay@example.org,Unit 8809 Box 1012 DPO AE 13489,2023-10-29
275,Kathy Krueger,lesliehenry@example.net,"669 Laura Estate Suite 969 Parkershire, VA 54487",2023-03-27
276,Michael Hester,vharmon@example.net,"359 Joshua Springs Suite 811 East Ryan, MS 25992",2021-07-29
277,James Snyder,elizabeth74@example.com,"4087 Jeffrey Key Jonathanport, SD 11367",2023-03-07
278,Mark Johnson,bberger@example.com,"0479 Brown Stream Suite 593 Ryanborough, TX 36102",2024-08-05
279,Charles Weber,pennystephens@example.net,"611 Shelley Groves Suite 914 Cooperview, CT 54197",2023-10-20
280,Mrs. Veronica Thompson,haneydaniel@example.com,"054 Moore Ville Suite 134 Adamstad, CO 12569",2021-01-31
281,Kristine Acosta,nreynolds@example.net,"2785 Wilson Knolls Apt. 501 Port James, CA 37826",2024-08-08
282,Renee Baldwin,qmartin@example.com,"5555 Hull Shore Andrewfurt, TX 48669",2021-02-18
283,Sara White,brandon12@example.com,"168 Reynolds Falls Apt. 987 West Crystal, NE 82413",2023-02-16
284,Heather Adams,hannah70@example.net,"866 Jon Mills Suite 630 East Kellyhaven, MA 75459",2021-07-22
285,Anthony Brewer,jtate@example.net,"34262 French Camp Port Nicoleberg, MH 30729",2023-05-21
286,John Bowman,ffigueroa@example.net,"124 Cooper Fords North Nicolestad, MT 15660",2021-03-29
287,Jessica Wagner,rrobinson@example.org,"3833 Miles Highway East Krista, RI 08282",2021-01-13
288,Wendy Schultz,leerobert@example.net,"1016 Gavin Mission Apt. 697 Port Kevinhaven, MH 79825",2023-03-10
289,Lisa Thomas,jennifer92@example.com,"41037 Rivas Lights Beckshire, VA 35453",2023-05-20
290,Michael Miranda,theresamoody@example.net,"53152 Katherine Wall Karenbury, ME 58007",2022-09-01
291,Alison Kennedy,aaronruiz@example.net,"6336 Robert Valleys East Brian, MS 03473",2024-03-09
292,Brandon Powers,sherrihenson@example.com,"19089 Christopher Knoll Apt. 407 Costahaven, MH 41950",2024-03-24
293,Colleen Richmond,lewisjohn@example.net,USNV Miller FPO AE 63318,2021-10-08
294,Tonya Lee,oscarcarrillo@example.net,"90553 Jessica Pike Suite 117 Maymouth, NV 91355",2023-08-04
295,Karen Miller,iperez@example.com,"450 Spencer Throughway Lake Jackie, DC 08996",2022-07-28
296,Lauren Stokes,bryantedward@example.org,"19430 Mendoza Pines Suite 246 Jeremyberg, GU 23673",2020-04-12
297,Tony Nelson,beth67@example.net,"90081 Bernard Court Suite 181 East Joseshire, PW 02817",2023-03-24
298,Michael Phillips,powellcathy@example.com,"1722 Tina Spurs Codytown, PW 95397",2022-04-04
299,Jeffrey Ortiz,gmahoney@example.org,"399 Khan Forge Suite 975 East Susanville, MH 79497",2020-04-15
300,Taylor Jones,dramsey@example.net,"920 Nicholas Centers Apt. 308 New Jessica, MS 46297",2022-11-30
301,Tracy Sherman,ymaxwell@example.org,"78482 Anthony Wall East Cynthia, NE 79885",2024-04-07
302,Jeffery Sullivan,kelliebryant@example.net,"75127 Riddle River Suite 162 North Dianeshire, FM 66371",2022-02-22
303,Ann Hawkins,bfranklin@example.org,"3644 Nicholas Turnpike Marystad, NC 14825",2023-05-17
304,Lori Perez,feliciaadams@example.net,"688 Nancy Lodge Apt. 488 Hayestown, MN 72133",2024-03-31
305,Antonio Summers,qgentry@example.net,"PSC 6593, Box 3416 APO AA 57962",2023-06-25
306,Elizabeth Long,bensonfrank@example.net,"57729 Maldonado Mews Suite 535 North Andrew, OR 31462",2022-04-19
307,Dr. Jon Hayes,cmills@example.org,"09170 Edward Place West Calebburgh, RI 50303",2024-05-09
308,Aaron Harris,nicolemitchell@example.org,"8842 Barbara Point South Randallport, MD 36674",2024-02-23
309,Stacy Day,erichardson@example.net,"12248 Pamela Lake Suite 895 South Katherineview, HI 68807",2023-04-08
310,Kelly Chapman,nicole34@example.org,"2249 Theresa Cape North Todd, MI 03923",2023-01-29
311,Larry Tapia,brandyosborn@example.net,"5382 Christina Extension Reynoldsfort, MT 87613",2024-05-23
312,Ana Byrd,zlong@example.com,"4802 Kathryn Greens Suite 903 North Kevinchester, GU 76265",2020-03-16
313,Jordan Harris,donald96@example.org,"8926 Richard Stravenue Suite 115 East Justin, AZ 55612",2022-01-02
314,Alejandro Archer,manningjoy@example.com,"83813 Scott Lock Suite 210 Lake Rhondabury, SC 47480",2023-04-28
315,Christopher Johnson,tommy11@example.com,"8596 Green Glens Jerryfort, TX 24429",2020-10-21
316,Steven Walsh,rossdaniel@example.com,"967 Javier Run Michaelstad, CA 30267",2022-05-10
317,Kelly Andrews,larryfrederick@example.com,"2491 Bonnie Gardens Suite 926 Port Williamstad, MA 37106",2021-04-03
318,Christopher Webster,randallgriffith@example.com,"324 Mayo Tunnel Port David, CT 21560",2023-01-24
319,Michael Schultz,kristie88@example.com,"27802 Singleton Junctions Lorishire, TX 07917",2023-05-07
320,Nathan Cooley,carlsonelizabeth@example.org,"0501 Madeline Via Barberland, TX 14781",2022-07-19
321,Laura Cox,daniel94@example.org,"6740 Herrera Gardens Meganmouth, MA 17334",2022-06-08
322,David Smith,odavis@example.net,"47139 Cline Villages Suite 413 New Victoriastad, MA 38298",2020-10-31
323,Michael Clayton,rebecca15@example.net,"80032 Stephen Fields Port Angela, MD 58201",2024-03-01
324,Sarah Lowe,avalencia@example.org,"81466 Jenkins Causeway Apt. 600 Port Jennifermouth, ND 73014",2021-10-02
325,Angela Hamilton,glawrence@example.net,"252 James Port Erikland, MA 78664",2021-05-22
326,Barry Watts,angela92@example.org,"50369 Guerrero Plaza Suite 154 Loganchester, KS 63779",2020-02-13
327,Lydia Sanchez,bruce76@example.com,"7674 Martin Forks Suite 837 East Jason, PW 75081",2021-05-01
328,James Fields,barneschristopher@example.net,"35606 Kenneth Street Apt. 435 Lake Justin, NC 93772",2023-10-05
329,Dennis White,hughesstacy@example.net,USNS Compton FPO AP 16038,2023-02-07
330,Sandra Hunter,nsmith@example.org,"76047 Destiny Station Leonardland, LA 93127",2023-04-30
331,Natasha Smith,gardnerjennifer@example.org,"33526 Dana Greens Apt. 401 West Kurtchester, WY 22897",2020-12-04
332,Karen West,bhill@example.com,"7657 Shelly Mission New Jennifer, SC 35937",2021-09-14
333,Jason Carroll,ashleytroy@example.com,"381 Rocha Extension Suite 821 West Daniel, MD 66560",2020-07-29
334,Rachel Murphy,jose24@example.com,"68001 Shawn Fields North Diana, ME 74324",2024-06-22
335,James Nelson,dmosley@example.com,"322 Corey Divide East Jessica, OK 81160",2022-02-24
336,Dorothy Cantu,stevenmitchell@example.net,"3608 Shannon Road Stephenland, CT 82004",2021-05-22
337,Jamie Hughes,collinsjoel@example.net,"2336 Hayes Corners West Jenniferburgh, DC 24207",2023-02-25
338,John Carr,sarasteele@example.net,"23058 Whitehead Lodge Rebeccahaven, ND 27182",2022-05-19
339,Aaron Oliver,schmidtadrian@example.net,"06507 Dixon Mews South Matthewview, WY 64074",2021-07-17
340,Jason Guerrero,leejessica@example.org,"PSC 5264, Box 8609 APO AA 93211",2022-05-08
341,Kyle Ellis,anna38@example.net,"6641 Kayla Shore Saraside, NJ 91654",2024-08-29
342,Emily Rivera,natalieallen@example.com,"34567 Velez View Suite 553 Hillstad, NM 30009",2023-12-20
343,James Mitchell,colemanveronica@example.net,"8400 Berry Club Suite 300 Moralesberg, NC 00838",2020-02-24
344,Monica Rasmussen,ncurry@example.org,"10125 Tucker Curve Suite 776 West Taylor, CO 67674",2020-10-16
345,Vanessa Garcia,debra72@example.org,"741 Jacob Lodge East Faithview, AZ 74880",2020-10-06
346,Jessica Martin,stephanie15@example.net,"76654 Palmer Inlet Deborahfurt, UT 85977",2024-05-10
347,Tamara Copeland,nbyrd@example.net,"6759 James Bridge South Juan, TN 53136",2022-06-23
348,Bryan Fletcher,robert51@example.com,"73398 Matthew Roads Suite 771 South Josephborough, ME 47781",2021-09-18
349,Daniel Smith,kcastro@example.com,"27758 Ross Path Suite 360 East Ruthtown, TN 89667",2021-06-27
350,Richard Best,perezjared@example.net,"53234 Nicole Place Hodgebury, ID 93133",2022-01-24
351,Pamela Thompson,kelleyjames@example.net,"402 Ryan Parks Laraton, NE 56395",2023-05-17
352,Veronica Hart,itapia@example.net,"21626 Smith Key Suite 666 Port Lauren, AR 34066",2023-03-18
353,Brenda Jones,smithjessica@example.org,"219 Murray Glen South Donnachester, WA 55297",2024-04-27
354,Joseph Walter,sparksdonna@example.org,"2328 Heather Crescent Apt. 759 Harttown, AR 50763",2023-04-25
355,Tracy Robinson,dunnalan@example.com,"PSC 5398, Box 6459 APO AE 75780",2021-07-17
356,Stacy Krueger,gardnerpaul@example.net,"006 Baker Forge Suite 717 Nielsenshire, MP 39551",2024-05-20
357,Donna Meyer,allentanya@example.net,"8183 Melissa Lodge Jenkinschester, AL 22427",2024-02-08
358,Kimberly Perez,vhunt@example.net,"6573 Kristy Ridges Apt. 072 West Nathanbury, WI 60264",2020-08-23
359,Jason Ferguson,david47@example.com,"1471 Hayes Knolls Apt. 003 Weaverhaven, NY 56248",2020-05-25
360,John Murphy,tylervargas@example.org,"8720 Greer Highway Suite 594 North Craigmouth, OR 69088",2020-07-30
361,William York,mcmillanlori@example.net,"4605 Christina Mission Apt. 225 Hortonport, PW 52034",2024-09-14
362,Renee Foster,bentonjohn@example.com,"052 Renee Coves Suite 733 East Danielfort, AL 89587",2021-04-29
363,Stephanie Chambers,deanna69@example.org,"6037 Robert Court Jameschester, ME 63338",2021-12-31
364,Daniel Martin,fedwards@example.net,"3438 Benjamin Port New Donaldhaven, AS 48380",2020-09-04
365,Melissa Li,jamesperkins@example.com,"758 Scott Fort Michaelborough, PW 90117",2020-01-06
366,Bryan Wilcox,natalie31@example.org,"511 Dawn Underpass Suite 550 West James, MS 70784",2022-12-17
367,Jason Macias,kbryant@example.net,"7851 Smith Ports Suite 307 Lake Sandrafurt, DE 52202",2022-12-31
368,Chase Bowen,cmejia@example.org,"3039 Charles Forest North Ericaburgh, ME 38791",2020-08-17
369,Joan Green,erin93@example.net,"287 James Shore New Monique, VT 70284",2021-04-24
370,Ryan Price,jeffreymurray@example.net,"93321 Roach Plains Port Jeremiah, RI 72812",2021-06-13
371,Thomas Day,pattersonrichard@example.org,"40327 Michael Forges Cheyennebury, IA 88022",2023-06-18
372,Chase Murray,adkinskelli@example.org,USS Williams FPO AA 58774,2024-07-26
373,Jamie Fox,brianhancock@example.net,"49525 Nancy Estates Andreastad, TN 10260",2022-06-16
374,Nicole Lyons,brookelowe@example.com,"7797 Stephanie Mount Port Lisaside, ME 74362",2020-01-04
375,Barbara Preston,uhartman@example.com,"5551 Christensen Harbor Nicolasland, GU 31977",2020-06-03
376,Susan Wells,ale@example.com,Unit 1959 Box 7582 DPO AP 58884,2020-11-18
377,April Martin,brendan16@example.net,"4979 Thomas Viaduct Lake Denise, IN 33508",2022-05-22
378,April Gordon,thomas44@example.org,"157 Griffith Trace Suite 713 New Amy, PA 03399",2021-10-22
379,Javier Morton,rcooper@example.com,"479 Myers Canyon Catherineton, LA 94570",2023-12-22
380,David Casey,sandra37@example.org,"76345 Smith Point Jessicaville, RI 42241",2023-09-08
381,David Campbell,ibrown@example.org,"01178 Thomas Fords East Bethmouth, WV 07973",2022-12-05
382,Amanda Baker,johnsonheather@example.net,"7549 Mendoza Row Suite 437 Steinmouth, DE 40839",2022-06-19
383,Jorge Alvarez,darryl08@example.com,"9494 Nicole Ports New Nicole, CO 04042",2023-04-20
384,Sheila Peck,laura56@example.com,"0771 Wilkins Manor Suite 038 Debraland, MS 45931",2024-07-05
385,Ashley Evans,ylara@example.net,"324 Benjamin Rapids Apt. 299 South Benjaminport, DE 21499",2024-04-22
386,Tiffany Wright,rebeccablanchard@example.org,"5356 Barbara Haven Apt. 425 East Ambertown, MT 43772",2022-01-21
387,Benjamin Cardenas,jared35@example.com,"242 Johnson Pass Stevenshire, TX 39316",2020-08-20
388,Emily Rivas,kaitlyn14@example.com,"44408 Nicholas Ridges Suite 122 Priceview, AK 36919",2023-04-13
389,Daniel Barber,bushcolin@example.com,USNV Green FPO AE 35284,2020-06-12
390,Michael Munoz,andersonjessica@example.net,"682 Brianna Parkway Apt. 972 Heatherburgh, TX 96784",2024-05-23
391,Michael Simpson,robinsontiffany@example.org,"406 Wood Port Suite 683 West Paulberg, TX 92696",2020-07-01
392,Tina Kelly,morrowmark@example.org,"7424 Joseph Circle Suite 868 Lindseymouth, WI 23418",2021-12-04
393,Ariel Hart,brent77@example.com,"233 Wade Skyway Suite 119 Tashamouth, IN 02759",2023-08-19
394,Christina Nelson DDS,ielliott@example.org,"07164 Kimberly Ways Shariton, CT 87578",2021-05-30
395,Elizabeth Gomez,gina75@example.com,"5482 Christopher Road Suite 852 East Andrewmouth, VI 87787",2024-08-01
396,Tara Craig,maryayala@example.org,"6210 Sarah Ford West Alyssa, HI 51254",2021-04-22
397,Luke Schultz,stephensmargaret@example.org,"133 Scott Junctions West Spencerchester, PA 77753",2020-06-25
398,Rebecca Byrd,jenna25@example.net,"630 Amy Fall Apt. 891 Taraburgh, MI 46086",2020-10-06
399,Dustin Moore,coreycohen@example.net,"47275 Amy Road Suite 619 Maryburgh, MS 02330",2022-12-10
400,Robert Hayes,sarah30@example.com,"0595 Julie Fall Emilytown, ND 95821",2024-04-13
401,Stephanie Mckay,suzanne41@example.com,"77116 Fuller Point East Emilyburgh, HI 75967",2021-05-21
402,Candice Chan,teresagarza@example.net,"402 Kirsten Circles Suite 895 East Todd, MT 65420",2021-06-02
403,Judith Bradley,paul79@example.org,"53224 Fisher Extension Suite 163 North Jennifer, AL 73909",2022-10-24
404,Jonathan Ward,andradechad@example.org,"66168 Melanie Forges Suite 325 New Kristyland, MS 40228",2023-12-16
405,Natasha Morales,chenson@example.org,"5153 Brooks Stream New Hollyland, WA 12517",2020-03-31
406,Misty Serrano,wbriggs@example.com,"945 Evans Parkways Lake John, MA 76726",2021-05-06
407,Joseph Alvarado,ehampton@example.org,"3419 Garner Route Brianstad, MP 41060",2021-07-09
408,Eric Berg,kristin06@example.net,"039 Cynthia Point Suite 547 Jamesbury, ME 02476",2022-01-08
409,Allison Young,thomasflores@example.net,USNS Moore FPO AA 77512,2020-08-12
410,Susan Garcia,lwilliams@example.net,"48982 Marquez Stream Port Deannahaven, NH 66823",2021-01-07
411,Jessica Jimenez PhD,michelle23@example.net,"59735 Barnes Extension Suite 425 West Carlosmouth, LA 63028",2023-08-26
412,Kim Hanna,jamesdelacruz@example.net,"828 Riley Shores Suite 985 Camachoshire, SC 34487",2022-12-27
413,Douglas Wolfe,rogerdavis@example.org,"9705 Melissa Bypass New Teresatown, OK 21923",2020-04-26
414,Mia Wright,loriburgess@example.net,"30181 Holly Mission Suite 655 Shepardchester, MI 39390",2021-04-14
415,Jessica Ayala,kwatts@example.org,USNV White FPO AP 56642,2023-06-06
416,Stephen Herring,jeremy48@example.com,"4937 Green Mountain Apt. 403 Lake Jacob, MD 53139",2023-02-16
417,Donald Carter,ppineda@example.net,"6522 Anthony Vista Suite 545 North Tanner, AZ 91178",2021-12-05
418,Kristina Hurley,fibarra@example.net,"059 Donna Ways Suite 111 Claybury, NY 31704",2021-01-05
419,Daniel Cooper,bradleyrichardson@example.net,USNV Short FPO AA 26134,2024-07-21
420,Angela Christian,matthewscarly@example.com,"8084 Jose Island Apt. 655 Lake Jamesbury, MP 24678",2024-07-05
421,Jonathan Mathis,rthomas@example.org,"4058 Robert Road Apt. 361 Port Josephberg, WA 14735",2022-11-04
422,Erica Brown,bgrimes@example.com,"7101 Carlson Lights Apt. 370 Johnhaven, WA 60449",2022-04-03
423,Jodi Barrett,tylerdoyle@example.org,"25324 Crystal Island South Zachary, AZ 66282",2020-07-17
424,John Smith,kevinallen@example.com,"69328 Carr Court South Alexandria, FL 04739",2023-11-25
425,Krista Whitaker MD,dawnobrien@example.com,"351 Martinez Isle Apt. 825 South Emily, MN 68729",2023-12-23
426,Brian Hernandez,rubiojason@example.com,"3271 Charlotte Shores Apt. 131 Ashleyshire, MO 50457",2022-01-15
427,Karen Evans,pettyheather@example.org,"782 Timothy Isle West Shawn, PA 07876",2023-03-29
428,Gloria Cervantes,thomasreese@example.net,"7123 Lisa Prairie Eileenmouth, DC 34616",2023-01-11
429,Ashley Price,qconway@example.org,"39988 Andrea Inlet Donnabury, RI 07653",2021-11-14
430,Jessica Contreras,natashamartin@example.net,"116 Michael Unions Suite 107 Henrychester, FM 27057",2020-04-26
431,Linda Robertson,maria33@example.org,"61157 Lindsey Plaza Suite 646 Guerramouth, RI 58768",2023-08-10
432,Timothy Serrano,villacaitlin@example.com,"9881 Stephanie Parkway Suite 185 South Heatherbury, LA 76725",2022-10-16
433,Kristin Ortiz,mullinsjared@example.com,"0438 Bryan Terrace Robinborough, DE 98564",2021-02-03
434,Ryan Murphy,marquezshirley@example.org,"059 Colon Views Suite 413 Lake Wandastad, AK 42710",2021-06-16
435,Deanna Alvarez,tyler01@example.com,"PSC 6457, Box 9899 APO AA 18901",2023-01-25
436,Veronica Long,smithalyssa@example.net,"5270 Houston Ville Apt. 545 East Joseph, VI 70664",2023-10-12
437,Amanda Smith,lball@example.org,"01937 Navarro Meadows Justinside, DC 23373",2020-09-08
438,Susan Brown,hurleykrista@example.com,"715 Krystal Loop Apt. 465 Ruizville, RI 87366",2023-06-27
439,Stephen Roberts,victoriawalters@example.net,"PSC 2819, Box 8789 APO AA 36597",2021-06-12
440,Donald Jones,parkeraaron@example.org,"58831 Michele Parkways Alexisville, FM 60397",2022-01-25
441,Alexandra Richardson,jameslee@example.net,"374 Edwin River Apt. 317 North Joseland, MH 02439",2024-09-09
442,Jeffrey Martin,daniel50@example.org,"90773 Juan Mall Apt. 519 Thomasmouth, WV 36311",2022-11-09
443,Stacy Williams,nicholas77@example.org,"92997 Meghan Trace Suite 793 Johnathanmouth, ID 11840",2024-03-12
444,Scott Odonnell,qfuller@example.net,Unit 9114 Box 7368 DPO AE 56447,2022-11-14
445,Patricia Moreno,douglas71@example.net,"28711 Andrew Cliff Raymondfurt, IL 58700",2022-10-08
446,Rebekah Mcclain,emily80@example.com,"494 Williams Mountain Apt. 153 Sharpstad, WA 23663",2023-09-30
447,Nathan Barrera,wrightjason@example.org,"7106 Maddox Springs Suite 143 West Reneemouth, WV 88957",2020-02-21
448,Krista Taylor,wushane@example.net,"945 Miller Shoal Grayburgh, TX 74908",2021-10-23
449,Kerry Price,richardrobles@example.net,"6813 Duncan Green Suite 245 Lake Blakefurt, RI 57688",2020-03-27
450,Henry Johnson,ogross@example.com,"47159 Jimmy Hill West Brandonfurt, NY 20665",2021-11-20
451,Jill Bishop,xjohnson@example.com,"932 Johnson Locks Suite 512 West Frankberg, ND 56842",2020-04-05
452,Stephanie Owen,wolflauren@example.net,"0507 Mark Estate New Kenneth, HI 82717",2024-03-06
453,Kyle White,david31@example.net,"4009 Gardner Key South Andreport, TN 79549",2023-09-22
454,Timothy Turner,ybarnett@example.net,"PSC 7173, Box 4704 APO AA 19038",2023-06-19
455,Ashley Hernandez,brittany32@example.net,"9868 Melinda Port Suite 489 Port Jenniferchester, AL 98907",2020-03-29
456,Dustin Davis,tiffanystewart@example.org,"5307 Heather Landing Dylanside, IN 03873",2022-08-30
457,Juan Phillips,turnerkelly@example.com,"379 Gary Forges Apt. 181 North Crystalton, NM 53441",2022-04-20
458,Anthony Howard,gabriel58@example.com,"4165 Jeremy Keys Thomaston, NE 01269",2024-05-16
459,Nathan Carrillo,alawrence@example.org,"59976 Stephanie Terrace Suite 321 New Lauraville, NC 61519",2023-06-14
460,Amanda Johnson,heatherjenkins@example.org,"095 Simmons Square Suite 958 Port Savannahfurt, NV 14455",2021-12-31
461,Gary Riley,richard61@example.org,"097 Vaughan Path Apt. 671 Lake Shane, GA 10522",2020-11-11
462,John Flores,gonzalezbradley@example.com,"643 Melissa Fork Harrishaven, PA 10836",2020-01-04
463,Brandon Moreno,lawsonrachel@example.org,"760 Rivera Knolls Suite 832 South Katherine, TX 27159",2021-01-11
464,Lance Jackson Jr.,andrewbowers@example.com,"4884 Christopher Field New Amyville, IL 77940",2022-10-08
465,Martin Lloyd,wellspatricia@example.com,"540 Cain Row West Randy, SD 77459",2024-01-05
466,Susan Wall,xwalker@example.net,"11375 Leonard Tunnel Nixonfort, VT 24795",2022-10-31
467,Larry Sandoval,tracey20@example.com,"24995 Bennett Radial Sullivanview, OK 96450",2020-12-05
468,Shannon Joseph,janderson@example.com,"88742 Li Mountains Suite 242 Elizabethhaven, PW 50046",2024-03-04
469,Maria Wilson,smithchristopher@example.com,"211 Ashley Crossroad Apt. 741 Brendatown, GA 47363",2022-09-30
470,Joseph Williams,sarah46@example.com,"064 Lane Loop Apt. 387 Cheyennefurt, WV 47470",2021-04-30
471,Kelsey Mccullough,kchavez@example.com,USNV Rodriguez FPO AA 28777,2021-06-17
472,Holly Edwards,haleyerica@example.com,"6326 Katie Square Suite 426 Natashaborough, IN 68619",2023-09-10
473,Jennifer James,martinkimberly@example.net,"41370 Weber Plains Petersonchester, GA 96165",2021-01-23
474,Jennifer Cook,destinyobrien@example.net,"25900 Garrett River Suite 464 Odomport, AR 14966",2023-02-08
475,Sean Gray,danarice@example.com,USS Cooper FPO AP 68836,2024-04-19
476,Brandon Torres,donald85@example.net,"8607 Autumn Park Ryanton, OR 10278",2024-01-08
477,Cody Fields,kristopher12@example.net,USCGC Mcdonald FPO AA 50470,2022-11-12
478,John Watson,navarroanthony@example.net,Unit 3316 Box 7260 DPO AP 78236,2020-08-23
479,Jonathan Lawrence,xwhitehead@example.org,"11083 Jackson Union Port Keithview, MT 16110",2020-11-09
480,Christian Gilmore,oswanson@example.com,"545 Kimberly Centers Suite 202 West Stevenshire, CO 45135",2022-05-15
481,John Moore,jeremybest@example.com,"63541 Lin Meadows Suite 872 West Carolineview, NV 24134",2021-03-31
482,Shaun Villanueva,jonathongutierrez@example.org,"8774 Debra Alley Suite 229 Port Jasonport, AR 89075",2021-03-31
483,Brian Lewis,dixonluis@example.org,"PSC 6062, Box 1791 APO AP 12445",2022-03-27
484,Roger Franklin DVM,eric46@example.org,"557 Fox Fork West Frederickside, UT 34041",2020-01-01
485,Dr. Summer Williams,greenstephen@example.net,"68521 Mendoza Manor Longview, WY 56951",2024-02-22
486,Anita Gonzalez,jacqueline66@example.com,"993 Flores Vista Apt. 186 North Wesley, HI 34844",2020-12-22
487,Anthony Williams,benjaminsmith@example.net,"575 Autumn Point Robinsonfurt, MD 49233",2024-09-25
488,Casey Smith,drichardson@example.net,"13416 Jason Ridges Port Ashley, CT 43601",2020-05-16
489,William Johnson,littlewilliam@example.com,"60020 Park Roads Kimside, WV 49370",2021-10-03
490,Alvin Hernandez,laurareynolds@example.net,"9707 Torres Ferry Davidside, OR 25290",2023-04-09
491,Shelby Diaz,justinlawson@example.org,Unit 0072 Box 2481 DPO AP 46289,2022-01-20
492,Blake Johnson,paulsanchez@example.com,"48505 Jose River West Kelly, WY 98078",2021-01-30
493,Jennifer Jacobs,marcus57@example.com,"7608 Alexander Drive Apt. 116 Caldwellfort, NH 07813",2024-07-28
494,Juan Parker,eugenefrank@example.com,"315 Shelby Plaza South Kennethport, ND 29776",2022-03-10
495,Dennis Perkins,stacy38@example.org,Unit 4990 Box 7326 DPO AP 17045,2024-06-22
496,Katrina Ibarra,jerry43@example.com,"441 Angela Keys North Michelle, NC 59043",2021-11-06
497,Cameron Black,drubio@example.com,"390 Andrew View Apt. 342 Holmesbury, NJ 63211",2022-11-01
498,Scott Shelton,michaellozano@example.net,"4442 Fleming Lane Lake Sophia, AL 00832",2021-04-27
499,Jessica Contreras,david19@example.net,"991 Jones Viaduct East Thomas, OR 44979",2022-12-18
500,Cathy Ware,bradleygarcia@example.net,"698 Megan Burgs New Gina, DE 60360",2021-10-15
