id,name,email,address,date_joined
1,Amanda Butler,jacob48@example.org,"54279 Allen River Apt. 696 Jacobton, MH 63223",2020-03-19
2,Shawn Perez DVM,padams@example.org,"19393 Karen Oval Apt. 774 Stephenview, GA 73196",2021-05-12
3,Troy Wright,anthonythompson@example.org,"377 Lopez Field Beckershire, NM 28263",2024-01-07
4,James Williams,perezjulia@example.net,"70874 Michelle Unions West Julia, MS 58720",2024-01-26
5,Dawn Santos,mlong@example.net,"632 Gordon Roads Apt. 408 Lake Jasonstad, SC 00634",2020-06-04
6,Joshua Spears,morrowrebecca@example.net,"059 Diane Vista Suite 039 New Nicholasstad, GA 37539",2024-02-07
7,Susan Hill,danielstiffany@example.com,"7841 Audrey Manors New Wendy, NV 21436",2022-03-15
8,Barbara Powell,patricia04@example.org,"PSC 0833, Box 1120 APO AP 61835",2021-06-19
9,Adam Mayo,shawn23@example.com,USS Castro FPO AE 27264,2021-03-12
10,Mrs. Nancy Fox,ksullivan@example.org,"PSC 9653, Box 8501 APO AA 92303",2021-06-11
11,Emily Johnson,duffyjohnathan@example.com,"749 Victoria Dam Suite 001 East Prestonshire, OH 21581",2020-10-06
12,William Rogers,steven70@example.com,"192 Williams River Apt. 074 Combsland, ME 99944",2023-06-10
13,Jason Anderson,gregorymclaughlin@example.net,"4229 Kimberly Fields Suite 787 Pagefurt, MA 39810",2022-11-21
14,Kevin Dixon,michellebeck@example.net,"157 Adam Mill Apt. 974 Lake Dennis, OH 96889",2023-09-28
15,Cody Hogan,lford@example.net,"7311 Brian Mountains Suite 461 Hernandezberg, KY 12698",2024-08-09
16,Andrea Morgan,adamherring@example.net,"1876 Richard Wall Apt. 194 Brendaside, MS 40119",2022-04-20
17,Joshua Parker,jessica57@example.org,USNS Henderson FPO AE 52809,2021-12-28
18,Rebecca Parker,sroberson@example.com,"8376 Ramsey Lakes Suite 032 Debraland, PR 94203",2023-04-24
19,Kelly Gates,diana16@example.com,"08950 Chapman Falls Kellytown, OK 65346",2023-09-28
20,Christine Russell,roger83@example.org,"111 Savage Walks Port Shawn, VI 22816",2023-09-05
21,Lisa Rodriguez,fedwards@example.org,"07274 Tammy Meadows Apt. 984 South Kirkmouth, VI 02777",2024-07-11
22,Betty Anderson,robertsjacob@example.com,"827 Jessica Island North Barryberg, NM 07919",2024-03-06
23,John Hughes,banksrussell@example.org,"20608 Andrew Islands Port Jesseside, CT 54318",2021-11-20
24,Carolyn Padilla,mgreen@example.com,"6742 Wayne Manor Suite 719 Tammyport, NM 80798",2024-08-28
25,Mrs. Erin Gutierrez,cynthia52@example.org,"11386 Molly Mission New Jessica, ME 13486",2020-04-29
26,Christina Williams,uatkinson@example.com,Unit 6167 Box 0883 DPO AE 49757,2024-08-27
27,Bradley Romero,davidkim@example.org,"040 Joshua Station Suite 623 Jonesville, ME 13075",2024-09-14
28,Amy Martinez,christopher41@example.net,"174 Potts Loaf Suite 607 Phelpshaven, NC 92949",2024-01-23
29,Kendra Howell,pricetaylor@example.org,"4199 Horne Ridges Suite 099 Westberg, CO 01210",2023-12-10
30,Brittany Tanner,lisa10@example.com,"3265 Alicia Cove Suite 759 New Jamestown, AK 48727",2023-11-05
31,Edward Harrington,kallen@example.com,"88085 Chapman View Suite 571 Waltermouth, IL 14376",2024-07-13
32,Marissa Oconnell,qburns@example.org,"0913 Olsen Mountains South Edwin, WY 86001",2021-02-08
33,John Garcia,wwilliams@example.org,"046 Wheeler Ferry Rickyfurt, TN 25313",2024-10-02
34,Whitney Ross,tgriffith@example.org,"5842 George Crossroad Apt. 968 Morrisville, MO 86240",2023-05-04
35,Shirley Snow,sarah75@example.com,"49353 Jennifer Spring Davidbury, OH 53725",2020-09-29
36,Emily Hood,mhernandez@example.net,"2482 Brown Branch Apt. 402 South Hannah, CO 76547",2024-01-10
37,Bryan Malone,camposkenneth@example.com,USS Rose FPO AP 35593,2022-08-25
38,Stephanie Davidson,williamvalentine@example.net,"744 Baldwin Path Apt. 011 Moodyberg, WY 07651",2020-03-21
39,Sylvia Webb,erica21@example.net,"12392 Jeff Ports Port Johnborough, OK 61952",2022-08-26
40,Nathan Stephens,elizabeth16@example.net,"62216 Tiffany Rue Apt. 216 West Danielleside, TX 18543",2024-09-05
41,Brian Tran,candersen@example.org,"997 Theresa Unions Suite 204 Lopezshire, FM 24694",2020-11-22
42,Scott Reyes PhD,vanessablack@example.com,"8831 Kelly Court Villanuevashire, PR 93553",2023-09-01
43,Melissa Ross,ksmith@example.net,"7280 Bell Hills West Stephanieborough, MI 28040",2023-03-10
44,Michael Phillips,angelicabaldwin@example.net,"434 Lee Hollow Christopherside, VA 91253",2020-05-15
45,Jason Lucas DDS,robincook@example.com,"871 Christopher Ridges Suite 210 Lake Veronica, AK 00889",2022-12-29
46,Sean Valdez,achan@example.net,"9835 Jacob Port Rebeccaport, VI 73350",2022-05-17
47,Michael Hernandez,william97@example.org,"3677 Jackson Lock Suite 685 Bryanfort, CT 76136",2022-03-29
48,Austin Burgess,richardhernandez@example.org,"08182 Felicia Bypass Marilynview, NM 70210",2021-02-15
49,Sharon Taylor,thompsonrobert@example.com,"6048 Paul Alley Stephanieview, ND 05718",2020-08-11
50,Thomas Shaffer,kimtara@example.net,"764 Kristi Overpass South Lindaside, NH 84552",2024-09-23
51,Anita Ramsey,amandarich@example.org,"PSC 1825, Box 1733 APO AP 57584",2021-03-29
52,Helen Hale,joseph06@example.com,"05236 Brown Flat Suite 467 New Rebeccaton, AK 77815",2022-07-17
53,Gwendolyn Garner,tinacarrillo@example.org,"2362 Carey Wells Apt. 783 Vancehaven, VA 77863",2022-09-19
54,Joshua Aguilar,zbaxter@example.com,"885 James Lane Suite 997 Marshallland, WA 44867",2021-05-17
55,Cindy Hill,ekennedy@example.com,USNS Woods FPO AP 73163,2022-12-09
56,Sean Wheeler,ysanders@example.org,"0723 Julie Square New Nicholebury, ND 79799",2023-06-02
57,John Jennings,robinsonjohn@example.net,"661 Timothy Key Beltranland, CO 46128",2023-02-19
58,Ryan Wong,youngheather@example.net,"0566 Pierce Ranch Newtonport, DC 36268",2020-08-28
59,Bryan Griffin,lawrencepaula@example.com,"PSC 2020, Box 5423 APO AP 94917",2022-07-12
60,Donald Baker,lisahernandez@example.org,"253 Aaron Camp Suite 266 North Katherine, MP 38627",2021-10-07
61,Heather Brown,tracy66@example.com,"821 Michael Cliff Apt. 709 Leefurt, CA 12914",2024-07-31
62,Carrie King,dmccarty@example.net,"9593 Alexandra Pike New Edward, NH 92968",2024-06-13
63,Angie Rubio,montoyakari@example.com,"96397 Hendrix Cliffs Port Mark, UT 89161",2020-06-01
64,Mark Martin,juan90@example.org,"27244 Duncan Island Suite 887 North Phyllischester, MA 24422",2021-06-29
65,Ana Powell,wcarter@example.org,"915 Craig Islands Apt. 614 Port Michelle, MH 77692",2021-12-26
66,Julie Turner,matthew80@example.com,"165 Brooks Extension Jenniferstad, CT 36551",2020-02-07
67,Amy Hernandez,kgarcia@example.net,"22538 Travis Mount Suite 415 New Davidbury, IN 19072",2022-06-17
68,Shannon Cunningham,roger01@example.org,"785 Rosales Wall Port Cheryl, MP 31353",2022-04-21
69,Johnny Johnson,jessica08@example.net,"282 Jacqueline Corners Suite 031 South Annaburgh, ID 85207",2022-03-18
70,Monique Lindsey,tarawhite@example.org,"418 Julie Loaf Suite 190 Lake Craig, NV 51760",2024-04-11
71,Christopher Lopez,christopherwilson@example.com,USNS Cooper FPO AE 12713,2020-10-02
72,Seth Collins,timothymckay@example.org,"04813 Kimberly Prairie Apt. 159 Martinhaven, WY 56314",2023-05-27
73,John Ramos,acook@example.net,"31702 Green Summit Whiteview, VT 85835",2024-02-22
74,Judy Cole,sara29@example.org,"0397 Daniel Shore Phillipsberg, MD 77628",2021-01-25
75,Mark Smith,chasetony@example.org,"080 Brown Estates Lake Cassie, RI 81366",2022-03-16
76,Joseph Rose,haleydaniel@example.com,"012 Lee Station Apt. 408 New William, OR 83956",2023-12-13
77,Kathleen Warren,ellisfrank@example.com,"4658 Davis Union Suite 412 Matthewshire, NJ 94636",2021-09-24
78,Roy Armstrong,williamschelsea@example.net,"893 Roth Turnpike Suite 956 Williamsside, CA 49980",2023-07-17
79,James Copeland,carla57@example.com,Unit 4867 Box 1642 DPO AE 90853,2020-08-07
80,Bonnie Ford,hillbonnie@example.org,"928 Phillips Square Williamfort, WY 75847",2023-01-16
81,Rebekah Wright,amyblack@example.org,"168 Samantha Rapid Sandraside, PW 89059",2022-11-12
82,Dawn Cisneros,hoopereric@example.org,"25621 Tran Crossing Suite 441 Michaelchester, MI 66242",2024-01-18
83,James Torres,hmelton@example.com,"70471 Emily Land Alexisborough, NY 69900",2021-07-09
84,Joshua Schmidt,michael92@example.net,"7346 Marks Highway Gravesburgh, MD 05109",2022-05-08
85,Patricia Blair,daniel39@example.com,"51079 Wagner Creek Bautistaview, GA 81858",2021-06-29
86,Deborah Thompson DVM,kevin16@example.net,"03645 Henry Terrace Castilloburgh, VA 52231",2022-03-05
87,Keith Horton,moorericardo@example.com,"9764 Cathy Plains North Matthew, WV 22038",2024-03-27
88,Terry Mcclure,saravaldez@example.net,"3024 Miller Ramp Suite 851 Veronicaville, VT 41954",2022-08-08
89,Chloe Keller,lori85@example.org,"080 Tracy Square Hernandezburgh, IA 83241",2020-04-27
90,Noah Guzman,andrea04@example.org,"880 Anderson Roads Suite 860 North Peterstad, RI 65092",2021-05-13
91,George Hayes,pearsontravis@example.com,"888 Robbins Ramp Crawfordfurt, NE 22709",2024-03-21
92,Jeffrey Curtis,burnskevin@example.org,"2814 Kidd Manors Suite 714 East Jacobchester, NC 37922",2020-01-27
93,Jay Stokes,kmiller@example.com,"95568 Christopher Forks Apt. 395 Port Sarah, HI 33365",2024-06-02
94,Steve Evans,carlsoncrystal@example.com,"39180 Anthony Valley Christopherton, TN 32431",2022-11-03
95,James Edwards,kelleycolton@example.net,"071 Mendoza Alley Suite 795 Sherriburgh, IA 70506",2021-06-16
96,Robert Mccarthy,qford@example.org,"19967 Dylan Plaza Suite 193 Woodchester, DE 40807",2022-06-25
97,Zachary Martinez,jessica68@example.net,"8716 Kathleen Hollow South Nathan, WY 87453",2020-01-06
98,Richard Baker,anthonytaylor@example.net,"6007 Schroeder Isle Cartertown, DC 50506",2024-06-13
99,Michael Martin,erinflores@example.net,"419 Emily Cove Apt. 222 North Ashley, OR 84956",2020-03-14
100,Eric Miller,toddyolanda@example.org,"67500 Short Ferry Suite 350 South Deborahton, KY 15241",2024-09-14
