id,name,email,address,date_joined
1,Taylor Benson,emcdaniel@example.net,"35950 Patterson Rest South Debbie, DC 20543",2023-11-26
2,Sarah Jones,steven63@example.org,"12335 Jennifer Villages Apt. 416 Laceyshire, PR 33883",2022-06-09
3,Ethan Quinn,kellygregory@example.net,USS Phelps FPO AA 49033,2020-03-09
4,Anthony Welch,cynthiahoward@example.org,"960 Glover Loop Jonesport, MP 67544",2021-08-17
5,Valerie Davies,xcruz@example.net,"56908 Palmer Place Apt. 806 East Tracyberg, AL 75116",2020-11-07
6,Alan Williams,daleowens@example.net,"9119 Barry Mill Robertport, DE 89260",2023-01-22
7,Sandy Graham,qburgess@example.org,"25217 David Mountains Nortonshire, NY 13071",2020-02-14
8,Sara Rivas,dixoncarolyn@example.com,"245 Collier Tunnel New Christineland, WA 09968",2023-06-13
9,Peter May,benjaminrobinson@example.com,"PSC 4595, Box 9732 APO AA 77109",2020-01-31
10,Michael Kelley,hlittle@example.com,"646 Julie Glens East Lindaborough, NH 05326",2024-02-22
11,Brandon Cannon,sarahbass@example.net,"15772 Wood Drives Apt. 806 Sarahside, DC 37043",2024-03-20
12,Timothy Manning,christensenrebekah@example.com,"32082 Williams Landing Apt. 312 North Davidland, ID 86117",2020-12-08
13,Kathryn Harper DDS,yoderdaniel@example.com,"441 Andrew Station Suite 665 Lake Tonya, WV 36488",2020-12-15
14,John Hernandez,jacob51@example.org,"1352 Billy Via Apt. 761 New Maryberg, IA 84464",2022-06-07
15,Michael Terry,jaclyn65@example.net,"9317 Kimberly Ports Suite 098 Thomasstad, MD 81946",2023-02-06
16,Adam King,kelsey87@example.com,"83697 Burch Land Suite 707 Raychester, NJ 76562",2020-10-14
17,Matthew Patterson,garywallace@example.net,"272 Ryan Street Suite 066 Davismouth, AR 24017",2022-07-22
18,Jennifer Ware MD,dana92@example.org,"20202 Davis Village Apt. 327 Brownbury, NM 32024",2021-05-06
19,Lynn Thomas,yatesbarbara@example.org,"657 Aaron Crescent Lake Charlesburgh, NM 00803",2022-12-16
20,Vincent Anderson,aestrada@example.com,"3853 Robert Garden Mullenmouth, FM 76266",2020-07-30
21,Jessica Proctor,mcdonaldluis@example.com,"197 Powell Knoll North Caseyburgh, MN 49881",2023-01-11
22,Kimberly Henson,jacksonpamela@example.org,"201 Anna Forest Stephenborough, ME 35400",2021-01-05
23,Karla Davis,susanthomas@example.com,"4397 Olson Valleys West Christinaview, PR 66610",2020-12-01
24,Todd Mendez,philip40@example.net,"7426 Martinez Branch Apt. 302 West Andrea, OR 21310",2022-06-23
25,Jay Barr,susan27@example.com,"75601 Harper Ridges Apt. 883 Bridgestown, IN 97820",2024-08-08
26,Sherri Spencer,qsmith@example.net,"87927 Young Radial Suite 964 Richardmouth, DC 25921",2021-05-01
27,Patrick Jensen,mannmichael@example.com,"427 Chad Oval South Chad, FL 87783",2021-02-10
28,Michelle Blanchard,jenniferowen@example.com,"1860 Henry Garden Suite 078 Mccartyshire, MH 50346",2021-02-02
29,Kathy Reyes,taylor58@example.org,"7155 Hamilton Trace Apt. 002 West Jasmine, MP 23854",2021-01-28
30,Kelli Hensley DDS,jasonsmith@example.org,"155 David Place Suite 053 Lake Donna, IN 79360",2020-05-05
31,Benjamin Jones,vramirez@example.net,"259 Jones Square Bowershaven, CA 44746",2021-03-16
32,Christopher Pittman,alanmeyer@example.net,"0920 April Mountains Suite 707 West Kristenfort, IA 34883",2024-09-19
33,Vicki Lopez,vickiesanders@example.net,"27612 Nicholas Garden Apt. 197 North Nicholashaven, TN 97628",2020-04-13
34,Tyler Pace DDS,sawyeranna@example.com,"88841 Harvey Wells Suite 046 Munozville, PA 53841",2023-01-23
35,Wayne Pennington,zbrowning@example.com,"531 Kathleen Road Lake Abigailmouth, AK 94444",2024-01-22
36,Raymond Neal,richardwebb@example.org,"48464 Christine Villages Suite 725 North Kylebury, NC 39720",2024-01-23
37,Laura Reese,marissapatterson@example.net,"234 Mitchell Junctions Apt. 102 Karenfurt, NV 58497",2023-10-29
38,Brian Rowe,james88@example.net,"8471 Thomas Center Suite 193 East Kevin, ME 33427",2020-12-14
39,Benjamin Morales,mindy55@example.com,"3500 Robinson Roads Justinland, VA 55887",2022-12-09
40,Vanessa Mason,barbara94@example.com,"419 Cole Unions Suite 269 Carlastad, WI 88252",2020-09-30
41,Robin Schwartz,tylerjohnson@example.com,"705 Stacy Vista Adamsberg, ID 08266",2021-10-08
42,Jessica Irwin,mitchellscott@example.net,"86432 Ross Spur North Briantown, IL 10194",2020-10-13
43,Kyle Lopez DDS,gonzalezchristina@example.org,"08085 Linda Bridge Suite 879 New Thomasmouth, DC 40114",2022-03-17
44,Kirsten Harmon,mahoneybrandon@example.org,"05826 Knapp Road Apt. 752 West Alejandromouth, WI 87823",2022-02-13
45,Brent Humphrey,jessewilliams@example.org,"177 Stephen Spring Suite 464 Port Brianmouth, GU 69064",2020-11-29
46,James Smith,michael18@example.org,USNV Jenkins FPO AP 41418,2021-12-20
47,Jessica Morris,xabbott@example.com,"48926 Philip Drive Suite 958 South Gregory, IA 74201",2022-03-27
48,Deanna Watson,julie45@example.org,"115 Werner Ports Sherrymouth, NV 94637",2021-03-19
49,Joseph Cook,kellycarter@example.org,"7835 Freeman Islands Suite 549 Hendersonstad, KS 47142",2022-11-20
50,Miss Kathy Neal,danielsteven@example.net,"8697 Buck Union Apt. 589 West Charles, AR 60317",2023-12-30
51,Teresa Perez,christopher67@example.org,USNV Harris FPO AA 25890,2022-06-27
52,David Young,dean74@example.org,"749 Robert Radial Suite 530 Lewisland, NC 13595",2021-01-05
53,Richard Burns,christopherwatson@example.net,"57611 Tonya Points New Patrick, SC 93565",2022-12-25
54,Abigail Nicholson,noliver@example.org,"4633 Marcus Creek Christopherbury, KS 06125",2024-02-12
55,Christina Moreno,waynemills@example.org,"243 Anne Glens West Maria, MH 10258",2023-08-26
56,Dr. Brendan Spence,cortezmark@example.com,"226 Nunez Burgs Apt. 393 East Evelynmouth, CO 54098",2024-04-19
57,Tyler Lewis,dperry@example.net,"2565 Lynch Meadows Suite 106 South Robertton, GU 29011",2022-08-11
58,Lisa Massey,adamsamy@example.com,"864 Leblanc Lodge Apt. 690 Lake Frankhaven, IA 50392",2020-05-25
59,Michael Sims,ttaylor@example.org,"1650 Coleman Lake New Dominicberg, GA 09424",2023-09-28
60,Emily Reynolds,bauerwendy@example.org,USCGC Green FPO AE 70728,2021-09-15
61,Michael Butler,nglenn@example.net,"33918 Miller Roads Glovershire, ND 98709",2020-02-16
62,Jessica Weaver,russell44@example.org,Unit 0184 Box 4158 DPO AP 46137,2023-05-20
63,Daniel Blake,vmartin@example.net,"82976 Hodges Brooks Lake Lucas, CO 72061",2021-02-01
64,Kyle Mullins,woodsjames@example.com,Unit 3220 Box 3700 DPO AE 35319,2020-09-11
65,Mr. Frank Smith,taylormichael@example.net,"1252 Fuller Freeway Suite 925 Port Natashaville, WY 88273",2024-01-23
66,Thomas Collier,meganfoster@example.com,"8143 Sonya Row Stronghaven, MI 88601",2021-02-20
67,Kenneth Walsh,stevensonjulia@example.com,"8761 Black Mission Dennistown, KS 38687",2022-07-06
68,Joyce Bailey,josephmolina@example.com,"41228 Cory Villages West Andrew, WY 14890",2020-12-22
69,Jennifer Mason,thomascase@example.net,"509 Robles Path Suite 877 South Christinemouth, OR 89672",2020-07-29
70,Brittney Daniels,debbierobertson@example.net,"325 Kara Parks Christyfort, IA 27043",2021-02-09
71,Angela Jackson,rosscory@example.org,"2030 Robert Mall Apt. 568 North Sherryshire, GU 03774",2022-01-10
72,Dana Barber,raventhomas@example.net,"7772 Stephen Roads Apt. 524 Sandratown, TX 70024",2021-09-10
73,Elizabeth King DVM,christopherstein@example.org,"46110 Kyle Stream Bryanfurt, PR 03788",2022-03-03
74,Brian Hill,taylor96@example.org,"1908 Cynthia Court Suite 200 South Sally, SD 09877",2022-09-27
75,Andrea Clark,heather17@example.com,"1154 Collins Circles Suite 971 North Zacharyberg, IA 82366",2024-08-03
76,Gina Lopez,shannon84@example.org,"66703 Emily Overpass South Sydneyview, PR 38479",2023-05-12
77,Amy Warren,timothyestrada@example.org,"877 Zachary Valleys Suite 641 New Anthony, DE 12356",2022-02-23
78,Dr. Keith Mcmillan,rmoses@example.com,"51028 Ashley Knolls West Alexport, MS 95675",2023-08-11
79,Michael Alvarado,gayers@example.com,"4485 Wagner Grove Suite 570 Mclaughlinshire, IA 76228",2020-11-08
80,Christopher Pruitt,tracymaldonado@example.net,"098 Hanna Prairie Suite 140 Jenniferbury, GU 04402",2023-11-21
81,Diane Carpenter,jhammond@example.com,"2765 Allison Mountain Apt. 083 Port Raymondburgh, VT 54902",2022-02-05
82,Mr. Timothy Evans,grichardson@example.org,"6914 Michelle Tunnel Apt. 626 Lake Christinafort, WV 64704",2020-01-10
83,James Lopez,william13@example.net,"89352 Felicia Field Apt. 416 New Robinfort, LA 66621",2022-09-05
84,Kenneth Sanchez,timothyhawkins@example.org,Unit 8054 Box 6389 DPO AE 60103,2023-04-29
85,Jennifer Morgan,dmullins@example.com,"1123 David Rest West Malloryshire, SD 16610",2024-05-20
86,Katie Wilson,hughesabigail@example.com,"40051 Johnson Spring Andrewton, CT 44862",2020-10-20
87,John Weiss,donna45@example.com,"7909 Martinez Cliffs Suite 200 Port Lorrainehaven, KY 31971",2022-07-21
88,Samuel Dean,andre81@example.net,"35158 Suzanne Walks Suite 058 Ashleyfurt, NH 74985",2021-06-30
89,Mrs. Wendy Edwards,kurtgonzalez@example.net,"833 Megan Walks Barnesland, GU 82194",2024-09-26
90,Paul Larson,clayton47@example.net,"039 David Isle Suite 717 Melaniehaven, CT 97196",2022-11-09
91,Mr. Samuel Wallace,cardenasjohn@example.org,"64034 Kim Center Suite 873 South Brittany, AZ 45353",2022-05-25
92,Rhonda Phillips,ashleyallen@example.com,"98273 Fox Vista West Sherry, AR 29447",2024-05-22
93,Jennifer Shaffer,macdonaldcory@example.net,"850 Timothy Throughway North Curtis, WI 60272",2022-02-09
94,Gerald Soto,kennethsingleton@example.org,USNS Jones FPO AA 33911,2023-09-25
95,Tina Morales,jeremy37@example.org,"4926 Neal Estates North Kyle, ID 25934",2023-08-29
96,Sandra Davis,vanessa86@example.org,"647 Alvarez River Suite 445 Kingland, FL 93117",2020-09-12
97,Jason Hicks,rodriguezeric@example.org,"959 Santana Vista Apt. 715 Port Alexander, OH 99251",2024-01-29
98,Cindy Martin,jamie13@example.com,"570 Watts Cape Apt. 412 West Ericbury, TN 12649",2020-07-06
99,Kelly Allen,bwhite@example.org,"71690 Whitney Unions Apt. 915 Rebeccastad, MO 75688",2023-05-10
100,Brandi Casey,bailey47@example.net,"857 Kimberly Brooks Suite 602 South Heidi, IA 78157",2023-10-29
101,Joel Dean,juliaperry@example.net,"822 Yolanda Valleys Lake Crystalside, IN 83200",2023-10-04
102,George Brady,marilyngallagher@example.org,USNV Peterson FPO AE 30599,2020-11-05
103,Emily Hall,cgrant@example.net,"2589 Mark Greens New Angelica, NY 97165",2024-02-12
104,Christine Hamilton,kristenhuff@example.net,"099 Tyrone Lights Piercetown, MO 41087",2024-03-19
105,Tiffany Burns,jacquelinerivera@example.net,"3691 Davis Station Apt. 262 North William, IA 89164",2024-07-25
106,Tracy Aguilar,brianbrowning@example.org,"60533 Crystal Prairie Suite 975 South Jeanette, SC 15105",2023-03-29
107,Jacob Medina,snichols@example.com,"4562 Timothy Island Thomasfurt, WY 83687",2020-02-23
108,Eduardo Collier,dustin39@example.com,"16425 Ellis Fort Millsfurt, WI 46778",2022-12-21
109,Allison Cook,jessecraig@example.com,"2934 David Meadows Suite 335 Hintonfurt, AS 52707",2023-07-20
110,Michael Kelly,clintoncampbell@example.org,"835 Anita Lodge Apt. 688 Alvaradotown, NJ 90967",2023-01-03
111,Anthony Kemp,christopher36@example.org,"364 Tiffany Bridge Apt. 405 Port Christopher, UT 69098",2023-06-29
112,Gary Chen,colliergeorge@example.com,"604 Jason Keys Staceyfort, MA 06281",2022-08-01
113,Samuel Mcdonald,devinphillips@example.org,"2979 Cruz Centers Suite 258 Hicksstad, MS 50838",2024-08-04
114,Melissa Wilkins,wcook@example.net,"5241 Wise Summit Haleyburgh, NM 43305",2022-07-08
115,Jodi Morton,vmccormick@example.net,"456 White Plains Suite 278 Ruizside, NE 65621",2020-11-16
116,George Lopez,brookegraham@example.com,"394 Tyler Terrace New Angelview, VT 02642",2021-03-26
117,Kristin Burns,benjamincarney@example.com,"84919 Hector Lane New Alexander, LA 85123",2021-07-03
118,Leonard Smith,lewisanthony@example.net,"820 Olivia Course Suite 677 Albertville, VI 16551",2022-07-24
119,Rhonda Robinson,ashleystewart@example.com,"620 Lopez Center Apt. 160 Lake James, CO 34627",2021-01-07
120,Gregory Rivera,darren14@example.com,"414 Lisa Ridge Suite 919 East Latashaville, MT 96056",2023-02-04
121,Garrett Rose,pattersonjeffrey@example.org,"71084 Wilson Stream Greertown, NY 54154",2023-08-07
122,Tony Shaw,jessicapeterson@example.org,"406 Bailey Crescent Apt. 194 Loganport, MP 58302",2020-04-05
123,Candace Rogers,fdurham@example.net,"0177 Berger Mountain Port Paulview, AS 98557",2022-06-27
124,George Myers,amanda22@example.org,"59760 Bailey Loop Josephview, MO 66135",2023-12-17
125,Alexander Cohen,wanda71@example.net,"253 Omar Coves Suite 525 Lauraborough, PA 83933",2024-04-14
126,Justin Larson,susan29@example.net,"21989 Eric Springs New Charlesmouth, MN 14049",2021-09-08
127,Sherry Castaneda,whanna@example.com,"7539 Smith Island South Debbieberg, SD 48376",2022-04-28
128,William King,heather92@example.com,"782 Courtney Oval Suite 333 Port Darrenmouth, NY 85412",2021-01-23
129,David Berg,cummingslaurie@example.net,"422 Diana Fields Suite 839 Leeside, SD 38044",2023-09-09
130,Lawrence Allen,nicolebowman@example.net,"945 Mary Vista New Stanleyhaven, MN 99494",2021-02-25
131,Nancy Jones,donnablair@example.org,"7747 Martinez Crossroad Lanechester, IN 25021",2021-03-18
132,Tommy Rogers,odonnelldon@example.net,"594 Patterson Inlet South Alanmouth, NY 57283",2022-02-05
133,Marisa Barber,imejia@example.org,"783 Gonzalez Ranch Suite 199 Garyview, GA 36569",2020-04-16
134,Taylor Becker,ortegasteve@example.net,"1260 Christina Spring Smithfort, AL 31864",2020-06-17
135,Carlos Webb,lindaoliver@example.net,"47463 Amanda Gardens Apt. 019 Martinmouth, MN 40645",2024-02-27
136,Gregory Lewis,fostererin@example.com,"713 Nielsen Keys Apt. 336 New Joshua, RI 79031",2021-07-13
137,Karen Weaver,linda97@example.org,"920 Christopher Key Apt. 581 West Ashleyport, WI 80376",2022-09-07
138,Jason Brown,lsanders@example.net,"24952 Meghan Walks Crystalview, PR 60113",2022-08-19
139,Victor Luna,maddenelizabeth@example.com,"14183 Timothy Ville Suite 983 New Jasonland, CO 76909",2023-03-12
140,Sherry Carter,blackashley@example.net,"9178 Tracie Road Suite 498 Lindaland, KS 12567",2020-05-27
141,Sherri Gregory,ubarton@example.net,"374 Ortiz Union Suite 096 New Tommybury, NM 91681",2022-02-22
142,Michael Walker,lmoss@example.com,"056 Alyssa Mountain Apt. 838 New Teresa, KS 74742",2024-01-25
143,Greg Matthews,wlawson@example.net,"7212 Burke Crossroad Suite 654 North Joseborough, MA 02425",2020-04-21
144,Tammy Evans,pberry@example.net,"72685 Robert Forks Apt. 946 Deantown, NE 30575",2022-10-28
145,Jeffrey Butler,blanchardphilip@example.net,"5953 Curtis Manor Suite 940 New Lisa, AZ 03493",2022-01-04
146,Allison Smith,robertjackson@example.org,"63587 Bryan Shores East Johnfurt, DE 85669",2020-12-07
147,Joshua Dennis,fspears@example.org,"989 David Mountain Lake Johnchester, TN 46159",2021-12-26
148,Denise Sutton,pamela20@example.net,USNS Taylor FPO AP 79507,2024-02-06
149,Linda Brennan,thomasdeanna@example.com,"64853 Williamson Knolls Apt. 901 Phillipsport, UT 67281",2021-11-28
150,Jennifer Moore,qroth@example.org,"796 Tiffany Spur South Nicole, AS 66627",2020-08-24
151,Karen Coffey,samuel60@example.org,"25588 Patrick Grove Wernerstad, SD 85899",2021-06-11
152,Tyler Brown,andersonmatthew@example.org,"499 Dennis Landing Port Crystal, MN 07234",2024-07-02
153,Morgan Powell,roger56@example.org,"00697 Hill Brooks Port Melissafort, ND 81613",2024-09-15
154,Antonio Hill,christopherclark@example.com,"0414 Stafford Tunnel Suite 422 New Michelleburgh, NE 40301",2024-04-11
155,Carl Cabrera,spencermichael@example.com,"93289 Jason Hill East Heather, MP 09378",2020-09-19
156,Michelle Patel,samantha20@example.com,"31458 Brown Tunnel Suite 819 Lake Dennis, MO 96387",2022-02-13
157,Joseph Anderson,monicaroberts@example.net,"13134 Burke Estates Russofurt, MN 86636",2020-05-20
158,Joshua Long,susan18@example.com,"4760 Wilson Views Apt. 093 New Victoria, MI 42067",2022-10-05
159,Mr. Mark Reed MD,morrismaria@example.org,"6484 Victoria Wall Suite 974 Angelamouth, WY 87635",2024-09-05
160,Elizabeth Miller,adamsdouglas@example.org,"1176 Terri Point Suite 520 Jonesland, DE 63444",2021-04-23
161,Zachary Nash,alisonunderwood@example.org,"37369 Cohen Ramp Apt. 877 Port Margaret, WA 75365",2022-08-07
162,Kristen Sexton,nicholashogan@example.com,"80360 Gilbert Park West Brandon, HI 31280",2021-11-17
163,Thomas Castro,charvey@example.org,"164 David Manor Apt. 344 Janechester, HI 22123",2022-11-24
164,Ian Silva,powersbrianna@example.org,"376 Karen Stravenue Apt. 983 Welchtown, AK 98431",2023-05-14
165,Beverly White,hlowery@example.org,"PSC 7136, Box 4513 APO AE 27928",2021-11-09
166,Christopher Buchanan,nicholas81@example.org,"71447 Robert Coves Herrerashire, MD 23015",2024-03-12
167,Jenna Mcconnell,drubio@example.net,"293 Debra Ramp East Michelle, WI 40467",2020-12-31
168,Paul Taylor,elizabeth17@example.net,USCGC Rodriguez FPO AP 46521,2020-11-14
169,Amanda Aguirre,vserrano@example.com,"8979 Black Way Lake Cynthiamouth, IL 77696",2021-11-29
170,Tiffany Grant,bakerjohn@example.org,USCGC Thomas FPO AP 81419,2020-11-01
171,Joshua Young,williamnorton@example.com,"1414 Maria Street South Christopherton, MH 91070",2024-08-18
172,John Anderson,jbrooks@example.org,"59800 Smith Glens Woodwardfort, IA 39333",2024-02-09
173,Jill Garcia,michael35@example.org,"591 Rodriguez Estate New Richard, AK 73510",2020-06-15
174,Cassandra Davenport,gamblekayla@example.com,"505 Castillo Estate Apt. 955 South Maureen, AL 43858",2022-02-14
175,Omar Roberts,crystalpatel@example.org,Unit 7809 Box 8647 DPO AP 09772,2022-02-21
176,Carlos Jones,vgonzalez@example.org,"520 Paul Spring Apt. 345 South Reneeburgh, VA 72031",2020-07-24
177,Diane Brooks,sarah38@example.org,USNS Mccoy FPO AE 44495,2022-03-15
178,Gail Ballard,johnsonmario@example.net,"04617 Catherine Canyon East Jeffrey, AZ 11102",2021-08-17
179,Omar Garcia,veronica30@example.com,"6743 Monica Trace Ramostown, VI 64012",2020-01-10
180,Jordan Hall,eatonrichard@example.com,"5413 Harris Greens Jodyfort, WV 31929",2021-03-17
181,Katrina Riggs,smithrandy@example.net,"46563 Gonzalez Land Apt. 504 Smithmouth, MI 35577",2023-07-15
182,Christopher Hoover,courtney50@example.com,"18908 Miller Groves Lake Brianburgh, PR 11232",2020-07-03
183,Arthur Wolf,brendavillanueva@example.com,"19959 Smith Parks Apt. 191 Collinshaven, NV 69183",2022-03-24
184,Melanie Thompson,amandahall@example.com,"42039 Teresa Ferry Apt. 737 Campbellburgh, GU 14459",2022-10-15
185,Kelly Padilla,ohall@example.com,"04873 Carrie Trail South Scott, MN 96536",2020-12-10
186,Anthony Cruz,batesfred@example.org,"2587 Kevin View Suite 580 New Kristimouth, DE 65076",2023-10-27
187,Gloria Fuentes,yrodriguez@example.net,"006 Sean View Lake Madison, OK 76923",2020-03-08
188,Robin Johnson,christykaiser@example.org,"064 Kirsten Village Suite 750 Tateside, KY 06944",2024-04-14
189,Anthony Gordon,robertjackson@example.org,"7152 Williams Isle Apt. 296 East Tanyachester, LA 43527",2020-11-18
190,Timothy Haney,kmorgan@example.org,Unit 3095 Box 2495 DPO AP 51331,2023-04-29
191,Scott Frost PhD,darrell10@example.net,"400 Douglas Light South Ronnie, LA 35364",2024-05-26
192,Cynthia Woods,jgraham@example.org,"PSC 2624, Box 0348 APO AP 73963",2020-04-13
193,Sydney Booth,jennifer68@example.com,"7686 Singh Lights North Brittany, ND 01242",2023-06-27
194,Charles Lewis,melissanguyen@example.com,"3455 Kyle Pass Apt. 796 Lake Taylor, PW 80479",2023-01-03
195,Stephen Atkinson,estradaanthony@example.org,"98639 Randall Courts Brownside, TN 73980",2020-01-20
196,Veronica Carter,melissa99@example.net,"54821 Eric Glens Apt. 529 New Markborough, NJ 73639",2021-06-03
197,Joshua Webb,butlerkaren@example.net,"41731 Anderson Roads New Joanborough, GA 32711",2023-03-24
198,Adam Dawson,robertbarrett@example.com,"61471 Jenkins Garden Apt. 170 New Heatherchester, ND 02398",2022-02-11
199,Allison Lee,jordanpierce@example.net,"0617 Rebecca Crescent Apt. 982 Floresmouth, AK 25962",2020-04-09
200,George Smith,kenneth46@example.com,"04410 Stephen Islands Port Joseph, KY 74763",2021-12-18
201,Daniel Barker,ocarter@example.com,"6384 Robert Point Apt. 258 Joshuafurt, KY 16457",2020-06-06
202,Jennifer Gallegos,hmahoney@example.org,"3783 Miller Springs New Joseph, IA 46884",2022-04-22
203,Wendy Nguyen,pwilliams@example.net,"1996 Mills Park Coreyburgh, MD 67288",2023-10-27
204,Pamela Wiggins,joneswillie@example.net,"51878 Long Stream Calebfort, WY 04160",2021-07-30
205,Timothy Nguyen,jessicabarber@example.com,"2963 James Prairie Suite 529 South Crystalburgh, ME 08643",2020-09-14
206,Clinton Powell,juliadiaz@example.org,"42991 Kidd Falls Gonzalezburgh, TX 67434",2020-05-29
207,Denise Gates,mmartin@example.org,"3673 Hines Fork Suite 446 North Danielburgh, UT 68561",2020-02-07
208,David Taylor,phamkristina@example.net,"362 Crosby Harbors Amandatown, WY 15653",2022-10-27
209,Sara Smith,harperwilliam@example.net,"746 Contreras Club Angelafort, NH 46975",2024-07-01
210,Wendy Garcia,bryantleslie@example.net,"6678 Thompson Landing South Kristine, PA 24433",2020-05-28
211,Joseph Oliver,kristapowell@example.net,"29624 Sarah Islands Suite 542 New Jasonville, NE 07800",2020-08-06
212,Meredith Chan,micheleberry@example.com,Unit 5375 Box 3653 DPO AE 78932,2021-07-24
213,John Farmer,davidjohnson@example.org,"PSC 1710, Box 4539 APO AA 60171",2021-01-11
214,Paula Vasquez,wcowan@example.com,"12800 Mark Court Heathstad, IA 82516",2023-08-22
215,Robert Myers,cookkari@example.com,"812 Williams Club West Monica, HI 51979",2023-08-24
216,Amy Davis,kevin68@example.org,"83129 Martin Circles Port Michael, TX 62969",2022-10-25
217,Heather Martin,amanda98@example.org,"774 Joseph Neck North Angelastad, AZ 69038",2023-09-27
218,Erica Cox,xward@example.com,"8256 Jasmine Estate Suite 633 Julieberg, NE 04894",2020-07-07
219,Tammy Glover,chrisjohnson@example.org,"6638 Donovan Ford Apt. 143 Lake Hollyport, ME 15496",2022-01-20
220,Ryan Heath,phamrobert@example.com,"6279 Sanchez Camp Suite 733 Reyesside, CA 85307",2022-09-22
221,James Cain,dwest@example.net,"732 Taylor View Suite 601 Sullivanland, WY 77967",2023-05-29
222,Lisa Braun,andre24@example.net,"720 Watson Center Howardstad, CO 75577",2023-12-09
223,Sean Schroeder,bryantbrooke@example.com,"4431 Lucas Fall Lake Crystalfurt, IL 01678",2023-05-13
224,Kristen Brennan,markgarner@example.net,"75262 Natalie Spring Suite 486 Lake Jillianton, RI 95589",2024-04-25
225,Marvin Turner,serranomichelle@example.com,"0786 Lauren Fort Crawfordport, OH 05353",2020-06-13
226,Stacy Gonzalez,garciarobert@example.org,"2476 Carroll Mills Suite 798 Santiagomouth, VT 96341",2023-04-02
227,Daniel Carter,shellyaguilar@example.org,"990 John Ramp New Shannon, RI 72196",2023-06-27
228,Melissa Brown,jmitchell@example.com,"76026 Johnson Lights Hermanport, AZ 84250",2021-06-29
229,Jonathan Robinson,jamesirwin@example.org,"00067 Myers Wall West Mistyside, VT 45162",2022-04-24
230,Emily Diaz,vbailey@example.com,"5425 Jesus Shore Apt. 496 Katiefurt, VA 39564",2023-06-08
231,Christopher Barnes,rkrause@example.net,"7425 Lawson Motorway Tammyport, ND 61881",2020-12-11
232,Angelica Pearson,ntate@example.org,"2795 Becky Greens West Lindamouth, KY 34169",2020-03-22
233,Angel Lewis,phillip22@example.org,"5710 Jessica Parkways Apt. 375 West Sarah, WV 46504",2023-10-04
234,Cheryl Schneider,melissa59@example.net,"8143 Monica Knoll Frankside, AZ 40091",2023-12-04
235,Mr. Robert Hunt,davidyates@example.net,"3150 Jones Rest Apt. 990 North Kenneth, CO 95860",2020-02-15
236,Maria Brown,williamsjoseph@example.org,"232 Delgado Trace Edwardston, VI 13899",2024-07-05
237,Andrew Lewis,louissilva@example.com,Unit 6199 Box 5798 DPO AA 70961,2023-12-08
238,Isabella Lee,orivera@example.com,"29066 Hendricks Mountain Amyborough, LA 97920",2023-03-24
239,Kiara Riley,lambertjennifer@example.net,"794 Karen Manors South Janice, HI 88788",2022-02-21
240,Mark Garza,sbenitez@example.net,USCGC Briggs FPO AA 59080,2022-05-27
241,Amy Hardy,benjamin67@example.org,"8494 Case Grove Apt. 348 Port Ericchester, OR 79412",2021-09-21
242,Matthew Higgins,stevenmiller@example.com,"506 Curtis Coves Port John, SC 30914",2020-06-17
243,Melissa Myers,carljohnson@example.com,"327 Roman Creek Wilsonborough, PR 27928",2023-04-27
244,David Bradford,kenneth01@example.com,"50445 Eric Dam South Warrenton, MN 25021",2024-05-19
245,Glenn Macias,shawntorres@example.net,"188 Sandoval Views Suite 696 Dustinmouth, MT 45423",2023-04-20
246,John Mills,lroberson@example.net,"3772 Bright Inlet East Seanbury, CT 44602",2022-05-28
247,Samantha Cruz,karenmartinez@example.org,"81990 Foster Heights Suite 389 Port Thomasmouth, ND 73751",2022-11-05
248,Amber Cox,toddsmith@example.net,USS Foster FPO AA 20702,2021-04-01
249,Adam Jimenez,rjones@example.net,"384 Allison Coves Suite 187 New Erinberg, NV 47980",2021-05-15
250,Joshua Phillips,justin33@example.org,"35611 Tracy Crest Apt. 852 North Jocelyn, DE 11744",2022-07-23
251,Cheryl Hamilton,lucascindy@example.org,"517 Harris Falls Tateland, NE 16329",2023-04-23
252,Jessica Robinson,albert46@example.org,"720 Cole Meadow Apt. 645 Hessland, FL 72987",2024-05-29
253,Donna Galloway,vsanchez@example.net,"0141 Wright Shore Suite 776 North Matthew, PR 34729",2023-06-05
254,Carrie Ramirez,haneykenneth@example.net,"553 Diana Terrace Michellechester, HI 95012",2023-10-25
255,Nathan Dixon,xspencer@example.com,"574 Gregory Isle Stephenborough, TN 21808",2020-09-30
256,Aaron Miller,donaldjarvis@example.com,"64132 Jeanette Lodge East Cynthia, AS 47827",2023-11-22
257,Lucas Wilkerson,kevinnoble@example.net,Unit 0045 Box 0722 DPO AA 22155,2024-01-13
258,Charles Bell,pattonleah@example.org,"973 Jason Plains Rivasbury, LA 09771",2021-02-06
259,Donna Rose,williamvaldez@example.net,"76182 Victoria Ferry Suite 154 Barrychester, FM 38585",2022-04-23
260,Michael Martin,qnguyen@example.org,"866 Robles Center Suite 161 Patriciashire, MS 52793",2023-02-12
261,Michael Green,michael40@example.com,"38050 Jones Trace Apt. 150 North Kimberlymouth, NE 52652",2024-04-01
262,Robert Delgado,lynchteresa@example.org,"8841 Lang Loop Nicoleview, MA 23674",2020-11-02
263,Tina Case,hickmanjonathan@example.org,"973 Williamson Terrace North Cindyhaven, NE 28107",2023-12-16
264,Anthony Walter,ffernandez@example.net,"373 Boyd Oval Suite 349 Richberg, NV 13431",2022-10-11
265,Donald Sanders,osbornepaula@example.org,"07871 Peter Estates Donnashire, WY 63292",2021-10-11
266,Brandon Bryant,clarkjoann@example.com,"726 Elijah Cliff Suite 733 North Aaron, SD 24736",2023-01-19
267,Deborah Fernandez,morenocorey@example.net,"395 Natalie Canyon Suite 136 South Timothy, PW 83167",2023-12-05
268,Sandra King,bpowell@example.net,USNS Williams FPO AP 36389,2024-09-28
269,Teresa Lin,nelsonmatthew@example.org,"6353 Edwards Rest Suite 329 Lake James, PA 92400",2021-04-03
270,Ryan Wilson,shawn49@example.org,"23445 Charlene Branch Suite 019 Bushton, KS 30611",2024-09-15
271,Amanda Bennett,hoffmanemma@example.com,"814 Heath Skyway Suite 481 Rebeccachester, PA 86002",2020-05-01
272,Emily Luna PhD,gbennett@example.net,Unit 7706 Box 5929 DPO AA 04978,2022-02-26
273,Kristin Lee,laustin@example.org,"84994 Jones Underpass Suite 178 South Kristenmouth, NH 70167",2021-04-04
274,Kevin Estes,hannajeffrey@example.org,"6564 Franco Locks Port Joshua, NY 92696",2023-08-19
275,Miguel Williams,allisonmcclure@example.org,"524 Ashley Rapid Coreystad, TN 49166",2020-10-28
276,Hannah Bolton,edwardskenneth@example.net,"085 Adkins Creek Suite 021 Debrabury, MA 99595",2022-10-22
277,Jennifer Hernandez,linda15@example.net,"62163 Woods Harbors Youngmouth, SC 84077",2023-03-05
278,Jacob Mills,hmorris@example.org,"50313 James Heights Suite 654 Williamschester, VT 09185",2021-08-29
279,Alexander Duncan,ronaldgraham@example.com,Unit 6233 Box 6360 DPO AP 25006,2021-07-09
280,Perry Harper,ypaul@example.net,"665 Tiffany Neck East Frederick, VA 01784",2022-02-22
281,George Smith,lyonsmichelle@example.net,"70231 Watson Viaduct Suite 830 Charlesborough, ME 99433",2024-05-09
282,Timothy Powell,turnerbrett@example.org,"43135 Beth Landing Josephfort, WA 36747",2021-07-04
283,April Horton,scott06@example.net,"4658 Porter Square South Harold, TN 62261",2023-04-30
284,Lindsay Ball,khuffman@example.org,"18092 Washington Path Suite 115 Ryanmouth, IL 84961",2020-05-06
285,Tiffany Lawson,pricejason@example.net,"28466 Katherine Crossroad Suite 374 South Kathrynbury, MN 68258",2021-10-18
286,Christopher Perry,jwilson@example.net,"932 Bell Mountains Janetton, AS 74897",2023-11-30
287,Brenda Schmidt DVM,joshua57@example.org,"6911 Jimmy Isle Apt. 932 Port Summer, OH 75448",2023-11-18
288,Erika Harris,brian41@example.net,"2517 Jessica Locks New Traceyland, FM 70893",2023-04-08
289,Robert Palmer,nnelson@example.org,"PSC 5939, Box 5451 APO AE 19556",2022-06-20
290,Danny Hopkins,djohnson@example.com,"578 Larson Fort Lake Amyborough, MO 30256",2021-05-20
291,Angela Walker,qchristian@example.com,"277 Peterson Inlet Cynthiaside, VI 88048",2021-07-06
292,Karen Rush,heather11@example.net,"PSC 1883, Box 0816 APO AA 23498",2024-05-28
293,Christy Johnson,nelsonvanessa@example.com,"8176 Anthony Centers Michaelmouth, AZ 95838",2024-01-15
294,Jessica Clark,amber15@example.org,"7869 Johnson Shore Suite 330 Amyfort, NM 76850",2020-05-12
295,Angela Garcia,wilsonveronica@example.org,"033 Bautista Pine Apt. 730 Burnsmouth, PR 28775",2022-12-04
296,Courtney Richard,darlene14@example.com,"069 Castillo Knolls Suite 014 West Jose, WI 91436",2020-03-26
297,Vanessa Wilson,jeffreyserrano@example.com,"62089 Sierra Tunnel North Todd, GU 64061",2023-12-03
298,Ariel Rodriguez,ygutierrez@example.net,"60804 Amy Course Apt. 985 East Amanda, KY 04403",2024-09-17
299,Jose Rivera,alyssagomez@example.com,"32341 Casey Village Apt. 982 South Julia, NJ 25123",2022-07-24
300,Erika Hall,tamaracharles@example.org,"5230 Alejandra Harbor Apt. 120 East Debrashire, MN 96858",2021-01-06
301,Eric Pollard,paulrice@example.org,"084 Moore Forest East Thomasburgh, SC 17180",2021-01-20
302,Patricia Hall,jenniferandrade@example.org,"39350 Douglas Bridge Lake Joel, HI 80431",2023-06-07
303,Suzanne Houston,michael97@example.org,"54943 Joshua Unions Bradleyfurt, ME 73379",2023-04-23
304,Michael Horn,meghan85@example.org,"1169 Johnston Shoal Apt. 256 North Teresa, HI 82785",2022-08-23
305,Stephen Carpenter,hilljoshua@example.org,"494 Andrew Islands Jasonland, CA 47587",2022-12-30
306,Douglas Miller,doughertyjonathan@example.org,"4509 Berg Ridges New Tony, MS 84697",2021-12-03
307,Christopher Casey,susannolan@example.net,"4452 Lisa Views Suite 780 Romeromouth, TX 90847",2022-10-21
308,Christina Reed,isaiah83@example.net,"33416 Harold Turnpike Hunterhaven, MS 58547",2021-04-16
309,Alan Acosta,bfleming@example.net,"8159 Chambers River Suite 667 Juarezmouth, AL 62350",2023-11-25
310,Mary Porter,whitedavid@example.com,"44741 Amber Field Port Aaron, SD 75712",2023-02-19
311,Jared Rodriguez,james05@example.net,"4431 Black Island New Lawrenceside, CT 46598",2022-04-04
312,Brian Bryant,eanderson@example.com,"343 Dickson Glen Lake Michelle, GA 58955",2024-04-01
313,Jacqueline Potter,christinemoran@example.net,"89111 Thomas Skyway North Raymond, DC 72986",2021-10-09
314,Mrs. Tamara Clark MD,thuffman@example.org,"54818 Brianna Hollow Williamsstad, CO 63559",2023-06-05
315,Matthew Reed,mscott@example.net,"75642 Matthews Glen South Audreyside, GU 62710",2023-01-07
316,Christian Bruce,danielle56@example.org,"806 Rush Manor Apt. 080 Jenningshaven, HI 48639",2023-07-14
317,Crystal Washington,johnmontoya@example.com,"030 Kevin Falls Robertshire, MO 64934",2021-05-29
318,Timothy Rice,josephmayo@example.com,"480 Mayer Plains Apt. 669 Davidstad, AS 04594",2024-08-18
319,Jessica Johnson,kimberly87@example.com,"588 Malik Heights Lake Sandraborough, HI 44405",2024-03-06
320,Teresa Greene,emilysanders@example.org,"1807 Melanie Spring Apt. 756 Port Alyssa, MD 44590",2021-06-03
321,Terry Cooper,lindakelly@example.org,"746 Laura Cape Suite 483 Dawnview, VI 36391",2022-04-07
322,Loretta Burton,sarahharris@example.com,"1170 Jordan Summit Suite 973 West Mathewport, MP 48346",2023-05-04
323,Thomas Brooks,nrogers@example.com,"1327 Gilbert Ridge South Paige, SC 40491",2021-05-10
324,Amanda Wright,hhaley@example.org,"2680 Hodge Club Apt. 508 Port Michael, NH 98631",2024-07-20
325,Jill Woods,shannon44@example.org,"40949 Johnston River Suite 414 Lake Sara, WY 02528",2024-01-23
326,Deanna Camacho,sandyandrews@example.org,"8134 Payne Square South Chad, UT 82457",2022-06-03
327,Kimberly Hoover,nwilliams@example.org,"552 Pham Pines West Beckyview, SC 82302",2023-08-26
328,Randy Berry,mitchellashley@example.com,"39949 Isaiah Knolls Apt. 199 Steventown, GA 96454",2024-07-23
329,Eric Gentry,jonathan70@example.com,"8507 Thomas Plaza Suite 814 South Julieshire, MD 08394",2023-06-22
330,Elizabeth Osborne,ischmidt@example.com,"7359 Lopez Mount Victorialand, PA 49503",2021-01-01
331,Kristen Adams,erincook@example.com,"991 Garcia Extensions Bennetthaven, NV 94101",2024-08-23
332,Andrea White,gabriel63@example.org,"200 Nichole Lock Yubury, DC 82084",2024-09-14
333,Ryan Davenport,michellejones@example.org,"052 Davidson Road Apt. 414 Anthonyton, NC 77377",2020-04-23
334,Kevin Nicholson,davisapril@example.com,"6985 Anderson Row Suite 047 North William, NE 28787",2024-06-24
335,Matthew Roberson,rhonda70@example.org,"4891 Harmon Branch Apt. 378 South Jonville, CT 77857",2021-01-28
336,Laura Turner,kmckay@example.com,"007 Michael Forest North Karen, TX 32184",2021-07-28
337,Ann Frost,kennedyregina@example.net,USNV Zimmerman FPO AA 04685,2023-12-06
338,Eugene Dixon,mjohnson@example.net,"18559 Martinez Drives Apt. 710 Stephanieside, VT 66277",2022-10-26
339,Kathryn Sanchez,bramirez@example.com,"582 Rachel Ridges Joville, VI 57346",2022-06-30
340,Donald Cochran,john42@example.com,"8494 Nixon Harbor Suite 419 Laurabury, PA 80902",2020-06-22
341,Bradley Lambert,coryfernandez@example.net,"55916 Hancock Isle West Jayborough, FL 50462",2022-05-27
342,Tabitha Sanchez,melissaperez@example.org,"17699 Martinez Well West Kellychester, VI 97554",2020-06-13
343,Jane Smith,edwardsmichael@example.org,"905 Perez Centers Apt. 059 Lesliehaven, RI 35351",2021-12-19
344,Jeremy Hale,nancy04@example.org,"03289 Booker Drives New Shaneshire, MA 62325",2020-03-16
345,Jonathan Parker,rebecca49@example.net,"10459 Jamie Stravenue West Melissa, ME 05448",2021-12-19
346,Austin Walker,qbarnes@example.net,"0344 Regina Burgs Santostown, WY 60582",2020-03-30
347,Rebecca Spence,abutler@example.com,"674 Beltran Extensions Suite 756 Steventon, RI 02018",2021-08-20
348,Michael Robertson,muellergina@example.com,Unit 1905 Box 6929 DPO AP 47871,2020-04-13
349,Courtney Perry,vgoodman@example.org,"2629 Nguyen Crest New Mary, MH 02450",2024-06-20
350,Kimberly Burton,jacksoncraig@example.net,"4864 Charles Vista Erikberg, ND 52969",2020-01-05
351,Kelly Wiggins,stacyknight@example.net,"13536 West Squares Johnport, SC 93070",2023-10-29
352,Amanda Smith,imorrison@example.org,"4401 Paul Parkway Suite 782 New Robert, ID 13059",2023-05-24
353,John Price,barberchristopher@example.net,"25564 Jackson Freeway Suite 513 Patrickstad, AR 79018",2023-03-24
354,Kaitlyn Williams,john63@example.com,"35526 Kelly Stream Apt. 956 West Glenn, KS 21237",2020-10-12
355,Joshua Rice,todd26@example.com,"741 Ryan Estate Apt. 263 South Ricky, FM 29603",2024-02-20
356,Adam Burns,asweeney@example.com,"PSC 4313, Box 5468 APO AE 70304",2022-06-05
357,Gregory Carr,cynthiatucker@example.org,"659 Shelly Stravenue Suite 601 Brianland, AK 52330",2022-11-08
358,Megan Gardner,lindaduncan@example.net,"835 Mullen Street Port Sonyastad, MH 69684",2021-10-24
359,Loretta Noble,valdezedward@example.com,"5468 Campos Port New Paula, TN 02060",2022-01-20
360,Oscar Cook,bjohnson@example.net,"314 Tonya Estates Millerfort, MT 01923",2023-11-26
361,Rebecca Randall,iporter@example.org,"703 Hendricks Square Apt. 624 Annettemouth, CT 74821",2023-04-18
362,Christopher Wells,montgomerymatthew@example.org,"535 Bailey Island Amyhaven, DC 54843",2023-05-30
363,George Daniels,hroberts@example.org,"2450 Mary Roads Danielburgh, MP 41258",2023-06-08
364,Kara Meadows,zacharyponce@example.com,"7484 Cesar Creek Williamport, WV 13034",2024-02-26
365,Sandra Smith,asoto@example.org,"8171 Rogers Islands Jacksonland, OH 11010",2020-11-30
366,Robert Martin,ereed@example.com,Unit 3501 Box 7656 DPO AP 98058,2023-04-28
367,Matthew Johnson,stefanie14@example.com,"242 Timothy Village Suite 715 Harriston, DC 56862",2020-12-25
368,Elaine Duncan,landrews@example.com,"626 Davis Lane Suite 476 North Daniel, CA 03995",2021-07-26
369,Christine Parker,davidgonzalez@example.com,"8659 Marcus Parkways Suite 013 Melindaside, MD 61217",2020-11-08
370,William Miller,bryan46@example.net,"3057 Brian Lane Port Donaldhaven, WY 41698",2020-08-10
371,Crystal Graham,huffelizabeth@example.net,"802 Wood Mount Lake Anthonyside, VI 69086",2020-01-30
372,Jeremy Martinez,howechristopher@example.org,"981 Haynes Ford South Deborah, SD 47152",2020-01-16
373,Lisa Mullen,alexingram@example.net,"165 Beverly Villages Apt. 992 Johnsonmouth, MO 87755",2020-09-21
374,Krista Russell,mathewhamilton@example.com,"1565 Mullen Haven Mosesfort, MH 80599",2023-11-14
375,Lauren Lozano,williambenton@example.org,"3349 Conway Village Apt. 116 Port Mark, GU 59883",2021-02-22
376,Samuel Holden,tuckerkaitlyn@example.org,"946 Wheeler Groves Johntown, IA 78070",2020-08-18
377,David Gonzalez,ksanders@example.com,"848 Martinez Flat Christophershire, VI 57200",2020-03-11
378,Heather Stewart,carrie38@example.com,"11528 Moore Points Melissafurt, NH 17124",2020-02-04
379,Kyle Brown,pauldanielle@example.org,"9079 Jared Ports Suite 758 Anneburgh, CT 07508",2020-03-15
380,Kaitlyn Mason,sean71@example.org,"0623 Kim Club Apt. 757 Port Thomasfort, SC 22755",2020-02-16
381,Wendy Green,robersonjason@example.org,"77593 Andrew Trafficway Suite 458 Emilyburgh, PW 90443",2021-02-28
382,Charles Gray Jr.,lorirobbins@example.net,"18780 Christina Port West Micheal, FL 27372",2024-08-15
383,Lisa Rowland,tyronejordan@example.com,"0995 Bentley Avenue Suite 678 Lake Teresafort, IN 75663",2021-11-11
384,Christopher White,woodardmatthew@example.org,"0341 Lee Station Apt. 484 Lake Jillberg, ME 96845",2020-02-23
385,Timothy Rivera,nsingleton@example.com,"58214 Catherine Islands Apt. 572 West April, TX 31771",2020-02-15
386,Rebecca Sullivan,meaganlittle@example.net,"6929 Mclaughlin Valley Janeton, MH 37219",2020-01-18
387,Regina Richardson,leslie62@example.net,"01422 Matthew Rest South Michaeltown, ND 60337",2023-04-03
388,Michael Reyes DDS,teresarobles@example.net,"967 Marissa Locks Cantuside, HI 60078",2020-05-12
389,Katie Duran,barbara58@example.net,"722 Alvarez Motorway Webbton, DE 26325",2021-12-05
390,Brandy Hall,ballrebecca@example.net,"01954 Sharon Prairie East Virginiaville, PR 54264",2022-03-13
391,Nathan Knapp,sarah72@example.org,"8449 Poole Square South Robert, MD 53969",2024-10-08
392,Anita Weiss,duncankristy@example.org,"635 Franklin Crest Michaelchester, KS 19110",2023-12-07
393,Antonio Sullivan,pattonmichelle@example.net,"167 Beck Squares Suite 291 Jessicaland, IA 82592",2021-07-17
394,Brooke Boyd,evanscheryl@example.org,"4496 Fox River Apt. 879 Edwardfurt, MN 72299",2024-07-18
395,Dorothy Barnett MD,andrea99@example.com,"7353 Tony Knoll Suite 199 Ericport, KS 40818",2022-05-30
396,David Paul,tracyjones@example.org,"9144 Harvey Unions South Kenneth, MI 08739",2020-06-24
397,Randy Green,michelleluna@example.org,"07363 Travis Village Apt. 288 South Lisa, WY 51388",2020-11-28
398,Preston Khan,fowlerdale@example.org,USNV Lin FPO AE 62436,2024-08-27
399,Kimberly Ford,rjohnson@example.com,"20755 Daniel Branch Richardsonburgh, KS 18251",2021-03-20
400,Robert Bates,kristinhall@example.net,"812 Joshua Highway North Brandon, NM 96723",2020-02-03
401,Dillon Clark,ofarrell@example.org,"685 Cooper View Suite 735 West Ericside, FL 53291",2024-09-29
402,Katie Espinoza,robinsonphilip@example.com,"21717 Garcia Lock Suite 489 Davidview, AZ 87555",2024-01-01
403,Michael Johnson,ashley96@example.net,"053 James Circle Suite 467 Youngfurt, MA 70130",2020-03-07
404,Casey Stephens,medinadonald@example.org,"41829 Sherri Expressway Port Juliafurt, AR 91108",2022-11-28
405,Megan Pratt,dchambers@example.org,Unit 6628 Box 3419 DPO AE 45673,2022-07-15
406,Melissa Day,jennifer04@example.net,"7043 Newman Greens Suite 553 Davidsonbury, OH 39112",2021-03-17
407,Laura Payne,cynthiacarter@example.com,"0275 Gregory Ramp Johnsonburgh, VI 10665",2024-04-01
408,Dale Dudley,douglasrobinson@example.net,"808 Ariel Keys Apt. 187 North Kristin, TN 66501",2020-10-09
409,Jennifer Willis,tuckerlisa@example.org,"58166 Trevino Radial West Patrickside, SD 22390",2022-05-15
410,Timothy James,cobbruth@example.net,"911 Mccarthy Walk Suite 705 New Shellychester, MH 58477",2024-01-25
411,Marcus Perez,christopherstewart@example.com,"838 Rodriguez Dale Suite 829 Michaelmouth, UT 58255",2020-02-22
412,Hannah Diaz,ajimenez@example.org,"64686 Erin Junctions Lake Sherihaven, PR 12682",2023-08-04
413,Craig Hawkins,richard32@example.net,"58139 Shane Fields North Brianside, MI 80366",2020-11-29
414,Danielle Coleman,kmccall@example.net,"31692 Barbara Loop Apt. 619 New Richard, VI 30285",2021-11-19
415,Danielle Clark,jermaine12@example.org,USCGC Roberts FPO AP 69137,2020-10-17
416,Dennis Nelson,andrew94@example.com,"31222 Ramirez Lane Lake Adam, WY 93832",2020-02-23
417,Brian Knight,evelyn77@example.net,"545 Darlene Radial Lake Heatherstad, GA 62421",2022-08-25
418,Donna Johnson,april20@example.net,"7091 Stacey Cape Simmonsville, WY 88615",2023-06-16
419,Kenneth Alvarado,garywilliams@example.org,"09041 Williams Underpass Dustinmouth, OH 96769",2020-03-25
420,Victor Weaver,pmeadows@example.com,USS Romero FPO AP 51444,2023-08-19
421,Aaron Curry,amitchell@example.org,"51080 Stanton Port Suite 723 Michaelshire, PR 16647",2021-10-04
422,Pam Johnson,katelynwilliams@example.com,"110 Miller Parkway Vargasfort, RI 13563",2020-03-25
423,Tiffany Ross,sandra21@example.net,"35296 Scott Isle Suite 890 West Marisachester, VI 73928",2021-08-22
424,Thomas Waller,zjohnson@example.net,"706 Brittany Spring Suite 863 Justinberg, WV 78549",2022-10-11
425,Cody Park,anahoward@example.com,"89451 Lawson Wall Suite 666 Jasminetown, AL 97946",2020-10-20
426,Eddie Fowler,greenlaura@example.net,"27992 Jennifer Stravenue North Jesse, MO 27484",2020-01-11
427,Jennifer Jackson,quinngreg@example.net,"6556 Thompson Cape Suite 208 Lake Lauramouth, FM 20624",2022-11-03
428,Marcia Wheeler,david87@example.org,"9353 Davis Motorway Ricemouth, DE 40716",2024-08-26
429,Kyle Frost,jerryball@example.com,"PSC 3426, Box 9137 APO AA 34224",2024-03-25
430,Jamie Hopkins,michael24@example.org,"109 Howard Union Apt. 787 Lake Brianland, CT 18013",2024-01-07
431,Julia Wade,doylejennifer@example.org,Unit 6217 Box 6526 DPO AE 02919,2022-10-27
432,Cody Johnson PhD,bgray@example.org,"02537 Taylor Valley Suite 549 Jerryville, FM 92704",2023-10-29
433,Jessica Garcia,johnsonjoshua@example.net,"35606 Kara Summit Apt. 855 Erinmouth, VI 17724",2020-12-11
434,April Cameron,russellbrittany@example.net,"1828 Rhonda Trail Apt. 823 Markville, OH 26783",2021-12-17
435,Kristina Harris,barbara03@example.net,"6348 Joshua Locks Apt. 803 West Pamela, SD 48394",2023-09-28
436,Anthony Nichols,dawn77@example.net,"408 Ruth Bridge Suite 162 New Mitchellshire, MA 80835",2023-01-10
437,Andrew Gentry,cpayne@example.net,"289 Tiffany Skyway Apt. 537 Sylviahaven, NH 16028",2020-11-04
438,Nathan Delgado,vdavis@example.net,"PSC 5411, Box 0036 APO AA 65570",2024-02-26
439,Brian Brown,april53@example.net,"960 John Terrace Apt. 402 Smithfort, NY 14008",2022-11-25
440,Karen Young,thompsonjoel@example.net,"18899 Ramirez Passage Sanderston, VT 37321",2023-04-09
441,Jeanne Collins,phill@example.com,"427 Martin Loop West Stephen, NC 03154",2023-04-12
442,John Wall,mary40@example.net,"600 Kemp Land Hillport, AR 73911",2020-11-28
443,Michelle Carey,cindy33@example.net,"39734 David Club Apt. 472 East Teresa, SC 19539",2022-11-25
444,Monica Luna,dhernandez@example.net,"23176 Erin Trace Amberborough, PA 33879",2024-02-07
445,William Martinez,crystal60@example.com,"55285 Scott Inlet West Travisfurt, CO 44394",2024-04-20
446,Melanie Carroll,kelsey89@example.org,"89238 Daniel Camp Apt. 151 East Catherinestad, NM 64910",2022-07-03
447,Katie George,mary18@example.org,"2646 Carter Road Apt. 026 Christopherburgh, MO 70106",2024-05-30
448,Jane Reed,clarkkenneth@example.com,"418 Theresa Court Port Chelsea, MI 86213",2022-11-21
449,Ryan Henderson,phillipmartinez@example.net,"4347 Foster Estate Suite 295 Moonland, NY 77476",2022-03-15
450,Deborah Martinez,tcurry@example.net,"21714 Timothy Estates Suite 040 South Mark, ME 98693",2021-01-02
451,Gregory Curry,christophercabrera@example.net,"89203 Heidi Ridges Suite 933 Harrisfurt, LA 95030",2021-07-15
452,Cory Lopez,angelajackson@example.net,"883 Morgan Groves Apt. 122 New Mary, AZ 99581",2024-08-04
453,Michael Hill,madison31@example.org,"8428 Hill Fields Apt. 757 East Janeberg, MP 56852",2020-12-03
454,Douglas Carroll,maryporter@example.net,"32425 Bradley Camp Suite 541 Lauraburgh, UT 96087",2021-01-27
455,Cody Mccoy,rossbrown@example.com,"06870 Davis Estate Suite 184 Port Robertstad, KS 96571",2022-03-16
456,Laura Mullen,susanjacobson@example.net,"11064 Pennington Plains Apt. 660 East Josephhaven, NY 07768",2020-08-02
457,Allen Macias MD,crystal38@example.com,"81111 Jessica Radial Suite 874 Gonzalezchester, WI 50438",2021-11-13
458,Tara Golden,orozcoamy@example.com,"2213 Shannon Crest West Kennethport, PW 50949",2024-01-01
459,Carly Bird,brian45@example.com,"907 Cody Rapid Huffstad, WA 66541",2023-11-06
460,Rebecca Edwards,olee@example.org,"258 Andrew Burgs Rebeccaview, DE 88924",2021-06-28
461,Brian Jackson,mossedwin@example.org,"7131 Marquez Trail Apt. 912 Amandaville, KS 60834",2023-07-28
462,Cody Walker,spatel@example.net,"5082 Ewing Shore Suite 166 Annburgh, TX 22177",2023-12-14
463,Jacqueline Lambert,millsmatthew@example.com,"7680 Myers Pass Lake Cameronfurt, PR 67472",2023-07-16
464,Vicki Cole,zguzman@example.com,USCGC Martin FPO AE 86230,2023-01-04
465,Lisa Tyler,harrisonangela@example.net,"178 Heather Falls Shaffershire, MT 33236",2022-01-20
466,Thomas Murphy,eduardo04@example.org,"136 Kathleen Heights East Kelly, LA 19489",2023-06-02
467,Melissa Soto,chad51@example.net,"293 Brenda Mills Apt. 466 Williamsshire, RI 36352",2022-01-25
468,Michael Rogers,wcunningham@example.com,"9611 Figueroa Brook West Danielle, DE 74743",2021-03-10
469,Laurie Maldonado,gabriellecarney@example.com,"26255 Brown Mountains Apt. 380 Port Daniel, SC 51153",2023-10-08
470,Dennis Lane,suttonsally@example.net,"3530 Abigail Station East Amandaberg, NY 06194",2022-01-17
471,Melissa Villegas,tonya33@example.net,"41521 Austin Courts Brownland, IN 87877",2023-06-12
472,Rebecca Gonzales MD,owatkins@example.com,"793 Ray Spurs Suite 813 West Susanland, WA 80119",2020-04-28
473,Jacob Nguyen,michaelbailey@example.net,"6689 Steele Ford Myersstad, IL 61656",2022-03-22
474,John Robinson,gwhite@example.org,"14139 Ann Plaza Port Catherine, NY 69472",2022-04-07
475,Tammy Woods,wilkinstammy@example.org,"65863 Hannah Field Suite 613 Dawnport, MT 45937",2022-07-23
476,Gary Rubio DDS,lroberts@example.net,"101 Sean Plains West Amanda, MH 54736",2022-06-08
477,Donald Grimes,hlopez@example.com,"18870 David Extensions Patrickport, TX 90793",2020-04-19
478,Dawn Proctor,egonzalez@example.com,"6847 Dickerson Stravenue Suite 193 Danielport, NM 70379",2022-08-12
479,Paul Bond,jasonjackson@example.net,"420 Whitney Center Apt. 248 Spenceville, AK 56358",2021-10-09
480,Martin Thomas,aaronmitchell@example.com,Unit 5836 Box 3035 DPO AA 03533,2022-07-09
481,Gabriela Palmer,amanda31@example.net,"704 Christina Walks Suite 705 Port Marilynton, TN 34874",2020-06-19
482,Jason Gonzalez,adriansmith@example.net,Unit 2492 Box 8077 DPO AE 18338,2022-03-25
483,Katherine Kennedy,valerie61@example.org,"9999 Carlson Mountains Chadmouth, FL 71775",2023-07-07
484,Shelly Hall,mosleyallen@example.net,"780 Anderson Spur Apt. 503 Jenniferchester, ND 27871",2020-01-04
485,Jimmy Munoz,kayla67@example.org,"195 Joyce Shores Suite 419 East Russell, MP 71580",2020-09-28
486,Wendy Walters,esparks@example.com,"596 Davis Knoll South Michaelton, FL 06463",2024-09-15
487,Melissa Thomas,tvargas@example.com,"596 Kelly Corners Suite 154 New Michaelbury, AK 94513",2023-11-14
488,Dr. Brian Watts,justinmartinez@example.com,"332 Ernest Creek Suite 906 New Jamesfort, MI 80820",2021-08-24
489,Eric Fuentes,beverly16@example.net,"4687 Casey Via Suite 480 Marquezshire, NY 49183",2023-04-27
490,Lindsay Ramirez,johnsoncarrie@example.net,"8706 Gibbs Stravenue Moodyfurt, VT 22104",2023-01-12
491,Stephanie Sanders,hawkinsbrandon@example.com,"50161 Makayla Avenue Apt. 027 South Emma, ME 76797",2024-06-17
492,Richard Carpenter,jamesbeck@example.net,"68937 Johnston Extensions Suite 927 Davisbury, NY 55272",2022-02-14
493,Samuel Perez,alexander46@example.net,"14996 Davila Loop Suite 610 North Heatherville, AZ 61642",2024-04-09
494,Gregory Gray,ilara@example.net,"8528 Reyes Neck Apt. 367 Port Danielmouth, OH 50589",2021-04-27
495,Nicole Barron,sethalvarez@example.net,"4089 Fox Roads Saraview, MD 72921",2020-10-27
496,Kristy Romero,vsimon@example.org,"88743 Ashley Bridge Lake Tonishire, KS 14760",2022-08-20
497,David Lee,jennifer24@example.com,"780 Wells Loop Apt. 089 Millerberg, NC 48452",2022-10-23
498,Adam Ho,wrightsamantha@example.net,"075 Matthew Canyon Apt. 840 Port Douglas, PW 52244",2020-09-11
499,Brian May,amandathompson@example.org,"04092 Martin Lakes Apt. 745 Floresville, AL 70043",2021-06-24
500,Theresa Delacruz,awalker@example.net,USS Williams FPO AP 38102,2023-11-03
