id,name,email,address,date_joined
1,Laura Stewart,bullockjulian@example.com,"002 Rush Harbors Apt. 432 Boyerport, TN 38320",2022-10-11
2,Timothy King,rodriguezkristen@example.net,Unit 0821 Box 1414 DPO AA 93096,2021-09-06
3,Cole Carroll,elandry@example.org,"129 David Circle Suite 923 West Jacobfort, NJ 93382",2020-11-02
4,Sharon Glass,derek51@example.net,"9251 Johnson Knolls Suite 328 New Jessicaside, FM 47110",2022-07-10
5,Alan Clark,schmidtdaniel@example.com,"94291 Lambert Prairie Suite 833 Johnsonburgh, KY 43208",2024-05-29
6,Stacy Flores,ycole@example.org,"PSC 4479, Box 1071 APO AE 60697",2021-03-10
7,Joseph Wright,judymyers@example.org,"52119 Kenneth Courts Emmaborough, LA 59875",2021-03-06
8,Christopher Morgan,williamsonphilip@example.com,"6748 Christine Lights Patrickberg, HI 93461",2020-08-29
9,Jaime Jefferson,arroyojames@example.org,"94190 Gary Square Suite 754 West Lindsey, NY 55920",2022-05-22
10,Rebecca Gardner,ehays@example.org,"870 Cory Villages North Morgan, NJ 07935",2024-08-26
11,Justin Huff,gregory10@example.net,"84228 Eric Passage West Terrence, MT 03921",2023-09-18
12,Michael Hart,ashley23@example.com,"90891 Samuel Hollow Fisherhaven, FM 62026",2024-08-23
13,Melissa Burns,heatherrice@example.com,"38710 Johnson Mews Suite 046 East Karenmouth, MH 36040",2020-11-03
14,Erika Carey,mia17@example.org,"02900 Denise Crossroad Lake Taylorberg, MA 76437",2023-08-06
15,Nicole Chang,alexjackson@example.org,"6233 Kristen Ridges Suite 751 Millshaven, MH 56860",2021-10-24
16,Courtney Everett,wwright@example.com,"262 Claudia Gardens Apt. 080 Lake Thomas, KY 64115",2022-01-25
17,Laura Jones,mary66@example.com,"28171 Jennifer Path Henryton, DE 61631",2024-08-03
18,Juan Willis,lriley@example.net,"29838 Shannon Stream Suite 877 Joyceton, WV 26135",2022-11-06
19,James Dennis,courtneybuckley@example.com,USNS Anderson FPO AP 13165,2020-05-16
20,Diane Jimenez,monicaryan@example.net,"6551 Quinn Creek Atkinsonchester, IL 48749",2021-02-15
21,Eric Fletcher,robertking@example.com,"12026 Lisa Landing Sabrinamouth, NJ 70242",2022-08-12
22,Gina Whitaker,heatherorr@example.com,"477 White Wall Apt. 496 East Angelaton, OK 79321",2020-05-03
23,Deborah Hubbard,christopher77@example.org,Unit 8713 Box 9762 DPO AP 13486,2023-12-11
24,Jeffrey Oneill,megan64@example.com,"50447 Pope Land Suite 942 Wongview, GA 16080",2021-02-16
25,Kimberly Diaz,sgarcia@example.org,Unit 3586 Box 4774 DPO AE 55319,2024-05-18
26,Joanne Parker,butlerjohn@example.org,"3272 Weaver Way North Taylor, LA 81897",2024-03-06
27,Sarah Stout,nathan02@example.org,"06372 Alejandro Centers Suite 488 East Christopherbury, NH 29544",2022-03-18
28,Jacob Medina Jr.,stacydixon@example.com,"03300 Johnathan Park North John, MS 89029",2021-05-30
29,Julia Moore,castillomark@example.com,"3567 Salazar Centers New Adammouth, AR 66812",2020-06-03
30,Robert Hopkins,mtran@example.org,"35298 Christy Pike Apt. 723 West Alexandra, NC 55239",2022-12-24
31,Willie Mills,drasmussen@example.net,"56815 Peter Parkway Apt. 883 Julieborough, CT 44159",2020-08-11
32,Alex Moody,barreraduane@example.com,USS Thomas FPO AA 50250,2021-11-20
33,Charles Reed,richardsonsara@example.net,"8831 Joseph Land South Josephshire, AL 62761",2024-01-17
34,April Stewart,jesusguerra@example.com,"625 Jill Grove Suite 371 Port Nicholas, WV 15824",2020-03-30
35,Jesus Mcintyre,twilson@example.com,"265 Jacob Unions South Michele, WV 08256",2020-03-24
36,Leah Gentry,bdean@example.com,"468 Mitchell Ferry Suite 856 South Kenneth, NV 67718",2023-03-31
37,Elaine Alvarez,mark52@example.net,"58000 Nelson Gateway Apt. 058 Wilsonland, ND 51120",2024-05-12
38,Gary Smith,susan76@example.com,"123 Brenda Ramp Apt. 391 North David, VI 27388",2021-02-13
39,Christopher Garcia,catherinedonovan@example.com,"048 Herman Club Port Sabrinaport, PA 58970",2021-07-23
40,Julia Smith,millerxavier@example.com,"86924 Morris Courts Port Sarah, SD 36687",2023-06-04
41,Angela Leonard,vegajoseph@example.org,"9903 Perez Throughway Suite 871 Faithport, IN 87532",2020-08-26
42,Carolyn Wilkinson,douglasbryan@example.net,"02261 James Key Apt. 221 East Jonathan, FL 32166",2024-09-25
43,Nicole Pratt,fmassey@example.org,"27410 Jason Gardens Suite 156 West Shannon, MN 49200",2022-05-29
44,Samantha Haas,williamskenneth@example.com,"8936 Mcpherson Islands East Alexandraview, VA 90404",2023-10-07
45,Christy Johnson,garciabenjamin@example.net,"31301 Holloway Run New Derekland, LA 81163",2022-01-20
46,Amanda Gonzales,bergkayla@example.com,"147 Huang Lock Apt. 456 Lake Joshuaport, KS 59624",2021-07-26
47,Vanessa Berry,heatherchapman@example.org,"91996 Karen Courts Markberg, NE 51805",2023-10-18
48,Henry Gordon,maureenmata@example.org,"6284 Tammy Flats Medinamouth, VA 07725",2021-10-05
49,Janet Carroll,benjamin47@example.org,"64088 Whitaker Throughway South Roberthaven, DE 83073",2023-10-28
50,Paul Patterson,brent65@example.org,Unit 9915 Box 3098 DPO AE 88828,2021-08-25
51,Diamond Thompson,francoalyssa@example.net,"15739 Lindsay View Apt. 922 Wongfurt, LA 81984",2020-01-06
52,David Ballard,xjones@example.org,"574 Rivera Fall West Amandaview, PA 57428",2021-08-25
53,Ashley Farrell,lopezcraig@example.org,"8863 Kim Roads Apt. 183 East Amber, SC 29597",2021-06-06
54,Charles Mendoza,fflores@example.com,"483 Rocha River Danielsberg, MO 97801",2022-03-17
55,Jacqueline Walters,pdougherty@example.net,"6742 Elizabeth Forge Suite 879 Lake Luke, SC 62416",2023-11-25
56,Leslie Mckinney,gmontgomery@example.com,"168 Eileen Turnpike Tannerton, WI 34653",2021-05-01
57,Craig Hall,karinadudley@example.net,"0366 Maria Mews Apt. 995 Lake Jamesbury, CT 13273",2022-08-11
58,Melissa Jones,nguyenmichael@example.org,"73824 Brenda Mews East Julie, ME 63571",2023-07-02
59,Jose Young,thomas90@example.org,"5743 Scott Manors East Brianna, ID 47058",2023-12-22
60,David Price,chapmantheodore@example.org,"49424 Anthony Flat Apt. 871 West Adam, TN 73227",2021-01-05
61,Emily Tran,obrienrandy@example.net,"257 David Tunnel Michaelfort, MT 13422",2021-01-04
62,William Weber,martinbrittany@example.com,"08028 Aguilar Isle Suite 935 Levinehaven, IA 53901",2022-07-17
63,Jessica Watson,owallace@example.net,"1956 Cristian Locks Suite 658 South Erictown, SC 03705",2021-03-19
64,Aaron Brown,aaguilar@example.com,"7354 Wagner Forks Apt. 275 Sarahfurt, HI 92837",2020-09-10
65,Maria Bruce,whitejennifer@example.org,"14019 Larry Mountain Apt. 996 North John, MN 30571",2020-08-07
66,Laura Martinez,brian62@example.org,USS Chavez FPO AA 84403,2020-01-31
67,Nancy Roberts,leejennifer@example.com,"84670 Smith Spurs South Chris, PW 73785",2020-06-25
68,Jennifer Gonzalez,inguyen@example.com,Unit 7276 Box 9461 DPO AA 28255,2022-08-30
69,Tiffany Tyler,perrymatthew@example.net,"87371 Patricia Causeway Suite 623 New Michaelbury, NV 01426",2020-03-31
70,Pamela Harris,blairleslie@example.net,"0903 Thomas Ridge North James, PW 74110",2020-11-18
71,Jose Lee,cartererica@example.com,"40212 Samantha Extensions Apt. 231 Guerreroburgh, WI 89142",2020-01-26
72,Margaret Cabrera,tryan@example.org,"98927 Karen Pass Millerberg, UT 59712",2021-06-06
73,Laura Acevedo,waguirre@example.org,"PSC 7486, Box 7538 APO AP 18300",2022-04-09
74,Daniel Maddox,josepharmstrong@example.org,"036 Holmes Flat Suite 872 Hallfurt, CT 87578",2024-01-31
75,James Garcia,salasmichael@example.com,USNS Lawrence FPO AP 21896,2022-01-26
76,Susan Moore,keithlamb@example.org,"816 Robinson Port North Johnhaven, MH 34693",2023-12-21
77,Joanna Smith,eelliott@example.net,"62263 Miles Ridges Johnsonberg, AS 85211",2021-06-20
78,Mark Leonard,xpitts@example.com,"4202 Graves Circle Port John, PA 82591",2022-11-25
79,Alan Leblanc,nancy74@example.com,"2086 Joseph Path Smithstad, AK 89810",2020-08-02
80,Meagan Nguyen,valdezkim@example.com,"38274 Nicholas Roads Apt. 276 Port Louisberg, OR 80264",2022-11-18
81,Brandon Chan,larryavila@example.com,"0627 Sharon Prairie Suite 841 South Savannah, OR 18634",2023-09-02
82,Stacey Roberts,coreyjackson@example.net,"703 Jacob Trace New Cynthiaport, MS 43671",2021-08-18
83,Samuel Thompson,xjordan@example.com,"77034 Matthew Cove East Brandon, MO 31363",2022-04-12
84,Lisa Cochran,melissamoore@example.com,"35196 Stephen Village Apt. 099 Lake Richard, WI 51562",2021-01-16
85,Madeline Frost,timothy97@example.com,"650 Martinez Keys Apt. 739 Lake Dustin, DC 65736",2020-07-30
86,Michelle Alvarado,hernandezmichelle@example.net,"65347 Phillip Rue South Michael, MI 29851",2020-03-29
87,Heidi Melton,brian54@example.com,"2985 Nunez Row Yoderside, ME 78467",2024-05-04
88,Gabriel Johnson,walkerleah@example.net,"13960 Archer Mountains South Jessicaburgh, AL 18972",2020-12-10
89,Joseph Burke,bhuang@example.net,"893 Buchanan Island Porterborough, MD 43951",2020-01-28
90,Sonya Gray,caroldunn@example.com,"3577 Choi Shoals Apt. 239 Langview, MP 77599",2023-02-20
91,Phillip Fleming,morseshawna@example.org,"718 Sara Bypass Riveraborough, GA 88885",2023-05-04
92,Roger Gentry,huntjohn@example.org,"520 Peters Pine Apt. 173 East Courtneychester, WY 73179",2022-06-09
93,Carla Mitchell,jasmineyates@example.org,"050 Danielle Court Nguyenfort, GA 36778",2023-03-09
94,Ronald Morales Jr.,tammy52@example.net,"7851 Amber Greens Martinside, FL 34566",2020-05-13
95,Sarah Garcia,michael61@example.org,"864 Holland Circles Derrickside, MS 49448",2021-07-06
96,Danielle Collins,phicks@example.net,"041 Gail Court Porterberg, ID 24130",2024-09-20
97,Hannah Flores,christianevans@example.com,Unit 1707 Box 9507 DPO AP 24606,2021-02-20
98,Donald Martinez,reedsteven@example.org,"83619 Lisa Lock Port Henryport, IA 93261",2023-12-31
99,Blake Myers,crawfordkyle@example.com,"3388 Hernandez Shoals Billyside, MP 37028",2021-01-06
100,Brianna Grimes,derrickjohnson@example.net,"70702 Nicholas River New Michael, SD 54326",2024-03-29
101,Nicole Evans,paul88@example.org,"254 Simpson Place Port Alex, GU 00996",2021-01-25
102,Sydney Huerta,erobbins@example.net,USNS Goodwin FPO AE 62001,2021-07-15
103,Ashley Williams,jwilliamson@example.com,"3356 Andrews Underpass Apt. 946 North Nathanielstad, MI 91560",2021-07-18
104,Megan Holder,aimeebell@example.com,"11252 Fischer Streets Apt. 011 Andradeport, KS 82426",2022-04-21
105,David Carr,hwhite@example.net,"72200 Kelly Stravenue South Michaeltown, KS 87434",2024-05-07
106,Robin Brady,kevin54@example.net,"450 Aaron Motorway Suite 521 West Brandon, ND 99110",2020-04-08
107,Michelle Johnson,qscott@example.org,"6525 Michael Road Dariusbury, GA 47409",2021-02-17
108,Ian Aguilar,nathaniel14@example.net,"9430 Mayer Tunnel Suite 811 South Jamesmouth, AL 65911",2024-07-07
109,Charles Jones,angela80@example.org,"31340 Mathews Passage Suite 628 Bonniebury, OK 36383",2023-05-23
110,Kevin Morrison,jessica87@example.net,"008 Phillip Shoal Apt. 952 Port Samanthaborough, SC 11343",2020-06-12
111,Mary Hernandez,jacobsmith@example.net,"80022 Kara Oval Port Marissa, MS 48898",2020-08-17
112,Destiny Foster,caroline72@example.com,"1264 Tina Circles New Kaylaberg, GA 35678",2021-07-29
113,Brian Lee,michellemartinez@example.net,USNV Knapp FPO AE 88541,2020-02-25
114,Denise Compton,sydney62@example.org,"60529 Kemp Squares Port Bryan, LA 58491",2022-09-19
115,Stephanie Strong,wgreer@example.net,Unit 7376 Box 6934 DPO AA 51033,2022-08-21
116,Richard Logan,alexandergrimes@example.com,"434 Perez River Nicholastown, NE 88455",2021-06-28
117,Denise Dominguez,odixon@example.com,"4624 Sherri Hills Josephborough, LA 66574",2020-04-03
118,Brian Smith,cheryl91@example.org,"94757 Burch Trafficway Apt. 294 Youngton, WY 83501",2024-06-07
119,Michael Jensen,wrightrobert@example.org,"17169 Sarah Lodge East Matthewland, ID 83664",2023-05-29
120,David Wilson,jamesjones@example.com,"6696 Logan Common Suite 788 Port Melanie, MH 44963",2020-06-19
121,Daniel Hopkins,dianalarson@example.net,"7549 Fowler Shoal Apt. 099 Gileschester, MP 92797",2024-06-12
122,Samantha Smith,harveycarrie@example.net,"81437 Jessica Ferry West Christinemouth, NV 09856",2020-07-04
123,Larry Miranda,watsonsteven@example.net,"369 Hernandez Harbor New Melinda, KY 36487",2024-06-12
124,Jason Savage,shawn70@example.org,"7163 Meza Shoals Watkinsbury, CO 93399",2022-05-04
125,Ashley Prince,michelle73@example.net,"241 Watkins Field Spencerchester, WV 63648",2021-07-03
126,Christopher Morales,kristenbriggs@example.com,"142 Mullins Greens Suite 939 Johnsonhaven, MO 28369",2022-10-19
127,Pamela Blake,bheath@example.net,"931 Smith Springs Suite 454 Meyerbury, VI 07896",2021-02-02
128,Laura Harrington,diazjoseph@example.net,"241 Jonathan Via Huynhborough, GU 91744",2020-09-23
129,Christopher Lewis,vincent49@example.org,"5878 Sharon Gardens Apt. 436 Nathanland, VA 80728",2021-08-25
130,Lisa Nelson,tylerrose@example.com,"568 Roberto Trail Cochranshire, AS 02118",2021-02-20
131,Juan Jones,jpowell@example.org,"73355 Jones Loop Suite 091 Ballburgh, NY 66503",2023-08-17
132,Angela Murphy,gary60@example.com,"410 Blevins Dale Apt. 507 Ortizport, MS 56921",2022-01-16
133,Jason Thomas,collierjulie@example.com,"60483 Leonard Burg Mccarthyland, VA 82989",2024-02-15
134,Kenneth Martinez,cdiaz@example.com,"7426 Sparks Village North Monicamouth, MT 99726",2020-12-18
135,Ruben Young,garciasarah@example.net,"7050 Hernandez Trail Apt. 342 Sabrinaton, MN 83233",2024-02-14
136,Megan Prince,jjones@example.net,"05846 Wilson Street Sanchezborough, IA 07523",2024-10-06
137,Dr. Patrick Carter,carrillomegan@example.org,"30782 Cameron Plains East Michael, HI 20794",2020-04-15
138,Michael Greene,bhuerta@example.org,"7802 Cory Fall Morrismouth, AS 82683",2021-11-24
139,Christina Payne DVM,jevans@example.net,"2109 Christopher Estate Watersport, AS 12304",2023-09-15
140,Louis Martin DVM,robert86@example.com,"6608 Alyssa Vista Apt. 229 Lake Alexisshire, MT 37255",2020-02-24
141,Stuart Duffy,jcollins@example.net,"18064 Tyler Motorway Apt. 588 Burnettfurt, DC 84858",2024-02-05
142,Sarah Rodgers,bvillarreal@example.net,"492 Karen Dam South David, MH 16463",2020-02-07
143,Charlotte Reed,dwilliams@example.com,"067 Hartman Way New Jeremy, ID 24938",2023-11-14
144,Paul Walker,erin49@example.com,"28839 Heather Branch New Carlchester, TX 07506",2022-01-17
145,Leon Bryant,michael95@example.org,"951 Julia Plains East Sarah, PA 56725",2022-09-07
146,Audrey Wright,chadfuller@example.com,"9268 James Islands Suite 749 West Shellyshire, NM 27442",2023-12-29
147,Dr. Thomas Proctor,wgibson@example.net,USNV Underwood FPO AA 31633,2024-06-01
148,Joseph Wilson,cwilliamson@example.org,"2333 Beasley Green Apt. 573 Lovemouth, FM 73100",2022-12-31
149,Abigail Lee,kennedybrenda@example.com,"26475 Kelly Flats Suite 314 New Frankburgh, MA 32011",2021-07-20
150,Brittney Stark,tinawade@example.net,"0010 Herman Ways Williambury, RI 45011",2023-01-16
151,Zachary Brooks,richard12@example.net,Unit 1430 Box 5533 DPO AE 07383,2021-11-17
152,Dylan Ray,elizabethrobbins@example.com,"142 Hannah Stream Apt. 007 Monicaland, OK 62117",2022-08-11
153,Scott Sullivan,walkerchad@example.net,"889 Donovan Terrace Apt. 128 Russellborough, TX 94730",2020-12-02
154,Jeanne Castro,morrisonwendy@example.com,"9778 Ruiz Loaf Port Tammy, VT 13116",2022-10-15
155,Angela Rivera,andrewhopkins@example.org,"272 Johnston Lake Suite 473 Franklinville, MI 16496",2022-06-04
156,Justin Yang,estradakimberly@example.net,"1967 Sara Grove Suite 586 North Stephen, OK 15131",2023-04-05
157,Sally Castillo,annacole@example.com,"05379 Carrie Locks Apt. 955 Port Amandaton, MO 39675",2023-05-08
158,Linda Wright,dillontristan@example.net,"13334 Hill Lodge New Michaelview, OK 88090",2020-12-02
159,Robert Bradford,martinezsandra@example.net,"7482 Natalie Run Apt. 940 Port Tanyastad, KS 37194",2021-05-09
160,David Jones,rhondathompson@example.net,"972 Jennifer Route Suite 678 Smithshire, OH 07330",2021-09-28
161,Trevor Williams,bonniethompson@example.net,"93641 Brown Rue New Ricardo, LA 75138",2022-11-02
162,William Hernandez,hernandezjonathan@example.org,"36336 Justin Glens Suite 210 Kathleenberg, MA 88761",2022-11-14
163,Makayla Fuller,woodchristina@example.org,"31872 Hayes Keys Apt. 019 Warnerland, DE 33631",2021-08-13
164,Lynn Simpson,james95@example.net,"5588 Anthony Turnpike Andersenview, NV 06477",2021-01-15
165,Andrew Oneal,smithrita@example.com,USS Richardson FPO AE 72778,2022-03-13
166,Willie Adams,brownaaron@example.org,"8062 Joseph Station Suite 571 Mcclureville, MI 19446",2021-12-17
167,Christopher Haynes,angela36@example.org,"888 Smith Extension Stevenville, AS 26827",2022-12-15
168,Melissa Russell,vpope@example.org,"0736 Ethan Stream South Thomas, PR 92783",2021-05-26
169,Raymond Chambers,fwright@example.com,"9806 Schmidt Flat Apt. 614 Taraland, MA 11733",2022-10-07
170,Randy Reynolds,kwhite@example.org,"787 Fred Shoals Waterschester, UT 02628",2023-12-31
171,Michael Day,lisaking@example.com,"489 Joseph Route Williamsberg, UT 07913",2021-06-30
172,Courtney Turner,ian40@example.net,"890 Wayne Mountains Apt. 784 West Christinetown, AR 57040",2023-03-09
173,Timothy Baxter,mcconnelldale@example.org,"17234 Graham Wall Suite 830 New Julia, AK 91260",2023-01-21
174,Deanna Flores,gordonbrittany@example.com,"482 Alexander Trail Josephmouth, DE 46135",2023-06-12
175,Randall White,kellerian@example.org,"446 Hill Union Suite 945 Johnsontown, PR 90604",2021-06-14
176,Alexandria Jackson,gcrane@example.net,"085 Kelly Flats Apt. 887 Owenchester, SD 86322",2023-10-20
177,Marcus Thompson,donaldmann@example.org,"9066 Melissa Row Lake Andrew, SC 48430",2020-11-24
178,John Henderson,lrobertson@example.org,"52761 Martin Mountains Apt. 520 Mandyhaven, WI 18669",2023-03-24
179,Elizabeth Walton,shepherdryan@example.org,"96055 Cordova Overpass Apt. 958 South Michaelport, NE 61467",2023-09-22
180,Julie Hodge,smithwilliam@example.net,"832 Catherine Islands Lake Kevinberg, TN 21043",2020-07-08
181,Crystal Hernandez,james46@example.org,"857 Bird Forges Kimberlytown, NM 87304",2022-02-21
182,Kendra Bishop,lopezpaul@example.com,"18949 White Fort Garyside, MH 01538",2022-12-26
183,Ashley David,taylorrobert@example.net,"658 Steve Springs East Omar, VA 79372",2022-07-01
184,Kimberly Villanueva,sherri21@example.net,"4700 Amanda Pike South Karen, AK 47268",2022-07-26
185,Katherine Walton,dlopez@example.net,"163 Miller Parkways Jessicabury, NV 41049",2022-08-04
186,Vickie Carter,gibbsjonathan@example.com,"8140 Diamond Spur Karenton, SC 28168",2021-01-13
187,Michael Holloway,ajordan@example.org,"6486 Morris Key Sergiomouth, NC 76116",2020-04-17
188,Samantha Hayden,cynthiajensen@example.com,"686 Phillip Trafficway Apt. 582 Sandratown, AL 86558",2022-07-26
189,Karina Cruz,bmcdaniel@example.net,"50911 Chapman Tunnel Suite 397 Williamhaven, UT 55165",2020-09-04
190,Laurie Brandt,marcusadams@example.com,"0682 King Trail Suite 116 Bradside, ND 06346",2021-11-30
191,Shaun Pruitt,xdominguez@example.net,"16610 Melissa Plaza Apt. 781 Port Sheilachester, SD 48819",2023-12-28
192,John Taylor,trodriguez@example.org,"661 Heather Walks Suite 736 North William, NV 35690",2023-04-23
193,Maureen Elliott,sheila56@example.org,"347 Jacqueline Place Apt. 983 Baileychester, UT 57598",2020-01-29
194,Aaron Edwards,yferguson@example.org,Unit 6929 Box 2476 DPO AA 43400,2022-05-21
195,Cristina Barron,john56@example.com,"8634 Pamela Dale Suite 624 Timothyside, ME 45046",2020-06-25
196,Sarah Todd,megan48@example.org,"6615 Russell Forks Suite 019 Lake Todd, NM 79821",2024-01-30
197,Jennifer Ross,sean79@example.org,"232 Novak Unions Suite 756 Lake Derrickchester, DC 65527",2023-02-26
198,Sheila Thompson,lhill@example.net,Unit 6954 Box 3922 DPO AA 41874,2022-01-13
199,Michelle Ellis,rodgersmichael@example.org,"001 Lisa Ford Brianport, KY 51993",2020-11-21
200,Samuel Johnson,amber71@example.org,"76866 Jennifer Turnpike Apt. 717 Port Deniseshire, SC 03089",2020-11-02
201,Brianna Lee,faulknerolivia@example.org,"54066 Kyle Mount East Gregoryfort, TN 40701",2023-08-13
202,Lori Larson,amberbates@example.net,"83276 Robbins Via Suite 923 Melaniehaven, OK 06566",2024-05-04
203,Pamela Shaffer,heatherspencer@example.net,"581 Harrison Burgs South Karla, ME 18820",2024-07-27
204,Sharon Webb,smithlogan@example.org,"468 David Squares Suite 019 South Thomas, VI 21267",2023-07-10
205,Susan Allison,sandra44@example.com,"7150 Laura Lights North Roberttown, AL 75354",2022-12-18
206,Scott Price,perezmario@example.com,"839 Hunter Key Apt. 533 Mitchellton, AL 36149",2023-11-06
207,Shannon Scott,nicoleali@example.org,"20139 Michelle Alley Lake Timothyfurt, NJ 29100",2022-04-07
208,David George,brentvelazquez@example.org,"670 Hernandez Stravenue East Brendan, NC 93151",2020-10-09
209,Jeremiah Rowe,ksmith@example.com,"23404 Samuel Union New Charles, MD 10215",2023-11-14
210,Chad Holder,watersrussell@example.org,"PSC 5838, Box 6461 APO AE 58317",2023-09-28
211,James Mitchell,wellssteven@example.org,"997 Smith Spring Suite 098 Davidland, ME 71662",2021-12-22
212,Cody Carroll,andreakennedy@example.net,"52883 David Lock Apt. 830 Lake Kyle, MS 06467",2023-04-25
213,Gregory Young,victor55@example.org,"253 Jake Fields Alexanderton, MN 96328",2020-12-29
214,Stacy Hooper,crossrachel@example.net,"9384 Suarez Orchard Suite 766 Steveport, TN 41710",2023-01-18
215,Sara Wright,williammorgan@example.com,Unit 6508 Box 3297 DPO AA 44958,2023-11-11
216,Kimberly Reyes,jmosley@example.com,"PSC 5542, Box 7731 APO AA 58184",2023-10-08
217,Lisa Williams,karinawright@example.net,"99487 Grace Underpass Christopherland, MI 08730",2022-11-03
218,Jonathan Green,joshuafitzgerald@example.org,"65171 Jeff Haven Hannahstad, IA 37506",2021-02-02
219,Xavier Thompson,amber80@example.net,"17553 John Passage Aliciafort, IA 16774",2024-08-31
220,Scott Wolfe,joshua24@example.net,USNS Cox FPO AA 16792,2022-12-03
221,Jason Cooper,scottjohn@example.com,"987 Sherman Motorway Apt. 065 Mollystad, MA 87320",2023-06-22
222,Karen Kirk,benjaminmccarthy@example.org,Unit 6296 Box 5649 DPO AE 88193,2024-08-01
223,Mary Ramirez,nicholaslopez@example.net,"982 Jones Circles Suite 679 Kramerfurt, IA 72909",2022-03-09
224,Renee Johnson,wileyhannah@example.org,"700 Luna Divide Apt. 626 Tylerhaven, NV 88417",2020-08-26
225,Jennifer Thomas,joannejohnson@example.org,"72574 Angela Fort North Travis, VI 05759",2020-12-20
226,Nicholas Lindsey,moniquelee@example.com,"8401 Sarah Manor Apt. 732 East Granttown, CO 38673",2022-07-22
227,Shannon Lin,imedina@example.com,"744 Lara Parks Suite 808 East Dwayneberg, AS 54735",2022-03-05
228,Jennifer Hernandez,mccarthydonald@example.com,"440 Justin Gateway Apt. 656 South Mariaberg, NE 03427",2024-09-09
229,Justin Baker,linda08@example.org,"PSC 0063, Box 5011 APO AE 31159",2024-01-12
230,Natalie Powell,laurahernandez@example.org,"21431 Brandon Union New Kennethborough, MH 94370",2021-09-25
231,Tanya Gordon,baileypatricia@example.com,"284 Ryan Mountains Port Pamelaberg, PW 28738",2024-04-12
232,Lori Franco,belljeffrey@example.net,"0559 Walker Prairie Apt. 771 Port David, WY 89207",2020-10-28
233,Juan Wilson,juliewilliams@example.net,"69154 Patrick Alley Suite 496 Zavalaborough, ME 73161",2024-03-13
234,Kelly Smith,adamseric@example.com,USNV Lopez FPO AE 02684,2021-10-07
235,Anna Sanchez,swalker@example.org,"6016 Nicholas Gardens Suite 642 Chelseabury, CT 46300",2023-01-02
236,Alan Woods,robertscynthia@example.com,"6391 Kelley Mills Apt. 491 Stephenfort, CO 25601",2024-03-18
237,Jennifer Matthews,harrisonsherry@example.com,"78878 Barnes Key Brettberg, MH 06026",2023-12-03
238,Amanda Walker,crawfordkenneth@example.com,"33374 Hill Brook Apt. 194 Port Markshire, SC 42650",2024-03-27
239,Jason Davenport,colin88@example.com,"PSC 2379, Box 2016 APO AE 27006",2020-03-20
240,Sean Thomas,hebertveronica@example.com,"58657 Frank Brooks Apt. 446 Derrickland, DC 43651",2022-06-13
241,David Marks,ricky23@example.com,"4178 Greene Path Apt. 719 South Mario, MA 88276",2023-10-28
242,Marcus Murphy,timothy02@example.org,"557 Mclean Plaza Suite 535 Huangbury, AS 23956",2021-04-06
243,Michael Allen,mark10@example.net,USCGC Anderson FPO AP 55750,2020-03-08
244,Jessica Green,eferguson@example.org,"16156 Brandon Ports Suite 635 Dustinville, MO 76282",2024-09-19
245,Gabriel Madden,james39@example.net,Unit 5472 Box 5105 DPO AE 66637,2024-03-04
246,Melissa Hammond,matthew79@example.org,"348 Lozano Via Lauraport, AK 16831",2022-08-12
247,Michael Cruz,wmoreno@example.com,"244 Michael Park New Angelicahaven, NH 61009",2022-04-06
248,Cindy Mccoy,julielewis@example.org,"02615 Johnson Burgs Suite 018 Lake Angiefurt, ND 53416",2021-10-28
249,Hannah Nunez,natalieschultz@example.org,"11956 Price Island Robinsonfurt, MI 79257",2022-04-12
250,Lisa Smith,rickeysaunders@example.com,"321 Kenneth Forges East Matthew, GA 92693",2024-05-23
251,Brian Stewart,yzhang@example.com,"2262 Sue Prairie Leebury, SC 58685",2023-01-18
252,Jeremy Reed,heather48@example.org,"07428 Timothy Walk South Daniel, TN 01778",2023-07-10
253,Mr. Christopher Jacobs,smithandrea@example.org,"388 Reilly Oval Apt. 185 Port Kimfurt, MO 68143",2021-04-19
254,Ann Hughes,gloria39@example.com,"639 Meyers Manors Apt. 958 East Alexaport, RI 80852",2020-05-22
255,Gabriel Weeks,wkelly@example.com,Unit 4613 Box 0098 DPO AA 55002,2021-01-19
256,Brian Davis,matthewwatts@example.org,"PSC 0119, Box 2129 APO AP 37326",2023-02-19
257,Timothy Hart,karalopez@example.net,"7863 Jorge Curve Suite 384 Melissaland, PA 32358",2020-08-24
258,Robert Cain,amccullough@example.net,Unit 8238 Box 5215 DPO AE 17767,2023-04-30
259,Justin Collins,powellrhonda@example.com,"20716 Butler Harbors Apt. 465 Patriciaburgh, IL 76317",2020-02-03
260,Jennifer Rose,katie03@example.org,"22643 Garcia Streets Suite 915 Coxtown, IL 01174",2023-03-20
261,Michael Haynes,shelley38@example.org,"136 Lauren Ville South Troytown, LA 43527",2021-09-09
262,William Cole,abrown@example.org,"12019 Maria Prairie Victoriashire, WI 27420",2020-10-26
263,Michael Moreno,lolson@example.net,"618 Andrew Rapid Apt. 947 Port Debraberg, MA 57906",2021-10-29
264,Bryan Lawson,jasminetapia@example.org,"888 Rodney Ways Apt. 953 New Mackenzieshire, NM 80742",2023-05-17
265,Christopher Moore,jwilkins@example.net,USNV Gibbs FPO AE 91407,2020-10-15
266,James James,cardenasleslie@example.org,"1590 Jenkins Inlet East Charles, ME 57880",2021-03-08
267,Rebecca Lambert,hernandezjulie@example.net,"09006 Karen Gardens Suite 554 Mooretown, IA 04112",2024-02-03
268,Christina Jenkins DVM,taylor07@example.net,"103 Martinez Fall Suite 939 Katherineberg, NV 38274",2023-05-06
269,Daniel Green,goodwinjessica@example.com,USNV Burton FPO AP 93276,2020-08-22
270,Valerie Haynes,uanderson@example.com,"PSC 8434, Box 7291 APO AE 60788",2020-09-10
271,Matthew Nguyen,torresdavid@example.com,"91183 Danielle Rapid Apt. 037 New Todd, PR 35463",2022-03-16
272,Kathy Fuentes,joneverett@example.com,"6057 Tyrone Mountains Suite 166 West David, GA 43168",2024-01-26
273,Nathan Hudson,debrarush@example.net,"4569 Jay Stream Suite 738 Lake Adam, AR 43628",2024-03-21
274,Laura Kelly,robin52@example.net,"19832 Carolyn Views North David, NV 94370",2022-07-22
275,Abigail Case,mcclaindaniel@example.org,"941 Osborne Square Suite 285 Lake Hannahview, IN 81507",2024-07-04
276,Raymond Campbell,reynoldskristin@example.org,"PSC 0016, Box 0679 APO AP 45684",2020-06-23
277,Marcus Johnson,emilygarcia@example.org,"253 Alvarez Centers Apt. 307 Lake Taraberg, OH 52246",2023-06-16
278,Daniel Christian,martineznatalie@example.net,"28744 Melissa Ports Apt. 132 Martinport, AL 91675",2022-06-18
279,Mrs. Crystal Bell,rogerstara@example.com,USNV Wagner FPO AP 75720,2022-06-21
280,Paige Roberts,umcdonald@example.net,"2799 Chambers Stream Suite 989 New Michael, MO 61000",2024-04-29
281,Travis Kane,kevin23@example.com,"1635 Morris Plaza Perezbury, PW 19722",2023-08-24
282,Melissa Anderson,bakertamara@example.org,"1797 Pamela Groves South Kirk, WY 15178",2022-05-17
283,Rachel Waller,mwilcox@example.org,"4595 Davis Islands Suite 182 South Matthew, ID 87968",2021-10-20
284,Joshua Evans,ngay@example.org,"108 Claudia Isle South Baileytown, VI 62004",2024-09-21
285,Ann Price,nancy33@example.com,"014 Melissa Orchard North Lisafurt, MH 35626",2022-07-07
286,Michelle Miller,sarahjames@example.org,"52836 Burns Gateway Apt. 002 Lake Michael, OK 82148",2023-09-24
287,Mark West,lindapoole@example.org,"344 Tyler Fork West Andrewburgh, ID 94662",2021-04-25
288,Justin Wallace,jessica15@example.org,"54235 Brewer Cove Suite 776 Port Spencerview, MT 30920",2020-12-14
289,Amy Thomas,perezashley@example.org,"05613 Gardner Crescent Suite 473 South Abigailville, NJ 01546",2021-04-19
290,Anthony Goodman,margaretfoster@example.org,"0903 Katie Harbors Jamesmouth, MP 30965",2024-09-06
291,Allison Carter,whart@example.com,"79647 Luis Knoll Millerland, FM 81362",2023-09-30
292,Andrew Adams,vsanchez@example.org,"602 Jennifer Island Suite 646 East Justin, KY 77503",2020-12-11
293,Amy Burgess,marcus66@example.com,"40589 Daniel Fork Suite 123 New Steven, SD 17161",2022-10-31
294,Krystal Macdonald,sandrajohnston@example.net,"407 Gordon Flat Georgeton, TX 50333",2022-05-19
295,Benjamin Ellis,kellywilson@example.org,"68001 Miller Park Apt. 764 Lydiahaven, AR 29049",2020-10-23
296,Crystal Bush,umiller@example.com,"188 Christina Hill South Debbie, GA 57832",2022-09-24
297,Tara Evans,wisewendy@example.org,USS Williams FPO AP 02931,2020-07-07
298,Kelly Henson,johnsonlucas@example.org,"5014 Kelly Walks Apt. 391 New Lindamouth, ME 27150",2024-02-05
299,Adam Bradshaw,lisa10@example.net,"54444 Smith Knoll Apt. 250 Lisaview, CT 61102",2021-11-09
300,Richard Rosario,sandra93@example.org,"4571 Tammy Hills Apt. 076 Lake Carlashire, IN 44403",2021-12-01
301,Caitlin Jimenez,pricekenneth@example.org,"0022 Perez Loaf Suite 545 Kellyshire, NM 91243",2024-09-26
302,Molly Zavala,fullerjoshua@example.org,"58833 Carrie Mountain Apt. 382 North Johnville, GU 20700",2024-10-03
303,Erik Davis,urodriguez@example.net,"304 Robert Park Apt. 943 Doyleport, IA 98734",2021-08-02
304,Sarah Hayes,troykramer@example.net,"PSC 1601, Box 9148 APO AA 88916",2023-04-24
305,Margaret Bailey,deborah84@example.org,"4460 Destiny Squares Suite 478 Joshuafort, AL 52637",2021-09-29
306,Mrs. Sarah Wagner,qlopez@example.org,"434 Amy Freeway Smithton, KS 15884",2022-04-08
307,David Neal,whitneyschwartz@example.net,"90691 Russell Stravenue Suite 240 East Jasmine, DC 22235",2022-11-14
308,Darren Weber,meghanmcbride@example.org,"4773 Angela Oval Apt. 758 South Nicoleburgh, SC 97570",2020-09-23
309,Janet Peters,michaelsimon@example.com,"32401 Sullivan Stravenue Suite 718 South Sara, ID 69302",2022-05-15
310,Tim Russell,wallsjeremy@example.com,"17729 Dean Pass Apt. 405 Tonyamouth, WI 91755",2023-08-03
311,Amanda Burnett,justin31@example.org,"472 Nicole Port Lake Shawn, DC 03389",2020-06-02
312,Karen Ball,erin85@example.net,"74010 Ashley Mountains Apt. 791 Hansonbury, MT 26137",2024-02-08
313,Jason Bell,jodi76@example.org,"094 Barker Road Suite 171 Katrinastad, ME 16334",2020-11-29
314,Sara Larson,kellyturner@example.org,"897 Bradley Road East Jasontown, AZ 04020",2022-08-25
315,Marcus Garcia,matthewthomas@example.net,"752 Mark Crest Suite 434 Lake Scott, MD 81678",2022-08-11
316,Daniel Guerrero,desireeerickson@example.com,"77837 Regina Isle East Paulshire, MS 94499",2023-03-06
317,Natalie George,kowens@example.net,"937 Michelle Mall Martinmouth, IN 43437",2022-01-10
318,Ryan Schultz,austin73@example.com,"4155 Castillo Mills Maryside, SD 09766",2021-04-07
319,Jane Moore,ericajones@example.org,"166 Denise Mission Suite 184 Cynthiamouth, FM 47093",2020-07-18
320,Kevin Hanson,zjames@example.net,"378 Michael Lodge Apt. 798 Brownmouth, OK 21366",2024-05-10
321,Caitlyn Browning,susan82@example.com,"734 Amanda Trace Apt. 703 Johnsonview, NM 53849",2022-11-13
322,Shawn Schmitt,smithana@example.org,Unit 4740 Box 4720 DPO AA 83464,2023-05-12
323,Karen Morales,megan87@example.org,"3497 Charles Oval South Bonniefurt, UT 58419",2022-04-04
324,Brittany Lee,gary94@example.com,"48577 Caroline Bridge Port Henry, ME 28648",2024-05-24
325,Stephanie Miller,jamesmiller@example.com,"201 Pamela Springs Suite 892 Lisafort, NM 79605",2020-04-22
326,Daniel Moss,chelseacook@example.org,USNS Anthony FPO AA 34634,2024-02-24
327,Heather Williams,kevinjohnson@example.net,"9416 Nicholas Hills East Chadbury, PA 88592",2020-04-14
328,Ashley Jones,kristen83@example.net,"733 Williams Streets Moyerton, IL 87631",2022-07-21
329,Nathan Perez,iward@example.net,"99776 Jack Squares Suite 096 East Alejandra, HI 50298",2021-03-30
330,Brian Webster,dmorris@example.org,"897 Baxter Turnpike Suite 653 New Kimberly, MP 32902",2024-06-07
331,Jeremy Taylor,kimberlyhayes@example.org,"418 Ware Mountain Apt. 287 East Kristin, VI 98495",2024-04-29
332,Nicole Garcia,tmiller@example.net,"66542 Hill Spur Apt. 374 South Nancy, OH 47570",2021-09-29
333,Alex Howard,zperez@example.net,"8722 Hill Loop Harmonview, CA 18542",2023-11-21
334,John Ellis,johnsonallen@example.com,"88940 Carla Brook East Garyton, NH 52427",2023-06-04
335,Mike Johnson,xellis@example.com,"5436 Luis Stravenue Apt. 642 New Christopherfort, AR 20662",2020-05-11
336,Robert Lane,mccannamy@example.com,"913 Bell Inlet New Vernonfurt, CO 06314",2020-03-23
337,Nicole Sandoval,williamskelly@example.com,"76512 Jennifer Turnpike South Jennifershire, OH 12406",2021-07-20
338,Mark Ford,xanderson@example.com,"092 Jessica Forest Sotomouth, MI 05772",2020-02-15
339,Richard Gonzalez,sharon08@example.org,"48126 Holly Pines South James, KY 79188",2021-05-08
340,Matthew Medina,james25@example.com,"88779 Stephanie Loaf Apt. 670 Christopherstad, ME 08706",2020-07-28
341,Johnny Clark,nicholas80@example.net,"41279 Gonzalez Villages Charlesshire, NE 05168",2024-06-06
342,Dawn Freeman,gweber@example.net,"879 Greene Route Apt. 499 Thompsonview, CA 61634",2024-08-11
343,Sherri Mejia,murphykelly@example.org,"35292 Edward Coves Suite 336 South Shannon, VI 25054",2020-12-04
344,Calvin Thomas,john31@example.net,"613 Adrian Meadows Jenniferton, TX 62530",2021-07-19
345,Joseph Williams,angelica39@example.org,"3181 Hammond Manors Duncanfort, WA 94380",2020-09-20
346,Thomas Martin,moonstephen@example.org,"488 Moore Plains Apt. 835 Port Catherine, CO 80151",2021-12-14
347,Jennifer Best,casewendy@example.org,"735 Flores Key Spencerview, OH 21174",2022-06-01
348,Jennifer Anderson,christopherwatson@example.com,"594 Gray Club Josephville, KY 46681",2024-02-14
349,Mary Roth,jcombs@example.org,"685 Wilson Roads Apt. 704 Port Paulberg, TX 59595",2023-03-23
350,Victor Jones,marklarson@example.net,Unit 1066 Box 6391 DPO AP 05118,2022-11-08
351,Kimberly Robles,xleach@example.net,"428 Nichols Ranch Suite 520 Romeroville, OK 44567",2021-04-15
352,Brooke Keith,jennifer00@example.com,Unit 4573 Box 2754 DPO AP 26575,2023-03-15
353,Daniel Carter,johnathanwalls@example.net,"745 Aaron Flat Suite 801 Thorntonshire, CT 13291",2021-09-19
354,Valerie Nguyen,bradycurtis@example.com,"8925 Mccoy Knoll North Mary, NM 68424",2020-03-07
355,Emily Lane,jmoore@example.com,"50470 Courtney Isle Suite 124 Tracystad, NJ 24064",2022-05-09
356,Christopher Reeves,belljoshua@example.net,"98615 Christopher Corners Suite 324 Brianland, MN 65930",2022-04-23
357,James Rogers,ballardanna@example.net,"224 Cortez Islands North David, PR 07888",2022-05-12
358,Dennis Tapia,garciakatie@example.org,Unit 7597 Box 2258 DPO AP 32692,2024-08-18
359,Michelle Alvarez,jackfaulkner@example.net,USNV Baker FPO AE 53169,2024-01-02
360,Jennifer Moore,swilliams@example.net,"2830 Nguyen Stream Apt. 432 West Christopherborough, NM 48222",2020-08-25
361,Kelly Schultz,nicoletorres@example.org,"048 Megan Burgs Apt. 822 West Madelineville, IA 77434",2020-11-25
362,Jeffery Durham,leemelissa@example.net,"32859 James Manors Brianview, WA 90638",2021-03-08
363,Alexander Mercado,tina03@example.com,"646 Montes Meadow Suite 402 Vincentside, GA 70353",2022-06-29
364,Jenna Lin,bishopjennifer@example.com,"8412 Craig Turnpike North Meganbury, ND 89898",2024-04-13
365,Deborah Cox,wnguyen@example.net,"80703 Ricky Cliffs Apt. 080 Mcneilshire, WV 26083",2022-08-21
366,Betty Carter,adamadams@example.net,"37995 Crawford Estates Apt. 096 West Catherine, HI 24654",2022-04-28
367,Erica Martinez,akelley@example.net,"22183 John Shore Apt. 988 Port Monica, WY 56473",2021-06-24
368,Larry Baker,crystalgreen@example.net,"16301 Quinn Shores East Josephside, MN 76304",2021-08-02
369,Lori Shaw,morrissharon@example.net,"2671 Mathew Summit Apt. 907 Joshuafurt, PW 35860",2022-04-25
370,Vanessa Bryant,davidmills@example.org,Unit 6019 Box 6406 DPO AE 72532,2021-04-23
371,Jeffrey Guerra,thopkins@example.org,"78564 Kyle Glens Apt. 258 North Kellyfort, WV 12767",2022-11-06
372,Clinton Powell,emejia@example.net,"494 Yates Unions Williamsport, AR 78684",2024-02-04
373,Denise Mcclain,patricia12@example.net,"7777 Sullivan Cape South Kelseytown, ME 32568",2023-11-19
374,Sergio Scott,ethompson@example.org,"7896 King Mill Crystalview, TX 07561",2023-09-17
375,Christian Johnson,tdelacruz@example.net,"03138 Hartman Passage New Josephhaven, MO 78276",2020-10-17
376,Mario Jenkins,destinytyler@example.net,"554 Beasley Rapid Apt. 622 Hornefurt, MI 46454",2021-02-03
377,Thomas Brock,joshuasanchez@example.net,"946 Brown Ramp Apt. 903 Williamsborough, PR 45768",2024-09-13
378,Angela Carlson,francisco32@example.net,"12968 Jonathan Ville Apt. 421 Ryanshire, MO 47436",2021-09-25
379,Jason Carey,ericlarson@example.com,"354 Mann Square Apt. 066 Priceburgh, ME 85671",2024-09-24
380,Allen Garcia,candice96@example.net,"47776 Rebecca Forge North Deborah, ID 41053",2021-04-14
381,Barbara Flores,claypatrick@example.net,"12052 William Well Ramosmouth, FM 57136",2024-08-15
382,Benjamin Marshall,hlewis@example.org,"51456 Hardy Rapids Apt. 296 New Mark, RI 58484",2024-07-21
383,Christine Boyd,vhale@example.com,"68517 Kelly Overpass Williamside, NM 10228",2020-01-08
384,Diana Stone,paula98@example.net,USNS Sellers FPO AE 80486,2022-11-26
385,Alexandria Gonzalez,swansontiffany@example.net,"5907 William Forge West Amy, CO 63661",2023-11-29
386,Karen Foster,enorris@example.com,"4707 Moran Forks Jenniferberg, PR 43335",2021-03-28
387,Daniel Haley,willisjeremy@example.org,"PSC 6136, Box 2846 APO AE 99213",2020-01-21
388,Jeff Allen,diaznicholas@example.com,"970 Jenna Corner Jenniferfurt, GA 55910",2024-09-14
389,Stacy Cochran,harolddillon@example.net,"75181 Jeffery Garden Marciafort, NE 35538",2023-01-18
390,Mary Hall,dillon32@example.com,"53291 Chad Turnpike Port Jenny, VT 13460",2024-03-26
391,Alex Olson,ortizdavid@example.com,"72647 Turner Road Karenland, PA 42888",2021-06-29
392,Elizabeth Barnett,lcruz@example.com,"8721 Meghan Dale Apt. 160 Roachberg, SD 64933",2021-06-29
393,Courtney Blanchard,hugheselijah@example.com,"40485 Richard Drive Apt. 710 Kelleyport, ND 96472",2023-11-02
394,Felicia Reynolds,yhall@example.org,"32721 Collier Wall Apt. 435 Stanleyfort, TX 30467",2022-01-11
395,Jessica Warren,jilliannguyen@example.com,"817 Zimmerman Mountains Suite 937 South Kevin, PA 55275",2023-08-24
396,Alexandra Mays,jessicasmith@example.com,Unit 7409 Box 7313 DPO AA 87044,2023-09-01
397,Debra Thomas,ashley18@example.org,"996 Todd Branch Apt. 087 Robertsport, ID 42939",2021-12-23
398,Jennifer Clark,sherri90@example.org,"51697 Brian Way Apt. 666 Lowetown, KS 54755",2024-03-15
399,Drew Caldwell,michael57@example.org,"015 Morris Path Josemouth, PW 22683",2020-09-15
400,Carrie Sanders,frankfarmer@example.org,"6611 Daniel Coves Jenkinsland, PR 35376",2020-05-16
401,Cheryl Holmes,hmitchell@example.com,"813 Brown Circle Suite 389 North Kim, WA 30146",2023-09-29
402,Whitney Williamson,smallsarah@example.org,"5676 Rachel Glens Suite 893 Rileybury, NJ 04139",2022-03-04
403,Justin Jimenez,pjones@example.net,"52100 Kevin Locks Apt. 652 Michaelview, FL 92378",2022-04-22
404,Michelle Wheeler,twilliams@example.org,"300 William Mill West Staceyfurt, KS 53573",2023-05-07
405,Alex Gomez,johnsonlucas@example.org,"546 Wright Radial West Jaredstad, CT 40388",2024-06-28
406,Richard Mejia,powerswilliam@example.com,"25987 Cross Greens Suite 330 Martinland, SD 62746",2020-03-23
407,Stephanie Olson,taylorpaula@example.com,"3419 Joann Crescent Apt. 522 East Adamfort, SD 10977",2020-08-17
408,Lance Pena,christian75@example.org,"628 Lisa Camp Suite 958 Cameronburgh, AZ 52953",2023-10-21
409,Julie Taylor,xlee@example.com,"8731 Cody Rue Kellyshire, OH 46661",2023-10-28
410,Logan Hill,brianamccall@example.net,"58643 Thomas Heights Apt. 982 South Marciabury, GA 55499",2023-10-24
411,Jason Obrien,john93@example.net,"23508 Deleon Radial South Veronicafort, OK 95635",2020-08-22
412,Paul Moreno,gstein@example.org,"2032 Beck Pines Apt. 881 Matthewport, NC 08902",2021-10-18
413,Jeffrey Robles,deanmiller@example.net,"797 Hector Roads Desireetown, VA 40625",2024-07-04
414,Michael Perez,rossmaria@example.com,"99372 Woodard Wall New Susan, AZ 87888",2023-11-27
415,Mark Martin,miguel84@example.net,"468 Short Place New Ericton, OR 05737",2024-02-12
416,Manuel Mitchell,bentleyjohn@example.net,"75528 Contreras Mount Johnmouth, DC 46061",2022-02-21
417,Lisa Elliott,katherine11@example.org,"771 Mary Village West Vincentstad, MN 57414",2022-05-20
418,Ashley Taylor,emily39@example.net,"38465 James Crescent East Anthonyberg, MA 56182",2023-08-11
419,Sarah Mills,helen01@example.net,"0752 Patterson Plains Millerview, ME 49888",2021-01-25
420,David Roach MD,egeorge@example.net,"3303 Boone Burg Apt. 714 Sheltonbury, NC 44140",2023-06-23
421,Steven Callahan,douglas61@example.net,"2012 Anthony Isle Lisaton, CA 25601",2020-02-29
422,Aaron Wiley,sydneyhill@example.com,"57613 Michelle Trail West Andrew, CA 27184",2022-03-09
423,Karen Clark,tbrown@example.net,"302 Eric Landing Apt. 684 Allenville, OR 11018",2022-11-14
424,April Moon,hernandezshirley@example.com,"76656 Walsh Rapids Apt. 723 West Benjaminmouth, VT 43513",2023-04-24
425,Austin Hawkins,amyortiz@example.org,USCGC Rodriguez FPO AA 74921,2023-08-19
426,Robin Leach,charleshansen@example.com,"23092 Monique Shore Suite 476 New Nathanielborough, MH 57100",2022-03-26
427,Travis Hernandez,edwardbentley@example.org,"668 Kelly Ridges Sheilastad, SD 10929",2023-10-08
428,Keith Bishop,mathismichael@example.net,"47804 Ryan Village South Stephanieville, NY 69441",2022-04-17
429,Jennifer Jones,nchaney@example.net,"1541 Warren Lock Apt. 330 South Matthew, IL 66907",2021-08-16
430,Alison Walsh,garciamatthew@example.org,"058 David Fords Suite 229 South Josephfort, PR 52512",2020-01-07
431,Jennifer Allison,justin53@example.net,Unit 2639 Box 0893 DPO AE 36456,2020-08-27
432,Nancy Robertson,kelly50@example.org,"3961 Theresa Wall Petersmouth, MD 69654",2023-04-13
433,John Owens,apowell@example.com,"562 Johnson Run Apt. 629 Welchside, PR 82510",2022-09-23
434,Jennifer Morgan,lmiller@example.com,"157 Jose Points Suite 945 Lake Thomasshire, ME 95001",2023-09-12
435,Matthew Chapman,amy75@example.org,"241 Martinez Fords Ramirezmouth, NM 24347",2020-05-03
436,Crystal Nichols,abigail26@example.com,"88993 Perez Heights Port Luis, RI 64840",2024-07-14
437,Ashley Walter,amberyoung@example.com,"288 Gutierrez Prairie Suite 070 East Davidview, IN 87220",2023-11-29
438,Laura Long,crystalyoung@example.net,"71178 Dustin Corner Andrewmouth, MO 29867",2020-02-25
439,Danielle Cox,cody95@example.com,"6767 Riley Loop Rebekahfurt, FL 82904",2020-04-19
440,Briana Brewer,dennisshawn@example.com,"1599 Lewis Crossroad Suite 515 South Alexis, NY 20052",2022-08-23
441,Jeffrey Smith,fnewton@example.net,"82660 Thomas Mountain Suite 475 Lisatown, TX 87032",2024-07-13
442,Michael Moody,qfoster@example.com,"414 Robinson Keys Port Brian, VA 35853",2021-04-22
443,William Casey,donnamorgan@example.com,"303 Marquez Expressway Port Davidmouth, NM 82731",2020-03-13
444,Raymond Johnston,lauren27@example.org,"02018 Hunter Rest Suite 099 Janicemouth, MN 42128",2021-04-13
445,Sarah Pierce,clarkerica@example.net,"5960 Phillip Rue Zoeton, GA 21295",2021-05-08
446,Jeremy Spencer,vmichael@example.net,"4529 Tammy Camp Suite 118 New Jackberg, DE 21877",2020-06-13
447,Timothy Lee,andersonrichard@example.net,"289 Margaret Mountains Sanderstown, CA 95029",2020-01-13
448,Kristen Nguyen,hryan@example.net,"647 Montgomery Shoals Apt. 606 New Christopher, UT 55796",2021-03-05
449,Stephen Smith,danielle13@example.net,"521 Perez Motorway Apt. 460 Nicoleville, GU 53105",2021-09-28
450,Carrie Hill,samantha18@example.org,"8957 Lam Cliffs Suite 097 New James, NY 58783",2023-02-01
451,Elizabeth Stevens,jballard@example.com,"47217 Fischer Tunnel Suite 136 Port Lisaborough, CA 09106",2020-08-22
452,William Wilson,cynthia22@example.net,"7501 Duane Mountain Apt. 473 South Vanessahaven, PA 94125",2022-09-23
453,Rachel Gibbs,chelseachaney@example.org,"PSC 7156, Box 8206 APO AP 04027",2022-08-29
454,Gary Collins,vargasbilly@example.net,"428 Ortiz Summit West Robertmouth, FM 17518",2020-05-13
455,Stephanie Montgomery,michellegriffin@example.net,"469 Thomas Estates Apt. 289 North Emily, PR 22299",2023-09-18
456,Amy Martinez,banksamanda@example.com,"77778 Cross Fall Apt. 187 North Sandra, IL 85532",2023-11-20
457,Sean Gardner,joshua21@example.org,"424 Brewer Villages Apt. 401 Jerryberg, KS 37012",2024-09-01
458,Angela Schultz,nicholasbeck@example.com,"3213 Juan Track Elainefort, VI 91065",2021-12-29
459,Frank Greer,michael52@example.org,"8425 White Ports Deannafort, FL 88624",2023-03-29
460,Shannon Flynn,kyle20@example.net,"118 Wendy Trafficway Deborahview, MO 32407",2024-04-10
461,Theresa Thompson,nicholasmora@example.com,"22642 Christopher Canyon Bradleyport, IL 16660",2023-08-13
462,Matthew Moore,yolandahubbard@example.org,"319 Troy Corners Suite 049 South Christinestad, MN 12354",2021-03-16
463,Joshua Adkins,okane@example.org,"43965 Cuevas Lodge Sherryshire, IL 61440",2022-12-25
464,Kimberly Morgan,rcoleman@example.com,"9758 Thomas Lock Suite 332 Port Amberton, DC 71413",2021-11-15
465,Richard Johnson,joyfletcher@example.net,"9889 Christopher Oval Apt. 378 West Eugene, MO 88904",2021-04-23
466,Samantha Sexton,michael74@example.com,"09107 Moore Crossroad Suite 474 Oliviaville, DC 28878",2021-03-20
467,Ann Vang,shawkathryn@example.net,"194 Larson Mount Wigginsmouth, MT 19011",2024-09-28
468,Philip Reynolds,christopher81@example.org,"2059 Michael Greens North Randallview, VA 88592",2020-05-20
469,Nicholas Brown,jonathanfranklin@example.com,"394 Nathan Crest Apt. 808 Timothybury, OH 28542",2022-10-23
470,Megan Henderson,frank24@example.net,"0014 Rhonda Forest Apt. 975 East Patricia, NH 32200",2020-04-26
471,Amanda Gay,iallen@example.com,"214 Sweeney Extension Cassandrachester, UT 57611",2021-06-05
472,Michael Anderson,jim16@example.com,"690 Susan Vista South Noah, MS 36007",2022-07-28
473,Trevor Caldwell,adriana01@example.com,"33607 Kramer Plaza Suite 044 New Thomasmouth, NM 82183",2020-03-22
474,Cassandra Huff,james59@example.net,"9691 Bethany Squares Suite 051 Smithborough, FL 83724",2021-11-06
475,Gregory Reese,whogan@example.org,"40216 Sanders Mission Apt. 608 Port Kyleview, TX 30662",2022-12-31
476,Erica Simmons,davidbailey@example.net,"13698 Gutierrez Gardens Apt. 847 Mitchellshire, MH 99195",2023-04-04
477,Mckenzie Lopez,kscott@example.net,"4889 Robert Isle Timothyhaven, SD 42391",2022-10-09
478,Kyle Cherry,vcolon@example.net,"225 Martin Hollow Lisafurt, NC 57305",2020-05-13
479,Troy White,longkelly@example.com,"47718 Flores Corner Suite 332 Loweryton, GA 94327",2023-01-19
480,Amy Johnson,martineztimothy@example.org,"6029 Parsons Plaza Tannerfurt, NJ 60893",2023-07-08
481,Martin Ruiz,chall@example.org,"491 Smith Green Haleyport, IN 45884",2022-02-14
482,Craig Kaiser,william64@example.org,"87339 Jasmine Locks Jessicachester, NC 02367",2021-12-03
483,Whitney Bennett,moorekelly@example.com,"3820 Laura Loop Christineborough, WA 45856",2023-12-22
484,Anthony Alexander,hawkinswilliam@example.com,"213 Marcus Courts Suite 826 Rebeccaville, IA 28668",2024-06-11
485,Stephen Johnson,christopherramirez@example.org,"91913 Reese Mountains Apt. 305 South Randyfurt, ID 14172",2022-11-16
486,Wendy Ortiz,lvasquez@example.com,"76982 Logan Way Martinborough, FL 32955",2021-11-19
487,Lisa Miller,richardwhite@example.com,"6167 Robin Groves Suite 045 Lake Anthony, VI 51946",2021-12-10
488,Dale Green,alexandragarza@example.com,"718 Dennis Villages Suite 093 Youngton, NM 60060",2022-08-24
489,Dawn Lee,harristhomas@example.com,USCGC Burns FPO AE 03301,2022-03-25
490,Mrs. Elizabeth Hudson DVM,nicole45@example.com,"7734 Andrew Point Apt. 750 North Hannahside, IN 28564",2024-04-07
491,Alicia Reynolds,glong@example.com,"105 Alicia River Johnbury, CA 28866",2023-11-20
492,Maria Braun,jerry43@example.org,"475 Spencer Grove Suite 063 North Jacob, ND 79197",2023-01-04
493,Michelle Smith,pattoncheryl@example.com,"PSC 1373, Box 4473 APO AP 27987",2020-02-13
494,William Rogers,danielsloan@example.net,Unit 2001 Box 4324 DPO AA 09519,2021-04-22
495,Bridget Duffy,joanne24@example.org,"8841 Blake Creek East Stevenshire, FL 58127",2021-01-07
496,Brenda Benson,ebarber@example.com,"5660 Johnson Stravenue Port Ian, MH 28440",2021-01-04
497,Kenneth Ellison,timothy04@example.org,USNS Harris FPO AE 11281,2020-07-19
498,Evan Glover,ulawson@example.com,"0162 Melvin Pass North Aaron, OR 81448",2022-02-20
499,Caroline Perez,teresa70@example.org,"71293 Luis Island North Ronaldchester, IA 70618",2020-10-22
500,Michelle Gonzalez,pateljavier@example.org,"6824 Perkins Garden Suite 459 Port Michael, WA 04921",2022-07-02
