id,name,email,address,date_joined
1,Katherine Skinner,hensleyglenn@example.org,"6341 Cabrera Locks Mistymouth, VT 79122",2020-07-04
2,Sarah Welch,michaelramirez@example.org,"69804 James Path Sarastad, PR 42069",2021-02-21
3,Paula Dean,parsonscynthia@example.net,"05969 Rebecca Mall New Genestad, WA 72411",2020-08-28
4,Richard Bradley,louisharper@example.org,"3454 Eric Point Suite 768 Karenmouth, ME 14025",2023-04-25
5,Morgan French,hadams@example.org,"5869 Walsh Forges Lake Heidi, WY 69206",2024-03-01
6,John Duncan,ramirezangela@example.com,"4473 Crystal Springs Port Robert, AS 35389",2021-08-28
7,Kyle Sanchez,wendy05@example.org,"3565 Darius Meadows Port Robert, WA 45897",2021-01-24
8,James Vazquez,patrick21@example.com,"69866 Christopher Shores Belltown, GU 78063",2023-12-19
9,Cheryl Mendez,wilsondawn@example.net,"1291 Campbell Throughway Blankenshipbury, SC 20293",2023-03-10
10,Kathryn Maxwell,kari71@example.org,"324 Martinez Points Bradfordport, SC 83332",2020-04-23
11,Seth Williams,shawnperkins@example.net,"817 Bonilla Grove Apt. 857 Figueroahaven, NV 56131",2023-04-15
12,Craig Saunders,jessica15@example.net,"202 Johnson Crossroad Apt. 684 West Rebecca, NM 73136",2023-11-01
13,Brian Rich,karendennis@example.com,"677 Yolanda Lake Suite 785 East Stephen, WA 98101",2021-11-19
14,Albert Nguyen,coxmark@example.org,"19180 Lauren Port Suite 359 Lake Charles, MP 30251",2023-07-31
15,Jaime Johnson,sarahreynolds@example.org,"54155 Edward Shoal Apt. 398 South Cathy, NJ 89510",2020-04-04
16,Arthur Allen,nunezjason@example.org,"8121 Williams Springs Apt. 972 Lake Tiffany, DE 00819",2022-12-06
17,Stephanie Peterson,michelle99@example.net,"PSC 0234, Box 9908 APO AP 22916",2020-07-07
18,Sara Coleman,calhounstephanie@example.net,"5175 Michael Corner Apt. 629 Johnhaven, SC 63036",2022-05-02
19,Brenda Reilly,brownbrenda@example.com,"64255 Rose Locks Apt. 975 Williamsmouth, PW 55876",2023-07-09
20,Paul Arnold,kjordan@example.org,"55059 David Wall Leslieview, RI 64752",2022-05-03
21,Sabrina Robertson,patriciahunt@example.net,"9269 Marco Valley Apt. 177 South Davidport, MN 62917",2021-01-26
22,Victor Fisher,taylorandrew@example.net,"873 Joseph Plains East Samantha, CT 58228",2023-11-19
23,James Hardin,tiffany61@example.org,"PSC 5902, Box 6026 APO AA 77505",2021-01-19
24,Kristine Larson,christopher88@example.net,"20137 Bradley Ridges East Christina, NV 91854",2023-10-18
25,Anthony Kennedy,jeffreyclark@example.com,"38486 Grant Ferry Apt. 856 Evansstad, NV 46083",2022-04-17
26,Omar Peterson,christopherbooth@example.net,"378 Cameron Circle East Lori, AR 77912",2020-05-03
27,Karen Johnson,njoseph@example.com,"41672 Marcus Cove New Julieview, WA 86236",2020-03-31
28,Laura Castro,jamesmorrison@example.net,"742 Rachel Grove West Meghan, OR 83270",2023-06-08
29,Kevin Page,dixonfrancis@example.net,"286 Paul Extension West Stephanie, VI 26870",2022-12-24
30,Andrew Williams,alexandercynthia@example.com,"27761 Jessica Lake Lake Derek, FL 78646",2024-07-17
31,Matthew Mcclure,briannajennings@example.com,"542 Coleman Village Suite 075 West John, WI 61998",2020-05-11
32,Jordan Fitzpatrick,buckjoshua@example.net,"514 Hill Ridge Watsonborough, HI 53934",2022-06-21
33,Dawn Hayes,shelia61@example.net,"3313 Ryan Pass Lonnieview, AK 32176",2024-02-03
34,Joseph Brady,alexandershields@example.net,"393 Maria Terrace Apt. 482 Port Nicholashaven, CT 53450",2024-05-09
35,Kelly Miller,james37@example.net,"054 Geoffrey Well West Jamestown, NH 81248",2024-01-22
36,Abigail Taylor,amorrow@example.org,"18334 Ellis Fall Apt. 444 East Richard, AZ 01832",2020-04-16
37,Sean Barker,kleinjoseph@example.org,"10307 Heather Shore West Jessicaport, RI 22382",2023-02-25
38,Shelby Nixon,jason01@example.org,USS Shaffer FPO AA 08824,2020-01-01
39,Sarah Crosby,sharonsingh@example.com,"1688 Sutton Freeway Apt. 111 South Henryhaven, GU 66678",2020-12-06
40,Justin Duffy,dylansims@example.com,"6865 Melissa Mills Millerhaven, KY 60634",2020-04-15
41,Ricardo Clayton,jenkinsalyssa@example.com,"03527 Chad Coves Suite 279 Port Charles, CO 42240",2020-12-22
42,Ronald Mathis,caseyjeffrey@example.org,"98444 Richard Land Port Jeffrey, UT 80472",2024-04-04
43,Jeremy Reilly,michellepatterson@example.com,"13162 Lisa Plains Lake Tylershire, VT 08134",2023-09-03
44,Samantha Richards,icruz@example.com,"315 Johnson Extension Suite 510 Huntershire, AK 38607",2020-01-02
45,Brandon Morgan,justin72@example.com,"679 Lewis Walks Changberg, NH 37958",2020-12-30
46,Amy Jefferson,moniqueriley@example.net,"2213 Watkins View Greenchester, MO 49671",2022-12-28
47,Angela Bennett,pharris@example.net,"336 Ronald Extension Apt. 559 East Meganshire, ND 85511",2021-10-06
48,Jessica Griffin,idaniels@example.net,"15661 Norris Keys Suite 984 Port William, NC 55382",2024-10-06
49,Lisa Ramos,qmartinez@example.com,"7271 Flores Drive South Stephanie, GU 76935",2024-09-08
50,Hannah Thomas,schmidtpatrick@example.com,"2576 Frank Square Lake Davidport, MN 25751",2021-04-28
51,Susan Morris,eugene43@example.org,"10199 Brandy Trafficway Suite 445 West Diana, NM 30334",2023-05-11
52,Susan Kelley,stephen23@example.com,"9849 Harrington Prairie Apt. 647 Lake Virginia, KS 37489",2024-02-05
53,Michael Gentry,josephflowers@example.net,"02073 Randy Extensions Suite 961 New April, CA 39450",2022-08-07
54,Samantha Reynolds,samantha48@example.org,"473 White Radial Apt. 053 Samanthamouth, MI 07814",2020-08-01
55,Shelby Delgado,murraypatrick@example.com,"45327 Melissa Well Apt. 473 Dominicbury, IA 32111",2022-05-28
56,Robert Johnson,douglas65@example.org,"8904 Kathleen Plains Suite 103 South Joe, VT 69752",2020-03-20
57,William Mccormick,blevinsantonio@example.com,"528 Martinez Oval Suite 505 North Bryan, DE 88679",2020-06-23
58,Emily Moyer,hammondvictoria@example.net,"952 Brown Course South Linda, GA 75749",2023-02-07
59,Jennifer Thompson,mendezrachael@example.com,"2482 Ramsey Burg Apt. 602 Holtmouth, MS 49366",2021-12-15
60,Lori Meyer,wadekristy@example.net,"72587 Humphrey Park Suite 767 Edwardshire, MT 96865",2021-05-27
61,Melinda Strickland,walshmargaret@example.net,Unit 3148 Box 9950 DPO AE 48156,2022-03-23
62,Zachary Short,justinchavez@example.org,"23000 Stephanie Flats Stephenberg, IA 91571",2022-03-23
63,Kenneth Edwards,zrose@example.com,"59500 Freeman Rest Suite 980 Annstad, ME 60498",2020-01-13
64,Alicia Davila,maydavid@example.net,"928 Duncan Wells Robertport, NY 33045",2020-04-12
65,Brittney Mccormick,tammy01@example.org,"71713 Amanda Freeway Port Lisa, RI 71395",2022-04-09
66,Karen Hudson,douglasvance@example.net,"257 Alvin Haven Suite 618 Nathanstad, SC 27047",2023-01-31
67,Makayla Luna,morgandean@example.com,"2833 Kerri Locks Suite 924 Dawnborough, AZ 52382",2021-10-10
68,Cynthia Wood,kballard@example.net,"7910 Hall Cliffs Suite 476 Dunlapshire, MS 49752",2020-03-17
69,Deborah Riggs,mary23@example.org,Unit 7681 Box 2509 DPO AA 61948,2022-02-02
70,Melissa Mills,coopercourtney@example.org,"PSC 6810, Box 7271 APO AE 11493",2024-08-17
71,Robert Richardson,ashleemorgan@example.net,"91173 Robert Knoll Raymouth, NM 16376",2023-03-30
72,Christina Cooper,fmunoz@example.net,"575 Sean Grove Suite 790 South Brianland, MI 87758",2023-06-11
73,Erin Stephens,zhanglindsey@example.net,"094 Rachel Radial East David, CT 13679",2022-04-27
74,Emily Barton,jose29@example.net,"812 Megan Glen North Brittany, MH 61979",2024-08-12
75,David Stanton,ianmclaughlin@example.net,"57549 Lopez Parks Pamelabury, FL 99851",2020-08-04
76,Andrew Peterson,fstein@example.com,"1199 Blake Run New Nathanton, DC 86441",2024-01-25
77,Jacob Ross DDS,perezsophia@example.net,"769 Kristen Hill Brendanberg, NH 79943",2022-07-18
78,Christopher Schmidt,susan74@example.com,"180 Eddie Knolls Lake Kelly, WA 73768",2020-03-20
79,Daniel Kaiser,bjohnson@example.com,"0473 Rebecca Rapids Angelahaven, PR 58511",2021-07-18
80,Michael Harrison,jennifer30@example.net,"17768 Schultz Corner Suite 877 Lake Haroldstad, WA 04570",2022-12-23
81,Anthony Rodriguez,erin59@example.com,"2673 Clark Parkways Suite 255 East Ashley, ME 69573",2021-01-27
82,Nicholas Gonzalez,candice89@example.com,"4938 Lee Ville North Hollyfurt, GU 76530",2022-07-23
83,Michael Smith,jonesdeborah@example.com,Unit 5312 Box 7806 DPO AA 69836,2023-05-27
84,Jeffrey Martin,christinagray@example.org,USS Garcia FPO AA 83770,2021-04-01
85,Samantha Jones,hamptonphilip@example.com,"46409 Scott Meadow Micheleberg, MO 77349",2022-11-13
86,Rebecca White,morriskatherine@example.org,"5918 Matthews Rapids Suite 458 Fernandezstad, RI 70837",2022-02-17
87,Amanda Oconnell,michaelwright@example.org,"23658 Jill Summit Apt. 912 North Margaretview, DC 17866",2023-01-11
88,Tracey Mckenzie,greenryan@example.org,"4480 Duane Crescent Suite 372 Michaelfort, RI 02557",2021-05-05
89,Steve Bradford,larsontyler@example.org,Unit 9722 Box 7493 DPO AP 31570,2024-03-15
90,Kenneth Barnes,kenneth41@example.net,"7681 Daniel Summit New Shawnaland, AS 57228",2021-11-17
91,Robert Stewart,zbaker@example.org,"842 Trevino Junction New Markborough, IN 33822",2020-12-15
92,Chase Petersen,fishermarc@example.org,Unit 0729 Box 1027 DPO AP 50413,2021-08-28
93,Tina Quinn,mcconnellconnie@example.com,"4941 Carol Keys Suite 159 West John, ND 30241",2020-09-30
94,John Williams,jennifermitchell@example.com,"8930 Hoffman Islands West Jonview, TN 68423",2021-02-02
95,Kathleen Walters,estesdavid@example.com,"933 Rachel Key Mitchellbury, NE 57163",2021-08-28
96,Kevin Blake,dparks@example.org,"63330 Lisa Prairie Apt. 487 Alexandershire, CT 93879",2024-01-19
97,Jeremiah Nichols,donnahoward@example.net,"35515 Anderson Parkways Apt. 771 North Christian, TN 44457",2022-09-10
98,Andrea Martinez,fwaters@example.org,"189 Elizabeth Mountain Fullerberg, VT 40620",2024-04-02
99,Kimberly Garrett,jessicasmith@example.com,"77262 Hall Field Apt. 454 Cortezberg, NM 30794",2022-03-08
100,Rebecca Eaton,brian00@example.net,"2526 Shannon Club Suite 115 East Aaronstad, WV 70721",2022-08-10
101,Keith Smith,xhuffman@example.net,"466 Robert Street Suite 543 East Crystalfurt, LA 79886",2022-04-04
102,Michael Cross,nathan76@example.net,USCGC Galvan FPO AA 12786,2023-07-13
103,Edward King,abigail43@example.com,"992 John Street Port Shannon, RI 21941",2020-07-25
104,Lawrence Brown,melissasanchez@example.net,"2928 Donna Extension Port Caseyview, OK 46971",2021-01-08
105,Michael Jackson,fosterdanielle@example.net,"45690 Rodriguez Points Josephmouth, NV 49041",2023-08-18
106,Brian Perry,harrisjoanne@example.com,"88710 Margaret Dam Rogershaven, MD 59125",2020-07-15
107,Bonnie Allen,nathan74@example.org,"097 Catherine Summit Apt. 222 Port Briannastad, AL 98090",2024-01-05
108,Earl Mcdaniel,kevinlong@example.org,"22128 Kidd Mountains Howardtown, AL 76741",2021-09-04
109,Courtney Lawson,matthewsaaron@example.com,"1512 Kelley Route Apt. 829 Cooperland, MS 11267",2023-09-29
110,Kimberly Garza,greenjohn@example.net,"95443 Sonya Point Lake Jonathanfurt, WI 67675",2022-06-12
111,Daniel Hudson,kyleshepherd@example.org,"6814 Smith Extensions Suite 770 North Gregoryview, AZ 64441",2022-05-16
112,Matthew Lindsey,jonathonvasquez@example.net,"5720 Kelly Village Apt. 487 Port Julie, DE 80652",2022-10-01
113,Madison Long,newtonstephanie@example.net,"9301 Joshua Gardens Apt. 493 Torresfort, NH 10648",2021-07-04
114,Anne Campos,melissacohen@example.com,"130 Tami Summit Apt. 347 Wrightburgh, WI 22072",2020-06-19
115,Eric Anderson,mwashington@example.org,"403 Paul Fort Port Patricialand, VT 94851",2021-01-16
116,Roger Hall,joelcole@example.org,"5306 Carol Corners Apt. 901 Hollowayland, AZ 69248",2020-08-19
117,Emily Price,djackson@example.com,"2557 Thomas Ports Lake Daniel, OR 81396",2020-06-02
118,Kimberly Smith,ureynolds@example.com,"93404 Robert Gardens Port Melissa, KS 87474",2024-04-04
119,Stanley Howell,nyu@example.net,"480 Michelle Isle Lake Amyfort, NM 07512",2020-09-15
120,Ernest Castaneda,sherylhernandez@example.net,"49658 Bradley Junctions Jacksonhaven, WV 89609",2023-07-17
121,Samantha Krause,jonesjason@example.net,"PSC 0993, Box 1140 APO AA 90777",2020-04-09
122,Marvin Mccarty,asandoval@example.net,"677 Gamble Mount Port Monica, ME 73266",2021-02-01
123,Kimberly Williams,michael87@example.org,"17779 Hurley Spurs Suite 252 Lake Brendan, RI 24497",2023-06-03
124,Donald Cook,gutierrezriley@example.net,"51654 Debra Crescent Maryshire, PR 14841",2020-06-18
125,Kelly Bennett,john98@example.net,"56548 Boyd Rest Suite 496 Rosestad, IN 49806",2024-07-05
126,Rebekah Ramirez,eallen@example.org,"9201 Taylor Manors Apt. 535 Brookechester, PA 29033",2024-02-24
127,David Davenport,hilljoy@example.org,"16396 Hopkins Green Apt. 702 Jasonfort, UT 34408",2020-01-02
128,Darin Smith,jhanna@example.net,"7306 Cook Forks Gonzalezberg, HI 76994",2023-12-18
129,Brian Johnson,garrettbrian@example.net,"7512 Gibson Locks Apt. 515 West Christinaview, AZ 29466",2021-01-22
130,Joe Scott,brenda62@example.org,"9949 Miranda Center Apt. 285 New Benjaminberg, PW 28615",2021-11-06
131,Jillian Goodwin,scottjames@example.net,"193 Robin Inlet Suite 260 Trujillohaven, MH 31846",2024-06-11
132,Corey Clark II,kevinadams@example.org,"389 Angela Canyon Apt. 804 Hansonton, NC 96043",2020-02-21
133,Sherry Rosales,tara82@example.com,"79279 Johnston Course West Michael, WI 48999",2022-03-06
134,Ivan Brown,kathleen68@example.com,"5237 Arias Heights East Brittanyfort, WY 68118",2024-08-07
135,Tamara White,ugross@example.com,"508 Diaz Dam Suite 952 South Russellland, GU 86657",2023-10-24
136,Leslie Stone,christina92@example.net,"2982 Jenna Roads Smithshire, KY 45504",2020-04-08
137,Jeffrey Patel,rebeccabriggs@example.org,"12131 Shaw Ports Ramirezstad, MS 73030",2021-05-21
138,John Carter,jeffersonchristopher@example.com,"PSC 2779, Box 5797 APO AE 42664",2021-01-11
139,Andrew Johnson,vanessabaker@example.com,"225 Thomas Valley Suite 418 Port Karenborough, UT 31805",2021-05-24
140,Robert Lowery,rebeccajohnson@example.net,"663 Brandon Lock Suite 465 Crystalmouth, LA 90547",2021-01-24
141,Joseph Herrera,michaelpatel@example.com,"398 Evans Bypass Suite 642 North Brittanychester, SD 85614",2021-11-01
142,Alan Dunn,nprice@example.com,"PSC 8341, Box 1514 APO AA 36582",2024-06-22
143,Michelle Larsen,reginaallen@example.org,Unit 1630 Box 3762 DPO AE 86003,2023-08-24
144,John Hernandez,prattvictoria@example.net,"726 Bryan Forest Hayeston, HI 94310",2021-11-13
145,Jordan Velez,othornton@example.net,"85325 Lisa Well Apt. 537 Ericburgh, ND 57304",2020-01-18
146,Juan Berger,thomastimothy@example.com,"8403 Aguilar Keys West Claudia, OR 36990",2022-06-19
147,Joseph Holland,bakerkelsey@example.org,"72995 Melissa Extensions Suite 192 Johnbury, PW 69596",2024-03-15
148,Sara Rangel,dorothy49@example.net,"95920 Bennett Views North Kevin, ND 45020",2022-10-17
149,Roberta Williams,xjohnson@example.net,"38262 Thompson Points Apt. 924 Tinaport, WY 81782",2023-07-21
150,Cody Henry,victoria75@example.net,"394 Matthew Ridges South Christophermouth, NV 95388",2022-11-07
151,Lisa Castro,laura10@example.com,"1278 Alexander Circles North Sydney, SD 93523",2023-10-23
152,Jennifer Macias,carpenterjennifer@example.org,"10794 Huffman Expressway Bradleymouth, PA 11268",2022-07-14
153,Nathaniel King,tgarza@example.com,"4221 Rivera Ville South Timothy, TN 44161",2022-01-07
154,Amy Hubbard,nicholsregina@example.net,"4882 Morgan Drive Port Jasonberg, TX 48601",2022-05-24
155,Alexandra Calhoun,tracyramos@example.net,"253 Benjamin Dam East Hollyview, VA 24364",2024-09-28
156,Patricia Carter,jlopez@example.org,"3903 David Parks Gregorychester, MD 78045",2020-04-11
157,Martha Carter,castanedachristopher@example.org,"108 Guzman Ramp Arnoldborough, RI 73756",2022-02-15
158,Kimberly Douglas,gilbertcarter@example.org,"303 John Prairie Apt. 735 Port Danielleshire, SD 03617",2024-04-14
159,Sean Hall,garciaariel@example.net,"2016 Griffin Fork Suite 228 South Melanieton, MO 08802",2020-07-13
160,James Gardner,gonzalezdavid@example.com,"54691 Natalie Courts Suite 096 North Nancy, MH 00671",2023-12-28
161,Terri Carrillo,valerie48@example.com,"809 Vincent Street Kathleenchester, OR 34361",2022-01-19
162,Michael Clark,christopher93@example.com,"696 Wood Islands Suite 459 Port Monica, TX 99575",2023-03-22
163,Carolyn Welch,wgillespie@example.org,"907 Derek Rapid South Stephanieburgh, CT 45757",2022-10-08
164,Darren Hall,andersonsheila@example.org,"072 James Heights Briannabury, MA 26259",2024-09-08
165,Marcus Kemp,wallacebrittany@example.com,"524 Smith Tunnel Hannahaven, IL 74690",2024-03-28
166,Joseph Brown,patricia85@example.org,"584 Hudson Grove Apt. 872 New Melissa, NH 20452",2021-05-29
167,William Burch,uwilson@example.com,"728 Elizabeth Prairie East Amandaton, OR 42113",2022-07-01
168,Phyllis Henderson,gillsarah@example.org,"PSC 4642, Box 8966 APO AA 56162",2022-11-26
169,Rebecca Ward,crawfordfrances@example.org,"29374 Savage Mountain Apt. 066 Phillipsport, AR 54693",2020-09-27
170,Ronald Johnson,jessica65@example.com,Unit 8934 Box 9672 DPO AA 83658,2022-01-06
171,Cindy Andrews,craigphilip@example.net,"377 Robert Glens Jonesburgh, TN 42012",2022-11-24
172,Daniel Meyer DVM,johnsonmary@example.com,"813 Robinson Field South Kimberly, SC 37601",2024-06-25
173,Angela Powers,dustinlloyd@example.org,"70120 Ross Highway Lewisfurt, HI 07946",2020-04-23
174,Jessica Gutierrez,liuthomas@example.com,"59725 Dillon Oval Apt. 302 Walshhaven, MN 44246",2023-03-02
175,Keith Kelly,glennthomas@example.org,"54850 Brock Crescent Apt. 822 South Julie, OR 89061",2023-03-11
176,Michael Murillo DVM,ctaylor@example.com,"105 Weber Causeway Apt. 018 Jonathanshire, ID 55478",2020-10-22
177,Rhonda Mcconnell,shebert@example.net,"PSC 3780, Box 5550 APO AP 25259",2023-02-19
178,Jamie Duncan,espencer@example.com,Unit 9502 Box 1618 DPO AA 28673,2024-04-02
179,Michael Roberts,burnsjulie@example.net,"7708 Erin Glens Suite 128 Brucefort, MI 13696",2021-06-14
180,Christine Evans,flyons@example.org,"8258 Chambers Pine Billybury, OK 57576",2020-06-05
181,Paula Clark,jesse57@example.com,"322 Jay Lock Joeburgh, MP 35352",2022-09-05
182,Jonathan Irwin,karen11@example.com,USNS Shaw FPO AE 29483,2023-06-18
183,Ryan Mcguire,casechristina@example.net,"846 Andrea Common Kochtown, DE 55500",2020-06-03
184,Jeremy Neal,hmassey@example.org,"8724 Tate Brook Port Ashley, NV 26436",2024-02-22
185,Lori Mitchell,nicholas99@example.net,"69048 Holly Burg Suite 184 Port Cassandra, WI 28939",2020-10-30
186,Thomas Gilbert,ctucker@example.org,"914 Moore Mountain Adkinsstad, VT 09915",2020-01-24
187,Carl Oneal,sandra15@example.net,"28686 Stafford Brook New Cathytown, GA 51310",2022-10-01
188,Stacey Campbell,keith07@example.org,"16508 White Curve Sophiachester, NH 58690",2023-02-28
189,Mr. Cory Koch,robertmurphy@example.com,"54950 Jordan Vista Apt. 738 Katrinashire, TX 35174",2020-06-20
190,Michael Orozco,tcarter@example.net,"672 Mark Summit Apt. 435 Clarkside, MA 79524",2023-09-10
191,Kenneth Martinez,brittanywashington@example.net,"959 Griffith Hills Apt. 395 North Sonyashire, GU 90896",2022-09-14
192,Patrick Aguirre,smontgomery@example.com,"7591 Fuentes Cliffs Lopezberg, OH 55176",2021-07-29
193,Cindy Thomas,alexanderperez@example.org,"8105 Caitlyn Creek South John, DE 59877",2024-05-21
194,David Phillips,willie31@example.com,"668 Blevins Viaduct East Jenniferchester, AR 75456",2021-12-05
195,Amanda Gallagher,jennifer55@example.com,"988 Davis Trail Suite 904 Markport, MO 45039",2021-06-26
196,Nancy Wells,manuel16@example.net,"8328 Peck Stravenue Lake Anthony, MA 38500",2022-08-15
197,Jacqueline Smith,patelscott@example.org,"96799 Castillo Meadows Apt. 440 Masontown, GA 58795",2023-02-10
198,Molly Smith,xdavidson@example.net,"36610 Cynthia Groves Apt. 985 Youngside, MS 41555",2024-01-20
199,Cheryl Meyer,riveraemily@example.org,"PSC 8173, Box 2889 APO AP 39332",2024-10-04
200,Michelle Jackson,curtis20@example.net,"8308 Frederick Ford Richardsonview, IA 23392",2020-11-28
201,Michelle Rogers,zoe06@example.net,"22632 Brewer Lodge East Joseph, NJ 87189",2020-12-16
202,Catherine Green,jzimmerman@example.com,"781 Aaron Route Caitlinstad, MI 17530",2023-06-12
203,Daniel Clark,waynegreen@example.org,"52348 Jennifer Street Christopherton, NY 71484",2023-03-31
204,Rachel Rocha,twallace@example.org,"9797 Stephanie Loaf Tatemouth, NV 93358",2021-03-16
205,Joseph Benson,acevedosamantha@example.com,"6747 Poole Groves Justinfort, HI 51909",2020-02-04
206,Melissa Ramos,michelerice@example.org,"215 Jennifer Lodge Wilsonburgh, KS 80000",2022-08-04
207,Maxwell Morris,ischneider@example.org,"9652 Elliott Parkways Apt. 782 Loriberg, HI 51032",2022-12-14
208,Sherry Miller,carolyn28@example.net,"32290 Flores Ferry Suite 471 Stephaniemouth, NY 85890",2023-02-13
209,Jonathan Taylor,joyswanson@example.org,"8294 Jeremy Ridge Stewartmouth, CA 12896",2022-10-10
210,Ann Jones,krista00@example.com,"176 Tracy Forges Port Davidmouth, MH 75302",2020-08-04
211,Amy Perry,angelalee@example.org,"4726 Kimberly Road South Mollyburgh, WY 87494",2021-07-30
212,Denise Adams MD,jasmine55@example.com,"267 Torres Mews Apt. 471 North Jessica, NV 59983",2021-03-26
213,Nicole Carter,bcamacho@example.org,Unit 1741 Box 7216 DPO AP 08511,2024-08-16
214,David Anderson,carpenterjeffery@example.org,"921 Johnson Fall Apt. 135 Port Gregory, LA 08096",2022-01-13
215,Carla Torres,emilymcclure@example.org,"21744 Rivera Plains Suite 725 Lake Jessicachester, MH 67457",2021-11-23
216,Tyler Carter,shannontaylor@example.org,"888 Martinez Groves Kathymouth, MP 59234",2021-09-19
217,Nicholas Henderson,justin63@example.org,"75103 Thompson Forges Apt. 420 West Margaret, VI 66696",2020-05-10
218,Jessica Scott,ilopez@example.net,"PSC 2539, Box 4017 APO AP 26723",2020-07-08
219,Danielle Ballard,evan07@example.org,"286 Anthony Unions Sethton, AL 99605",2020-07-30
220,Jacob Fuentes,reyesdan@example.org,"5874 Ronald Shore Apt. 722 South Chadmouth, MP 29793",2022-01-08
221,Christian Phillips,browndavid@example.org,"32876 Bennett Canyon South Gabriel, PR 18514",2023-01-23
222,Ronald Peterson,kelly57@example.com,"231 Ortega Manor West Crystal, VI 31112",2021-09-02
223,Danielle Adams,flynntroy@example.org,"0864 Samantha Corners Suite 142 North Jocelynside, OH 32920",2020-06-01
224,Melinda Irwin,joshuareyes@example.net,"04260 Eric Plains Elliottstad, FM 94903",2023-05-09
225,Timothy Escobar,haneymeghan@example.org,USCGC Pearson FPO AE 04857,2020-09-28
226,Denise Mitchell,ibennett@example.com,"62615 Gutierrez Club Suite 277 New David, MD 67467",2022-01-12
227,Kelsey Miranda,jefferyfernandez@example.org,"9090 Jordan Mountain Suite 938 West Amber, FL 56207",2024-08-19
228,Samantha Wilson,daviskathy@example.com,"993 Amy Courts West Dustin, MD 24742",2020-06-11
229,Tiffany Wright,lauren46@example.org,"77112 Johnson Extensions Carrberg, VA 03212",2022-05-25
230,Meghan Estrada,riverscaitlin@example.net,"181 Catherine Ramp Port Dana, HI 27372",2022-11-07
231,Priscilla Hill,christie81@example.com,"894 Maria Prairie North Matthewtown, AR 15916",2022-05-16
232,Melissa Robinson,margaret24@example.com,"220 George Light Apt. 007 Judithburgh, PW 97114",2021-05-17
233,Alexandra Brooks,ashley46@example.org,"86301 Adams Summit Apt. 137 New Jeffreyland, MS 01444",2024-09-13
234,Beverly Rodriguez,mark52@example.org,"2600 Sims Via Apt. 183 North Rachelview, SC 62893",2020-02-02
235,Melissa Baker,bryanjoseph@example.com,"7531 Allen Forks Suite 187 West Erin, AS 59046",2022-06-13
236,Robert Thomas,mark38@example.com,"7230 Phillip Rest Kathleenmouth, NM 09156",2023-08-06
237,Shane Sandoval,woodelizabeth@example.net,"96402 Robert Crossing Suite 745 Sarahstad, WA 74047",2020-11-25
238,Cynthia Gray,patriciabryant@example.net,"PSC 8687, Box 7698 APO AE 95024",2023-11-19
239,James Miles,nmoore@example.net,"014 Parker Track Suite 703 Port Franklinland, FM 27070",2020-04-05
240,Sally Rogers,bgreen@example.org,Unit 2836 Box 8070 DPO AP 25104,2022-11-09
241,Sarah Miller,bobby58@example.org,"26237 Schultz Glen Suite 308 East Joseph, VT 63546",2020-05-06
242,Anthony Bishop,brittanythompson@example.net,"684 Brooks Camp Suite 484 South Brucebury, NV 28353",2020-11-15
243,Nicholas Mendoza,hartmanbrittany@example.org,"38207 Perez Dam Suite 528 Dominicton, AS 76871",2020-08-31
244,Jesse Collins,landerson@example.com,"61048 Chung Ports Suite 964 West Lisa, ID 27796",2020-05-15
245,Ashley Hardy,ebrooks@example.net,USNS Gonzalez FPO AA 36952,2024-08-05
246,Martha Patel,derekbarber@example.org,"67561 Lauren Point West Jenniferchester, CO 44180",2024-07-24
247,James Flynn,cynthiaday@example.org,"9918 Mcbride Creek Apt. 841 Franklinchester, NY 39364",2024-07-28
248,Jason Higgins,gramos@example.com,Unit 9835 Box 7149 DPO AP 93555,2022-08-20
249,Patrick Hernandez,yjones@example.org,"48871 Danielle Terrace Edwardsmouth, IL 70868",2022-08-27
250,Danielle Hughes,carrjessica@example.org,"02966 Fox Lake North Davidside, KS 53130",2022-07-06
251,Veronica Fox,kwashington@example.net,USCGC Martin FPO AA 68616,2023-04-20
252,Michael Martinez,thomas36@example.com,"512 Burton Walk Shermanburgh, WV 83263",2022-12-14
253,Kelly Dixon,mmassey@example.com,"75432 Sanchez Estate Apt. 468 North Austin, GU 29299",2022-02-27
254,Jennifer Burgess,sarahthornton@example.com,"83666 Michele Roads Barbarafort, SD 75620",2020-01-16
255,Felicia Daugherty,taylordavid@example.com,"5919 Boyer Parkways Franklinfurt, DC 79023",2021-11-04
256,Garrett Gonzalez,thomas48@example.org,"6403 Sandoval Avenue North Tyrone, MT 68800",2021-06-03
257,Victor Lewis,barbara21@example.com,"4420 Li Brook Port Thomasland, MT 68771",2023-06-14
258,Chris Mitchell,nguyenisaac@example.com,"1522 Browning Forges New Christopherstad, MP 36716",2021-01-13
259,Gregg Moore,jpowell@example.com,"13852 Payne Key Port Melindafort, ND 27900",2020-11-14
260,Ashley Mcgee,murphyrichard@example.org,"1808 Murillo Heights Apt. 886 Sandovalfort, VI 12736",2020-05-02
261,George Davis,gregory99@example.net,"2877 Maxwell Lights Apt. 529 Stacyshire, AK 08361",2020-07-26
262,James Chavez,alexismcmillan@example.com,"131 David Locks Jensenshire, KY 09444",2023-02-23
263,Erin Townsend,ashleyphillips@example.com,"105 Michael Walks South Alexisbury, RI 87799",2023-05-01
264,Mary Perez,priceshannon@example.org,"3031 Lyons Vista Youngmouth, PW 90375",2023-08-17
265,David Davis,yboyer@example.com,"862 Walsh Stream Suite 132 Christopherland, DE 46583",2024-07-13
266,Wanda Sanchez,brenda18@example.org,"7134 Newman Centers Susanton, MH 03115",2023-11-11
267,Peter Mcgee,curtishayes@example.com,"9407 Monica Fields Suite 527 West Dominiqueton, WI 72686",2022-06-30
268,Christine Gross,browndennis@example.com,"9225 Richard Forks Apt. 701 South Benjamin, CA 65181",2020-07-11
269,Daniel Delgado,ifreeman@example.com,"47776 Amy Spurs Suite 219 West Haroldton, WI 89462",2020-09-28
270,Samantha Moore,pclark@example.net,"70114 Jessica Road Lovechester, MP 47464",2022-12-24
271,Heidi Baker,timothy44@example.net,"453 Hurley Rapid Edwardside, NH 38556",2022-04-20
272,Donald Wilson,nathaniel89@example.com,"12334 Mcintosh Mill Port Shawn, MO 85248",2021-05-13
273,Karen Le,omejia@example.net,"PSC 0979, Box 8419 APO AE 77838",2024-08-17
274,Jessica Key,michael69@example.com,"227 Williams Port Suite 779 New Karenborough, SC 70905",2020-09-23
275,Aaron Hobbs,phillip24@example.net,"170 Michael Manor Shermanstad, PW 48150",2022-07-23
276,Deborah Wilson,cmontes@example.org,"26550 Brown Ferry Lake Davidstad, ID 44749",2020-03-14
277,Larry Richardson,jason66@example.net,"88567 Tiffany Pass Suite 233 North Jennifer, AL 34371",2021-06-09
278,Brenda Choi,hallrobert@example.org,"058 Michael Villages Suite 388 Port Scott, GA 46041",2023-08-04
279,Amy Barton,andersonkayla@example.org,"3993 Joseph Streets Jocelynbury, WI 13962",2020-01-18
280,Michael Welch,uhamilton@example.com,Unit 2568 Box 9286 DPO AP 49275,2023-08-11
281,John Hudson,kristin83@example.com,"4220 Simmons Center Apt. 665 Amandaberg, TX 03598",2023-09-17
282,Charles Diaz,choimichelle@example.net,"8863 Kathleen Loop South Courtney, NM 66788",2023-03-07
283,Daniel Jennings,michelegreen@example.org,USCGC Boyd FPO AE 97332,2022-06-22
284,Melanie Smith,rodney40@example.net,"73095 Andrea Squares Mezafurt, LA 38362",2020-11-15
285,Elijah Acosta,griffinsara@example.com,"3755 Donald Crossing Joanshire, DE 40012",2022-07-02
286,Johnathan Tate,williamparker@example.net,"53919 Jones Bypass South Davidton, FM 61674",2022-03-26
287,Matthew Kim,gordongregory@example.org,"2297 Davis Stream Apt. 769 New Edwardborough, GA 73032",2020-08-08
288,Bryan Gonzalez,thorntonjesus@example.org,"35783 Jessica Junction Apt. 458 Medinashire, NE 78223",2020-07-25
289,Kim Jenkins,bryanmathews@example.com,"95992 Lopez Center Suite 473 Sarahview, MA 37879",2024-07-30
290,Timothy Henry,michellebennett@example.org,"9956 Theresa Parkways Suite 439 East Lisa, OK 16492",2022-11-18
291,Gabrielle Wall,craigsusan@example.com,"36699 Robbins Roads Suite 211 Tuckerville, MO 68131",2021-12-13
292,Heather Long,srobinson@example.com,"97432 Hernandez Light Suite 880 Ryanview, ND 75482",2023-09-11
293,Stephanie Torres,emilyhubbard@example.com,"51047 Krueger Square Suite 762 Sototown, OR 34994",2020-04-19
294,John Nguyen,phodge@example.org,"08300 Green Path Apt. 239 Debraton, NM 44107",2023-11-11
295,Zachary Padilla,hopkinskyle@example.com,"870 John Dam Apt. 671 Rachelbury, FL 23414",2022-08-09
296,Henry Floyd,erichuff@example.com,"52539 Martinez Hills Suite 935 West Michaelview, VI 21703",2020-09-03
297,Steve Turner,leonard07@example.net,"74390 Bryan Place Tonyport, WA 32577",2021-11-12
298,Jay Robinson,ericgibson@example.org,"46953 Sarah Pine Suite 562 Ericburgh, CT 89689",2021-05-26
299,Wendy Hill,wharding@example.com,"5115 Ashley Ville Suite 913 West Brian, MT 74928",2020-11-25
300,Marco White,davidbennett@example.com,"0514 Burgess Flats South Josebury, MH 49445",2022-12-07
301,Beverly Wiley,thomas81@example.net,"84567 Matthews Prairie Apt. 462 Kyleborough, MH 95381",2024-05-20
302,Lance Stark,pjohnson@example.org,"7945 Nicole Roads Suite 845 North Rebecca, MN 39184",2023-05-19
303,Carolyn Miller,stephenwaller@example.net,"825 Lisa Ranch Apt. 453 Lake Marthaborough, NV 50583",2023-01-30
304,Tammy Jackson DDS,iwalker@example.net,"85348 Jones Harbor Marisamouth, TN 31049",2020-12-14
305,Brett Hall II,qolson@example.com,"462 Ruiz Crossroad Apt. 930 Donaldhaven, NH 27568",2021-09-27
306,Carmen Fox,sanchezanthony@example.net,"93091 Scott Run Apt. 767 Jerryview, WY 73234",2022-05-24
307,Andrea Holland,sballard@example.com,"PSC 7992, Box 5800 APO AA 82774",2020-08-11
308,Victoria Snyder,kayla65@example.net,"492 Teresa Spring New Willietown, DC 26531",2020-06-17
309,Mary Strong,dwelch@example.com,"8286 Miller Plaza Apt. 346 Davisbury, CT 51337",2021-03-22
310,John Bradley,david10@example.org,"650 Angela Manors East Louis, PR 02951",2024-01-25
311,Luke Taylor,josephmiller@example.com,"377 Michael Springs Brandonbury, PR 82062",2023-12-30
312,Joseph Stevens,wernertroy@example.net,"66106 Soto Vista Suite 968 East Barbaraport, MT 78658",2021-03-09
313,Jennifer Ramos,armstronglisa@example.com,"020 Jones Freeway Suite 137 Brianchester, AL 61580",2024-09-20
314,Mike Campbell,stewartlaura@example.org,"89453 Lawrence Harbors East Deniseberg, NV 35504",2022-02-23
315,Justin Neal,heather50@example.net,"PSC 8860, Box 6759 APO AP 72633",2022-03-05
316,Timothy Stephens,darren61@example.org,"0853 Allen Valleys Apt. 444 Valerieberg, KS 43269",2021-08-01
317,Deanna Lee,gilbertkevin@example.net,"1098 Jones Pines Suite 887 Milesville, ID 43474",2023-04-27
318,Michele Colon,danielschwartz@example.com,Unit 3094 Box 9172 DPO AP 93355,2023-10-08
319,Karen Freeman,nicolekerr@example.org,"18297 Foster Road Thomasview, IN 94443",2023-10-25
320,Kathy Zhang,connieperez@example.org,"62578 Bell Gardens Floresland, GA 43395",2022-11-25
321,Maria Pratt,miguel19@example.net,"837 Carl Green West Stephen, ND 24606",2022-05-21
322,Thomas Garcia,kelsey69@example.com,"09970 James Meadows Timothyberg, WY 33013",2022-01-17
323,Michael Garner,znelson@example.net,"8529 Sara Stream Apt. 538 Torresfurt, WA 46783",2023-10-28
324,Richard Barber,paulpittman@example.com,"7141 Carrie Unions North Mariaborough, PW 53859",2021-12-11
325,Daryl Bridges,patricktran@example.net,"9610 Harvey Spurs North Cherylstad, TX 10853",2021-01-22
326,Andrew Hudson,jason15@example.org,"33198 Jimenez Fall Davisfort, GA 46032",2023-11-29
327,Lisa Ferrell,matthew25@example.com,"258 Nelson Groves Suite 326 South Darryl, MO 66661",2021-01-24
328,Rachel Collins,mturner@example.net,"938 Amber Ferry Suite 766 Meganport, PR 43150",2024-04-24
329,Dr. Danny Ponce,gthompson@example.org,"183 Jonathan Landing Apt. 332 New Kendra, SD 64511",2021-06-06
330,Justin Myers,debbie91@example.org,"11706 Collins Plains New Wayneside, MI 79328",2020-11-05
331,Caleb Cohen,jimenezclarence@example.org,"PSC 5169, Box 3475 APO AP 44335",2022-11-24
332,Carol Cohen,ddavis@example.com,"31844 Michael Common East Carolynmouth, MA 04975",2023-01-10
333,Benjamin Phillips,jamesdelacruz@example.org,"447 Molly Knoll Deleonburgh, MD 43742",2024-10-08
334,Caitlin Huang,patricia14@example.com,"01309 Walters Mills Smithfurt, SC 86385",2022-07-27
335,Timothy Bright,kathylove@example.org,"2355 Jessica Mall Apt. 908 Port Kimberlybury, WY 58074",2020-07-28
336,Earl Parker,andrea57@example.org,"13679 Angela Inlet Apt. 321 Gloverstad, OK 57157",2020-10-20
337,Anita Jones,palmerelijah@example.org,"95616 Russell Terrace Meganville, GA 94746",2022-02-17
338,Dr. Calvin Weaver,williamsronald@example.net,"46983 Gonzalez Forks Port Kathleen, ID 11079",2024-09-25
339,Amy Clark,lsims@example.net,"652 Jacobs Circle Apt. 441 Hansenbury, NE 35025",2020-02-08
340,Melinda Johnson,dowens@example.net,Unit 1030 Box 7283 DPO AP 21631,2020-01-19
341,Brandy Johnson,santiagoalexander@example.com,"954 Sheri Skyway Apt. 388 Port Traci, GA 44002",2024-08-24
342,Mary Hill,joshua14@example.org,USCGC Nunez FPO AE 81212,2021-04-10
343,Rachel Cross MD,cynthia45@example.com,"PSC 0372, Box 5841 APO AA 27124",2021-08-13
344,Paul Jordan,jamesnguyen@example.com,"8554 Patterson Crossroad Rodriguezborough, MN 73216",2021-12-20
345,Jerry Turner,melissa97@example.com,"12018 Jessica Parkway Blakeshire, WI 86810",2022-03-23
346,Sara Roberts,ymartinez@example.com,"4855 Sarah Falls Williamfort, WA 41360",2021-10-21
347,Christina May,uwillis@example.org,"0810 Flores Garden Apt. 178 Taylormouth, AS 21886",2021-12-14
348,Randy West,matthewstephens@example.net,"4070 Thomas Flats Apt. 807 Smithberg, WV 09683",2020-04-30
349,Lee Mooney,oreeves@example.net,"216 Schwartz Crescent Ochoaside, LA 13947",2021-07-14
350,Jennifer Lewis,danafrench@example.com,"95177 Davis Falls Wilsonstad, DC 31972",2021-08-31
351,Brett Scott,valerie80@example.org,"30420 Ronald Knoll Suite 298 New Barbara, KY 81784",2024-02-10
352,William Friedman,ibarnett@example.org,"7596 Hernandez Ports Nielsenberg, MP 38190",2022-05-25
353,Laura Mann,xgeorge@example.net,"59406 Ramirez Expressway North Spencer, MT 65915",2021-07-29
354,Jeremy Cameron,toni09@example.net,"82590 Case Lodge West Justinborough, NH 81258",2024-05-24
355,Adam Blankenship,rachelnunez@example.org,"17480 Murphy Club Suite 856 Kimberlybury, PR 60617",2023-01-09
356,Nathaniel Thomas,amandajames@example.com,Unit 5963 Box 6427 DPO AE 28664,2020-07-29
357,Dustin Barrett,mary36@example.org,"250 Castillo Lakes Johnbury, DC 74660",2023-07-07
358,Vanessa Mcgrath,odiaz@example.com,"2764 Williamson Lake South Garrett, KY 58810",2022-05-21
359,Brian Brown,andrewgraham@example.net,"585 Rose Wells Jeffville, NJ 78215",2024-04-01
360,Maria Wolfe,bradleyterry@example.org,"060 Trevino Mountains Suite 298 Elizabethborough, AL 41805",2022-01-04
361,Deborah Chan,zanderson@example.net,"035 Marshall Fields Rachelfurt, DC 89129",2023-10-02
362,Keith Johnson,zamoradeborah@example.com,"11973 Kimberly Spur Suite 613 Lake Nicholastown, LA 50242",2021-12-15
363,Kaitlyn Wood,wanda55@example.net,"21441 Samuel Mall East Felicia, NV 38906",2020-10-16
364,Albert Martinez,uhall@example.com,Unit 3803 Box 0617 DPO AE 66626,2022-02-04
365,Christopher White,annromero@example.org,"471 Morales Ways Kristinside, TN 81930",2024-09-15
366,Juan Gutierrez,marc94@example.net,"6745 Rivera Ways Apt. 490 Lake Josephville, RI 75870",2023-11-17
367,Kyle Ramos,michelleriley@example.net,USCGC Barron FPO AE 19088,2022-01-30
368,Luis Brown,rruiz@example.net,"84946 Anita Drive Popeshire, PW 26537",2020-01-23
369,Terry Olsen,walkerelizabeth@example.com,"36987 Rhonda Lake Apt. 466 East Kathrynbury, NY 79769",2022-06-27
370,Daniel Paul,wthompson@example.net,"9380 Johnston Underpass Tanyaville, WI 28367",2023-01-16
371,Theresa Hensley,yfriedman@example.org,"744 Hernandez Motorway Apt. 707 West Stephaniefurt, MH 18996",2020-06-27
372,Dr. Allison Lowe,hdavis@example.net,"78014 Martinez Stream Apt. 462 Aaronmouth, AR 22610",2020-02-16
373,Kenneth Hampton,emily70@example.com,"61898 Chris Turnpike Michaelashire, MP 53889",2022-12-13
374,Courtney Peterson,nathaniel15@example.net,"05662 Eaton Islands Suite 923 Stoneshire, GA 94665",2023-04-04
375,Vicki Middleton,david56@example.net,"929 Garcia Grove Suite 958 Bennettburgh, IL 00916",2023-08-18
376,Justin Hughes,rthompson@example.org,"529 Wright Glen Apt. 154 New Alan, MI 01609",2022-01-28
377,Angela Miller,ashleyfisher@example.com,"19400 Cynthia Harbors Apt. 850 Westport, GU 35055",2023-01-21
378,Monica Robinson,christinacarter@example.net,"07059 Heather Isle Suite 337 East Kimberly, MD 80281",2023-08-15
379,Jeffrey Torres,john35@example.net,"661 Kimberly Estates Apt. 997 Scottberg, GU 61701",2022-12-08
380,Teresa Pacheco,dixonchad@example.com,"PSC 4113, Box 8903 APO AA 50649",2023-10-03
381,Ryan Brown,novakdenise@example.net,"751 Eric Meadows Suite 737 New Williamchester, SC 73818",2020-06-09
382,Johnny Harris,ronaldmoore@example.org,"9595 William Alley Apt. 929 West Edwinville, AL 06511",2024-09-08
383,Mackenzie Glover DDS,robertsbobby@example.net,"72701 Mitchell Mill Apt. 725 East Chadton, NJ 57198",2023-08-21
384,Timothy Benson,odurham@example.org,"241 Patricia Drives Suite 716 North Josephshire, OK 73185",2023-04-17
385,Todd Lawson,zcox@example.org,"1791 Cooke Square Suite 837 West Joseph, MN 68685",2021-06-29
386,Ian Harris,vadams@example.com,Unit 9912 Box 2244 DPO AP 24855,2021-08-22
387,Michael Collins,andersonjason@example.com,"754 Flores Islands Briannastad, CT 91998",2024-01-23
388,Maria Campbell,bobbybrowning@example.com,"7354 Stephenson Fields Port Michael, IL 84696",2022-04-12
389,Katelyn Hart,jonperez@example.org,"3969 Kelly Mountain Jonathanside, LA 33823",2022-07-11
390,Richard Vega,krista35@example.com,"59763 Felicia Green Apt. 699 East Jennifer, VI 74577",2024-05-05
391,Sarah Jacobs,robertgould@example.net,"8937 Jones Shore Apt. 242 South Apriltown, OR 84630",2022-05-16
392,Vincent Lynch,amy61@example.org,Unit 7359 Box 2105 DPO AE 54148,2020-04-01
393,John Wagner,gjoseph@example.com,"9155 Acosta Springs Suite 722 New Randy, DE 19721",2021-05-27
394,Sara Harris,castillodaniel@example.org,"653 Heather Run Lyonsstad, WY 67102",2020-06-13
395,Jessica Robinson,johnbradley@example.net,"055 April Stream Suite 742 Port Sarah, IA 08018",2023-03-09
396,Derek Cruz,lambjames@example.net,Unit 6899 Box 6829 DPO AP 53027,2022-11-22
397,Ashley Wilson,andersonstephen@example.net,Unit 8247 Box 7338 DPO AP 43868,2023-08-26
398,Tracy Freeman,smartinez@example.net,"050 Matthew Island Suite 557 New Ryanstad, AK 76090",2020-02-06
399,Jennifer Cook,arthur68@example.org,"5424 Johnson Prairie Apt. 722 Alexisborough, MD 16252",2021-02-12
400,Alexandra Parker,shannonlinda@example.org,"407 Macias Divide Suite 708 West Jason, HI 53340",2020-01-25
401,Michael Wright,albert66@example.net,"9115 John Trail Suite 922 New Virginialand, PA 92277",2022-05-12
402,Clinton Hodges,fvelez@example.com,"561 John Brooks Jonesfurt, ND 75291",2020-10-07
403,Joseph Faulkner,johnsonmarcus@example.net,"7204 Larry Glens Suite 510 Jessicafurt, GA 30198",2021-04-07
404,Timothy Young,mccluredavid@example.net,"865 Mcconnell Springs North Melody, NH 06081",2021-01-16
405,Vincent Murphy,bshelton@example.net,"79331 George Route Ernestmouth, NH 20431",2021-10-11
406,Matthew Hamilton,ecunningham@example.com,"844 Cross Ville Matthewfurt, MN 22215",2021-05-15
407,Susan Patrick,hshaw@example.net,"217 Mendez Squares Port Richardside, AR 39425",2021-08-14
408,Michelle Wright,ypham@example.org,"254 Finley Harbor Nicholasville, AS 59167",2024-08-04
409,Daniel Wilson,hartchristopher@example.org,"626 Johnson Spur Gomezview, AL 87075",2020-02-21
410,Kathleen Chambers,jerry00@example.net,"3524 Kim Plaza Apt. 297 Alexisville, MS 55056",2022-12-10
411,Dr. Anthony Wood,swilson@example.org,"9682 John Island Suite 364 Andrewview, KY 77321",2020-04-27
412,David Brown,danielle34@example.com,"25647 Sophia Stream Valentinefort, KS 89647",2024-05-01
413,Hector Evans,mross@example.com,"03168 Douglas Shores Apt. 960 Collierchester, GA 65645",2020-08-28
414,Todd Foley,prattamy@example.net,"638 Eric Haven Autumnborough, VA 50373",2023-07-23
415,Robert Roberts,nathanorozco@example.net,"63359 Sims Vista Suite 929 North Bridgetberg, PA 32262",2024-02-18
416,Brady Montes,gavila@example.com,Unit 4355 Box 8742 DPO AA 83561,2020-05-20
417,Gabriel Myers,patricia33@example.com,"807 Alexa Mission North Brittany, AZ 51434",2022-02-25
418,Sandra Harrell,jenniferrodriguez@example.org,"3887 Aaron Flat Apt. 531 Swansonberg, MI 39681",2024-07-26
419,Danielle Williams,karengardner@example.com,"75791 Mcdonald Shores West Tanya, AR 85229",2021-09-11
420,Danny Green,hendrixkelly@example.org,"98192 Sean Mews Apt. 499 Port Matthewborough, IL 28436",2020-09-10
421,Heather Green,mmeyer@example.com,"78174 Jeff Cliff Williamsonside, VI 33744",2024-01-08
422,Dr. Mark Moore,zgarner@example.net,USCGC Rodriguez FPO AA 40690,2021-10-16
423,Thomas Thomas,brightjames@example.com,"669 Evans Valleys Mcguireside, CT 80086",2023-02-25
424,Justin Weiss,jessicalawson@example.net,"96498 Fry Falls North Susan, NJ 76615",2020-10-20
425,Jennifer Dudley,john52@example.net,"083 Smith Squares Apt. 178 South Markborough, TX 38034",2021-05-28
426,Mark Morris,allenamy@example.net,"96430 Lauren Station Apt. 118 Ericland, TN 49640",2022-03-19
427,Nicole Mccullough,teresafox@example.org,"994 Carol Cape Port Jeremy, GU 88366",2022-02-15
428,Tony Burgess,robert18@example.net,"3735 Terry Ferry Apt. 197 New Jessica, UT 50067",2021-07-09
429,Brianna David,wtran@example.net,Unit 5359 Box 6327 DPO AP 79904,2020-03-12
430,Kyle Blevins,michael60@example.net,"61559 Oconnell Port Suite 125 New Lisafort, MP 80276",2024-08-14
431,Frederick Robinson,vegachelsea@example.org,"58794 Shawn Course Apt. 879 Lake Danielborough, OK 40286",2021-10-08
432,Bobby Powers,csmith@example.com,"13942 Nicole Mountains Suite 573 South Emma, SD 57239",2020-08-10
433,Vanessa Delacruz,nnelson@example.org,"46908 Alicia Avenue Apt. 654 Martinezburgh, GA 85267",2022-09-25
434,Jennifer Wood,amy77@example.net,"9354 Ashley Court Apt. 490 Joshuaton, VA 23859",2024-07-27
435,William Martinez,slindsey@example.com,"27021 Elizabeth Spur Suite 154 South Cynthia, MI 70403",2022-05-24
436,Mark Carrillo,arthurramirez@example.com,"6438 Tyler Roads Marthachester, IN 48683",2021-04-10
437,Derrick Pearson MD,mahoneybradley@example.org,"028 Bell Parkway Apt. 988 Lake William, MI 09040",2023-08-03
438,Amy Foster,andrewlawson@example.org,"PSC 9209, Box 1484 APO AA 68375",2020-02-02
439,Melissa Allen,mgray@example.com,"216 Mary Divide South Amy, NV 57151",2023-08-22
440,David Walker,johnsonjohn@example.org,"9295 Katie Parks North Brettland, MN 00565",2020-04-14
441,Kim Jordan,jtrujillo@example.com,"09374 Jones Drive Suite 858 West Sarah, IN 89050",2021-08-28
442,Julie Sanchez,shane98@example.com,"400 Pratt Unions Smithton, WY 94172",2022-10-28
443,Amy Mcpherson,harperjennifer@example.net,"5696 Lisa Views New Brendahaven, WV 52609",2021-11-15
444,Jessica Holt,washingtonvicki@example.com,"35766 Castillo Ridges South Arthur, MT 79361",2022-04-05
445,Dr. Douglas Singleton,hollandphillip@example.net,"804 Norma Fields South Alishaberg, ND 21317",2022-10-26
446,Ryan Clarke,molly46@example.com,"68555 Dawn Trafficway North Amy, GA 17720",2024-07-17
447,Adam Mcclure,smithandrew@example.com,"5568 Ashley Ports Suite 282 Joycebury, MN 73610",2024-06-07
448,Christopher Taylor,katelyn71@example.com,Unit 5389 Box 2451 DPO AA 30759,2021-12-12
449,Misty Lee,corey17@example.org,"326 Reed Square Apt. 871 Santiagoport, MA 74783",2024-09-27
450,Debra Mitchell,kaiserangela@example.org,"961 Gordon Junction East Kenneth, WA 44938",2023-07-22
451,Susan Rodriguez,washingtonwilliam@example.com,"44091 French Ridges Port Evelynburgh, CT 82400",2023-01-27
452,Kimberly Flores,lauriefreeman@example.com,"12643 Short Pine Apt. 369 West Kyle, PR 11134",2020-11-17
453,Amanda Malone,cherylcabrera@example.com,"74089 Lee Landing Port Jasonbury, OH 90165",2023-11-30
454,Crystal Hunter,dking@example.com,"39232 Jackson Circles Apt. 676 Rodriguezland, NE 49415",2024-01-05
455,Tyler White,wallkatherine@example.net,"96903 Kelly Courts Suite 276 West Joshuamouth, NY 64600",2024-03-09
456,Amanda Ramirez,benjamin54@example.net,"7358 Durham Fords Lake Melanieton, IA 72729",2022-02-19
457,David Chapman,russellestrada@example.org,"755 Knox Center Bushmouth, FM 28541",2021-01-17
458,Thomas Pierce,pamela15@example.org,"6783 Melissa Trail Wilsonport, NY 26297",2021-03-27
459,Sara Jacobs,rickygonzalez@example.com,"8386 Kevin Mountains Suite 197 Port Alan, NH 25575",2020-03-25
460,Craig Johnson,jonathan83@example.com,USS King FPO AE 53145,2023-09-22
461,Larry Mclean,montgomeryjanet@example.net,"783 Ryan Inlet South Kennethside, KS 85063",2021-03-15
462,Judith Oneill,mooreerica@example.net,"6860 Robert Circles Sanchezmouth, AR 46899",2024-01-05
463,Ricardo Reyes,jwatson@example.net,"087 Thomas Spurs Suite 395 Lake Bethburgh, GA 52185",2023-09-29
464,Mr. Xavier Warren,rossross@example.net,"48096 Joshua Field Curtisborough, NM 76737",2023-01-16
465,Calvin Gray,xbartlett@example.com,"74999 David Oval Suite 557 West Taraland, AS 41816",2020-10-05
466,Alexander Jackson,dianaellis@example.com,"1056 Jones Village Burtonland, IL 05999",2021-07-02
467,Cynthia Green,alvaradojanice@example.net,"44501 Allen Springs Suite 602 East David, PR 56738",2024-05-05
468,Brandon Williamson,garrett23@example.org,"380 Roy Path North Rebecca, NJ 75533",2021-05-05
469,Joseph Gonzales,keithgordon@example.com,"4869 Laurie Roads Apt. 457 Wintersberg, NJ 19101",2022-09-29
470,Christopher Tran,latoyahernandez@example.org,"3728 Heather Ridge Suite 473 South Robertborough, KS 59834",2021-10-22
471,Victoria Green,owensbrenda@example.org,"3599 Ballard Inlet Suite 338 Lake Wendystad, CT 40174",2023-09-05
472,Nathan Lopez,ashleystevenson@example.com,"79881 Holly Alley Apt. 471 Port Aaron, WA 14269",2021-12-08
473,Maria Reeves,zromero@example.org,"77189 Collins Pine Apt. 779 South Stephenburgh, WV 14843",2022-10-04
474,Jennifer Jones,billy44@example.net,Unit 1904 Box 1385 DPO AP 18188,2024-10-05
475,Kimberly Skinner,davidsolomon@example.com,"9079 Smith Corners Valerieborough, UT 11860",2022-09-10
476,Jason Cuevas,mark39@example.org,"56775 Flores Avenue Apt. 726 Lake Jason, WV 41866",2023-04-13
477,Travis Keller,josephwhite@example.org,"195 Melissa Ridges Suite 015 West Maryburgh, MI 58634",2022-01-07
478,Roger Lopez,christopherbrooks@example.com,"959 Eric Divide Suite 977 Paulport, PR 51462",2022-09-21
479,Melissa Graham,lisa47@example.net,USNS Dixon FPO AA 67002,2022-06-16
480,Pedro Horton,patrick95@example.org,"033 Jessica Mission West Mary, DE 93506",2020-05-28
481,Michael Schneider,nicholstimothy@example.com,"893 Hicks Harbor Reevesview, TX 73935",2024-01-07
482,Vanessa Wilson,fsingh@example.org,"8140 Melissa Run Apt. 588 West Alexander, MI 08422",2024-05-28
483,Stephen Morrow,madisonnewman@example.org,"817 Neil Cliffs Port Georgebury, MA 25657",2021-06-04
484,Christopher Wagner,huntertaylor@example.com,"03608 Doris Keys Apt. 718 East Scottshire, ND 58474",2021-01-10
485,Lindsey Martinez,michael16@example.com,"2595 Dean Route New Scott, OR 79058",2020-02-03
486,Sarah Hamilton,achavez@example.org,"05839 Harrell Tunnel Apt. 374 North Markland, KY 52388",2023-01-30
487,Nicole Weaver,fostersharon@example.org,"0566 Bridges Unions Bettyshire, OR 22777",2022-07-06
488,Jodi Horn,nflynn@example.org,"32221 Wang Forge Brianhaven, NH 54594",2023-01-20
489,Steven Mccormick,jholland@example.com,"27304 Pamela View East Carlosborough, OR 59435",2021-10-10
490,Melanie Mclaughlin,pyoung@example.com,USS Castro FPO AP 35227,2023-02-25
491,Monica Cantrell,blackeddie@example.org,"489 Fitzpatrick Creek Port Jeffrey, LA 15939",2021-11-21
492,Marcia Johnson,wrodriguez@example.com,"588 Washington Stravenue Apt. 738 New Courtneybury, WA 35697",2022-11-07
493,Lisa Jones,twashington@example.com,"2101 Day Fork Apt. 492 Blakefurt, AL 63012",2020-11-14
494,Jerry Collins,stephenhawkins@example.org,"633 Williams Expressway Suite 981 Longberg, OR 24673",2022-08-07
495,Jeremy Burgess,rossfred@example.com,"761 Le Mountain Apt. 047 West Christopher, DC 49770",2023-11-04
496,Mark Adams,ejohnson@example.org,Unit 8101 Box 3978 DPO AA 54876,2024-07-11
497,Madison Lozano,marc95@example.com,"944 Melvin Neck Port Carol, CO 68913",2021-01-25
498,Cynthia Solis,fhall@example.net,"8936 Thornton Expressway Lake Laura, MA 20128",2020-01-05
499,Laura Brewer,modom@example.com,"70692 James Harbor Apt. 613 West Jaclyntown, GA 81009",2023-11-01
500,Heather Brown,tiffanylee@example.net,"8122 Schneider Mall Apt. 926 Troybury, NJ 44207",2021-09-22
