id,name,email,address,date_joined
1,Kristy Mitchell MD,markyates@example.net,"434 Craig Gateway Apt. 052 New Rebeccaberg, CT 30424",2024-06-05
2,Ashley Nicholson,christina80@example.net,"4353 Jeremy Islands Suite 898 Port Walter, MH 46619",2023-11-03
3,Sherry Vega DVM,carly47@example.com,"95191 Andrew Way New Mario, MI 33101",2020-02-05
4,Jennifer Richards,tlee@example.com,"86118 Williams Causeway New Eric, MP 80715",2022-11-11
5,Traci Torres,davishoward@example.org,"600 King Port Apt. 633 Michaelmouth, PA 14564",2020-07-18
6,Carrie Collins,dgarcia@example.com,"846 Abbott Lodge Millershire, LA 72373",2022-02-12
7,Andrew Anderson,nancymoore@example.net,"1594 Deborah Brook Apt. 978 West Maria, PR 11853",2022-03-27
8,Barbara Brown,edwardsrebecca@example.org,"4839 Juan Mountain Allisonchester, FM 06871",2020-10-12
9,Jeffrey Coleman,jonesjon@example.org,"013 Kelly Drive Jasmineport, NH 69129",2020-12-17
10,Tracy Bradley,amber43@example.com,"2206 Louis Streets North Allisonstad, GA 43858",2022-11-12
11,Samantha Roberts,john64@example.org,"15221 Amanda Mountain Zacharyland, IN 79943",2024-05-06
12,Kelly Fowler,nicolevelasquez@example.org,"7454 Harris Place Apt. 332 New Brittany, AZ 78953",2023-11-22
13,Brenda Chen,obutler@example.com,USS Hess FPO AP 85841,2023-08-24
14,Tamara Sanchez,nguyencorey@example.com,"51398 Richard Parkways Meganfurt, CT 55301",2023-03-10
15,Tonya Rogers,jsmith@example.com,"490 Lamb Path Apt. 101 Allenview, ND 85472",2021-06-22
16,Amber Lee,nstevens@example.net,"67229 Allen Valley Suite 750 West Kendraville, NY 26882",2022-04-14
17,Kerry Ball,hhunter@example.com,"4951 Bond Run Greeneside, KS 55877",2020-10-14
18,Lisa Gutierrez,amyvaughn@example.org,USS Jones FPO AP 29148,2023-09-04
19,John Lamb II,grantjohn@example.net,"2178 Lauren Expressway Apt. 980 East Brian, ID 43681",2024-08-26
20,Daniel Wilson,jhunt@example.org,"977 Daniel Vista Apt. 309 Deborahton, MN 21869",2022-06-11
21,Stephen Lewis,jacksonmarissa@example.org,"PSC 7689, Box 5924 APO AA 00735",2021-07-21
22,Courtney Nielsen,qmcclain@example.org,"4066 Estrada Village Stevenstad, NY 07607",2021-06-06
23,Karen Flores,moniquescott@example.com,"326 Pittman Via Apt. 512 South Andrewborough, FL 25598",2022-04-16
24,Alexandra Townsend,karen94@example.com,"245 Boyd Garden Suite 243 Karenview, HI 34319",2021-08-22
25,Charles Moore,kelly59@example.org,USCGC Conrad FPO AP 80587,2023-10-18
26,Nancy Hayes,pricedylan@example.net,"643 Ward Bridge Suite 926 Kariview, VI 47644",2021-08-21
27,Toni Hamilton,james04@example.net,"4771 Wise Parkway East Briana, IN 24560",2022-07-19
28,Amy Hunter,nicolelyons@example.org,"7502 Gregory Via Hubbardborough, PR 49439",2023-04-05
29,Mr. Kenneth Collins,leonardcastro@example.com,"07592 Vaughn Isle Apt. 166 New Samanthahaven, IL 66080",2020-08-11
30,Jerome Thomas,lbrown@example.org,"014 Robinson Mission Port Meganport, FL 38325",2024-07-20
31,Larry Mcdonald,martinezelizabeth@example.org,"1008 Randolph Path Apt. 955 North Noahberg, TX 08174",2021-09-20
32,Jordan Bush,ushepard@example.com,"45772 Nichols Parkway Suite 449 Port Adam, MN 74125",2023-05-15
33,David Price,marcmarshall@example.org,"951 Stephens Mount Suite 124 Joneston, SC 68155",2020-12-03
34,Danielle Conley,woodwardwilliam@example.net,"7778 Wilson Islands South Renee, VA 80695",2020-07-23
35,Colton Brown,youngrichard@example.net,"911 Garcia Avenue Victoriaside, CO 89595",2022-09-23
36,Brian Jordan,lamcatherine@example.com,"3345 Roy Ports Jessicamouth, SC 28210",2024-02-06
37,Patrick Stanley,robertthompson@example.net,"051 Steele Locks Apt. 267 New Josephhaven, VT 98058",2020-08-29
38,Molly Johnson,owheeler@example.org,"003 Scott Spur Suite 214 Jasonville, GA 03944",2022-10-31
39,Ann Nunez,robertocaldwell@example.com,"039 Roberts Parks Lake Joseph, MI 77852",2022-03-02
40,Felicia Clark,howelljohn@example.org,"PSC 6283, Box 9631 APO AE 42027",2023-11-12
41,Timothy Anderson,rgray@example.org,"97682 Rebecca Mews Apt. 460 New Kylemouth, DC 48602",2021-05-18
42,Amanda Schmidt,brad35@example.org,"336 Nathan Forest Scotttown, CA 83885",2021-05-20
43,Michael Taylor,michael59@example.com,"1245 Grimes Parkways West William, CA 71226",2021-03-21
44,Jeremy Johnson,robertrodriguez@example.com,"29879 Harris Creek Adamtown, LA 25851",2022-06-17
45,James Young,jennifer97@example.org,"61999 Shaun Dale East Julie, IA 22354",2022-05-26
46,Michael Mcdonald,qhinton@example.org,"018 Lowery Vista Apt. 170 West Jake, IA 84323",2020-12-30
47,Deanna Richard,eharris@example.org,"84462 Morrow Crest Johnsonburgh, SC 76956",2024-09-13
48,Jamie Reed,gregory25@example.com,"80366 Kathryn Mountains New Jillianstad, NV 81660",2022-04-28
49,Benjamin Byrd,gina18@example.org,"3147 Carey Ridges Brentview, OR 30867",2022-11-15
50,Michael Schultz,jorge32@example.net,"43130 Nathan Loop Joyfort, VI 12988",2023-12-21
51,Debra Davis,turnerryan@example.com,"92595 Martin Corners Jonberg, NC 12431",2022-05-24
52,Terri Mueller,lucasjeanette@example.net,"3032 Garcia Springs Anthonyburgh, KY 29786",2024-07-09
53,Nicholas Brown,vdelgado@example.org,"898 Daniel Spur Suite 501 Castromouth, RI 03221",2021-02-26
54,Beth Daniel,ginanunez@example.net,"39636 Michael Estates Suite 653 New Eric, DE 96405",2024-09-03
55,Brittany Wells,rosemaria@example.net,"27979 Goodwin Crest Lake Roberto, NC 62338",2020-04-08
56,Brenda Ramos,william32@example.org,"320 Reyes Mountains Harryshire, MO 16495",2021-08-24
57,Christopher Adams,harrisphillip@example.com,"00751 Hamilton Way South Helen, AR 78389",2023-10-06
58,Lynn Carey,bmay@example.com,"10308 Mark Spurs West Michaelton, MA 89585",2023-09-20
59,David Burns,cunninghamamy@example.net,"4154 Laurie Spur Apt. 148 New Roger, HI 71460",2021-09-01
60,Tommy Hernandez,leekevin@example.com,"PSC 7783, Box 1623 APO AP 32878",2024-09-03
61,Michelle Miller,mark02@example.org,"633 Shepard Motorway Frankport, HI 09994",2023-03-29
62,Stephanie Graves,ericathompson@example.org,"484 David Square Apt. 317 South Darrenton, IN 57208",2023-01-31
63,Nicole Cruz,orogers@example.org,"PSC 9136, Box 7706 APO AE 42601",2020-08-31
64,Alexander Fleming,gcole@example.net,"15501 John Burgs Matthewshire, CA 59528",2021-06-04
65,Gregory Nelson,stoneaaron@example.net,"982 Linda Circles Charlesborough, NC 62247",2020-12-02
66,Ryan Porter,aarongibson@example.net,"8064 Parsons Rue Elizabethshire, MS 94950",2024-02-25
67,Chelsey Robinson,omitchell@example.com,"88928 Ramirez Ramp Powellmouth, CT 21955",2022-10-08
68,Lisa Thornton,gonzalessherry@example.net,"056 Ashley Loaf South Samantha, OH 99591",2020-12-07
69,Robert Gross,davisjames@example.com,"75468 Nathan Station Apt. 396 South Ianchester, DC 92053",2023-05-04
70,Carolyn Camacho,andrea74@example.com,"3262 Walker Prairie West Michael, VI 94167",2024-05-28
71,Elizabeth Reynolds,kevinkidd@example.com,"59214 West Harbors Sellersland, AK 38259",2022-04-07
72,Angela Jefferson,kaylasutton@example.org,"863 Christopher Unions Carpentermouth, GA 20622",2023-06-21
73,Nicole Harrison,amccormick@example.com,"282 Norris Station Apt. 607 Tateburgh, MT 19194",2023-10-07
74,Dale Hernandez,michellehorton@example.net,"57101 Stephen Street New Tyler, VI 82224",2022-06-27
75,David Shah,creyes@example.org,USNV Gomez FPO AA 34213,2022-08-13
76,Elizabeth Smith DVM,owilliams@example.org,"343 Scott Rue Keithbury, PA 23926",2020-05-08
77,Nicole Wilson,samantha27@example.org,"40225 Barnes Mountains South Amy, VT 60660",2024-01-18
78,Tanner Francis,brucewalton@example.org,"12018 Carolyn Point Suite 811 Kevinside, FL 72237",2020-10-01
79,Elizabeth Robinson,lcarr@example.net,"527 Annette Curve Anthonyside, IL 17442",2020-11-17
80,Olivia Fisher,natalie84@example.com,"0084 Jeremy Parkway Apt. 847 West Brianborough, FL 87991",2022-03-09
81,Valerie Young,tylernguyen@example.org,"1661 Joseph Course Apt. 585 Markport, NC 43236",2020-10-20
82,Courtney Santiago,edwardglover@example.net,"1939 Peter Isle North Amyside, MD 75464",2021-09-04
83,Calvin Olson,stacy17@example.org,"152 Brian Knoll Suite 023 Jessicaborough, TX 66750",2022-01-27
84,Larry Kim,petersonwarren@example.org,"30145 Sandra Ways Suite 467 South Richard, MS 82549",2024-01-19
85,Charlene Jones,andrewmiller@example.org,"22017 Simpson Dale Suite 085 South Kelly, IL 60647",2021-03-29
86,Jessica George,vchandler@example.com,"02204 Greene Well Suite 317 Port George, ID 61819",2022-08-08
87,Stacey Smith MD,fowlermichael@example.org,"6340 Lane Divide Apt. 750 Youngport, MT 56121",2021-02-08
88,Frank Wood,browndaniel@example.net,"PSC 3042, Box 4825 APO AE 05210",2021-07-29
89,Natalie Sanchez,dscott@example.org,"445 Brewer Walks Suite 724 Nguyenton, KY 57418",2024-08-22
90,Derek Gonzalez,jordandavid@example.org,"941 Eugene Curve Apt. 795 Andrewton, TN 22593",2020-11-26
91,William Williams,gomezamy@example.com,USS Miller FPO AE 38144,2022-08-24
92,Emily Hamilton,dawsonrobert@example.com,USS Harrell FPO AP 14864,2023-10-27
93,Mr. Nicholas Martinez,christine11@example.net,"05537 David Mission Apt. 758 New Christopher, TN 99832",2023-11-08
94,Rebecca Liu,smithstephen@example.org,"05900 Parrish Tunnel East Paulborough, IN 77297",2020-02-23
95,Carolyn Palmer,bross@example.com,"77847 Price Isle East Alison, IN 96469",2023-10-13
96,Terri Jackson,joseph83@example.net,"7641 Hill Trail Apt. 705 Robinsonstad, SD 44520",2024-06-28
97,Tony Beard,eddierodriguez@example.org,"PSC 1859, Box 3904 APO AE 04611",2023-02-09
98,Raymond Thompson,vmcdaniel@example.com,"1056 Tristan Ports Suite 067 Coltonview, MA 32891",2020-11-20
99,David Cunningham,kellerangela@example.com,"33298 Heather Fork Mitchellview, WY 88922",2022-12-15
100,Shannon Hart,channorma@example.net,"88395 Baldwin Bypass Conniemouth, PA 46836",2021-01-30
101,Mr. Kyle Fuentes,dianehoward@example.org,"4137 Christopher Turnpike Apt. 076 Brianshire, MA 48631",2021-12-03
102,Paul Dawson,paul82@example.net,"650 Olivia Ways Suite 666 Deborahburgh, MO 28856",2024-06-21
103,Thomas Johnson,peterjohnson@example.net,"020 Donald Cape Travisberg, MA 86539",2020-07-18
104,Benjamin Wilson,amandafitzgerald@example.org,"0591 Felicia Expressway Port Johnton, IA 16032",2023-10-21
105,Susan Robertson,rhondayoung@example.org,Unit 0039 Box 3168 DPO AA 95868,2021-06-22
106,Terry Brown,tvalencia@example.org,"0479 Winters Key Suite 027 Gonzalezville, MO 27853",2021-03-11
107,Anthony Nash,timothy11@example.com,"06604 Bean Courts East Donald, VI 71558",2020-03-14
108,Rebecca Zamora,caitlindunn@example.com,"4851 Gonzalez Springs Suite 212 New Heather, VA 59447",2020-06-05
109,Ethan Harris,dukejose@example.net,"416 Taylor Ridge Suite 064 East Sherry, VA 22860",2024-07-23
110,Dana Ray,gmacdonald@example.net,"2190 Turner Junction Apt. 609 Robertfurt, VT 47605",2021-10-27
111,Jasmine Olson,james93@example.org,"460 Taylor Roads Suite 425 North Adam, MP 92040",2020-07-21
112,Joe Haas,clarkbrian@example.org,"1459 Hansen Spurs Apt. 296 South Garyhaven, GU 86670",2021-04-09
113,Lisa Lowe,pittsmadison@example.org,"3266 Joshua Centers Brucebury, OH 71889",2020-04-30
114,Brittany Hernandez DDS,bhorn@example.org,"273 Joyce Loaf Apt. 908 Ronaldstad, MI 60538",2022-09-25
115,Richard Davidson,christopher69@example.net,USNS Sanchez FPO AP 51401,2022-08-22
116,Lauren Martin,michael81@example.org,Unit 4353 Box 0865 DPO AP 40616,2021-01-12
117,Andrea Wagner,jamespitts@example.net,"PSC 1369, Box 4652 APO AP 66056",2021-06-08
118,Michelle Skinner,trodriguez@example.net,"198 Holly Lake Suite 678 Port Michelle, WA 05385",2023-03-14
119,William Riley,derrick00@example.net,"640 Austin Spring Debraborough, VT 58920",2022-07-06
120,Mrs. Ruth Fox,nathantaylor@example.org,"849 Duarte Wall North Markland, DC 81187",2022-10-17
121,Jessica Olson,myerscarmen@example.com,"PSC 5008, Box 9503 APO AA 86664",2020-05-06
122,Michael Peck,evansheather@example.com,"340 Patterson Hollow Dunlapstad, SD 07349",2021-12-01
123,Brian Hanson,hpalmer@example.com,"PSC 7744, Box 4811 APO AA 22526",2020-05-14
124,John Zamora,hardingadam@example.org,USCGC Johnson FPO AE 96126,2021-07-02
125,Gary Brown,amoore@example.org,"29302 Sarah Shoals Apt. 708 Amandaview, DC 87222",2021-03-21
126,Kelly Vance,vazquezdiana@example.com,"PSC 1208, Box 1176 APO AA 84976",2024-07-17
127,Tracy Hernandez MD,jennifer07@example.net,"4137 Kramer Passage North Oliviaport, UT 50581",2024-02-06
128,Dr. Christina Johnston,dponce@example.org,Unit 0188 Box 0233 DPO AP 66669,2022-09-03
129,Julie Larson,qwatts@example.com,"47721 Wilson Forks Andradestad, VT 59309",2020-08-30
130,Michelle Black,walkeramber@example.org,"1852 Yvonne Stream East Michellemouth, IL 96829",2022-10-21
131,Alison Robinson,philiprivera@example.com,"882 Christopher Mountain Suite 162 Port Sarah, FM 42295",2023-11-03
132,Hannah Oliver,smithcharles@example.net,"51103 Omar Shore Flowershaven, VI 10260",2021-09-05
133,Karla Gray,douglas27@example.org,Unit 8910 Box 8556 DPO AP 74783,2021-05-05
134,John Wilson,brianmarshall@example.com,"425 Lewis Cape East David, NM 85564",2020-04-10
135,Kristina Buchanan,nshaffer@example.com,"57162 Taylor Village Apt. 536 New Anthony, NJ 12604",2022-07-12
136,Brandon King,warrendustin@example.com,"7551 Lara Stream Prestonton, NJ 77030",2023-08-21
137,Morgan Atkins,robert64@example.com,"31497 Meyers Junction Apt. 173 Kevinberg, MI 53679",2021-03-11
138,Sandra Miller,fitzgeraldanita@example.com,"557 Williams Flat Apt. 650 New Carolinehaven, UT 13921",2020-08-11
139,James Phillips,jesushoffman@example.org,"056 Joan Neck Taylorside, WV 15321",2020-09-06
140,Katherine Reynolds,danieldavis@example.net,"35908 Ingram Green Apt. 668 West Richard, DC 33939",2020-08-09
141,Krista Simmons,deborahphillips@example.com,"17960 Reid Tunnel North Kaylaside, UT 33532",2023-01-30
142,Wendy Smith,williamsmatthew@example.org,"PSC 7735, Box 2678 APO AA 23944",2020-01-03
143,Matthew Cannon,fruiz@example.org,"10030 Joseph Manors Apt. 814 Brownton, AR 87246",2024-03-08
144,James Castillo,oburns@example.com,"876 Brooks Heights Apt. 803 Bullockborough, VI 58090",2022-04-29
145,Michael Campbell,williamrodriguez@example.net,"08052 Rose Rapid Suite 964 East Chad, IL 82346",2024-06-19
146,Dennis Thomas,amandaallison@example.net,"634 Francisco Road Paulbury, WV 88793",2023-01-06
147,Craig Tapia,tina38@example.org,"2410 Hammond Shoal Suite 748 Tuckermouth, MS 53524",2021-07-28
148,Cindy White,woodwardlisa@example.com,"69940 Fox Valleys North Lauren, DC 58633",2021-04-18
149,Sarah Hernandez,michelle05@example.net,"825 Cheryl Lakes Ingramland, WV 52970",2023-02-03
150,Dustin Weeks,sarahboyd@example.net,"27617 Cristina Keys West Sara, KS 13256",2024-08-05
151,Haley May,twebb@example.net,"8874 Kathleen Stream Suite 898 Reillyville, AL 91611",2023-12-12
152,Cheryl White,bethany06@example.net,"236 Monica Points Louisfurt, GA 47689",2024-02-27
153,Tiffany Bell,suzanne26@example.com,"10339 Edgar Overpass Suite 044 Lake Sarahbury, IL 35887",2022-11-20
154,Kimberly Whitaker,watkinskent@example.com,"21292 Amy Ports Jonesfurt, ND 43385",2023-11-21
155,David Owens,christinajohnson@example.com,"9276 Bates Streets Georgeview, IA 86173",2023-10-31
156,Arthur Lin,ashleybaker@example.org,"509 Nash Falls Port Daniel, NJ 40863",2023-08-05
157,Brandon Gonzalez,joshua57@example.com,"0592 Miranda Avenue Apt. 541 West Stephanie, VA 26247",2021-11-10
158,Stephen Bates,woodleah@example.org,"0086 Ortega Pines Apt. 246 Port Elizabethton, VT 09715",2023-03-03
159,William Rodriguez,ramirezdavid@example.org,"9005 Amy Brooks Suite 091 Dudleyhaven, NY 72255",2021-11-01
160,Joshua Hopkins,taylormark@example.net,"38541 Jordan Loaf Suite 714 Colleenbury, PA 98399",2021-06-29
161,Craig Oliver,williamlewis@example.com,"3575 Miller Knolls Suite 995 Fernandezland, PA 35716",2021-12-19
162,Megan Jackson,ricky25@example.org,"483 Jennifer Motorway Apt. 162 North Bradleyshire, GU 89988",2021-09-04
163,Michael Porter,mary59@example.com,"10913 Rodriguez Islands Apt. 570 Andrewfort, WA 69635",2022-05-12
164,Christie Lee,ryan23@example.com,"5220 Fowler Spring New Angelicaburgh, LA 26213",2020-07-06
165,Jason Santos,jnelson@example.org,"PSC 1878, Box 6488 APO AA 21595",2024-06-26
166,John Murphy,johnsondanny@example.com,"1123 Adam Crest Watsonland, KS 68240",2021-03-12
167,Margaret Garcia,rubenarnold@example.net,"306 George Drive Juliechester, PW 44644",2022-10-12
168,Steven Ray,lcarter@example.net,"75292 Jason Valleys Lake Donald, MS 28375",2021-10-05
169,Stacy Webb,loriobrien@example.com,"60591 Smith Ramp Apt. 849 Lake Christophermouth, RI 46905",2020-02-11
170,Alexis Lyons,ntaylor@example.org,Unit 4163 Box 4831 DPO AP 57579,2021-05-22
171,Tammy Porter,jennifer74@example.org,USNS Frost FPO AA 94559,2024-09-07
172,Michael Davis,edwardbarr@example.com,"0269 Sweeney Burg Suite 726 Walkerport, KS 34377",2020-04-28
173,Becky Nichols,ariascatherine@example.com,"4931 Steve Key East Coltonside, TN 80804",2020-12-24
174,Michelle Marquez,millerbarbara@example.net,"35959 Jared Field Apt. 123 Port Michael, NH 06631",2023-05-05
175,Jennifer Bell,wendy42@example.com,"9981 Taylor Park Suite 906 Williamville, OR 47090",2020-01-21
176,Justin Woods,david30@example.net,"2131 Williams Station Apt. 219 Stephenside, OK 86211",2023-12-25
177,William Rodriguez,beardjohn@example.org,"388 Frazier Hills Carlland, WI 10790",2023-07-15
178,Dennis Trujillo,margaretwatson@example.com,"4594 Mcdonald Station Lake Justinburgh, WA 94874",2022-09-05
179,Juan Ford,danielle76@example.net,"688 Patrick Harbors Suite 202 North Jeffreychester, AS 57408",2024-06-04
180,Heather Davis,andersonbrian@example.net,"3516 Chad Stream Thomasberg, WV 11230",2023-12-26
181,Patrick Clark,caroltorres@example.net,"0789 Brian Mountain Sharonmouth, NM 07693",2022-03-03
182,Maria Washington,russelljones@example.net,"426 Mallory Forge Suite 454 New Rachael, CO 25782",2021-08-31
183,Robert Smith,xnguyen@example.net,"28945 Justin Road Moranport, NV 07727",2023-10-15
184,Mark Carson,khankerri@example.net,"74272 Morgan Plaza Kimberg, WY 75467",2022-03-16
185,Daniel Thomas,summercox@example.org,"252 Tiffany Drive Michaelview, AR 26725",2023-01-14
186,Maureen Brown,fhall@example.net,"31948 Eric Lane Suite 205 West James, ID 66057",2024-01-16
187,Kimberly Richards MD,teresafoley@example.net,"40441 Nelson Gateway Ericburgh, ID 68342",2021-08-19
188,Lindsey Lang,lindsay62@example.org,"8574 King Radial Davidsonview, DE 62413",2020-09-20
189,Michael Underwood,robert06@example.net,"233 Hill Unions Suite 761 Fosterfort, DC 50880",2021-10-05
190,Jacob Marquez,shane94@example.com,"3325 Cameron Cape Apt. 350 Simonland, GA 83948",2020-03-02
191,David Weiss,shelbychapman@example.com,"0698 Williams Locks Apt. 276 Corybury, TN 82722",2020-05-25
192,Michael Brown,panderson@example.net,"72086 Ruiz Track South Kristy, UT 45717",2022-10-28
193,Mrs. Nicole Smith MD,adamyoung@example.org,"53193 Brandon Shoals Suite 066 North Kathryn, WA 34909",2024-04-27
194,Stephanie Martin,marissayoung@example.org,"53545 Randy Cliff Apt. 402 East Henry, MS 13498",2023-02-07
195,Dillon Walsh,williamssharon@example.net,"7770 Leah Street Davidside, KY 42078",2021-01-29
196,Tracey Cole,nathanferguson@example.com,Unit 4086 Box 4756 DPO AA 97212,2023-08-10
197,Steven Ortega,rosarioharry@example.net,"11261 Gordon Island South David, DC 85712",2022-01-02
198,Tiffany Mcdowell,katrinawilson@example.com,"84085 David Manors Suite 024 Cherylshire, HI 38525",2022-06-08
199,James Williams,dsimmons@example.net,"47794 Leslie Light Suite 976 Rebeccaview, CT 28857",2023-08-22
200,Meagan Brown,bnoble@example.com,"97823 Fleming Track Rodriguezfort, NY 76532",2023-05-15
201,Joshua Velez,hunterpaul@example.com,"9712 Davis Spurs West Adam, VT 63399",2020-01-31
202,Ariel Deleon,reevesandrea@example.com,"155 Roberts Place Suite 756 Port Tinaport, PW 09363",2021-07-11
203,Bryan Simmons,toddgarcia@example.net,"913 Campbell Turnpike New Catherine, CT 45407",2023-03-08
204,Lindsay Robinson,taylorkeith@example.com,"29652 Ashley Field Gilbertland, OR 29193",2022-12-13
205,Douglas Hanson,davidsoneric@example.com,"531 Christine Lights Port Wendymouth, HI 62112",2024-08-26
206,Sarah Mann,montoyamichael@example.com,"2794 Charles Lodge Suite 178 North Kaitlynside, NY 60586",2020-09-30
207,James Short,tturner@example.com,"741 Shannon Roads Suite 699 Charlesburgh, SD 21725",2021-01-09
208,Angela Hoover,zrice@example.net,"8681 Scott Glens Apt. 594 Virginiaburgh, CA 52466",2020-07-01
209,Jordan Mcdonald,agreene@example.net,"2333 Jessica Brooks Apt. 865 Medinatown, MA 47014",2020-06-12
210,Derrick Armstrong,madelinemaldonado@example.com,"3922 Robert Underpass Suite 636 Edwardstown, AL 26561",2022-03-21
211,Kristen Gonzales,josefowler@example.org,"191 Jackson Mountain Marystad, LA 02323",2020-08-12
212,Sarah Lopez,kelly12@example.org,"3688 Melton Street South Scottberg, NY 35467",2024-06-10
213,Kelly Palmer,kristin50@example.com,"8039 Corey Flats Bellside, GA 20322",2020-08-30
214,Ann Bell,guzmantiffany@example.org,"2948 Gonzalez Park Apt. 665 Paulmouth, MI 37704",2022-04-18
215,Katrina Weiss,reeveshoward@example.net,"27854 Shari Corner Apt. 951 North Kellyfurt, MT 68140",2020-04-08
216,Amber Morgan,hernandezjoseph@example.net,"5872 Rebecca Gateway Suite 759 Lake Codyhaven, WV 13299",2020-10-17
217,Michelle Ramirez,pughmelanie@example.net,Unit 4218 Box 0305 DPO AE 65081,2023-02-11
218,Leonard Kane,samuel26@example.com,"174 Miranda Mill Pearsonmouth, KS 37448",2023-11-21
219,George Gregory,margaret20@example.net,"295 Craig Way Apt. 936 South Theresa, OH 58131",2020-12-21
220,John Johnson,whitewillie@example.org,"750 Daniel Port Garyborough, NC 85284",2024-04-03
221,Jamie Rodriguez,deborahduran@example.com,"90323 Becky Course Jenniferstad, VT 16288",2021-05-29
222,Erik Diaz,evancoleman@example.org,"0165 Green Falls Apt. 668 Lake Ryan, NY 61829",2020-12-25
223,Anthony Walker,angelabuchanan@example.org,"291 Ethan Oval Apt. 067 North Wendytown, OR 12040",2022-08-30
224,Thomas Miller,scottharmon@example.net,"PSC 3568, Box 8610 APO AP 85670",2024-07-27
225,Courtney Robinson,colemanjulia@example.org,"PSC 8027, Box 0444 APO AA 49597",2023-04-18
226,Justin Glass,jessicasullivan@example.org,Unit 9618 Box 0463 DPO AE 09558,2021-07-10
227,Christopher Day,murphyheather@example.com,"PSC 8659, Box 5698 APO AE 25023",2023-04-07
228,Lee Wilkins,tsmith@example.org,"3426 Jimenez Lodge New Stephanieberg, DE 05965",2022-06-17
229,Stephen Nunez,nelsonantonio@example.com,"5582 Bennett Crest Suite 299 Brendanview, MO 71352",2020-10-02
230,Amanda Noble,baldwindavid@example.com,"6091 Perez Manor Suite 079 Lake Bradleymouth, KY 82631",2022-08-05
231,Cory Patterson,rshaw@example.net,"3425 Dixon Glens South Josechester, WY 28523",2022-11-07
232,Scott Webb,esmith@example.net,"305 Colleen Canyon North Joshua, CO 10898",2023-12-13
233,Mackenzie Blackburn,peggy83@example.com,"PSC 5177, Box 4238 APO AA 96541",2022-01-11
234,Jessica Mckenzie,hjordan@example.com,"92654 Santiago Trail Apt. 162 South Paul, MH 87898",2021-04-30
235,Dawn Castro,sharonjohnson@example.com,"1858 Foster Harbors Apt. 862 Hillberg, ND 36846",2020-05-13
236,David Fisher,jasoncline@example.net,"650 Caitlin Estate Apt. 842 Claytonhaven, ND 53808",2022-12-01
237,Ronald Miller,xwilliams@example.org,"078 Scott Expressway Suite 670 Rogerland, VA 99191",2022-11-11
238,Daniel Scott,jenningscharles@example.org,"964 Amber Forge Apt. 501 Robinsonland, NH 96221",2021-02-20
239,Laura Mathis,warelori@example.net,"109 Rubio Walk Apt. 375 Ellismouth, VT 84237",2024-02-10
240,Leslie Hanson,thomaslane@example.com,"99182 Velasquez Freeway Brianaberg, MI 53567",2023-03-04
241,Heidi Chapman,jamiemoreno@example.net,"868 Beasley Drive Laurenburgh, CA 97321",2023-02-01
242,Meghan Smith,cynthia57@example.com,"9699 Richardson Burgs Suite 423 Richmondside, PR 78404",2020-10-19
243,Robert Bruce,arthur67@example.com,"96283 Odonnell Mission Suite 786 Port James, CA 06673",2022-07-03
244,Jose Mills,carol08@example.com,"9571 Harrison Mills Estesburgh, RI 54017",2022-04-12
245,Kelly Stevens,teresa25@example.org,"07605 Gonzalez Fall Sherryhaven, TX 87296",2021-12-17
246,Kevin Willis,aperez@example.org,"287 Jason Loop Apt. 621 South Chasefurt, MO 32691",2022-12-04
247,Sandra Johnson,shannon61@example.org,"896 Scott Junctions New Johnburgh, DC 24024",2021-06-02
248,Rhonda Graham,larry86@example.org,"95677 Alexander Turnpike Powerschester, NM 28366",2021-09-12
249,Ellen Jackson,nicholas84@example.org,"33893 Henson Pass South Meaganbury, FM 37954",2021-09-08
250,Alicia Rodriguez,ibutler@example.com,"91259 Sanders Square Stanleyton, ID 37508",2020-11-17
251,Benjamin White,mariawilkerson@example.net,"3446 Amanda Lock Suite 052 Port Chadside, NJ 30742",2024-06-03
252,Kristin Moore,blee@example.com,"43759 Connie Plain Suite 197 Tracybury, IN 74403",2020-02-25
253,Mitchell Robinson,qallen@example.org,"410 Miranda Shoal Davidview, OR 31951",2020-10-15
254,Jonathan Robbins,chad91@example.com,"5001 Tammy Crescent Suite 146 South Jacob, SC 50311",2024-03-07
255,Jessica Mitchell,hchapman@example.com,"054 Wolfe Village Livingstonport, FM 32649",2024-04-28
256,Robert Horton,hesternathan@example.com,"5174 Morales Glens South Jonville, WI 28351",2022-10-17
257,Mark Garcia,imyers@example.com,USNV Gutierrez FPO AA 03876,2020-08-24
258,Nicole Walters,wmiller@example.com,"64911 Spencer Ridges North Valerie, RI 92863",2021-04-24
259,Joseph Murphy,lrodriguez@example.org,"9236 Maldonado Way Suite 931 West Natalieborough, WI 74301",2022-10-21
260,Steven Hudson,zwilliams@example.org,"39400 Young Mill Apt. 546 Brownstad, IN 88157",2021-04-12
261,Jason Wade,johnsonlaura@example.net,"5169 Ramirez Garden Suite 008 West Mikaylaside, RI 80855",2021-07-23
262,Dwayne Warren,nathanrobinson@example.org,"1342 Krista Green Jordanfort, CA 34810",2023-07-02
263,Kathryn Rasmussen,lcooper@example.net,"7975 William Mews Port Leonard, VT 76751",2024-04-19
264,Emily Smith DDS,susan83@example.net,"215 Charlene Spring West Misty, WI 22481",2024-08-29
265,James Cunningham,leeamy@example.org,"494 Wong Village Lake Mitchell, LA 72455",2024-08-23
266,Maria Nguyen,robertsonkevin@example.com,"6614 Jordan Ville Suite 127 Hayesmouth, MT 69006",2023-07-07
267,Patrick Adams,brogers@example.net,"4282 Collins Field Apt. 534 Randolphbury, DE 83129",2021-09-28
268,Helen Johnson,nancy26@example.com,"422 Brown Circles North Richardfort, AZ 62069",2022-06-15
269,Linda Hill,francisco93@example.net,"PSC 3071, Box 8647 APO AE 86317",2023-01-08
270,Jennifer Walker,lewisemily@example.com,"01403 Peterson Forge Sarahland, NM 47754",2024-04-06
271,Christopher Townsend,tracy57@example.com,"13496 Spencer Estates Suite 046 Lake Adamfort, WA 83174",2020-10-10
272,Philip Farrell,wmyers@example.com,"6141 Clinton Fords Suite 448 Angelachester, SD 44153",2022-04-05
273,Vanessa Best,aprilrodriguez@example.net,USCGC Peck FPO AA 15469,2020-03-02
274,Ms. Amanda Stanley,wsheppard@example.net,"2370 Luis Views Johnsonstad, IN 54335",2022-03-03
275,Timothy Garcia,joe22@example.com,"6898 Cynthia Plaza Suite 804 Jonathanview, PR 80548",2021-01-02
276,John Rivera,guzmanjennifer@example.com,Unit 2436 Box 8335 DPO AA 41983,2022-08-03
277,Stephen Thomas,lindaestrada@example.com,"051 Gregory Harbors Suite 371 Jenniferburgh, IL 65294",2023-07-01
278,Jennifer Lane,pbartlett@example.org,"3261 Montgomery Springs Hamptonland, DE 12136",2021-08-24
279,Andrew Bryant,annaacevedo@example.com,"179 Khan Corner East William, NJ 34689",2021-08-09
280,Charles Hart,kmorgan@example.net,"2660 Castaneda Forks Lake Loriberg, MD 71185",2022-09-24
281,Meredith Carter,joyce59@example.net,"47475 Amanda Turnpike North Meganberg, VT 31973",2022-09-06
282,Ashley Fisher,chadcarroll@example.org,"5023 James Falls Waltersmouth, MP 30579",2020-02-26
283,Matthew Jones,ugreen@example.org,"6189 Mary Drive South Terrenceside, AZ 22229",2024-05-19
284,Holly Rodriguez,idiaz@example.org,Unit 2013 Box 5016 DPO AA 28627,2021-08-08
285,Molly Jackson,lynnalexander@example.net,"430 Zachary Valley Apt. 413 Sellersside, SD 10491",2020-01-30
286,Scott Foster,mrogers@example.net,"34408 Smith Prairie Juliemouth, GA 31537",2021-03-19
287,Joshua Gonzalez,tiffanypoole@example.net,"071 Christian Wall Suite 817 Port Robertborough, GU 02753",2021-09-06
288,Raymond Warner,kristyellis@example.com,"4061 David River Suite 181 Alexandraport, AL 66858",2020-04-05
289,Charles Rodriguez,lsmith@example.org,"27255 Garcia Garden Suite 526 New Jose, FL 94300",2020-07-07
290,Jennifer Gonzales,kaylahawkins@example.net,"324 Crystal Glen Suite 886 Dianamouth, MO 66840",2022-03-11
291,Maria Phillips,cynthiagordon@example.net,"114 Suarez Garden Suite 629 Port Charles, IA 32709",2023-12-24
292,Colton Johnson,thomasrobert@example.net,"572 Rogers Springs Suite 933 South Shanefurt, IN 20207",2023-01-29
293,Michael Rios Jr.,debbierodriguez@example.org,"448 Carroll Cliff South Gary, MA 76638",2023-07-01
294,Brenda Tucker,griffithrobert@example.net,"492 Henry Gateway New Tylermouth, OH 14039",2021-01-14
295,Sarah Le,andradelauren@example.net,"19732 Gillespie Ford Jessicatown, NV 19455",2021-11-19
296,Lisa Goodman,nathandorsey@example.org,"12078 Michelle Land Apt. 374 South Sherry, KS 40454",2022-03-13
297,Julie Charles,archerjoan@example.com,"83901 Vasquez Mission Jorgechester, MN 89469",2022-11-05
298,Paula Silva,smckay@example.net,"463 Castro Mews Suite 907 Rachelport, NV 30287",2023-09-03
299,Lisa Wright,rhondayoung@example.com,"168 Vincent Ridge West David, AR 15376",2024-08-17
300,Daryl Clark,christopher22@example.com,"567 Beard Bypass South Cynthia, OK 93331",2021-09-09
301,Tiffany Reid,smithrobert@example.com,"14717 Harrison Forges Suite 123 Conniemouth, ME 16612",2020-03-17
302,Victoria Petersen,mendozasteve@example.org,"57202 Debbie Lake Suite 895 South Gailstad, WI 91033",2020-02-06
303,Charles Adams,ajackson@example.net,"359 Rodriguez Shore Lechester, NM 96083",2022-12-01
304,Theresa Henderson DDS,ashley44@example.com,"06004 Johnson Roads West Evelynberg, WI 44653",2024-01-19
305,Daniel Price,gilmoresusan@example.net,"PSC 9434, Box 0332 APO AE 89407",2024-05-26
306,Virginia Jones,gilbert54@example.com,"42854 Thomas Haven Suite 223 Wellston, WY 14281",2023-12-28
307,Samuel Wilson,bonnie63@example.org,"674 Taylor Plains South Jodychester, FM 34049",2021-05-11
308,Chelsea Miller,richardgomez@example.net,"6009 Dawn Mission West Ryan, NV 18920",2022-07-26
309,Jerome Nichols,boothandrea@example.net,"43055 Wendy Dam Apt. 335 East Bryanburgh, VT 29791",2022-11-09
310,Julie Ruiz,hayesmary@example.com,"PSC 3946, Box 6576 APO AP 23248",2024-04-18
311,Daryl Smith,kristin82@example.org,"8764 Larry Lakes Suite 033 Thomasport, MT 03231",2024-03-10
312,Daniel Gould,perezjenna@example.net,"27980 John Key Rubioberg, ND 61884",2022-11-09
313,Sarah Shepard,nicholas21@example.com,"8582 Johnson Hollow Lunastad, NE 28961",2023-07-24
314,Kathleen Bond,wyattmartin@example.net,"8926 Joe Trail Apt. 114 Port Lisa, ND 62169",2020-09-11
315,James Hale,lholland@example.net,"899 Michael Prairie East Tinahaven, PR 26426",2021-01-02
316,Christine Baker,debbiewolf@example.org,"7981 Peterson Forest Apt. 787 East Michael, FL 89378",2021-09-20
317,James Morris,wjohnson@example.net,"168 Melissa Isle Apt. 481 Lake Jenniferfurt, RI 45598",2020-06-01
318,David Curry,davisannette@example.net,"06894 Davis Loop New Anthony, SD 15271",2021-10-27
319,Sarah Reyes,melinda65@example.com,"8656 Paul Hollow Suite 745 Port Eric, UT 38114",2023-05-07
320,Chad Barrett,snyderjonathan@example.net,"26694 Gill Coves Suite 422 North Annemouth, IA 76962",2020-09-23
321,Sarah Hays,sheiladunn@example.net,"937 Huff Fords Cynthiashire, SC 22782",2022-09-21
322,Raymond Schwartz,davilamaria@example.org,"63555 Tiffany Ports Soniashire, MP 74965",2023-06-12
323,Michael Gonzalez,hayleysteele@example.net,"513 Daniel Streets Apt. 830 Bassshire, KS 58272",2022-09-17
324,Sandra Hampton,michelle25@example.net,"4330 Patrick Fords Bethanyton, CO 83400",2023-07-25
325,Stacy Ashley,dsmith@example.net,"463 Valencia Meadow Suite 591 East Jacqueline, MN 16593",2024-06-24
326,Carl Sanchez,mkennedy@example.net,"67528 Kara Valleys Whitneystad, CA 58565",2020-12-20
327,Michael Carter,spencerrobin@example.com,"475 Campos Mission Suite 037 Mistytown, GU 27676",2021-07-27
328,Ricardo Butler,mwilliams@example.com,"90263 Lewis Rapids Suite 035 Mirandashire, VT 96139",2021-09-09
329,Justin Johnson,watersmary@example.com,Unit 9265 Box 0774 DPO AA 66485,2022-09-25
330,Sean Reynolds,ubrowning@example.org,"0436 Brenda Pine Apt. 331 North Ryan, MI 39576",2022-10-03
331,Amber Hill,crystalkline@example.net,"9048 Frey Islands Angelaton, IA 82305",2020-11-18
332,James Baldwin,brooke53@example.com,"0778 Mary Lodge South Felicia, OR 25689",2022-02-21
333,Amanda Wood,ymartinez@example.org,"1169 Gregory Points Apt. 949 Timothyborough, IA 31404",2021-01-13
334,Michael Brown,kevincarter@example.com,"495 Medina Rest Apt. 875 Lake Timothymouth, SC 33965",2020-12-25
335,Margaret Wallace,tstone@example.net,"7143 Loretta Crescent Pattonton, ND 52699",2022-12-05
336,Mr. Robert Cunningham Jr.,beckerkyle@example.com,"80108 Morris Gardens West Joseph, ME 61758",2023-04-08
337,Marie Hernandez,robertschneider@example.com,"0784 Erica Hollow Apt. 396 Cynthialand, AR 78547",2023-09-12
338,Timothy Crane,shanemiller@example.com,"27037 Pamela Greens Suite 515 East Nicolemouth, IN 71302",2021-12-21
339,Geoffrey Sanders,martinezantonio@example.org,"3681 Kim Spur Stevenmouth, CT 81672",2023-12-12
340,Cody Stephens,randallwheeler@example.net,"8224 Jacqueline Crest Suite 651 Port Terri, MH 99813",2020-07-08
341,Duane Thomas,zmoore@example.com,Unit 6233 Box 0251 DPO AP 68091,2024-08-20
342,Eric Martinez,alexis40@example.com,"6445 Taylor Estate West Ryanburgh, GA 17702",2023-07-29
343,Danny Stephens,jenny48@example.com,"5971 Jessica Dam Fernandoborough, TX 56966",2024-01-26
344,John Webb,jonathonli@example.net,"990 Darryl Vista Apt. 745 West Heatherview, WV 53786",2020-04-12
345,John Smith,marcusfritz@example.net,"12775 Anderson Spring Ryanville, WI 39888",2024-02-13
346,Danielle Acevedo,amber75@example.net,"89394 Joyce Squares Suite 277 Whiteside, ID 13886",2022-06-30
347,Kevin Martinez,meaganwalker@example.net,"47376 Barrera Brook Apt. 562 Mejiaton, CT 15015",2021-02-02
348,Tommy Wolf,nelsonrandall@example.net,"9399 Perez Road Mirandaberg, OK 07830",2023-05-01
349,Adam Hunt,angela61@example.com,"8430 Lamb Spring North Dustin, MD 30874",2020-05-05
350,Timothy Dunlap,melissagarcia@example.net,"7090 Scott Lock Suite 195 Wilsonville, UT 36099",2024-06-09
351,Matthew Clements,michael18@example.org,"495 Ashley Bypass Apt. 449 North Alyssahaven, MH 67968",2022-08-16
352,Mandy Bowman,rturner@example.net,"04114 Whitney Route Schultzmouth, AZ 70456",2021-08-19
353,Sara Gutierrez,lisa62@example.com,"64019 Bowman Avenue Suite 524 West Christopher, MI 23557",2024-09-03
354,Carol Carroll,crawfordwilliam@example.net,"4384 Andrea Key Suite 706 Smithview, OR 26511",2020-06-18
355,Benjamin Gonzalez,jaredhicks@example.com,"6406 Alex Plaza Suite 830 Johnsonhaven, OR 05131",2020-03-02
356,Dawn Mcdonald,tmorris@example.org,"081 Felicia Plains Kingborough, NH 73320",2024-05-12
357,Juan Foster,moraleswanda@example.com,"04568 Diane Cliff Apt. 707 Sloanland, NH 61481",2023-11-30
358,Elizabeth Phillips,richardsonalex@example.org,"763 Rios Lakes Suite 789 Huertafurt, UT 51653",2024-01-22
359,Monica Mahoney,daniel06@example.org,"748 Julie Dale Apt. 480 Lake Mariafort, KY 19979",2022-01-28
360,Lawrence Bullock,connor50@example.com,"7011 Hancock Ways Suite 607 Wendyville, NM 17205",2023-04-04
361,Anthony Kelly,opowell@example.net,"5958 Daniel Course Suite 490 New Karen, ME 59442",2020-12-06
362,Nicholas Jones,odomkendra@example.com,"79639 Pittman Mountain Harringtonshire, TN 87396",2020-08-07
363,Gail Nunez,mezajoseph@example.net,"49764 Molly Junction Laurieville, TN 81576",2024-08-17
364,William Cole,howellgina@example.net,"8368 Hawkins Row Jacobtown, SD 14284",2022-10-21
365,Crystal Johnson,hfleming@example.net,"3643 Megan Drive Brooksfurt, FL 10862",2023-01-30
366,Carrie Barajas,powersbruce@example.org,"45702 Derrick Villages Suite 143 Jasminehaven, KS 69991",2021-11-28
367,Greg Espinoza,angela49@example.net,"358 Charles Streets South Brianport, NY 64780",2023-10-19
368,Noah Garcia,mary11@example.com,"3868 Timothy Court Apt. 592 Bishopburgh, OR 42324",2024-06-23
369,Jeffrey Mcfarland,riley57@example.org,"5866 Lopez Mill Suite 145 Alexisshire, MT 76076",2021-05-04
370,Peter Gilmore,washingtonbrett@example.net,USS Morris FPO AP 14447,2022-10-25
371,Christie Rowe,anewton@example.com,"2589 Laura Trail Suite 833 Melissaland, TX 00655",2022-03-24
372,Paul Boyd PhD,anna00@example.com,"1306 Young Estate Cherryhaven, MD 40479",2023-03-13
373,Michele Hammond,everettcraig@example.org,"4382 Erin Inlet Apt. 283 Lake Stephaniemouth, NY 87609",2022-03-15
374,Jeremy Morales,ajackson@example.net,"56390 Chris Rue South Courtneyview, NE 30832",2020-11-01
375,Mark Bennett DDS,tmckinney@example.org,"68207 Munoz Bypass Suite 573 Jenniferbury, NH 69808",2022-10-20
376,Anthony Wood,urios@example.com,"5406 Terri Creek Nathanielton, ME 26540",2020-10-12
377,Aaron Ortega,gschmidt@example.org,"548 Justin Greens Suite 879 Isaiahchester, NM 66784",2024-03-20
378,Casey Ryan,jordanhayes@example.com,"4356 Frost Underpass South Jonathanberg, HI 97699",2021-01-18
379,Heather Leon,jsmith@example.net,"227 Ellen Vista East Jeffreychester, RI 57719",2022-11-27
380,Eric Harrison,deannavargas@example.org,"77421 Gross Rue Apt. 467 East Eddie, AL 02321",2020-07-31
381,Michael Cervantes,paul05@example.net,USNS Hawkins FPO AP 62573,2020-08-03
382,Grace Wu,malvarado@example.net,"6072 Kenneth Vista Apt. 731 Maryside, TX 40197",2024-09-29
383,Jennifer Martin,acaldwell@example.com,Unit 7458 Box 3728 DPO AE 40980,2021-12-25
384,Barbara Ward,billymurillo@example.org,"1092 Roberts Crest Suite 362 Gomezmouth, WA 63619",2024-01-17
385,Wanda Good,ashlee84@example.com,"PSC 4047, Box 1009 APO AA 61436",2023-04-10
386,Michelle Velasquez,jruiz@example.net,"5156 Gregory Gateway Lorettaport, UT 29959",2021-02-08
387,Lori Cohen,sandra07@example.com,"793 Perez Canyon West Rachelview, PW 87244",2023-06-18
388,Emily Solomon,jermaine05@example.org,Unit 0642 Box 0643 DPO AA 42866,2020-11-09
389,Kelsey Rosario,coxlisa@example.net,"159 Graham Viaduct West Penny, OK 38100",2023-08-16
390,Mr. Alexander Peterson DVM,hromero@example.net,"4832 Lisa Passage Suite 022 South Diane, DC 05761",2020-02-01
391,Amanda Lee,scott42@example.net,"28051 Webster Shore Apt. 045 Michaelmouth, MA 08213",2021-01-22
392,Timothy Wilson,walkergerald@example.com,"0003 Jones Locks Suite 719 Stevenchester, MP 69566",2024-08-08
393,Amber Hudson,jessesmith@example.org,"085 Trujillo Lane Suite 455 Rosaleschester, IA 36685",2022-11-10
394,Kathryn Marshall,david50@example.org,"032 Smith Path Christianport, RI 93638",2020-09-04
395,Christina Ortega,ronald64@example.net,USNS Adams FPO AA 71243,2022-02-07
396,Sarah Harper,zvargas@example.org,"605 Alan Brook Apt. 741 West Amanda, UT 87882",2021-06-30
397,Michael Martinez,hansonstephen@example.org,"421 Hart Hills Suite 806 Mcneilton, ID 78903",2020-11-16
398,Danielle Wood,tiffanyklein@example.net,"637 Johnson Forge New Susan, IL 93854",2024-06-12
399,Rebecca Walker,matthew89@example.com,USNV Taylor FPO AA 32191,2024-09-22
400,Robert Peters,philipmoore@example.org,Unit 4342 Box 2538 DPO AE 07803,2022-04-05
401,Stephen Morales,marquezdestiny@example.com,"5169 Webb Village Hernandezmouth, GU 75743",2023-12-26
402,Troy Cortez PhD,troy37@example.com,"96976 Black Cliffs Suite 807 Port Keith, VI 82504",2022-05-25
403,Adam Oconnor,khernandez@example.net,"398 Stewart Bridge Apt. 064 Troyport, HI 09335",2023-08-03
404,Michael Davis,lopezlori@example.net,"919 Johnson Village New Stephanietown, MS 55162",2023-05-25
405,Paul White,danablack@example.net,"46482 Ross Way Apt. 832 South Laurastad, NM 64348",2022-09-08
406,Heather Garcia,robin57@example.net,"634 Duane Hollow Suite 604 Lake Craig, NY 04616",2023-02-07
407,William Thompson,silvakaren@example.org,"49650 Baxter Mountains North Lindsey, NJ 48955",2024-03-10
408,Linda George,dodsongregory@example.com,"0963 Burke Crest Apt. 212 East Larryton, MD 80706",2020-04-17
409,Taylor Matthews,deborahbutler@example.net,"323 Berry Place Apt. 978 Dustinberg, NH 41955",2023-02-05
410,Mark Patel,christianbarry@example.org,"37174 Christian Walks Apt. 253 Tammyburgh, FL 12591",2024-07-13
411,Jason Velasquez,aaronhuff@example.org,"77471 Walker Summit Stuartmouth, NV 68882",2022-12-27
412,Alexa Robertson,chanricky@example.com,"458 Young Way East Jordanside, MA 25397",2020-09-11
413,Sarah Copeland,laurawallace@example.com,"3470 Julie Mountain West Casey, NM 57700",2020-10-01
414,Erika Golden,pruiz@example.org,"7628 Jerome Estate Apt. 919 Steintown, MA 61707",2020-07-30
415,Johnny Davis,iwright@example.org,"PSC 7530, Box 5726 APO AE 60375",2022-10-20
416,Jesus Fox,timothy23@example.com,"8557 Todd Meadows Suite 346 Lake Christina, PR 96498",2020-01-01
417,Robert Brown,ninastanton@example.com,"279 Jennifer Causeway Suite 335 Jamesmouth, IL 06390",2022-09-08
418,James Beck,melissa97@example.net,"56226 Jones Overpass Apt. 086 Port Marcus, NM 94277",2021-10-15
419,Michael Livingston,christophermiller@example.net,"PSC 8420, Box 8969 APO AA 34416",2022-10-30
420,Cynthia Ryan,fryejamie@example.org,"58524 Huffman Ports Apt. 656 West Richardfurt, HI 74469",2021-02-16
421,Brianna Hill,castromonica@example.com,"31668 Smith Island Lake Pamelaside, MH 76511",2022-11-27
422,Christina Booth,spenceramy@example.com,"38336 Smith Row Traceyborough, OH 82372",2024-04-13
423,Andrea Martinez,smithjoy@example.com,"99288 Kevin Wall Hunterstad, AL 84589",2024-01-01
424,Gene Perry,brooke59@example.net,"282 Christensen Place Anthonyton, IA 45494",2024-03-15
425,Kathy Jackson,jaime51@example.org,"109 Henry Parks Mooreberg, LA 46165",2021-07-30
426,Jackson Martin,marellano@example.org,"9166 Richmond Crest Apt. 629 Port Davidfort, NE 28348",2024-04-29
427,Ashley Smith,jonessarah@example.com,"4098 Mathis Knolls Apt. 025 Hinesstad, PR 57356",2024-08-07
428,Troy Lynch,kingcody@example.net,"51916 Katelyn Route North Ivan, MA 76443",2022-05-22
429,Dalton Soto,marshallmelissa@example.net,"9937 Ponce Cliffs Suite 656 West Garrett, UT 51275",2021-06-08
430,Zachary Ortiz,philip76@example.com,"8353 Sarah Drive North Samantha, TX 20518",2021-08-24
431,Christopher Sawyer,phelpsmartha@example.org,"589 Daniel Well East Helenstad, IL 84934",2021-08-31
432,Kristina Obrien,graymichael@example.org,"42681 Tyler Corners North Amy, CA 19250",2021-07-30
433,Scott Sparks,john28@example.com,"1535 Jones Route Lovemouth, DC 83666",2021-01-13
434,Veronica Bender,melindamorris@example.com,"085 Amy Rue Suite 249 North Benjaminmouth, PR 58421",2024-08-16
435,Melissa Lewis,jbarker@example.org,"705 Johnson Isle Suite 132 East Debra, AR 09810",2022-11-23
436,Sean Jensen,grossspencer@example.org,"3732 Simmons Cove West Ryanfort, CT 88955",2024-07-02
437,Todd Gilbert,kathryn15@example.net,"45985 Roberson Brook East Carmenland, CA 85012",2023-01-15
438,Tim Arnold DVM,alvarezhenry@example.com,"761 Chris Lake Olsonchester, TX 51972",2023-05-28
439,Bryan Gates,gwaters@example.org,"29991 Gavin Plains Andersonmouth, AL 92990",2020-03-13
440,Melissa Alvarez,lcrosby@example.com,"05731 Pena Ridges New Monica, OR 86892",2021-11-13
441,Tiffany Hernandez,fmoss@example.org,"61673 Scott Harbors Suite 320 North Josephshire, FM 79477",2024-02-11
442,Kaitlyn Contreras,timothyvasquez@example.net,"561 Hayden Shores Suite 217 Ramosberg, NY 32907",2023-04-12
443,Jose Goodwin,robinsonsheila@example.net,"PSC 4598, Box 0775 APO AA 95286",2022-02-09
444,Alicia Reynolds,williamsjessica@example.org,"725 Wright Course Nortonville, LA 25211",2022-02-28
445,Adriana Watts,jamestaylor@example.com,"794 Jones Fields Suite 603 Marksmouth, NY 57343",2022-09-28
446,Sophia Buck,tammy88@example.com,"1446 Wilson Ford Lake Joanburgh, ND 58358",2022-09-11
447,Patricia Kennedy,lawrence54@example.com,USNV Clements FPO AP 26592,2020-03-05
448,Kelly Hardy,woodlee@example.org,"914 Calvin Lake Suite 917 South Shari, OK 70272",2020-08-11
449,Brian Lopez MD,figueroamatthew@example.org,Unit 6308 Box 0016 DPO AE 80109,2022-02-24
450,Lisa Rush,samantha48@example.net,"402 Cook Cliff West Pamela, NJ 82684",2021-02-21
451,Carlos Jacobson,aaronfarmer@example.com,"914 Hale Common Suite 117 Bondfurt, FM 62586",2022-06-10
452,Richard White,afarmer@example.com,"86317 Hinton Junctions Johnview, NE 64280",2020-12-14
453,Julie Dorsey,denise72@example.com,"372 Wilson Trafficway Suite 154 Williamsberg, WY 88612",2020-03-28
454,Antonio Davidson,ejones@example.com,"5948 Daniel Terrace Apt. 320 South Jonathan, CO 60302",2020-12-29
455,Sierra Daugherty,conradmichelle@example.net,"2198 Compton Hills Apt. 541 Lake David, WI 21562",2023-06-05
456,Phillip Mcgee,garciabrooke@example.net,"27354 Jacqueline Meadows South Kimberlybury, WI 57576",2023-04-26
457,Gregory Luna,justin62@example.org,"91064 Adams Ranch Johnsonstad, AZ 54075",2024-02-06
458,Dylan Roberson,james11@example.net,"2343 Allen Lane East Heatherchester, VT 89686",2022-03-06
459,Henry Clark,glennlarson@example.org,"50628 Thomas Fork Suite 858 Smithville, MD 81295",2022-03-27
460,Steve Murphy,patrick68@example.org,Unit 4869 Box 6447 DPO AE 10662,2020-08-21
461,Steven White,karen65@example.org,"5458 Barry Shoal North Markbury, AK 92344",2021-07-31
462,Anthony Huynh,brianallen@example.com,"43754 Wade Avenue South Alexanderfort, ME 45221",2022-11-12
463,Shane Medina,javila@example.org,"314 Michael Glens East Laurenborough, MN 06880",2022-12-24
464,Chad Johnson,hoconnor@example.org,"2511 Katherine Junction East Rachel, WY 06463",2021-04-17
465,Justin Graves,marygutierrez@example.net,"PSC 5694, Box 3429 APO AP 32307",2022-01-29
466,Sean James,qshelton@example.net,"055 Nelson Court Brittanyborough, WI 98084",2023-11-18
467,Michael Cooper,christopher74@example.com,"5191 Thomas Meadow East Susanmouth, AL 82429",2024-06-16
468,Jamie Rogers,bcarrillo@example.net,"6475 Chris Manor New Sean, CT 49838",2022-08-13
469,William Nolan,reyesmichael@example.org,"338 Christina Island Suite 578 New Amy, MI 68413",2021-01-13
470,David Roberson,anna03@example.org,"4621 Stark Fords Apt. 569 Baxterport, PR 51307",2022-12-25
471,Jimmy Hoffman,jerry63@example.org,"7179 Green Meadow Suite 735 Smithfort, VA 62066",2022-03-14
472,Michael Sanchez,eric19@example.net,USS Hawkins FPO AE 48431,2024-07-26
473,Stephen Frye,nyang@example.com,"140 Hamilton Ramp Port Kimberlymouth, SD 07392",2024-10-08
474,Juan Zamora,daviscourtney@example.net,"32508 Abigail Vista Apt. 207 North Beth, MI 49377",2022-02-17
475,Sean Carter MD,gonzalezdavid@example.net,"7703 Richard Fork West Bettyfort, NC 85770",2022-10-02
476,Dawn Mccoy,kimberly92@example.net,"69344 Cordova Extensions New Christown, GU 55217",2023-09-21
477,Caitlin Luna,cperez@example.net,"4768 Scott Gateway Garciachester, VT 44967",2021-03-08
478,Diana Bennett,lchambers@example.org,"2072 Nina Keys Suite 341 Armstrongberg, SC 40757",2023-11-07
479,Brianna Anderson,robertscott@example.net,"4993 Tucker Square Suite 905 Williamtown, NV 53258",2020-04-16
480,Savannah Gonzalez,millerkaren@example.com,"494 Chelsea Manor Suite 198 Markburgh, DC 34814",2023-03-13
481,David Williams,laurasims@example.org,"186 Cody Parkway Adamberg, NM 68696",2022-08-03
482,Dalton Contreras,cynthia46@example.org,"0634 Vanessa Summit Suite 653 Natashastad, FL 43572",2024-03-24
483,Eddie Lane,joneskevin@example.com,"7070 Phillips Square Suite 397 West Aprilborough, TX 37280",2021-08-31
484,Mr. Christopher Taylor,millercourtney@example.com,"953 Perkins Garden Apt. 631 Banksside, OK 09791",2021-04-06
485,Catherine Gonzalez,ncastro@example.org,"080 Kelsey Crossing Suite 487 Tristanport, NH 55125",2020-03-29
486,Timothy Wilson,annavasquez@example.org,"1487 Bailey Cape Suite 217 West Alanchester, KS 59823",2021-09-17
487,Krista Allen MD,lturner@example.org,Unit 0574 Box 5828 DPO AA 55180,2020-01-06
488,Emily Shaw,shicks@example.net,"409 Edward Squares Dunnmouth, RI 78290",2022-01-15
489,Paul Gutierrez,johnsonjeffrey@example.org,"PSC 6567, Box 0298 APO AA 06848",2024-08-16
490,Christine Wolf,thomasbutler@example.net,"188 Pamela Isle Smithtown, PW 47559",2024-02-26
491,April Brooks,james77@example.org,"088 Stewart Curve Apt. 612 Austinfort, KS 37691",2024-01-03
492,Kimberly Mann,sarah87@example.org,"13913 Mendoza Ville Apt. 111 Robertview, DE 35347",2020-04-05
493,Veronica Jenkins,nrichmond@example.net,"45001 Amber Locks Suite 718 South Scott, NC 58779",2022-12-30
494,Lisa Booth,pfrazier@example.net,"072 Kevin Mountains Suite 629 East Michael, NV 46679",2024-02-04
495,Angela Thomas,marissa50@example.org,"53084 Alicia Fords Kelseymouth, IN 37081",2022-10-23
496,Paul Cox,tiffany87@example.net,Unit 9821 Box 4936 DPO AP 01958,2020-04-14
497,Antonio Cook,fbush@example.org,"532 Donald Hills Apt. 109 South Bridget, WV 65754",2021-04-10
498,Luis Wagner,bonnie89@example.net,"101 David Ridge Suite 210 North Seanberg, AR 14173",2022-02-11
499,Dr. Dean Sanchez,davidhall@example.com,"90395 Spencer Landing Lake Bethmouth, MD 99595",2023-08-15
500,Kelly Todd,benjamin21@example.org,"43392 Michael Hollow West Christine, FM 91705",2023-04-04
