id,name,email,address,date_joined
1,Anna Lee,bennetthannah@example.org,"1987 Anderson Course Whitefurt, NV 31807",2022-06-07
2,Adam Mendoza,higginschristopher@example.com,"064 Li Inlet Apt. 639 Danielmouth, NE 44193",2020-02-27
3,Christian Jordan,eric86@example.org,"5985 Alicia Hollow Apt. 743 East Andrewburgh, KY 56989",2021-08-10
4,Kayla George,olsondaniel@example.com,"0476 Benson Curve Suite 627 Rodriguezberg, MP 45879",2021-04-29
5,Randall Steele,drakemichael@example.com,"3211 Laura Port Apt. 708 North Brandi, PA 94164",2023-01-26
6,James Porter,beasleyrobert@example.org,"633 Pamela Plains Boltonhaven, OK 22866",2024-02-28
7,Christopher Butler,bhamilton@example.net,"841 Faith Club Apt. 742 Port Brenda, AK 86391",2020-03-20
8,John Schwartz,andreapatterson@example.org,"5446 Eric Mission Suite 255 Castilloport, NH 12945",2023-01-28
9,Lance Duncan,gmyers@example.com,"575 Scott Harbors Suite 362 East Jose, OR 03917",2020-03-08
10,Jennifer Morales MD,robert07@example.com,"3113 Webster Station Apt. 659 Alexanderstad, MT 45251",2021-01-17
11,Alexandra Reynolds,kristin17@example.net,"023 West Burgs Apt. 763 Toddview, DE 12110",2024-02-13
12,Alexandra Mcdonald,wendy03@example.net,"PSC 8316, Box 1854 APO AA 09041",2020-06-18
13,Daniel Stephenson,nicole49@example.com,"754 Tyler Junction Michellechester, AZ 95713",2021-06-17
14,Kathleen Miller,jamesnelson@example.org,"33220 Elizabeth Burg Apt. 771 Elizabethborough, AK 48140",2023-06-02
15,Ashley Petersen,zjohnson@example.org,"7766 Rachel Garden Suite 037 East Sarah, WI 35004",2023-07-28
16,Miss Tonya Hanson DVM,adam71@example.net,"401 Zachary Skyway Suite 580 Knighttown, LA 07984",2020-07-09
17,Daisy Rogers,lrogers@example.org,"383 Ashlee Brook Apt. 063 Franklinfort, CO 67441",2021-12-08
18,Melissa Collins,wilsonshawn@example.org,"999 Jennifer Union Apt. 743 East Jessica, MP 13389",2022-11-01
19,Brittany Williams,mark18@example.net,"49302 David Alley New Zachary, VT 29755",2020-06-13
20,Robert Duke,royjeffrey@example.net,"246 Daniel Summit Suite 816 Johnchester, IN 06033",2023-03-06
21,Hector Snow,alicia62@example.org,"415 Linda Union Suite 964 Danielville, GU 72721",2023-01-21
22,Madison Johns,fernandezchelsea@example.com,"4349 Christopher Freeway Apt. 568 Lucasshire, MO 96646",2020-05-08
23,Julie Foster,ramirezsteven@example.net,"953 Monique Squares North Kenneth, VI 28107",2023-01-12
24,Rodney Johnson,leslieosborne@example.com,"149 Nancy Way Apt. 268 North William, TX 72373",2022-01-03
25,Robert Snow,mperez@example.org,"11110 Mejia Cliff Apt. 174 South Daniel, VA 84136",2024-03-02
26,Ashlee Stanley,zwilliams@example.org,Unit 7303 Box 6847 DPO AA 68855,2021-11-09
27,Kyle Murphy,cortezabigail@example.com,"27694 Osborn Way North Frances, LA 06481",2024-08-10
28,Jennifer Lewis,carol67@example.com,"509 Jennifer Manors Lake Theresaburgh, KS 30757",2023-08-05
29,Jennifer Page,stephanie29@example.com,"1325 Perez Burg Suite 936 Hallburgh, OK 25552",2022-09-19
30,Maureen Watts,george90@example.org,"9543 Kathryn Parks Port Cody, MD 03023",2021-09-03
31,David Maynard,jasminejones@example.net,"628 Seth Island Apt. 960 Hicksport, IN 11033",2020-03-06
32,Kelly Lopez,elizabethjones@example.com,"9816 Stacy Bypass South Brendafort, AS 45077",2023-03-31
33,Guy Morris,jacksoncrystal@example.org,"4615 Ferguson Terrace Suite 274 Aguilarfurt, KS 80965",2020-02-29
34,Luis Hall,rmontoya@example.net,Unit 8863 Box 7571 DPO AA 43565,2022-04-27
35,Michael Green,christophergeorge@example.com,"PSC 8807, Box 3800 APO AP 37560",2022-03-11
36,Jacob Perkins,brownjesse@example.net,"0525 Hall Views Suite 252 Matthewland, WV 02846",2024-05-14
37,Dennis Hill,qpetersen@example.org,"03439 John Spring East Emily, NJ 65515",2020-12-07
38,Amy Martinez,markrodriguez@example.org,"30379 Walter Dam Jonesmouth, NC 82153",2021-07-27
39,Melissa Cunningham,veronicabailey@example.com,"0939 Kent Mountain Suite 842 East Jeannetown, IA 31219",2020-01-29
40,Paige Mendoza,mitchellmanuel@example.org,"10792 Elizabeth Lane Apt. 792 North Gregory, NH 36190",2021-05-11
41,Jeremy Atkinson,shannonescobar@example.org,"89932 Crystal Extension Suite 900 Kyleville, TX 47540",2023-12-28
42,Patricia Guzman,cindybennett@example.com,"92810 Snyder Drive Batesland, IL 22658",2021-05-28
43,John Copeland,rgonzalez@example.org,"588 Misty Freeway Port Chad, VA 74223",2024-03-11
44,Christina Davis,smithkaren@example.com,"5568 Turner Land Apt. 267 Robertfurt, OR 75883",2020-11-20
45,Janet Spencer,taylormclaughlin@example.com,"981 Nelson Creek Suite 013 Laurenton, AK 22599",2021-05-29
46,Madison Ramos,lopezdwayne@example.com,"907 Shaw Islands Apt. 154 Jenniferbury, NY 09356",2023-11-11
47,Megan Davis,dawsonamy@example.com,"87293 Brenda Street Suite 886 Tiffanybury, MN 00760",2023-01-04
48,Jennifer Cole,morganlarson@example.org,"2983 Rhonda Plaza Lake Rebeccaview, OR 47318",2020-04-13
49,Melissa Atkins,lholmes@example.org,"4845 Kendra Plains Suite 818 Anthonymouth, NE 77162",2024-09-21
50,Scott Washington,anthonytorres@example.org,"69900 Jeremy Field Apt. 943 East Anneville, PA 88215",2021-06-18
51,Melanie Conway,thoward@example.net,Unit 8566 Box 4125 DPO AE 59609,2023-07-20
52,Katie Austin,danielletaylor@example.net,Unit 3450 Box 2479 DPO AA 91982,2022-04-14
53,Paula Rush,ostokes@example.net,"1170 Rebecca Shores Port Amandafurt, NE 48318",2022-05-13
54,Heidi Dorsey,rhonda76@example.net,"9688 Denise Ferry Apt. 251 Vanessaville, NE 13125",2022-01-09
55,George Long,websterkimberly@example.com,"299 Christopher Haven Suite 877 New Perry, ID 59831",2021-05-25
56,Wayne Bailey,jonathanbrown@example.org,Unit 9616 Box 7615 DPO AE 39443,2023-02-03
57,Dana Jackson,lambertdana@example.com,"042 Cain Mission Port Alexmouth, MT 23789",2021-11-07
58,Austin Jordan,elopez@example.net,"22031 Morales Summit Lake Cathy, VA 66549",2022-06-14
59,Margaret Allen,qberry@example.net,"0360 King Forges Suite 781 East Ann, GA 87657",2021-03-22
60,Antonio Torres,lowemichelle@example.com,USCGC White FPO AE 19641,2021-03-25
61,Benjamin Lee,bryan70@example.com,"86824 Cindy Village Anthonyland, OR 32889",2023-12-22
62,Alyssa Stewart,kylelogan@example.com,"9960 Richard Lane Smithmouth, CA 48867",2020-06-10
63,Patricia Thomas,hernandezjohn@example.org,"331 Mandy Crest Suite 891 Emmabury, HI 73840",2021-08-04
64,Raymond Phelps,lauracarlson@example.org,"8195 Nichols Gateway Apt. 476 Lake Jason, TX 22705",2021-08-11
65,Maria Durham,stephenwilkinson@example.com,"47297 Mccoy Branch Lake Jenniferborough, FL 55854",2021-01-13
66,Jasmin Martin,asmith@example.org,"642 Laurie Village Suite 854 Brookefurt, ID 33921",2020-08-31
67,Diana Nelson,danielnelson@example.org,"7630 Nelson Ville Apt. 146 South Jill, NE 98598",2023-01-28
68,Kimberly Carlson,samuelallen@example.com,"29546 Freeman Valleys Apt. 470 Port Malikfurt, IA 33183",2023-10-06
69,Joanna Ware,pmartinez@example.com,"05846 Brennan Corners Suite 136 Rodriguezstad, GA 96201",2021-03-13
70,Dominique Randall,trevorweiss@example.org,"14101 Weaver Drive West Cynthiaburgh, NY 11175",2020-05-19
71,Mark Roberson,jennahayes@example.org,"6244 Johnson Club West Terry, MS 61436",2020-02-16
72,Richard Hernandez,heathersolomon@example.net,"439 Anthony Center New Lynnmouth, NH 14381",2022-12-23
73,Robert Dean,wholmes@example.net,"26152 Jerry Inlet West Brandonborough, OR 34481",2023-10-06
74,James Maldonado,stephen87@example.org,"3367 Erin Ranch Port Ruth, TX 17109",2020-06-09
75,Katrina Marshall,monicabrock@example.com,"69300 Robert Hills North Albert, MD 92545",2024-03-03
76,Jonathon Little,paynekellie@example.org,"23266 Fernandez Points Nicolemouth, GU 23191",2023-03-08
77,Walter Flores,jennaatkinson@example.org,"962 Linda Extension Lake Jeffrey, NM 93986",2020-03-02
78,Vincent Lin,jacksonmario@example.net,"251 Zachary Neck Suite 542 West Amber, IN 86586",2022-03-11
79,Julie Chapman,james88@example.net,Unit 9905 Box 7825 DPO AA 59098,2020-10-24
80,Tracie Crawford,anitacosta@example.com,"22541 Karen Hill Suite 533 North Jonathan, TN 71576",2022-08-16
81,Brandon Torres,matthewrowland@example.org,"65470 Green Stream Powellstad, OK 35168",2021-01-08
82,Cynthia Sullivan,pboyd@example.net,"6256 Warren Lake Mccannburgh, HI 48774",2021-04-17
83,Justin Mcknight,jharrell@example.org,"13976 Dixon Estate Apt. 534 Andersonburgh, MD 24635",2022-03-24
84,Terri Erickson,richardhaynes@example.net,"865 Chelsea Mews Apt. 580 West Danaburgh, WY 27169",2023-05-19
85,Leslie Williams,thompsongary@example.com,"45565 Whitaker Radial Apt. 180 East Williamstad, FM 77628",2023-06-23
86,Laura Lee,katelyn85@example.com,"0714 Cassandra Club Apt. 409 Thompsontown, OR 60187",2021-09-18
87,John Vasquez,sean09@example.net,"PSC 7632, Box 3219 APO AP 03480",2020-10-19
88,Matthew Mcgee,ewilliams@example.org,"942 Matthew Expressway Scottfurt, CA 84487",2021-04-15
89,Kathleen Tran,amber50@example.net,"98119 Samantha Plaza West Ethan, CO 09624",2023-09-09
90,Taylor Beck,ronald17@example.com,"699 Frye Creek Andreachester, VI 65347",2020-09-24
91,Gregory Greene,garrettchristopher@example.org,"04699 Tabitha Dale Branchstad, RI 78617",2021-09-04
92,Kristen Cantu,charrison@example.org,"1613 Ellis Light Lake Keith, SD 33571",2023-09-20
93,Sandra Howard,nparks@example.com,"389 Anderson Valley Roseton, ID 59508",2020-07-07
94,Monica White,osawyer@example.org,"514 Haley Club East David, VA 29649",2024-06-19
95,Cindy Hill,nicoleperez@example.com,"57469 Garcia Knoll Suite 390 North Laurie, OK 92214",2024-08-17
96,Sophia Calhoun,willisjennifer@example.net,"9528 Timothy Neck Suite 425 South Travis, FL 57694",2021-03-08
97,Jeffery Cherry,tara83@example.net,"68137 Christian Dale Apt. 974 Ramirezbury, OK 73700",2022-08-13
98,Deborah Miles,margaret42@example.net,"478 Robert Greens Suite 718 Riverachester, MA 82714",2023-06-17
99,Sean Rodriguez DDS,qflores@example.net,"6001 Jones Pike Destinyland, MS 56826",2021-06-16
100,David Hernandez,blakelaura@example.net,"42214 Shannon Forks Stephenport, NC 66986",2023-08-03
101,Elizabeth Tyler,mccormickjennifer@example.org,"2738 Cindy Run Apt. 419 South Matthewland, NV 70192",2021-10-14
102,Deborah Love,nathancollins@example.net,"187 Zhang Rapids Suite 145 South Joseph, NE 33142",2022-06-26
103,Jennifer Scott,hjones@example.com,"29656 Renee Circle Smithview, TN 38801",2022-01-01
104,Kristina Erickson,nellis@example.net,"9920 Conrad Haven Apt. 241 Liushire, MS 56698",2021-02-28
105,William Thompson,scott85@example.org,"PSC 4795, Box 2080 APO AP 26231",2023-05-30
106,Jacqueline Walton,tanya02@example.net,"99231 Danielle Spring Suite 269 Port Elijahville, NV 83990",2022-06-10
107,Lisa Phillips,acostajackie@example.net,"61094 Eric Burg Apt. 002 North Rachel, CO 58621",2024-08-23
108,Diana Thomas,loribrown@example.com,"276 Meredith Overpass Suite 986 South Courtney, KS 66083",2024-09-21
109,Ruth Thompson,charles59@example.com,Unit 3334 Box 2280 DPO AE 58039,2020-05-23
110,Kim Williams,gibbsapril@example.net,"8554 Jonathan Ford Lake Christopherview, CO 70741",2020-01-22
111,Connie Walsh,johnreynolds@example.net,"388 Steven Mews Apt. 641 West Josephstad, IL 88566",2022-05-09
112,Rachel Gomez,walkerdaniel@example.net,"5494 Simmons Mountain Andrewburgh, MO 60824",2022-08-29
113,Kelly Armstrong,tamararamsey@example.org,"631 Jeffrey Station Grossberg, NM 87810",2023-10-24
114,Stephen Jones,amandamorgan@example.net,"5901 Greer Square Suite 046 Jonesstad, CA 62263",2023-06-12
115,Carolyn Johnston,brad52@example.net,"326 Christina Ridge Port Michele, AS 23418",2022-04-01
116,Rachel Pearson,ojackson@example.com,"486 Burns Falls New Christinahaven, HI 08155",2021-12-03
117,Larry Clark MD,maria44@example.net,"565 Michelle Creek Aliciaport, CT 63963",2022-05-20
118,Emily Pham,gracebarry@example.com,"2350 Holloway Lodge Davidmouth, MP 04808",2023-06-02
119,Theresa Johnson,matthewflores@example.org,"688 Kendra River Suite 759 West Andrew, WY 60558",2020-03-29
120,Jasmine Smith,christopher90@example.com,"74377 Wheeler Fields Suite 942 Crystalbury, DE 51370",2023-03-08
121,William Hawkins,darren89@example.org,"01277 Douglas Crescent Apt. 331 New Daniel, MN 44692",2023-10-28
122,Timothy Jackson,ewilson@example.net,"24632 Jacqueline Ville Apt. 188 South Paige, VT 20234",2022-06-25
123,Troy Foster,caleb95@example.net,"4796 Michael Skyway Apt. 907 West Jamieborough, UT 67089",2022-10-28
124,Sarah Jones,christiantanya@example.net,"49161 Larry Plaza Apt. 429 New Amy, MS 32756",2023-03-01
125,Jennifer Jones,davismary@example.org,"1207 Rogers Courts South Katherineborough, ME 23755",2022-03-20
126,Peter Higgins,wvalencia@example.org,"128 Drake Wells Suite 889 Joeton, FM 63724",2021-10-07
127,Kristi Morrison,ejohnson@example.com,"8001 Christine Shoal Suite 621 Andersonland, ND 97127",2023-12-03
128,Virginia Evans,iangarner@example.org,"03210 Moss Square Apt. 726 Isaachaven, KY 19370",2024-01-03
129,John Jones,troy17@example.net,"75886 Jensen Camp Suite 442 West Amy, CA 04902",2021-12-09
130,Gina Marquez,rossheather@example.org,"647 Hayes Village Apt. 468 Rodriguezview, MN 67081",2020-12-20
131,Daniel Mcdowell,wilsonmckenzie@example.net,"3887 Sutton Expressway Suite 593 Port Christineshire, WV 02954",2024-10-07
132,Ian Coleman,philip34@example.org,"29540 Freeman Centers South Stevenhaven, PA 98971",2024-07-31
133,Cynthia Cooper,christopher42@example.net,"781 Vanessa Keys Lake Timothy, ID 25813",2024-05-23
134,Kaitlyn Miller,amy83@example.net,"07497 Sue Corner Harrisshire, GU 56635",2022-02-18
135,Heather Miller,ichandler@example.com,"25697 Lambert Viaduct Suite 023 New Joyceberg, NJ 79023",2022-04-19
136,Jerry Thomas,jessica24@example.net,"607 Bright Summit Apt. 361 East Jerryport, CO 63198",2024-08-26
137,Dr. William Rocha,myersbetty@example.org,Unit 0381 Box 7049 DPO AP 81487,2024-07-19
138,Jared Rogers,yfoley@example.org,"5462 Ramos Corners Heatherburgh, NH 93329",2021-10-30
139,Gabrielle Garcia,john01@example.org,"35583 Sandra Expressway Suite 492 East Jason, DC 29339",2024-03-27
140,Christian Wilkins,michellefischer@example.com,"46368 Benjamin Ramp Apt. 464 New Aaron, CA 03017",2024-06-06
141,Alexander Harris,kayla71@example.net,"0559 Todd Light Port Kelly, NC 11294",2021-10-26
142,Maureen Jarvis,sean10@example.com,"2373 Daniel Camp Suite 955 Carlaton, SD 43027",2023-11-06
143,Melissa Moon,ocarter@example.net,"2520 Robert Turnpike Rogersside, CO 80892",2021-10-23
144,Melanie Mcclure,anthonycasey@example.org,"1245 Robertson Keys Suite 068 Port Heather, OK 41470",2021-08-02
145,Sabrina Myers,vmurillo@example.org,"173 Haney Divide Johnfurt, NM 54117",2022-09-03
146,Laura Gilmore,crystal59@example.com,"319 Bailey Corner Jasonfurt, NM 76133",2022-08-10
147,Richard Anderson,websterphilip@example.com,"8567 Henry Circles Suite 392 Maryfort, UT 15528",2024-05-11
148,Elizabeth Williams,leedonna@example.org,"1599 Newman Common Meyersport, FL 59420",2022-07-21
149,Toni Johnson,swallace@example.org,"1718 Michael Camp Houstonborough, MD 09634",2020-10-07
150,Michael Hurst,tgraham@example.org,"97582 Hoffman Falls Apt. 852 South Angela, MA 72975",2021-05-06
151,Steven Navarro,lauriemcknight@example.net,"4432 Ford Port Suite 850 Jacksonhaven, TN 90375",2023-05-25
152,Darryl Mendoza,nperry@example.com,"219 Richards Knoll Apt. 966 East Bailey, SC 70321",2022-05-20
153,Hannah Roberts,ijennings@example.net,"PSC 2709, Box 0465 APO AP 57820",2022-11-01
154,Aaron Collins,shicks@example.net,"299 Anthony Oval Port James, OK 06031",2023-05-20
155,Trevor Singleton,miranda99@example.org,"65307 Melinda Dam Suite 651 South Annafurt, CT 32782",2020-06-28
156,Mary Nguyen,jenna31@example.org,"2619 Williams Courts Apt. 964 North Victoria, PA 99809",2024-05-17
157,Angela Jackson,matthew23@example.org,Unit 3612 Box 4957 DPO AP 15355,2022-04-24
158,April Turner,misty89@example.com,"4780 Andrew Underpass West Megan, VI 67935",2023-05-26
159,James Ortega,nicolehenry@example.net,"73940 Kenneth Mount South Keithborough, CO 06145",2023-09-21
160,Brenda Gomez,andrew90@example.org,"265 Anthony Inlet Apt. 029 North Roger, ID 11327",2020-02-22
161,Greg Thompson,qevans@example.net,"87565 Torres Pike Apt. 941 North Gordonshire, ID 11983",2020-10-25
162,Laura Wu DVM,benjaminkelli@example.com,Unit 5761 Box 3359 DPO AP 85345,2024-03-12
163,Ronald Poole,mercedes47@example.com,"00462 Thompson Land Suite 080 Lake Jonathantown, VT 92774",2024-10-04
164,Joseph Gutierrez,williamssamantha@example.net,"430 Hooper Hills Suite 235 South Courtney, WY 61539",2023-12-11
165,Vanessa Reynolds,kristen70@example.net,"79631 Arnold Fall Suite 042 Stephaniehaven, NH 69796",2022-01-29
166,Ronald Mcdaniel,jennifer02@example.net,"3020 Schultz Route Suite 141 Zimmermanfurt, FL 20790",2020-01-02
167,Sherri Bentley MD,allenronnie@example.net,"63923 Dorothy Views Suite 068 West Darlenebury, MI 51991",2020-03-09
168,Samantha Poole,alexander50@example.net,"4876 Mckinney Route Davidburgh, MO 56462",2024-08-11
169,Christopher Phelps,derekrandolph@example.net,"6850 Stephen Key Suite 797 Port Karaport, CA 76449",2024-01-27
170,Jennifer Reyes,jose89@example.com,"71168 Shannon Knolls Catherineland, SC 29424",2020-07-02
171,Michael Cox,thomaskendra@example.com,"99821 Christopher Trace Annaview, AL 88238",2020-12-21
172,Jennifer Howell,kimberlyhicks@example.org,"549 Elizabeth Knoll New Deanhaven, PW 78532",2023-11-21
173,Andrea Espinoza,kreynolds@example.net,"169 Amy Prairie Markbury, CO 55635",2021-12-16
174,Carol Valentine,franciscoallen@example.org,"78397 George Turnpike Apt. 924 Padillaland, DE 24206",2021-08-13
175,Mark Bailey,christina91@example.org,"7570 Dixon Hills Suite 241 Clintonborough, ME 50161",2023-12-03
176,Larry Rodgers,wilsonjamie@example.org,"92437 Gabriel Creek South Aaron, CO 05326",2023-09-21
177,Kendra Gomez,felicia69@example.com,"5191 Amy Forks Kempmouth, IA 83385",2024-02-15
178,Kevin Watkins,hwright@example.net,"31242 William Crossing Dianaborough, PR 81230",2020-04-26
179,Christina Conrad,jimmy60@example.org,"7512 Little Oval Apt. 175 Garciaborough, LA 83544",2022-11-08
180,James Johnson,smcfarland@example.com,Unit 6035 Box 4005 DPO AE 11995,2023-07-17
181,Angela Anderson,qlee@example.org,"702 Ho Parks Apt. 549 Colonberg, RI 84932",2020-03-10
182,Donald Yates,sean03@example.net,"99651 Albert Crest Angelaton, FL 64010",2024-04-11
183,Kimberly Allen,dwalker@example.net,"0222 Miller Row South Brooke, VA 85781",2022-12-24
184,Jonathan Chavez,jmeyer@example.com,"916 Johnson Road Apt. 154 New Thomasmouth, MA 84715",2024-07-21
185,Jason Leon,donaldmanning@example.net,"89429 Michelle Views Apt. 299 West Paulfurt, SC 58989",2020-06-16
186,Theresa Hawkins,lawrencebell@example.org,"8516 Williams Rapid Port Joel, DE 51299",2023-12-06
187,Pamela Wright,adamselizabeth@example.org,"426 Allen Estates Apt. 267 Floydview, NC 48508",2021-10-14
188,Chase Garner,whitakerpeter@example.com,"PSC 3747, Box 6434 APO AE 92621",2023-04-23
189,Jordan Hall,randallbrian@example.com,Unit 3751 Box 7066 DPO AA 36786,2024-02-22
190,Rebecca Brown,michaelyoung@example.net,"0223 Mccarthy Fort Port Katherineside, VA 70653",2023-05-28
191,Timothy Buchanan,stephanieowens@example.com,USNS Schroeder FPO AE 60182,2020-03-05
192,Renee Tucker,kaylarobles@example.net,"569 Harrison Mews Lake Wendyland, SC 23780",2024-06-20
193,Jennifer Nelson,marysmith@example.net,"229 Copeland Key Lake Paula, MH 30807",2021-06-02
194,Angel Turner,eric72@example.net,"979 Bowen Parks Apt. 682 South Tylertown, PA 69680",2022-07-11
195,Christopher Cummings,christopherlynn@example.net,"79499 Knox Shoals Suite 006 Caseychester, OK 93472",2020-02-08
196,Roy Wagner,millergary@example.net,"PSC 5649, Box 1743 APO AE 36311",2021-07-10
197,Gina Dunlap,jessebarron@example.org,"0613 Barker River Kaufmanchester, MP 68857",2022-08-05
198,Shannon Alvarez,carolsingh@example.org,"6606 Benjamin Ridge Princetown, IA 93657",2020-02-04
199,Derek Herrera,megancruz@example.net,"08566 Priscilla Courts Suite 986 Ronaldchester, NH 73903",2020-10-04
200,Laura Hicks,lindseynash@example.org,"73897 Shaw Vista Jameschester, WY 41684",2023-12-19
201,Gregory Herman,charles39@example.org,"19823 Steven Trail Maryfurt, NH 16131",2022-04-03
202,Jose Leonard,fullerjennifer@example.org,"0233 Rivera Fields Sandraville, IA 14588",2024-07-22
203,Ryan Smith,jsloan@example.net,"2976 Carroll Alley Apt. 072 Randallburgh, PA 12785",2023-05-08
204,Amber Phillips,vrios@example.com,"54406 Williams Station East Jared, IL 54991",2021-10-25
205,Cody Moore,cpaul@example.org,"PSC 9648, Box 8838 APO AA 91699",2021-02-19
206,Ryan Wright,ijohnson@example.net,"8746 Kevin Road South Ericville, ND 48116",2020-02-24
207,James Wheeler,vargastimothy@example.net,"9118 Austin Extension Kevinstad, MS 25540",2020-06-10
208,Timothy Scott,alancarter@example.org,"960 Hernandez Inlet Owensstad, IA 63725",2023-12-27
209,Alisha Sosa,lisasingh@example.org,"38365 Norris Rue Apt. 961 Susanside, VI 76330",2020-05-21
210,Dawn Rios,richard46@example.com,"144 Alicia Extensions Garciamouth, KY 54201",2021-09-23
211,Joanne Briggs,jaylee@example.com,"5926 Gonzalez Street Davidville, VA 71098",2022-12-17
212,Debra Diaz,stephen93@example.com,"52601 Lozano Fall Suite 563 East Meganmouth, MH 44599",2021-02-19
213,Brittany Phillips,jeremymcgee@example.net,"05850 Summer Track North Joseph, OR 99199",2020-01-25
214,Dylan Brown,blevy@example.com,"80804 Hall Fort Michaelhaven, UT 55802",2021-07-07
215,Travis Hughes,emilyadams@example.com,"81566 Anthony Squares Rebeccashire, FL 25816",2023-01-15
216,Jaime Davis,wmeyer@example.org,"910 John Row Lake Vincent, AL 42634",2024-09-02
217,Monica Flores,joshua74@example.net,"98708 Alvarez Ramp South Jeffrey, IA 46224",2023-12-08
218,Dr. Nicolas Vargas,thompsonaaron@example.org,"8440 Charles Route Apt. 078 New Matthew, DC 63564",2022-12-01
219,Courtney Peterson,marywalsh@example.net,"1834 Romero Isle South Meganfort, KY 28579",2024-06-03
220,Carla White,klamb@example.com,"7925 Carter Estates Apt. 301 New Sandra, WV 84793",2022-01-12
221,Dennis Riley,neil88@example.org,"1922 Sarah Mount Suite 923 New Catherineton, PR 16878",2020-11-12
222,Melissa Burnett,hfranco@example.net,"194 Tami Lodge Apt. 113 Baldwinchester, MP 24009",2022-04-29
223,Jennifer Howell,barrontodd@example.org,"0702 Dan Fall Apt. 035 South Edward, MS 82473",2021-03-13
224,Lisa Turner,hrivas@example.com,"PSC 1272, Box 1679 APO AE 45156",2023-08-28
225,Kenneth Alvarado,jasonlevy@example.com,"10517 Jeffrey Streets Collierhaven, GU 29843",2021-09-14
226,Jamie Conner,ghall@example.com,"23534 Sheena Fort Port Cynthiabury, NM 69666",2024-07-12
227,Jimmy Lopez,seandelacruz@example.org,"966 Tammie Mills Perezfurt, MH 39086",2021-08-10
228,Kristine Boone,mary06@example.org,"40647 Jacob Crest South Robert, FL 64292",2023-02-25
229,April Jones,washingtonjoel@example.org,"18428 Mark Creek Apt. 997 Laurenchester, GU 43518",2021-12-30
230,Andrew Murphy,traci03@example.org,"9393 Isaiah Expressway Apt. 376 Oconnorhaven, WA 41657",2020-08-13
231,Stephen Dorsey,ksantiago@example.org,"05531 Gallegos Glen Maryview, NM 11507",2024-03-04
232,Roberto Todd,stuartsteven@example.com,"5912 Michael Grove Suite 665 Catherineville, RI 45134",2022-03-18
233,Mariah Gibson,katherine31@example.net,"1818 Kevin Squares Robertschester, CA 31634",2020-04-17
234,Shawn Norman,crobinson@example.org,"PSC 2784, Box 8661 APO AA 88829",2024-06-02
235,Miguel Thompson,danielle62@example.net,"308 Justin Crossing Downsfurt, OK 14957",2022-07-05
236,Mary Johnson,tylersmith@example.net,"6143 Kimberly Point Suite 725 Grahambury, ID 46225",2024-08-16
237,Antonio Chung,amyvillanueva@example.org,"04221 Kaitlyn Trace Apt. 743 South Davidshire, WI 91162",2024-02-05
238,Juan Martinez,murillotara@example.com,"1231 Kelly Freeway Suite 403 Emilytown, WI 83515",2023-03-12
239,Jennifer Gardner,lauriefreeman@example.org,"93572 Brown Burg Rogerview, VI 29715",2020-08-13
240,Michael Chen,andersonbruce@example.org,"5265 Morales Meadow Suite 768 North Donna, AZ 69358",2020-02-04
241,Jennifer Roth,julie96@example.org,"153 Moore Club Suite 247 South Frank, FM 89736",2020-08-21
242,Brianna Wells,christine67@example.net,"850 Garcia Forest Suite 644 Jessicaville, ME 21485",2020-01-03
243,Alison Brown,usteele@example.net,"827 Morales Ports South Matthewbury, MA 99531",2021-04-15
244,Robin Johnson,emahoney@example.net,"210 Timothy Manor East Robert, FM 13322",2022-12-06
245,Marisa Shaw,patricia48@example.net,"600 Lynn Junctions Port Karabury, TN 40694",2020-01-02
246,Adam Johnson,xbryant@example.org,"941 Kelly Pike Brittanyshire, MN 40009",2022-04-09
247,Douglas Russell,christopher54@example.org,"87314 Gomez Fords Jameshaven, CO 91934",2020-10-16
248,Wayne Sanchez,williamsbradley@example.org,"3980 Bailey Fields Suite 428 West Jonathon, OK 23359",2022-07-07
249,Samantha Bennett,kstevenson@example.org,"4211 Diaz Mission North Patriciaside, FL 26212",2022-07-06
250,John Williams,chenmonica@example.com,"805 Williams Underpass New Nicholastown, DC 89477",2022-09-11
251,Diane Washington,jessicarandall@example.org,"431 Smith Villages Amyhaven, MT 19887",2021-04-09
252,Michael Nolan,markrivera@example.com,"7523 Gabriel Loaf West Teresa, PW 11486",2020-01-24
253,Chase Powell,schmidtdavid@example.org,"497 Christopher Camp Suite 969 Port Andrewshire, WA 20805",2020-02-12
254,William Stewart,farrelldaniel@example.com,"7650 Davila Freeway Suite 757 Doughertyville, MO 89332",2020-06-17
255,Karen Winters,sandrarollins@example.org,"1305 Flores Estates Apt. 936 Sullivanchester, WY 20306",2021-05-01
256,Joshua Smith,suzannehampton@example.com,"53410 Vanessa Junction Suite 493 Donnamouth, KY 99262",2022-06-24
257,Katherine Rodriguez,jenniferreyes@example.net,"266 Hinton Centers Bryanfurt, VA 27899",2023-05-11
258,Kimberly Hicks,cindy68@example.org,"81496 Edwards Locks Dayville, AZ 55744",2021-12-17
259,Michael Reid,bobbybradford@example.org,"10740 Stacey Field Christopherbury, AZ 39176",2020-07-09
260,Sheryl Rodriguez,matthewwade@example.org,"21614 Hale Divide Apt. 888 Simstown, AL 42754",2021-08-13
261,Lisa Solis,raymond51@example.org,"4084 James Parkway Apt. 459 West Daniellechester, MH 58180",2022-11-28
262,Christopher Moreno,jasonnorman@example.com,"56240 Hernandez Parkway Apt. 867 Bradleyfurt, TN 72918",2023-05-10
263,Taylor Clark,nicholascollins@example.com,"88075 Burns Locks Phillipbury, WA 31013",2022-11-26
264,Joshua Miranda,ericatran@example.org,"35834 Griffin Coves Apt. 779 Reedchester, ND 91196",2024-01-24
265,Emily Anderson,lindsayjenkins@example.org,"PSC 7717, Box 9612 APO AA 96377",2021-09-29
266,Tammy Silva,martinezdeborah@example.com,"1439 Austin Tunnel Port Darylburgh, CO 95222",2023-08-09
267,Karla Gomez,michael43@example.net,"64435 Miller Motorway Apt. 712 Braunville, NC 92762",2020-09-19
268,Patrick Curry,meganhernandez@example.com,"3556 Rachel Course Apt. 507 South Carolynshire, AK 28490",2021-12-02
269,Megan Bowers,zstone@example.com,"70965 Hendrix Ford Apt. 332 Mooremouth, TN 13030",2021-12-16
270,Kristin Smith,sanchezmichael@example.net,"045 Laura Mountains Alexandrabury, GU 44782",2022-04-26
271,Pamela Rose,upittman@example.org,Unit 5939 Box 7445 DPO AE 58793,2023-06-01
272,Thomas Maldonado,dylan55@example.org,"139 Katherine Causeway Patricktown, MD 33992",2022-06-06
273,Justin Hunt,ngarcia@example.com,"668 Stephen Mews South Matthewstad, TN 24122",2023-08-07
274,Timothy Rangel,amymcdowell@example.com,"37995 Tina Circles Gordonmouth, IN 21202",2022-06-24
275,Angel Thomas,pflowers@example.com,"4883 Melissa Squares Apt. 473 Campbellside, KY 66215",2021-03-14
276,Sally Hernandez,lori58@example.com,"96827 Charles Oval Timothyshire, CT 52974",2021-12-21
277,Jason Li,elliottlydia@example.com,"9213 Eduardo Passage West Joseph, ND 19122",2021-01-02
278,Donna Steele,robertrivera@example.org,"2368 Wilson Common Suite 009 Robertsonhaven, SC 47170",2022-02-15
279,Justin Harris,jamesperez@example.net,"150 Jessica Light South Michaelstad, OH 10673",2024-02-13
280,Cindy Mcbride,qwilcox@example.org,"955 Jonathan Well Apt. 191 New Jeffreybury, CO 45849",2023-05-16
281,Brian Jackson,wrobbins@example.net,"1726 Martinez Route Powersburgh, LA 21195",2020-02-07
282,Susan Burton,cpowell@example.org,"584 Frye Village Perezview, AZ 22965",2024-06-24
283,Janet Yates,alexis04@example.net,"PSC 5597, Box 3102 APO AP 99908",2020-02-26
284,Patricia Flores,psmith@example.com,"869 Decker Squares South Sarah, FL 41104",2023-04-16
285,Daniel Hunter,mjohnson@example.com,"49939 Aaron Oval Apt. 467 East Kyliemouth, VA 20414",2023-07-14
286,Zachary Knight,vwilliams@example.com,"617 Jill Hills Apt. 379 West Ronaldside, OR 62544",2021-09-15
287,Sarah Simmons,marcusbowers@example.com,USNV Conner FPO AE 70760,2022-03-13
288,Eric Martinez,ashley05@example.net,"303 Laurie Groves Suite 182 Mcdonaldview, RI 33116",2024-03-19
289,Rachael Williams,thomas94@example.net,"6150 Christopher Mountain East Joanbury, NH 58130",2021-06-13
290,Mariah Price,martintorres@example.net,"85227 Wilson Square Port Victor, LA 32133",2021-06-07
291,Robert Tanner,leahmarquez@example.com,"756 Amanda Expressway Apt. 840 East Jeffreyborough, AZ 18245",2024-09-22
292,Dominic Mclean,isaac56@example.org,"37734 Cantu Lodge New Ronnie, RI 44590",2021-07-13
293,Jennifer Paul,bucktonya@example.org,"2192 Douglas Ports South Michaelborough, NE 01826",2024-07-17
294,Tracy Reese,samanthamckinney@example.org,"90955 Whitney Viaduct Suite 364 Stoneland, NJ 85798",2021-01-18
295,Sherry Heath,marytaylor@example.com,"530 Ashlee Square Suite 838 Freemantown, NM 39839",2021-12-04
296,Gregory Ward,sanderskeith@example.org,Unit 7263 Box 0678 DPO AP 83795,2024-07-15
297,Christopher Contreras,jennifer51@example.org,"080 Amy Skyway Schmittside, SD 27439",2020-02-22
298,Dennis Boone,felicia10@example.org,"PSC 9824, Box 8772 APO AE 84066",2024-08-03
299,Benjamin Shaw,sanchezmatthew@example.net,"PSC 3959, Box 4091 APO AE 15987",2022-04-07
300,Trevor Jennings,allisonhinton@example.net,"64590 Francis Squares Jenniferhaven, KY 61922",2020-07-24
301,David Adams,christian30@example.org,"9889 Orr Ford Suite 729 Elliottborough, CA 35298",2020-10-22
302,Nicholas Salinas,frank25@example.org,"2178 Corey Ferry East Ryanmouth, LA 11495",2020-06-29
303,Elizabeth Boyle,anthony66@example.com,"247 Timothy Springs Apt. 430 Port Susan, CT 48580",2024-01-28
304,Kevin Weaver,marthatorres@example.net,"403 Kendra Brook Suite 568 Nathanberg, WA 47555",2021-02-19
305,Jonathan Gordon,bowenmary@example.net,"5541 Brooks Fords New Anthony, ND 52842",2022-06-22
306,Craig Nelson,dclark@example.net,"120 Spencer Manors Apt. 711 North Wendyton, PW 19571",2023-12-15
307,Steven Patterson,michelle03@example.net,"76122 Austin Freeway Moranview, VI 99624",2021-06-29
308,Stacey Miller,wnixon@example.com,"PSC 1074, Box 5356 APO AE 03279",2020-08-18
309,Danielle Bond,gregbrennan@example.com,"95096 Michael Crossroad Apt. 380 East Nicholaston, RI 53004",2021-11-12
310,Michelle Miller,christopher60@example.com,"156 Matthew View Apt. 937 Ericport, MH 87461",2020-09-10
311,Margaret Williams,morrisandrew@example.com,"2568 Cole Square Apt. 713 Elizabethfort, NC 15002",2022-04-04
312,Heidi Oneal,alexander18@example.net,"074 Curtis Court New Davidchester, VI 61122",2020-06-10
313,Kathryn Cox,graceholt@example.com,"623 Latoya Skyway Suite 390 East Catherineborough, NY 56915",2023-04-11
314,Keith Young,vedwards@example.com,"7525 Bell Wall Suite 318 Mollybury, MT 82087",2020-04-07
315,Christopher Christian,mary55@example.com,"73089 Elizabeth Flats Pamelamouth, HI 62531",2024-02-14
316,Elizabeth Jackson,allisonshaw@example.org,USCGC Hall FPO AE 64580,2022-07-04
317,Sandra Arnold,thomasgarcia@example.org,"08507 Nathan Lodge Jasonville, NC 70358",2021-10-28
318,Brent Oconnor,joshuathomas@example.org,"733 Reed Greens Suite 752 Craigburgh, VI 22965",2022-07-13
319,Christopher Mays,bradley45@example.net,"24487 Nielsen Causeway Robertfort, FM 25138",2024-01-15
320,Jason Simpson,rickeykennedy@example.net,"52467 Diaz Parkways Shermanport, DC 32436",2023-01-06
321,Tonya Moss,sanchezseth@example.com,"179 Douglas Court Suite 157 North Georgeton, UT 30052",2022-01-06
322,Dr. Antonio Hoffman Jr.,nicole27@example.net,"7425 Williams Crossing South Karina, RI 18026",2023-08-09
323,Katelyn Jackson,tingram@example.com,"1100 Brady Motorway Apt. 250 Lake Christine, NV 06279",2021-02-01
324,Christopher Pierce,smithlori@example.net,"759 Porter Key Apt. 916 New Brianmouth, HI 94320",2021-10-08
325,Stephen Baxter,ashley72@example.net,"725 Larson Centers North Cristina, ME 17720",2023-12-02
326,Christian Hays MD,jonesgregory@example.com,"64089 Robert Streets Apt. 617 East Amyside, WA 13559",2021-11-22
327,David Watson,janice17@example.org,"175 Howe Spurs Apt. 215 West Danieltown, FM 49471",2023-07-10
328,Paul Morrison,davidnelson@example.org,"20623 Megan Creek North Victoriaview, IN 04709",2024-07-02
329,Megan Hobbs,damon31@example.org,"287 Romero Landing West Neil, NM 31034",2020-04-25
330,Tiffany Mueller,halljonathan@example.com,"8445 Victor Roads Apt. 862 Briannaburgh, AR 90335",2022-07-15
331,Ann Williams,dmiller@example.org,"57887 Raymond Avenue Petersonmouth, PW 42574",2022-01-26
332,Jeffery Williams,morankelly@example.org,"664 Bennett Throughway Apt. 014 Moralesside, RI 13710",2023-09-16
333,Robert Adkins,kevinruiz@example.com,"8278 Jessica Mountain Suite 536 New Jefferyview, VI 20391",2021-01-11
334,Megan Pineda,theresa51@example.org,"0941 Courtney Crossroad Suite 749 West Edwin, UT 02178",2024-04-22
335,David Harris,wesleybailey@example.com,"946 Kyle Burgs Suite 371 Fitzpatrickport, MN 77286",2023-09-01
336,Joseph West,lwagner@example.net,"1703 Adam Pike Nathanmouth, MH 84947",2022-05-22
337,Mary Holmes,steven52@example.net,"9376 Rachael Pine New Kimberlyfurt, TX 06339",2022-09-15
338,Christopher Gonzales,morancesar@example.com,"7943 Bishop Club Suite 617 Juanton, CO 53210",2022-12-14
339,Christopher Gutierrez,kristywilliams@example.org,"72939 Robert Hill Lovetown, NY 43470",2021-09-27
340,Amy Gibson,alison62@example.org,"543 Christopher Forge Royborough, NY 57081",2021-02-03
341,Clayton Reese,freemanelizabeth@example.org,"19120 Helen Shores Suite 756 Smithfurt, NC 74088",2020-05-08
342,Robert Martin,kyle46@example.com,"67383 Turner Brook Apt. 480 Nathanielmouth, VT 59702",2024-09-01
343,Cynthia Cabrera,kellywilliam@example.org,"8600 Baker Place Thompsonbury, TN 09981",2023-01-19
344,Stephanie Marshall,michael03@example.com,"648 Jackson Orchard Suite 948 Jacquelinestad, TN 14570",2022-05-08
345,Joshua Carrillo,smartin@example.net,"1665 Carolyn Camp East Maria, SD 91932",2021-05-07
346,Richard Johnson,kdiaz@example.com,"15509 Jessica Extensions Apt. 106 Gonzalestown, VI 93340",2022-11-06
347,Rachel Stein,andrerobinson@example.org,"17480 Brandon Meadows Port Jennaview, GU 68577",2022-10-09
348,Rebecca Carr,gmiller@example.com,"369 Petersen Dale New Daniel, LA 95280",2020-03-15
349,Sara Brown,ujohnson@example.com,"3038 Lynn Ramp East William, PR 85816",2022-07-17
350,Don Shaw,hobbssteven@example.net,"6529 Gonzalez Dam Mooreshire, CT 96387",2021-12-02
351,Mindy Copeland,theresamarks@example.org,USCGC Bird FPO AA 50266,2023-11-19
352,Christine Hall,john68@example.net,"28337 Cole Common West Brandonshire, TN 25167",2023-03-05
353,Jeffrey Leach,kelly61@example.com,"26418 Paul Lodge Tammyborough, MO 81702",2024-04-12
354,Robert Salas,gregorydavis@example.com,"34419 Jacob Plains West Michael, FM 07080",2021-02-25
355,Laura Johnson,jameshughes@example.net,"13410 Brandy Meadow Brettshire, UT 18849",2020-01-11
356,Eric Hanson,awilliams@example.org,"2478 Lisa Square North Stephentown, MO 16700",2023-09-21
357,Marissa Wilson,alicia92@example.org,"505 Lee Crest East Kirstenbury, VI 36124",2023-06-27
358,David Gibson,gordondiane@example.net,"254 Dustin Villages Bennettmouth, FL 50028",2022-11-30
359,Diane Roberts,haynesrobert@example.org,"76740 Todd Heights Apt. 687 Mcneilchester, VI 30164",2024-03-07
360,Katherine Bruce,mariahsmith@example.org,"33640 Tina Wells Lake Christina, NE 09486",2022-06-14
361,Richard Clark,jason79@example.org,USNS Collins FPO AA 69927,2021-07-17
362,Brenda Duffy MD,ebony20@example.net,"28766 Laura Bridge Lake Christian, IA 31309",2024-07-18
363,Patricia Rodriguez,qdixon@example.net,"937 Walker Village Suite 214 Blankenshipchester, GU 79625",2021-12-19
364,Amy Kim,fosterbrandi@example.org,Unit 7843 Box 2114 DPO AE 70793,2021-03-17
365,Kristin Dean,paulcervantes@example.com,"606 Riggs Shores Apt. 901 West Michael, AL 91273",2023-09-01
366,Rebecca Carter,ricardo50@example.com,"6693 Mary Passage Suite 585 Denisechester, VI 56761",2024-03-31
367,Wendy Bates,dylan28@example.org,USCGC Hess FPO AA 62545,2023-05-13
368,John Houston,jwilliams@example.com,"31759 Weaver Fort West Tara, RI 87045",2021-05-11
369,Kelly Smith,jenniferwalton@example.com,"0843 Mueller Orchard Apt. 486 New Stephanieton, OK 51810",2024-02-04
370,Christopher Warren,gabriella22@example.net,"28852 Melissa Mountain Melissastad, NY 89441",2022-03-31
371,April Jones PhD,jeffreybenitez@example.net,"9694 Jessica Square Jessicaburgh, DC 66587",2023-06-19
372,Zachary Nichols,johnsoncarrie@example.com,"74135 Peters Pass Suite 129 East Shannon, MP 84557",2020-01-15
373,Linda Curry,gina38@example.com,"28481 Andrea Locks Port Lynnshire, UT 29772",2021-01-24
374,Kathleen Taylor,benjamin45@example.net,"8562 Leonard Well Port Bradleyland, IN 63381",2021-01-01
375,Alicia Barnes,qgarcia@example.org,"0253 Kelley Hollow Apt. 428 Mooreton, FL 39350",2021-08-15
376,Walter Molina,erin41@example.net,"6645 Meagan Fort Apt. 599 Port Kimberlyborough, MD 26423",2021-04-02
377,William Williams,melissaholmes@example.net,"670 Rachel Squares Apt. 105 Richardchester, CA 04239",2022-11-19
378,Daniel Contreras,howardbrent@example.com,"272 William Crest Suite 029 North Christopher, RI 71468",2022-04-22
379,Susan Wells,thomasnelson@example.net,"786 Maria Brook Apt. 116 Sanchezville, MA 68653",2024-09-27
380,Molly Williams,zzavala@example.net,"398 Laura Tunnel Apt. 632 Allenfurt, ID 40530",2020-07-22
381,Vanessa Fuentes,amanda95@example.net,"55702 Karen Crescent Suite 372 Batesshire, SD 38446",2024-03-09
382,Chelsea Brown,kathywilson@example.com,"2217 Miller Ridges Hooperberg, DC 39900",2021-05-05
383,Steven Castaneda,melissadavis@example.org,"0015 Christine Views South Frances, OK 42277",2020-07-14
384,Dana Lester,geraldnunez@example.org,"910 Spencer Prairie Suite 846 South Amymouth, NJ 82685",2021-03-09
385,John Brown,khamilton@example.net,"081 Carpenter Trail Suite 807 Port Elizabeth, WV 16812",2022-10-14
386,David Myers,athompson@example.org,"901 Cory Mills South Jennystad, VT 16156",2022-08-28
387,Jean Murphy,millerlauren@example.org,"92072 Howell Corner Port Tiffanyburgh, KY 30634",2023-02-08
388,Katherine Smith,hillpeter@example.org,USNV Harrington FPO AE 48037,2024-08-20
389,Paige Bradshaw,vgreen@example.org,"1240 Myers Summit Phillipstown, TN 70088",2020-04-05
390,Stephen Hurley,shaunsims@example.com,"6505 Tammy Court Apt. 873 East Samantha, AS 57697",2020-05-14
391,Charles Hernandez,david82@example.net,"2118 Kimberly View Christophertown, WA 88355",2023-07-07
392,Sarah Parks,jennifer44@example.com,"16624 Holly Loop Suite 108 West Emily, OH 65444",2022-07-19
393,Adrian Howard,scottpeterson@example.net,"30357 King Crest Lake Benjamin, AZ 98231",2021-06-29
394,Michael Freeman,amyburke@example.org,"943 Tara Rapids Brendaville, OH 94989",2023-11-15
395,Bryan Murray,brian44@example.net,USNV Barnett FPO AP 80037,2021-05-23
396,James Wright,smedina@example.com,"942 Roy Fields Marcfort, MP 12272",2021-08-06
397,Andrea Burns,salazarerica@example.net,"6640 Sonia Fort Suite 191 Welchview, PW 52364",2024-02-13
398,Alexis Moore,ycummings@example.com,"8257 Jones Camp Thompsonport, CA 91678",2023-12-12
399,Richard Rodriguez,williamsdave@example.org,Unit 4381 Box 9973 DPO AE 65857,2024-02-06
400,Erin Hayes,krose@example.org,"262 David Walks Apt. 467 West Jose, KS 68057",2020-03-07
401,Melissa Anderson,melanie28@example.org,"120 Mendez Stream Suite 149 New Todd, MA 01294",2022-07-08
402,Jessica Taylor,jonesjohn@example.net,Unit 4549 Box 0866 DPO AA 18873,2021-05-05
403,Morgan Rush,xli@example.org,"4610 Emily Radial Leahmouth, MP 34137",2020-04-16
404,Preston Wise,hillmatthew@example.org,"402 Ashley Corners Suite 620 Williamburgh, MI 59243",2024-01-18
405,Catherine Austin,timothy84@example.net,"38418 Campbell Junction Carterchester, UT 48968",2024-02-16
406,Sherri Gill,hlowe@example.com,"406 Evans Turnpike Apt. 864 West Kelseyton, ME 27192",2020-02-22
407,Julia Ritter,brandon91@example.net,"9451 Alvarez Glens North Jacqueline, MA 98814",2022-08-25
408,Dr. Allen Williams,sullivanstephanie@example.org,"8009 Hammond Plain Robertochester, AK 46974",2020-12-11
409,Jodi Harper,valerie87@example.com,"PSC 5076, Box 7116 APO AA 27347",2020-09-19
410,Richard Hensley,edward07@example.net,"169 Williams Ridge East Phillip, MT 74562",2020-01-22
411,Robert Brown,robertsonmarie@example.com,"2682 Kelsey Springs Apt. 832 Brownborough, NM 82908",2023-03-14
412,Elizabeth Bennett,natalie15@example.com,"03091 Leonard Ways Suite 039 West David, ME 38355",2020-08-11
413,Ricky Pratt,tburton@example.com,"34201 Miller Trail Kathleenstad, CT 60140",2021-04-12
414,Thomas French,danielcampbell@example.org,"810 Jessica Isle Suite 477 Lake Kimberlybury, WY 87128",2022-07-24
415,Connie Moore,cory80@example.org,"630 Leah Forks Suite 905 North Jennifer, AL 41586",2024-08-08
416,Amber Matthews,zfernandez@example.net,Unit 3574 Box 9115 DPO AP 83403,2021-10-23
417,Richard Hernandez,murphybrittany@example.net,Unit 7828 Box 3639 DPO AA 02873,2024-08-18
418,Thomas Jones,taylortucker@example.org,USCGC Chung FPO AE 49927,2024-05-21
419,Brooke Patel,lrojas@example.org,"689 Andrew Wells Suite 430 South Frank, NV 55474",2020-11-15
420,Jennifer Gonzalez,joshua53@example.com,"57255 Beverly Harbor Suite 987 Woodfort, MA 83299",2020-10-18
421,Tiffany Kaufman,seangardner@example.org,"5349 Anna Groves Kimberlyview, VI 63761",2024-04-04
422,James Mayo,riddlerebecca@example.org,"154 Tracy Stravenue Martinfort, NC 26507",2020-07-03
423,Diana Wright,wendy30@example.org,"204 Robert Lodge Apt. 142 Port Jesseview, MD 55715",2023-07-24
424,Timothy Hughes,nharding@example.org,USS Moore FPO AE 64963,2020-01-16
425,Shari Mann,andrew25@example.org,"779 Carter Tunnel Apt. 766 Littleburgh, DC 28771",2020-11-08
426,Deborah Ruiz,rgonzales@example.net,"34517 Derrick Haven Apt. 345 New Richard, WV 46450",2022-02-12
427,Carol Nelson,fcowan@example.net,"77990 Buchanan Street Apt. 393 Turnerhaven, MP 18462",2020-02-02
428,Stanley Smith,mturner@example.com,Unit 0924 Box 3286 DPO AA 32344,2021-03-13
429,Hannah Hall,bartlettbryan@example.org,"901 Mary Pines Port Danielton, PR 57277",2023-02-14
430,Dillon Howell DDS,amy88@example.com,"4420 Shannon Squares Hodgesberg, GU 56472",2022-08-29
431,Aaron Henderson,christinesmith@example.net,"2327 Kevin Views New Eduardo, NJ 95806",2023-02-26
432,Brian Johnson,coxmichael@example.org,"9438 Krueger Union Suite 997 North Lisa, KS 21605",2023-03-01
433,Michael Davis,juliemiller@example.org,"041 Andrew Spur West Matthew, NC 78830",2021-10-24
434,Vickie White,wbarker@example.org,"945 Stephanie Ranch Suite 217 Williamshaven, MN 68027",2023-03-05
435,Zachary Reyes,john44@example.org,"5118 Thomas Inlet Apt. 001 Theodoreville, NC 28403",2023-11-22
436,Stacey Miller,amy66@example.net,"PSC 6790, Box 5302 APO AE 07700",2020-09-24
437,Susan Johnson,jonespatrick@example.net,"31867 Franklin Terrace Suite 276 Ashleyborough, AK 11041",2022-02-23
438,Gene Figueroa,ashleyhall@example.org,"457 Henry Port Suite 162 Lake Shawn, PR 51921",2020-02-28
439,Melissa Bryant,mrusso@example.net,Unit 1666 Box 1847 DPO AE 00936,2024-04-17
440,Bryan Watts,martinchelsea@example.net,"858 Joseph Point Suite 460 Tatehaven, OK 35428",2023-01-06
441,Melissa Butler,thomasjessica@example.com,"812 Castro Curve Lisabury, MP 09885",2024-04-28
442,Cynthia Thomas,todd54@example.net,USS Mcintosh FPO AE 88440,2022-07-26
443,Michael Harrison,mercadorobert@example.com,"6976 Richard Brooks Suite 823 Sabrinaland, NV 95122",2022-03-12
444,Victor Ramirez,douglasmatthews@example.org,"893 Donna Bypass Port Kylefurt, MS 49581",2022-07-03
445,Rebecca Williams,kathleenclayton@example.com,"9549 Salinas Station Suite 220 Saunderstown, AL 87510",2021-12-12
446,Leah Williams,flara@example.org,"8996 Maria Mountains South Robert, NY 39243",2022-08-31
447,Wesley Young,valenzuelapaul@example.org,"1434 Betty Island Suite 693 Stephenville, IL 99526",2024-08-16
448,Christina Le,oburton@example.com,"3927 Waters Ranch Carterside, IL 80488",2023-06-15
449,Rhonda Oneill,kaylagarcia@example.net,"4923 Christopher Mountain Apt. 442 Adamton, OR 71721",2024-03-03
450,Amy Sullivan,baldwingregory@example.net,USNV Simon FPO AE 56818,2023-12-20
451,Kelly Gonzalez,zdaugherty@example.net,"PSC 3622, Box 2328 APO AE 38165",2022-08-23
452,Shelley Thompson,christopher38@example.net,"79861 Carr Pines Suite 441 North Nicole, AK 10849",2021-02-04
453,David Bennett,andrew72@example.com,"354 Mcdaniel Canyon Suite 898 South Jimmouth, VI 13167",2021-03-28
454,Jermaine Butler,dorothy70@example.com,"5125 Hernandez Row Reynoldsport, PW 04917",2021-03-26
455,Amy Griffith,richardmosley@example.org,"57406 Crawford Courts Matthewsburgh, CT 03610",2020-10-10
456,Laura Wallace,qmiller@example.net,"42481 Cohen Spur Silvamouth, MN 28609",2021-03-27
457,Joseph Carter,dmartin@example.org,"38176 Elliott Hollow South Fredton, ME 78651",2022-08-06
458,Jeremy Simmons,mariahmiller@example.net,"2627 Lopez Mountain Lake Michaeltown, MA 45167",2020-11-29
459,Daniel Lee,xcampbell@example.net,"20609 Wallace Point New Danielle, LA 91653",2024-03-14
460,Brittany Walters,elizabethhenry@example.org,"123 Moreno Parkway New Patricia, ME 45840",2021-09-02
461,James Elliott,willispaul@example.org,"823 Brown Junctions Suite 024 Saraside, VA 52691",2024-09-06
462,Jeremiah Castillo,jenniferellis@example.com,"12221 Jennifer Groves Kennedymouth, AL 64269",2023-01-24
463,Dawn Hines,xaustin@example.net,"05480 Richard Mountains Suite 305 East Carltown, NE 85172",2022-08-28
464,William Wagner,rayeric@example.net,"0585 Mata Ways Apt. 006 Christopherview, DE 49760",2021-11-27
465,Brittany Guzman,dustinhays@example.org,"6754 Hogan Turnpike West James, NV 88777",2024-08-15
466,Kevin Price,thomasprince@example.net,"9081 Rebecca Cliff Suite 359 Turnerville, MN 15201",2021-02-19
467,Nicole Rose,williamsthomas@example.com,"109 Gates Meadows Apt. 910 Lake Kevinland, LA 69947",2022-02-25
468,Timothy Aguirre,moorerobert@example.com,"116 Neal Oval Natashaside, OH 33280",2023-07-08
469,William Williams,joyceandrea@example.net,"PSC 6949, Box 7859 APO AA 63174",2021-11-07
470,Justin Guerra,emily74@example.com,"03653 Jesse Walks Apt. 325 Lake Adamborough, DC 12505",2024-03-17
471,Paige Gutierrez,michael43@example.org,"19783 Small Mills Suite 617 Mooremouth, WA 15892",2021-11-11
472,Kayla Green,zhall@example.org,"2330 Delgado Knolls Suite 898 Martinezton, AR 36980",2022-05-01
473,Marcus Morgan,snyderteresa@example.net,"74709 Dalton Lakes Suite 290 Frankborough, WV 41848",2021-01-11
474,Shane Bowen,weavermichael@example.com,"28923 Harris Knoll Lake Annette, AS 22713",2021-01-31
475,Patricia Peck,tcurtis@example.org,"076 Reeves Circles Sarahmouth, MP 82026",2022-10-15
476,Dawn Jones,nicole46@example.org,"368 Lynn Port Suite 755 South Carolyn, MS 27208",2022-06-14
477,Joshua Aguirre,lileroy@example.net,"245 Rachel Glens Suite 710 Lake Jamesbury, RI 47071",2023-10-09
478,Michael Bradley,richard95@example.com,"944 Kathleen Point South Jessicamouth, WV 71708",2024-08-27
479,Morgan Burgess,whiteshawn@example.com,"74316 Antonio Coves East Jessica, OH 86944",2021-11-30
480,Cynthia Haney,krystal72@example.com,"409 Dillon Fall Suite 821 Gonzaleztown, AK 93756",2020-10-07
481,Christopher Hernandez,ohammond@example.com,"42806 Melissa Valleys East Rebecca, GA 76300",2021-11-02
482,Joseph Stanton,kimjodi@example.com,"60884 Eric Dale Apt. 994 West Heather, OR 46440",2023-07-30
483,Nicole Cannon,gonzalezolivia@example.org,"714 Nicholas Groves Apt. 159 West Patrick, MH 96408",2024-05-31
484,Heather White,james63@example.com,"56069 Patrick Burgs Suite 068 East David, WA 01442",2022-04-13
485,Xavier Weber,melissacervantes@example.org,"8316 Brown Parkways New Ebony, IL 54262",2020-07-05
486,Jared Sawyer,tracy94@example.org,"77672 Bailey Curve Apt. 272 North Lisa, NM 18756",2021-01-06
487,Robert Mullins,andrew15@example.net,"913 Perez Bridge Suite 406 Lake Mandytown, TX 47741",2021-09-18
488,Jacqueline Graham,lindsayswanson@example.org,"22923 Dylan Burg Apt. 853 Romeroberg, MO 39518",2020-12-30
489,Jody Miles,marcus32@example.org,"PSC 8753, Box 7763 APO AE 93423",2022-05-31
490,Robert Parsons,david78@example.org,"081 Williams Valley Apt. 880 Lake Heatherton, MI 17312",2023-11-06
491,David Garcia,richard81@example.com,"388 Nielsen Fort Apt. 723 East Paula, WA 37198",2023-03-18
492,Meghan Warren,ericmack@example.net,"89022 Lawson Light Apt. 506 Wadechester, WI 61756",2024-08-04
493,Walter Kennedy,austinwilliams@example.org,"1169 Jeremy Ford Blakebury, FM 85768",2020-03-27
494,Stacy Wood,williambennett@example.org,Unit 4845 Box 3346 DPO AA 48300,2024-04-04
495,Jon Williams,vsantos@example.com,"6596 Day Curve Port Darrell, CT 19292",2022-03-11
496,Adam Mcfarland,julielong@example.com,"PSC 1646, Box 7992 APO AP 46150",2021-07-13
497,Scott Stewart,ericlynch@example.com,Unit 9471 Box 1864 DPO AP 35635,2020-07-30
498,Bradley Wilcox,wsmith@example.net,"8718 Bates Manor Lisabury, CO 49846",2023-05-07
499,Julie Carter,danavaughn@example.org,"PSC 5368, Box 5618 APO AA 05003",2021-09-10
500,Brian Lawson,changkatie@example.org,"732 Harmon Heights Marcusstad, NC 21247",2023-03-11
