id,name,email,address,date_joined
1,Holly Lane,ebowman@example.com,"447 Flores Spring Suite 280 Lake Travisside, IA 94027",2021-12-20
2,Brett Cameron,kelseykramer@example.org,Unit 4179 Box 5050 DPO AE 05438,2022-12-10
3,Heather Murray,vanessapotter@example.com,USNV Smith FPO AE 79352,2023-08-14
4,Matthew Eaton,vharrison@example.net,"8976 Jason Junction New Seanview, CA 87080",2022-12-28
5,Matthew Moore,vanessa11@example.org,"73401 Zimmerman Ranch Apt. 894 Philiphaven, SD 03856",2020-07-17
6,Shelby Sampson,rodneyortiz@example.org,"66296 Ray Mountain Thompsonview, WA 22481",2024-07-18
7,Lisa Wong,john97@example.net,"6015 Khan Shoals Mooreburgh, WA 12191",2021-07-08
8,Seth Edwards,lindseyjulie@example.com,"8176 Williams Union Apt. 928 New Sethtown, CT 51245",2024-01-06
9,Jennifer Williams,lauren60@example.org,USS Porter FPO AE 30900,2023-10-24
10,Jason Taylor,allison70@example.org,"254 Soto Ferry Suite 025 North Madisonfort, HI 74768",2023-03-03
11,Robert Hill,spencer12@example.net,"66419 Daniel Gateway Taylormouth, MP 33739",2021-08-21
12,Sara Coleman,crogers@example.net,"00609 Jennifer Orchard Darlenefort, CT 95186",2022-09-03
13,Scott Perry,rodriguezdaniel@example.org,"67858 Rodriguez Islands Suite 821 North Brandi, TX 44184",2023-04-21
14,Scott Casey,charles37@example.com,"2905 Myers Cove Port Johnshire, VT 88115",2023-03-15
15,Nicholas Banks,econner@example.org,"9499 Herrera Fields Apt. 132 New Paulmouth, AZ 89957",2023-01-16
16,Amber Burnett,amandafrench@example.org,"125 Hernandez Mill Apt. 615 East Jaimestad, MT 73881",2023-01-13
17,Ruben Torres,luis79@example.com,"43987 Jared Landing Aarontown, GU 53830",2023-08-16
18,Amanda Steele,torreschristopher@example.org,"4277 Alvarez Land North Jennifer, PA 68219",2023-06-01
19,Seth Oneal,timothy04@example.net,"1278 Wayne Mews North Kaylahaven, NC 06833",2020-05-23
20,Mary Young,john65@example.net,"6601 Kelsey Neck Apt. 810 Abbotttown, SC 73956",2023-01-08
21,Ronnie Bryant,bryan97@example.net,"294 Bennett Walks Apt. 416 West Shirley, AK 87634",2022-10-25
22,Alexandra Lee,sarahstrickland@example.com,"66823 Zachary Lodge Suite 830 West Sarahview, AK 78775",2021-07-30
23,George Jensen,angelareeves@example.com,"5593 Casey Villages Mileshaven, UT 70761",2023-06-27
24,Steven Allen,abbottjacob@example.net,"211 Lewis Valley Apt. 620 New Stephanie, FL 41595",2023-10-11
25,Ronald Johnson Jr.,codyhorton@example.net,"562 Parker Villages Suite 242 South Jessica, PR 38694",2021-12-19
26,Lori York,pricerandy@example.net,"042 Freeman Passage Suite 037 Yatesville, MP 32675",2022-12-18
27,Amy Klein,qspears@example.org,"7275 Loretta Brook Apt. 298 Matthewborough, OR 58076",2021-11-13
28,Karen Hale,derekcarpenter@example.com,"51473 Rivera Pike Apt. 987 East Justin, AS 60250",2023-09-16
29,James Wright,paulellis@example.org,"9964 William Isle North William, ID 34148",2020-05-25
30,Katelyn Shepard,deborah51@example.com,"45569 Russell Burg Suite 141 East Lee, ND 73497",2022-01-23
31,Jodi Hill,jacquelinehawkins@example.net,"6129 Tiffany Prairie Ramoshaven, HI 62288",2022-01-23
32,Kent Joseph,millersara@example.net,"868 Jesus Landing North Elizabeth, TN 31236",2020-12-18
33,Amanda Burton,colemankaren@example.net,"343 Amanda Haven Suite 596 Leeberg, KS 28869",2024-01-15
34,Melissa Buck,jamesgarrett@example.org,"9909 Davidson Pass Murrayfurt, OH 59199",2024-06-14
35,Haley Mendoza,donna43@example.org,"4224 Chelsea Plaza Brianview, NY 67315",2023-02-14
36,Jessica Lambert,tracy25@example.com,"375 Stephanie Valleys Apt. 029 Port Richardberg, VI 88647",2022-03-15
37,Jennifer Smith,johnsondeanna@example.com,"2029 Stephanie Turnpike New Elizabeth, WV 60486",2022-05-19
38,Antonio Gutierrez,jeromejimenez@example.com,"285 James Meadows Suite 099 Wrightstad, AS 08201",2024-03-13
39,Barbara Perez,jnichols@example.net,"19745 Roberta Unions Apt. 565 North Robert, ME 00792",2020-07-30
40,Oscar Bullock,ghunt@example.com,"PSC 3404, Box 2360 APO AP 35804",2020-11-04
41,Alyssa Rivera,kirktorres@example.com,"4323 Wyatt Isle Suite 218 Marshallfurt, MH 79885",2023-08-13
42,Ethan Estrada,myerszachary@example.com,"674 Dana Forks Andersonton, MO 25592",2022-05-03
43,Lori Williams,donnasanders@example.com,"451 Reilly Fork East Johnmouth, MI 98615",2022-01-07
44,Riley Cameron,kayla76@example.net,"PSC 0002, Box 2275 APO AA 83543",2023-03-11
45,Gina Brennan,charles15@example.net,"250 Nathaniel Squares Suite 861 Riverafort, DC 85620",2023-10-16
46,Shelly Navarro,travisgonzalez@example.org,"084 Jennifer Spurs Suite 975 Collinsside, GA 83264",2024-07-16
47,Stephanie Smith,cdawson@example.org,"23264 Colton Falls Dickersonburgh, WY 29398",2024-09-10
48,Gary Hardy,patriciaosborne@example.org,"8605 Jason Estates Ericabury, LA 25609",2022-07-21
49,Christopher Hayes,aaronfreeman@example.org,"870 Stacy Grove Apt. 994 Joneschester, VT 36704",2022-05-06
50,Emily Contreras,chasecraig@example.com,Unit 1501 Box 2604 DPO AP 61524,2023-01-25
51,Ryan Nelson,javiergonzales@example.org,"54694 Travis Curve East Christopherberg, FL 47355",2023-06-29
52,Timothy Moses,mbranch@example.net,"444 Howard Branch Micheleberg, CO 57420",2024-02-15
53,Dustin Jordan,kimberlyjames@example.org,"7917 Simpson Forge Suite 119 Lake Nataliemouth, FM 36037",2024-08-23
54,Nicole Haney,kreed@example.com,"035 Kristi Well Donnamouth, PA 14747",2020-11-23
55,Veronica Hart,janet43@example.com,"6878 Benjamin Curve North Jenniferbury, MA 29616",2022-06-14
56,William Hamilton,whitebenjamin@example.net,"1634 Eric Forges Suite 435 Owenschester, WV 46142",2022-09-19
57,Samuel Reeves,villakyle@example.org,"34964 Miller Ferry North Lindsey, MH 02737",2022-10-20
58,Bradley Adams,lsmith@example.com,"41685 Heath Points East Sierra, FM 46550",2021-06-08
59,Claire Williams,jhorne@example.net,USS Jennings FPO AA 14513,2022-03-13
60,Anthony Jackson,cbrown@example.org,"53656 Brady Path Apt. 663 Aaronmouth, ME 32373",2023-02-08
61,John Gonzalez,mckeejames@example.com,"389 Avila Hill Suite 590 Patrickmouth, TN 24524",2022-09-22
62,Jonathan Jordan,regina34@example.com,"358 Pope Estate South Sarahhaven, KY 27887",2020-06-23
63,Catherine Martinez,michelelozano@example.net,"499 Davies Field West Amandamouth, MS 08307",2021-03-14
64,Elizabeth Meyer,ssanchez@example.com,"210 Osborn Spur Apt. 228 Williambury, VT 15318",2021-06-10
65,Natalie Burton,myersgina@example.net,"69472 Underwood Light Apt. 988 Port Anne, VA 24269",2020-09-06
66,Michelle Wilson,jacqueline80@example.net,"PSC 5406, Box 5269 APO AA 29440",2020-10-27
67,Alexander Garcia,tflowers@example.com,"14895 Hopkins Summit Mataton, LA 72764",2021-09-10
68,Robert Cook,jonathanfox@example.com,"228 Garcia Tunnel Thomasmouth, TX 37131",2021-06-02
69,Amy Gonzalez,smithrobert@example.org,"8971 Rice Brooks Nancymouth, VI 12031",2020-01-19
70,John Williams,tonyknox@example.org,"1600 Brenda Bridge Lake Steven, AL 19106",2021-02-25
71,James Morris,carol76@example.org,Unit 2983 Box 1236 DPO AE 32759,2020-06-14
72,Donald Martinez,moyerdanny@example.com,"318 Chase Lights Apt. 952 Bryanmouth, MT 37487",2024-01-08
73,James Mcmahon,matthew85@example.org,"39853 Christy Glens Matthewborough, PR 39783",2021-09-12
74,Samantha Rodriguez,mburns@example.net,"15072 Juan Cliff Apt. 626 West Valerie, ND 46051",2021-05-12
75,Christopher Logan,jamesgarza@example.org,"10037 Elizabeth Lodge Apt. 258 Rileytown, IL 98693",2023-02-20
76,Spencer Washington,esmith@example.net,"0750 Jeffrey Haven Apt. 492 Lukeview, NY 52052",2023-09-15
77,Jared Stone,patricia51@example.org,"53280 Hubbard Vista South Charles, MN 11544",2020-10-29
78,Adrian Moreno,tjordan@example.com,"7640 Zachary Union Suite 705 Lunafort, AL 44220",2022-07-10
79,David Camacho,nicholascurry@example.com,"3529 Thomas Island South James, NE 25540",2024-07-24
80,Brandon Brewer,kyle01@example.org,"57413 Shaffer Point East Richardfort, FM 33997",2021-12-15
81,John Davis,bhooper@example.net,"0279 Sarah Crest Suite 006 Lake Henry, MP 72748",2023-09-11
82,Jill Nguyen,lindseycrystal@example.org,"52363 Dixon Gateway Suite 544 East Paige, KS 35622",2022-05-30
83,Dr. Michelle Reyes,contrerasmichael@example.org,"72402 Austin Vista Apt. 925 Denisestad, AR 09500",2022-02-22
84,Ronald Lee,meghanhayden@example.com,"45110 Suzanne Lakes Apt. 791 North Kiara, MA 56435",2022-04-14
85,Barbara Shaffer,anthony50@example.com,"233 Donald Views Lake Kevinchester, PR 14237",2023-02-16
86,Michael Shepard,karen65@example.org,"717 Allen Inlet Apt. 884 South Phillipmouth, TN 31212",2023-08-19
87,Leon Mclaughlin,gary33@example.org,"123 Barajas Heights Apt. 443 Christopherstad, AK 43122",2023-10-09
88,Benjamin Tate,ryan06@example.org,"99573 Lopez Shores West Sherri, SC 03149",2020-11-13
89,Jasmine Martin,wsimmons@example.com,"7630 Jonathan Corners West Terri, RI 06124",2024-04-08
90,Caleb Day,thompsonjohn@example.net,"085 Garcia Valley Port Billyburgh, RI 99200",2024-03-09
91,Stephen Massey,kyle49@example.net,"480 Sylvia Mill Apt. 034 Port Tyler, DC 86918",2021-12-05
92,Michael Johnson,susan12@example.com,"41872 Butler Parkways Sharonland, NJ 87985",2021-04-15
93,David Caldwell DVM,johnreid@example.org,"PSC 7082, Box 1441 APO AP 70995",2020-11-18
94,Jennifer Collins,townsendkelsey@example.net,"545 Gilbert Station Vasquezport, MH 29412",2023-12-28
95,Michael Jordan,melissamartinez@example.org,"729 Elliott Island Apt. 036 Camposchester, CO 95771",2024-03-28
96,Sherri Smith,denisegreen@example.net,"155 Gregory Inlet Apt. 506 Rangelmouth, WV 99419",2021-06-20
97,Justin Brown,bradymonica@example.net,"44927 Daniel Forges Suite 702 Paulton, LA 56618",2022-01-15
98,Ryan Miranda,carolinebrown@example.net,"845 Michele Drive South Paula, PA 15256",2021-06-29
99,Oscar Avila,smithmark@example.net,"83877 Emily Track North Gabrielland, ND 31309",2022-06-27
100,Randall Bell,qbennett@example.org,"8282 Justin Drive Suite 813 Atkinsonborough, NM 15536",2022-10-07
101,Kimberly Garcia,diazjames@example.net,"529 Jeffrey Burg Apt. 387 East Micheal, NE 49578",2020-02-14
102,Eric Gonzalez,tyleramanda@example.com,"4944 Nicholson Lodge Kristinaburgh, TX 67203",2021-11-23
103,Paul Reynolds,kelseyallison@example.com,"1989 Samantha Springs Suite 134 Burtonside, VI 45848",2022-05-22
104,Kristi Rosales,gillheather@example.net,"82716 Davis Streets Apt. 959 Lake Alan, WI 73132",2020-11-23
105,Bradley Barrett,matthewthompson@example.com,"474 Mary Springs Suite 252 New Ritastad, GA 89557",2021-09-28
106,Joyce Rich,ltodd@example.org,"760 Smith Manor Stephaniefort, WI 53193",2022-10-18
107,Thomas Pope,benjamin35@example.org,"37125 Sabrina Oval Suite 370 Lake Mariaview, WI 00828",2022-02-11
108,Austin Luna,lopezbenjamin@example.net,USS Gentry FPO AE 21166,2024-07-28
109,Mark Snyder,andrewsthomas@example.com,"854 Sharp Keys South Christina, NH 76489",2023-04-22
110,Dr. Cameron Kennedy,frank46@example.net,"3194 Maxwell Drive Port Evelynport, GU 43326",2023-09-14
111,James Lee,nbridges@example.org,"410 Jimmy Views Coreyside, VA 22549",2022-03-10
112,Jared Pacheco,paulwinters@example.com,"19021 Tran Knoll Wellsshire, VI 92521",2023-11-17
113,Angela Osborne,piercekelly@example.org,"4376 Andrew Shoal Suite 697 Wheelerberg, OK 81215",2023-05-09
114,Thomas Smith,lphelps@example.net,"481 Steve Locks Apt. 164 Lake Michellechester, CA 13473",2021-05-26
115,James White,daniel33@example.org,"49473 White Light Apt. 204 West Davidfurt, IA 36202",2023-05-05
116,Julian Sullivan,jeffrey63@example.net,"4357 Allen Viaduct East William, LA 84636",2023-08-20
117,John Cox,tina53@example.net,"41544 Tucker Trail Apt. 326 Jenniferborough, DE 17604",2020-12-16
118,Robert Small,loweryjames@example.net,"6051 Hunt Flat Apt. 886 Cruzburgh, WV 74690",2023-06-01
119,Matthew Nash,gibsonjessica@example.com,"0775 Walker Curve Suite 482 Brittanyton, MD 28043",2021-11-26
120,Robert Davis,nhanson@example.com,"65568 Jacob Radial Apt. 788 Tinatown, WY 69736",2022-12-23
121,Renee Bridges,douglasrivera@example.net,"47236 Romero Inlet Stevenborough, KS 43974",2020-03-24
122,Candice Fernandez,bryangillespie@example.net,"14181 Denise Motorway Suite 416 West Marieland, OK 56460",2022-10-10
123,John Carpenter,donald80@example.com,"02280 Lane Radial Davidfurt, OR 76192",2022-01-06
124,Douglas Rodriguez,mario21@example.org,"131 Crawford Square Apt. 873 West Priscilla, KY 15963",2024-02-06
125,Leon Moore,smiddleton@example.com,"89871 Benjamin Route Suite 943 Markmouth, AR 02102",2023-02-12
126,Linda Bradshaw,eddie41@example.org,"64835 Stephanie Circles Lake Donna, IL 23360",2024-04-13
127,Dylan Bryant,kelly25@example.com,"8387 Kelly Forges Ortizshire, UT 53045",2023-03-01
128,Matthew Brown,hilltammy@example.com,"76930 Michael Landing Apt. 786 Annebury, WV 48284",2023-03-14
129,Darren Ramos,hmorris@example.com,"636 Brown Terrace West Sherriborough, AS 40495",2021-03-26
130,Dawn Thomas,sean99@example.net,"358 Jenna Parkway Apt. 884 West Rhondahaven, ND 67081",2021-04-20
131,Kayla Abbott,kimday@example.com,"70410 Katrina Skyway Suite 478 Burtonbury, MP 27589",2020-04-09
132,Joseph Jackson,diane66@example.net,"283 Sullivan Spring Mccoyfurt, NY 25667",2020-08-04
133,John Russo,lnguyen@example.net,"076 Duane Harbors Apt. 404 New Danielbury, AS 67562",2022-04-28
134,Charles Graham,ywilliams@example.com,"54352 Mcdonald Pine North Veronicaport, NV 12202",2022-08-21
135,Steven Reed,stephanierogers@example.net,"26496 Michael Shoal New Janet, NY 60351",2021-06-29
136,Adam Norman,levi33@example.org,"8363 Powell Common Apt. 766 North Heather, NM 24899",2022-07-11
137,Nancy Robertson,xblack@example.com,"PSC 9858, Box 2235 APO AA 09320",2020-01-09
138,Daniel Knox,abowen@example.org,Unit 5116 Box 5719 DPO AE 25358,2020-09-16
139,Daniel Woodward,gturner@example.com,"2537 Shannon Port Apt. 928 North Masonside, FL 99373",2021-08-21
140,Amber Bowman,grahamelizabeth@example.com,"77453 Wang Isle Apt. 414 Lake Nicole, WY 81784",2021-08-31
141,James Smith,bonnie63@example.net,"6022 Knight Mountain Suite 651 Rioschester, MA 76080",2024-09-21
142,April Owen,davidrodriguez@example.net,"68199 Anthony Meadow Suite 288 Rachaelmouth, PR 47981",2024-10-01
143,Shirley White,danamiller@example.net,"6224 Steven Terrace New Alexanderfurt, ND 17315",2023-08-26
144,Eric Fields,zsimmons@example.com,"84577 Elizabeth Court Apt. 047 East Makayla, NY 50783",2021-04-10
145,Sean Green,jeffery70@example.net,"3925 Perez Terrace Suite 623 Hartfurt, GA 90292",2024-01-30
146,Sarah Le,nelsonjuan@example.org,"80985 Tyler Harbors Apt. 326 West Sydney, WY 95651",2022-10-19
147,Amanda Cole,dianawhite@example.org,Unit 1409 Box 5648 DPO AE 46985,2023-07-10
148,Kimberly Floyd,mcconnelldawn@example.com,"7153 Miller Mission Apt. 401 Martinborough, SD 96779",2021-11-26
149,Brittany Davis,lisahobbs@example.org,"109 Natalie River South Carl, ME 73535",2021-04-22
150,Laura Hill,brian67@example.com,"835 Baker Throughway Suite 117 Loriport, NC 03913",2023-09-24
151,Lynn Wilson,johnsmith@example.net,"7467 Johnson Villages Apt. 216 Lake Tylerberg, CA 56283",2022-06-13
152,Zachary Taylor,thomas56@example.org,"5320 Deanna Skyway East Joshuahaven, PW 66884",2020-05-16
153,Justin Campbell,gwallace@example.net,"0544 Leslie Square Suite 758 West Christyport, KY 93046",2021-05-10
154,Megan Kelly,tiffanyscott@example.com,"8428 Park Lane Port Fernando, NY 80238",2021-11-02
155,Derek Boyd,pwright@example.net,"460 Quinn Springs New Elizabethberg, DE 17768",2020-08-14
156,Adrian Luna,norrisjeffrey@example.org,"8200 Castro Station Lake Amberfurt, KS 13176",2023-06-11
157,James Frost,stewartmercedes@example.net,"335 Brian Mountain Apt. 669 Danachester, IL 44535",2022-04-02
158,John Stout,jessica26@example.org,"04862 Williams Square East Jessicafurt, NH 21297",2020-06-13
159,Dustin Marquez,fclark@example.org,Unit 5132 Box 6857 DPO AE 87636,2022-02-14
160,Krista Turner,amanda05@example.org,"765 Matthew Cliff Pagemouth, GU 85624",2022-07-08
161,Sherry Ward,melanie96@example.org,"793 Williams Estates Apt. 387 West Larry, MD 13125",2020-06-26
162,Kevin Wagner,harrisongeorge@example.org,"356 Morgan Canyon Robertshire, PA 19241",2020-12-18
163,Mary Sandoval,hansonalice@example.com,"53993 Joshua Loop New Jeffreyberg, SD 57722",2021-10-21
164,Deborah Maddox,allen42@example.com,"57757 Wood Point Suite 361 North Wanda, AK 86714",2024-06-14
165,Heather Thompson,hsweeney@example.net,Unit 6272 Box 4581 DPO AP 73574,2021-07-05
166,Danielle Jackson,johnsonrobert@example.net,"0821 Marshall Skyway Port Ethan, AR 62660",2021-10-26
167,Jennifer Carter,gallagherstephen@example.net,"20297 Kelly Land Suite 756 Samuelshire, MT 30569",2023-11-24
168,Christopher Richardson,mauricemcintosh@example.com,"3084 Michelle Meadows Welchside, WY 40468",2022-07-16
169,Natasha Jones,liugary@example.org,"52145 Rojas Trafficway Jonesmouth, PA 61751",2022-04-03
170,Jennifer Curry,ericanavarro@example.com,"38215 Richard Roads Suite 154 East Melindamouth, NC 01871",2021-10-03
171,Harry Anderson,bryanbarnett@example.org,"38650 Brian Station Suite 751 Charlesfort, MT 74687",2021-02-20
172,Terry Vargas,calvin16@example.com,"46627 William Island Apt. 595 Sarahmouth, NJ 01569",2023-03-27
173,Sandra Johnson,samuel33@example.com,"3426 Jennifer Roads Suite 356 East Bryanview, MN 85680",2021-11-26
174,Shannon Cooper,saunderskatrina@example.com,"PSC 7540, Box 3059 APO AE 45383",2021-12-29
175,Michael Mccoy,tonyagibson@example.com,"446 Benjamin Fall Suite 409 West Shannonberg, NY 33748",2020-07-21
176,Jason White,pbarr@example.com,"71744 Heather Forges Apt. 591 South Emilyfort, UT 10983",2021-10-28
177,Melinda Ward,popetiffany@example.org,Unit 8957 Box 7605 DPO AP 44297,2024-02-29
178,Craig Day,christopherkennedy@example.net,"7079 Amy Point East Richard, IA 84414",2021-11-09
179,Shannon Mendoza,martin48@example.org,"2490 Turner Fort Suite 564 Brandthaven, MS 57441",2023-04-26
180,Tonya Daniels MD,ryanwilliam@example.org,"246 Campbell Estates Apt. 272 West Sherriside, TN 21050",2024-10-03
181,Gregory Clarke,charles16@example.net,"98884 Ryan Parks Oliviaberg, KY 26094",2021-11-28
182,Joshua Jarvis,cblake@example.net,"93919 Webb Knolls South Davidburgh, MO 45686",2023-07-25
183,Morgan Lin,mahoneycarol@example.org,"35737 Ewing Squares Pittmanfurt, MT 45282",2024-06-25
184,Patricia Ellis,omclaughlin@example.org,"97512 Thomas Circles Suite 587 Davidport, MI 46193",2022-08-26
185,Garrett Griffith,briangarcia@example.org,"82413 Richard Shores Baileyborough, MD 43863",2024-07-22
186,Bradley Wilcox,hperez@example.net,"909 Shepard Greens Suite 188 Thompsontown, NJ 66444",2023-06-04
187,Randy Herrera,ballison@example.org,USCGC Griffin FPO AA 37534,2022-03-17
188,Brianna Wagner,wlewis@example.com,"580 Moore Forges Apt. 239 Ronnieburgh, MI 38599",2024-09-18
189,Michelle Wilson,fletchervincent@example.com,"891 Matthew Spurs Apt. 282 Taylorburgh, IA 76213",2024-05-28
190,James Deleon,caldwellleah@example.org,"88272 John Corners South Williamhaven, CA 20323",2020-06-04
191,Angela Roberts,lawrence10@example.org,"37288 Jon Walks Apt. 214 South Natalieview, PW 06379",2020-02-14
192,Todd Thompson,powellkrystal@example.com,"9455 Mark Run Suite 034 Michaelberg, NH 33378",2023-12-09
193,Joyce Klein,bturner@example.net,"933 Angela Coves South Caroline, FM 05634",2024-01-10
194,Briana Mason,mariawhite@example.net,"496 Webster Square Suite 029 West Kelly, WV 05728",2021-12-17
195,Carla Trevino,bcalhoun@example.com,"8097 Christina Parkway Suite 394 South Shelby, IA 68564",2023-11-30
196,Joanna Jackson,amberjackson@example.com,"7697 Faulkner Meadow Suite 299 Brittanyshire, HI 34113",2021-03-16
197,Brian Thomas,qwright@example.org,"4953 Emily Branch Apt. 601 North Nicoletown, WI 20735",2024-03-20
198,Anna Wilson,frank20@example.net,Unit 9837 Box 2213 DPO AE 78299,2021-05-22
199,Michaela Cooper,bpatel@example.org,"4661 Clayton Plaza New James, MD 18052",2021-04-13
200,Amanda Woods,tmorales@example.com,"355 Kathleen Mountain Apt. 048 South Kimberlymouth, MH 82247",2022-03-08
201,Carol King,cooperamanda@example.net,USNS Miller FPO AE 52308,2021-01-22
202,Eric Martinez,qmiller@example.net,"11537 Smith Curve West Jon, MI 63422",2022-07-10
203,Brian Gomez,lindsay13@example.com,"90143 David Points Apt. 290 North Cynthiashire, NM 71713",2022-07-05
204,Laura Butler,brentwilkins@example.net,"7088 Michael Prairie Apt. 979 East Selenatown, WI 13771",2020-10-09
205,Reginald Jordan,lmiller@example.com,"20063 Morris Mountains Suite 875 Stricklandfort, LA 96688",2021-08-08
206,Daniel Smith,oliviacarter@example.net,"8569 Lambert Forge Suite 756 North Jason, NY 40920",2023-09-02
207,Randall Waters,brenda04@example.com,"265 Lynch Meadow North Adambury, WA 65409",2023-09-20
208,Scott Norris,amberbarnett@example.org,"2802 Austin Drive Lambertshire, DC 17052",2021-07-10
209,Ryan Clark,brendaaguilar@example.net,"788 Kenneth Plains Simpsonland, WI 86427",2020-03-07
210,Robert Schneider,martinerin@example.net,"88409 Clifford Ville Apt. 155 Ralphfurt, MN 18604",2020-11-04
211,Matthew Hood,harrisdon@example.com,"10113 Kimberly Ridge East Debra, PR 08997",2021-08-26
212,Adam Oconnor,boyleemily@example.org,"51851 Carlos Square Apt. 326 West John, NV 68262",2020-12-10
213,Christine Lee,reidjoseph@example.com,"5847 Connie Fall Suite 472 West Jesus, WA 20659",2022-12-02
214,Mrs. Allison Garcia MD,xconley@example.net,"12404 Morales Forge Suite 721 Brookschester, NM 50706",2021-12-25
215,Tracy Martinez,johnathan55@example.org,"71690 William Glen Apt. 242 Benjaminburgh, RI 93388",2023-09-08
216,Daniel Henry,brandonshepard@example.com,"44070 Luke Via Martinezview, VA 39232",2021-01-22
217,Cassandra Robinson,danielgregory@example.net,"77131 Kevin Knolls Apt. 085 West Sherryburgh, VT 85846",2023-01-05
218,Karen Jacobs,kristinapeterson@example.net,"0181 Savannah Cape Suite 777 Port Jasontown, CA 50253",2024-07-25
219,Alexandra Reid,lindsaymoody@example.net,"99993 Santiago Radial Port Bethfurt, MD 00714",2022-06-16
220,Pamela Huerta,michael44@example.net,"1420 Chan Trail Apt. 290 West Marieburgh, WV 04663",2023-06-25
221,Ricky Rivera,mcintyrehailey@example.com,"PSC 2324, Box 9010 APO AP 08218",2020-06-11
222,Kaitlyn Williams,sarahall@example.com,"946 Samuel Ranch Dianefurt, MO 69904",2022-11-18
223,Thomas Scott,greese@example.com,"514 Mary Bypass Apt. 764 South Jose, NY 22916",2020-01-07
224,Patricia Richards,nguyenelizabeth@example.net,"910 Jennifer Summit Apt. 458 North Jamesfort, KS 25218",2023-09-12
225,David Moran,danahinton@example.org,"87719 Bennett Row Fosterville, SD 03352",2023-11-14
226,Mark Dennis,ibass@example.com,"0237 Sellers Center Suite 333 Port Heidifurt, AK 94494",2023-09-06
227,Sean Friedman,mark32@example.net,"9677 Kristina Mall Cindyfort, DE 41107",2021-12-07
228,James Welch MD,renee31@example.net,"317 Kevin Ports Apt. 540 New Benjamin, MI 42163",2020-12-13
229,Shelby Bean,vsantos@example.net,"24327 Brown Pass Apt. 436 Cameronton, VI 57442",2022-10-21
230,William Buck,tiffany02@example.com,"67733 Matthew Creek Apt. 521 Hollandborough, WA 96308",2022-12-05
231,Linda Moore,rhodesshari@example.net,"5128 Wright Circles South Stephanieville, FL 25638",2024-07-27
232,Bill Singh,jennylewis@example.org,"7484 Shaffer Port Suite 181 South James, AL 04490",2022-09-23
233,Christine Austin,whitenicholas@example.org,"6089 Robbins Port Apt. 616 New Donna, ID 87816",2020-03-23
234,Carl Butler,robert11@example.org,"387 Rachel Ranch North Cassandraport, MO 23994",2022-10-26
235,Dominique Harris,owilliams@example.net,"908 Katie Harbor Suite 292 South Katietown, PA 79842",2024-09-14
236,Ronald Reid,jeanettepeterson@example.com,"16994 Bryan Alley Apt. 483 Port Joseph, NE 71227",2022-08-02
237,Chad Joseph,connie63@example.net,USNV Brown FPO AE 88869,2023-07-20
238,Kevin Pittman,amanda16@example.net,"8598 Amy Pass Apt. 943 Johnsonburgh, UT 75373",2020-12-03
239,Emily Lane,martindavid@example.com,"282 Bates Terrace Apt. 455 West Thomas, IL 88741",2022-03-29
240,Roy Holland,tashaolson@example.net,USNS Lucas FPO AE 96680,2023-10-05
241,Jordan Wilson,zjohnson@example.net,"2733 Lauren Crescent South Amanda, PW 03472",2024-07-24
242,Manuel Hood,paigeschmitt@example.net,"3375 Eric Estate Apt. 603 East Johnside, NM 69877",2021-03-24
243,Latasha Alexander,marthabenton@example.net,"8455 Willie Mountains Ortegastad, CO 34656",2020-05-20
244,Sara Manning,zrobbins@example.com,"9431 Graham River Apt. 422 Christinastad, AL 12167",2024-04-09
245,Kirsten Parker,baileygeorge@example.com,"7743 Carrie Common New Autumn, MI 83425",2022-01-28
246,Robert Carter,tmoore@example.org,"8910 Decker Skyway Rodriguezville, MH 87259",2020-02-29
247,Stephanie Taylor,staceyyoung@example.com,"856 Brian Lake Suite 891 East Kimberly, CO 63170",2021-03-03
248,Briana Howard,zcohen@example.net,"924 Kaitlin Ridge East Patricia, GA 74780",2024-06-10
249,Marc Ortiz,brianhoffman@example.org,"054 Castro Overpass New Laurieshire, LA 14367",2020-10-23
250,Christina Miller,margaret19@example.net,"8918 Chelsey Spurs Suite 936 Bonillaside, NV 23624",2023-10-28
251,Jeremy Thompson,vfuller@example.com,Unit 5691 Box 0715 DPO AE 06626,2021-03-18
252,Daniel Evans PhD,cmaddox@example.net,"706 Kristina Lane Suite 223 West Corey, MD 33570",2024-01-07
253,Steven Mccarthy,ryanrice@example.net,"794 Samuel Knolls Apt. 288 Kathleenton, UT 67687",2022-09-08
254,Taylor Porter,loganvaughan@example.net,USCGC Gonzales FPO AP 06381,2020-09-07
255,Tammy Vincent,moorecasey@example.org,"17488 Hill Center Suite 819 Port Kathleenview, SC 59587",2024-01-26
256,Cody Newman,ndunlap@example.org,"08149 Tucker Inlet Elizabethport, MD 19242",2021-07-11
257,Katherine Vaughan,kelsey75@example.com,"690 Nancy Ramp Port Cassandraview, NE 97968",2022-05-12
258,Karen Evans,shannonbaker@example.org,"70379 Figueroa Well Apt. 933 Port Courtney, KY 83123",2022-06-04
259,Julie Davila,sheppardadam@example.org,"PSC 4852, Box 0717 APO AP 82934",2022-05-06
260,Jessica Norris,alexanderweeks@example.org,"444 Chapman Meadow West Alan, NM 26716",2020-06-09
261,Courtney Allen,michael56@example.org,"342 Pamela Lodge North Lauren, SD 65901",2020-09-09
262,Danny Fitzgerald,ericsanford@example.com,"321 Savage Gateway Suite 351 Lake Kellyview, AZ 06858",2022-09-14
263,Courtney Franco,tuckereric@example.com,"34247 Cobb Island Apt. 509 Ashleymouth, UT 65862",2022-12-25
264,James Parsons,eaguirre@example.org,"01268 Mcdaniel Coves Pottsshire, NH 81745",2020-10-16
265,Raymond Washington,welchaaron@example.net,"9758 Ashley Road Apt. 637 Andersonland, OH 79353",2020-12-16
266,Steven Briggs,matthew85@example.net,"71412 Natalie Drive Suite 535 Taylorfort, PW 56303",2024-09-27
267,Sheri Green,jennifer35@example.com,"68252 Murray Greens Apt. 124 South Debbie, DE 47057",2023-01-10
268,Corey Collier,johnathanmiller@example.net,"41531 Daniel Run Suite 590 Markberg, MH 41032",2023-07-10
269,Edward Suarez,charles03@example.net,"545 Jose Mill Port Joshua, LA 48572",2021-07-02
270,Jennifer Rivera,jacob23@example.net,"5987 Ethan Lakes Suite 158 Shawburgh, MA 20904",2023-11-19
271,Nicole Kim,jeffreyjohnson@example.com,"001 Wanda Greens Apt. 890 East Stephen, SD 10435",2020-04-19
272,Louis Davis,bonnie14@example.net,"058 Lopez Ville Hughesshire, NH 74786",2021-08-21
273,John Lee,tryan@example.org,"908 Marilyn Walk South Veronica, KY 17901",2020-11-13
274,Robert Golden,estradabenjamin@example.org,"11534 Johnson Ridge Lake Patrick, TN 30892",2022-07-09
275,Nicole Hernandez,garciavictoria@example.org,"362 Boyd Mission Apt. 812 Amandaport, NM 05499",2023-10-25
276,Tina Allen,karl34@example.org,"046 Jennifer Village Suite 480 Moniquemouth, ID 14530",2020-03-28
277,Austin Butler,russellknapp@example.org,"603 Martin Shoals South David, WY 57293",2021-10-06
278,Sandra Malone,moorepatrick@example.net,"9696 Justin Creek Lake Lindseyberg, VT 18281",2022-05-14
279,Sabrina Berger,pchambers@example.org,"980 Robert Manors East Jennifer, DE 97744",2021-08-23
280,James White,qbass@example.com,"45955 John Trail South Stephaniefurt, DE 60852",2023-07-30
281,Donna Phillips,lynn47@example.org,"85230 Stacey Centers North Maureen, UT 14516",2023-06-08
282,Michael Serrano,stephanie23@example.org,"74442 Juan Mount Lake Michaelview, VA 27615",2022-07-07
283,Anthony Snyder,dmckinney@example.com,"8162 Williams Gardens Port Mariah, SD 35496",2021-11-22
284,William Yu,donaldking@example.net,"59255 Casey Lights Lake Amberport, NE 09880",2022-09-04
285,Jordan Davis,alee@example.net,"229 Sheppard Plain Apt. 425 Port Clintonhaven, IA 39784",2024-08-04
286,Bradley Sellers,anthonysmith@example.net,USS Preston FPO AE 91006,2021-03-02
287,Brittany Cox,eric55@example.org,"823 Williams Keys Apt. 771 Jonesshire, HI 49158",2020-07-13
288,Robert Maldonado,sarah57@example.org,"894 Bush Canyon West Davidhaven, NH 46028",2023-09-15
289,Matthew Abbott,pattersonjessica@example.org,"022 Ross Road Apt. 245 Port Jennifer, FL 86130",2023-01-14
290,Tyler Blankenship,ortizchristine@example.net,"0954 Rice Roads Emilychester, VA 00897",2024-09-27
291,Kimberly Martinez,eileen58@example.org,"8707 Blair Club Apt. 716 South Christina, HI 57235",2024-04-04
292,Joseph Wright,ariana40@example.org,"13034 Joshua Walk New Kathy, AS 61040",2024-04-21
293,Brian Gonzalez,piercevanessa@example.com,"363 James Ridge Suite 959 Shafferport, RI 59992",2021-12-05
294,Jeffrey Lee,jeremyhenry@example.com,"31811 Miranda Spurs Durhamstad, CT 76919",2020-11-29
295,Joseph Sims,lmoss@example.com,"67948 Barnett Radial Apt. 940 Munozbury, IL 82394",2021-04-14
296,Marissa Ellis,amber64@example.org,"284 Steven Bridge Apt. 136 Paigetown, TX 71847",2022-01-08
297,Karen Lee,dominichawkins@example.net,Unit 9445 Box 6047 DPO AA 54083,2020-02-23
298,William Anderson,gloverjasmine@example.net,"1511 Oneill Cove Evelynberg, UT 70808",2023-03-28
299,Rodney Waters,jasmine75@example.net,"286 Greer Road Suite 617 Lake Janicetown, IA 73497",2021-09-13
300,Bernard Bennett,stephen27@example.com,"641 Jeff Glens Lake Michael, AR 10711",2023-05-25
301,Rebecca Williams,riversdaniel@example.org,Unit 0552 Box 9421 DPO AE 22538,2020-08-12
302,George Brooks,reedjeffrey@example.com,"144 Matthew Road Suite 534 New David, OR 78467",2020-11-18
303,Amber Richards,fcarter@example.net,"9742 Ann Street Apt. 398 East Timothy, CT 73866",2023-06-19
304,Joy Hinton,wheeleradrian@example.org,"153 Mercedes Common Dominguezville, CO 50336",2022-11-03
305,Gina Rios,tmack@example.net,"8239 Laura Plains Suite 203 Lake Sheilafurt, OK 36067",2024-10-04
306,Brandy Dougherty,turnerjennifer@example.com,"3757 Sherri Lights Suite 382 North Dennis, VA 19208",2020-12-19
307,Evan Miller,nguyenelizabeth@example.com,"PSC 7917, Box 1646 APO AP 91568",2023-03-12
308,Sheila Gonzales,vickie58@example.net,"990 Sharon Path North Olivia, MP 95931",2022-08-19
309,Patricia Wagner,jaredcoleman@example.org,"6952 Koch Vista Apt. 486 South Sarahshire, MO 49863",2022-10-18
310,Christopher Benson,ahernandez@example.net,"446 Wilson Unions North Cherylport, MP 31047",2023-04-17
311,Lonnie Hickman,johngarcia@example.org,"2525 Jacob Branch Apt. 927 South Ricky, PR 72310",2023-04-09
312,Willie Thompson,heathersmith@example.net,"26802 Jay Common Suite 995 Leonland, PR 90645",2021-06-24
313,Adrian Petersen,bryanwebb@example.org,"995 Vaughn Mall Tinaburgh, CA 96898",2021-07-23
314,Gregory Jordan,gordondanielle@example.org,"47137 Angela Mews Suite 108 Jonfurt, NM 37924",2022-05-18
315,Angela Williamson,gilbertsarah@example.com,"25711 Randolph Mount Suite 302 Lake Robertton, PW 96346",2023-11-24
316,Robert Beard,kevinhammond@example.org,"649 Tucker Light South Joshua, MP 12185",2021-03-07
317,Vincent Macdonald,christopher75@example.com,"82248 Daniel Branch West Stephanieville, WY 84587",2022-07-11
318,Alexandra Kim,carlosjackson@example.net,"32984 Kenneth Courts Gillfurt, MP 25824",2022-08-25
319,Jeffrey Mueller,abrowning@example.net,"8620 Angie Mountains Apt. 444 Hallburgh, MD 97747",2024-05-16
320,Trevor Price,daniel86@example.net,"54777 Dale Divide Suite 568 Lake Mark, AK 44581",2021-05-24
321,Anthony Dixon,lbaldwin@example.org,"49867 Lee Neck Port Cherylborough, MD 04728",2022-01-19
322,Roger Warren,kingjoseph@example.com,"0589 Anthony Branch Amytown, MT 14900",2022-05-15
323,Steven Lane,joseph28@example.org,"165 Susan Highway West Shannon, KY 40265",2021-05-06
324,Kenneth Anderson,jasonbullock@example.com,"2347 Tracie Squares Charleshaven, CA 37992",2023-03-07
325,Taylor Lyons,millernicholas@example.org,"1582 Hines Expressway Kellyside, PA 33423",2021-07-21
326,James Mooney,thomasjesse@example.org,"97260 Susan Roads Billyport, VA 41666",2024-06-18
327,Mario Sullivan,paularivera@example.org,"972 Christie Lakes South Anneshire, NE 86657",2023-02-19
328,Chad Castro,colindavis@example.com,"2241 Logan Track Deborahmouth, IA 23032",2023-04-08
329,Stephanie Allen,usmith@example.net,"0652 Medina Crest Apt. 777 Bellmouth, NE 05467",2022-09-25
330,Jason Wilson,angelawilson@example.org,"690 Hill View Suite 367 Wrightview, RI 60590",2021-08-15
331,Derrick Brown,thompsontina@example.org,"2851 Griffith Shores Apt. 492 Romeroborough, MI 40750",2024-01-13
332,Lauren Rowe,bellmatthew@example.org,Unit 0647 Box 6398 DPO AP 70328,2023-10-08
333,Tim Gutierrez,qadams@example.net,Unit 7027 Box 5371 DPO AP 79290,2023-11-05
334,Jesse Larson,jabbott@example.net,"3547 Sanchez Valleys Suite 103 Lake Rachel, NE 11820",2022-12-16
335,Robert George,frazierjennifer@example.net,"993 Kimberly Harbors Garnerport, VT 65123",2021-12-04
336,Sarah Howard,webererin@example.com,"6079 Stacie Alley Hoodfort, NE 22406",2024-08-27
337,Sarah Porter,serranofrank@example.org,Unit 5034 Box 8621 DPO AE 11702,2023-05-15
338,Robert Mitchell,thompsonpatrick@example.org,"209 Chris Mission Apt. 593 Edwardside, CO 66276",2021-03-04
339,Pamela Mcknight,hawkinssusan@example.com,"194 Lewis Cliff Apt. 457 South Charlesfurt, SD 61340",2021-05-10
340,Adam Ali,martinfrederick@example.org,"8003 Steven Cliff Apt. 820 East Christopher, MI 38110",2022-07-02
341,Vanessa Dyer,wayne03@example.com,"581 Summers Curve Suite 754 Lake Jessica, SD 43377",2021-03-31
342,Eduardo Bonilla,rolson@example.com,"1929 Kimberly Road Graceton, MI 15311",2022-12-07
343,David Bates,hgolden@example.org,"630 Harris Crossroad Port Alyssamouth, SC 46868",2024-01-24
344,Angela Alexander,jwalker@example.com,"0546 Brown Lakes Chapmanton, PA 90447",2023-05-04
345,Scott Greer,rebekah01@example.org,"5676 Susan Extension Apt. 242 Arellanostad, PR 17709",2023-01-21
346,Luis Obrien,ashleyreynolds@example.com,"562 Lynch Lodge Pagemouth, OR 50951",2024-05-01
347,Timothy Melendez PhD,mcmahonbrian@example.org,"139 Brooke Fields Nicoleview, FM 08154",2022-08-15
348,Michael Franklin,dwoodard@example.org,"059 Kelly Crescent Apt. 161 Thomasport, IA 59102",2023-09-06
349,Heather Morton,mirandapatricia@example.com,"446 Martinez Fords Suite 761 Freemanton, WI 27828",2020-04-09
350,Frank Garrett,rogerswendy@example.com,"324 Brown Lake Suite 567 Marquezmouth, VI 52786",2023-03-16
351,Shelley Baird,kelly66@example.com,USCGC Smith FPO AE 04324,2023-02-19
352,Laura Lane,kimberlybrown@example.org,"5272 Conrad Plains Suite 497 Port Paulmouth, NJ 99288",2023-11-15
353,Joseph Hurst,brittanyleon@example.org,"29142 Daniel Views Apt. 749 North Marcus, MA 81201",2021-12-27
354,Bryan Jones,vanessa03@example.net,USNS Smith FPO AE 13950,2023-11-07
355,Cameron Montgomery,colton69@example.net,"60679 Deborah Hollow South Brittney, MD 06271",2024-01-26
356,Brittany Castillo,qbentley@example.com,"8786 Michelle Lights Lake Jeffreyhaven, DE 39287",2021-09-27
357,Colleen Clark,robertjones@example.com,"223 Christina Hill Danielfort, IA 18948",2020-04-23
358,Sarah Mccarty,nsparks@example.com,"2742 Stone Mission Apt. 303 Trujilloborough, FM 18074",2024-08-16
359,Marissa Robinson,leesamantha@example.org,"09885 Watson River Christinaburgh, AR 16669",2021-11-13
360,Elizabeth Brewer,gcox@example.com,"781 Weaver Fort Lake Gregory, AR 40162",2023-11-12
361,Ross Franklin,rodneypalmer@example.org,"97863 Bond Square Suite 723 Erinstad, DC 66149",2024-03-11
362,Brenda Lee,gshelton@example.net,"34240 Suzanne Oval Apt. 575 Gonzalezport, AS 09751",2021-08-23
363,Jared Franklin,travis29@example.com,"38221 Kelly Run East Sharon, PW 90560",2022-05-14
364,Amanda Warner,hamiltonnicole@example.org,"7317 Jeremy Street Apt. 864 Smithton, AS 05140",2022-02-09
365,Joanna Figueroa,gduncan@example.com,"551 Robert Underpass New Christina, CA 02723",2020-02-05
366,Sean Jones,nhaley@example.net,"392 Wood Dam Apt. 962 South Scott, MD 13666",2022-04-21
367,Nicole Lowery,csnow@example.org,"41626 Carter Branch Apt. 710 North Stephaniebury, SD 72331",2022-12-29
368,Jennifer Dudley,robintaylor@example.net,"659 Antonio Vista Apt. 809 Hubbardmouth, CT 46579",2023-12-20
369,Laurie Hernandez,nicholas22@example.net,"436 Vanessa Coves Lake Stacie, RI 66228",2020-07-20
370,Christopher Cruz,manndaniel@example.org,"33448 Tricia Isle Markside, WA 00574",2023-02-06
371,Kevin Fuller,gonzalezchristopher@example.com,"399 Ellis Mountain Suite 158 Anneview, FM 52948",2023-12-13
372,Diana Smith,jessicatucker@example.com,"781 Alicia Roads Apt. 736 Jonathanburgh, AZ 41658",2020-10-03
373,Brian Vargas,kristinestrada@example.com,"2776 Sanders Ramp Owensshire, DE 77694",2020-12-24
374,Elizabeth Stevenson,rosesheppard@example.net,"80651 Hughes Glens Christopherhaven, OK 89119",2023-06-11
375,Destiny Lewis,daniellenelson@example.com,"169 David Trail Lake Robert, GA 96323",2023-01-06
376,Robin Ward,jacksonjustin@example.com,"97148 Justin Key Lake Michael, VA 13081",2023-02-23
377,Casey Juarez,jporter@example.org,"559 Holden Crossroad Apt. 423 Garrettbury, MT 74177",2024-04-01
378,Steven Duncan,woodsjoanne@example.org,"37398 Gary Courts Apt. 438 North Jesus, AS 83782",2020-12-03
379,Karen Murphy,adamsmegan@example.com,"643 Martin Vista Andrewshire, NH 38954",2023-10-31
380,Mr. Joshua Moreno,robersonbrandon@example.org,"36927 Austin Stravenue Suite 555 Stephenstad, MN 13042",2022-01-30
381,Melissa Young,brownhaley@example.org,"73479 Lisa Mountain Hudsonchester, MD 70790",2022-12-26
382,Taylor Potts,amber59@example.net,"07879 Noble Freeway Suite 375 Port Alicia, OH 67066",2020-04-14
383,Robert Fowler,rogerssarah@example.org,"02471 Ochoa Views Apt. 876 North Benjamin, NV 10721",2021-09-07
384,Chad Maddox,mallory80@example.com,"703 James Mountain Apt. 051 New Joseberg, DC 13844",2023-06-10
385,Justin Gonzalez,terri25@example.org,"94448 Rebecca Shoals Davisstad, MN 44508",2023-03-14
386,Stephen Allison,mckaypaul@example.com,Unit 7994 Box 7900 DPO AE 02585,2020-01-25
387,Mary Savage,sheila12@example.org,"3671 Sarah Center Apt. 388 East Sarahburgh, MD 46032",2022-03-02
388,Janice Tran,jasminebeltran@example.org,"375 Mccormick Center Greenberg, MP 27008",2024-06-18
389,Russell Gilbert,jcarr@example.net,"63549 Frank Port Port Marcus, PW 60200",2024-01-08
390,Bradley Rogers,rgolden@example.net,"44012 Parker Courts Victorberg, NE 70979",2020-08-08
391,Angel Greer,wendy43@example.org,"PSC 4292, Box 9242 APO AA 83890",2023-04-12
392,Lauren Hancock,turnerjennifer@example.org,"628 Moss Plain Suite 313 New Shawn, WI 27800",2021-01-28
393,Scott Garner,justin59@example.org,Unit 6396 Box 0955 DPO AP 25102,2022-09-24
394,Allison Smith,smithheather@example.com,"85075 Morales Glens West Daniel, ID 52712",2022-01-26
395,James Henry,allisondodson@example.com,"7445 John Road Suite 384 Lake Mikaylafurt, ID 52283",2022-03-06
396,Anthony Reed,jthomas@example.org,"664 David Dam Suite 202 South Anthonyport, NY 85428",2021-11-05
397,Patrick Monroe,crosbymegan@example.org,"404 Terrence Alley Suite 407 South Jayside, ID 58966",2022-01-30
398,Joseph Williams,joshuasanchez@example.net,"91930 Griffith Island Apt. 502 Lake Misty, MS 16048",2020-02-21
399,George Evans,vrichmond@example.com,"385 Matthew Harbor Apt. 938 Jameshaven, LA 05242",2024-06-26
400,Jon Leon,curtisbarnett@example.org,"756 James Loaf Suite 963 North Chloemouth, MA 63466",2023-06-10
401,Tara Miller,hooperjames@example.com,"7637 Spencer Walks Port Daniel, TN 24220",2023-04-28
402,Yvonne Young,tracy03@example.com,"44618 Long Row Apt. 900 New James, MS 89579",2021-08-14
403,Laura Butler,jbell@example.net,"96966 Weber Locks Suite 125 Steeletown, VA 75060",2022-02-17
404,Seth Kelly,rachelwilliams@example.org,"410 Myers Avenue Suite 978 New Aaron, IL 73249",2021-01-09
405,Eric Robinson,scotterica@example.org,"48236 Christensen Ports Lake Jennifermouth, SC 44542",2022-09-13
406,Ethan Huerta,jensenjoyce@example.com,"31818 Nichols Neck New Stephenborough, PW 34635",2022-11-19
407,Stephanie King,walshphilip@example.org,"8662 Fletcher Estate Suite 298 Youngland, HI 49412",2020-11-24
408,Steven Novak,shood@example.org,"4726 Miller Flats South Amy, DE 97287",2024-07-05
409,Lauren Wagner,joshuawhite@example.org,"487 Sharp Ferry Jesseview, IN 67435",2022-04-07
410,Charles Baldwin,cmclaughlin@example.com,"2151 Ramos Islands Jillianburgh, OK 17326",2022-09-01
411,Mark Jones,julielewis@example.org,"869 Freeman Harbor East David, MN 91887",2020-10-29
412,Zachary Jensen,randymoreno@example.com,"10852 Dudley Hill Suite 425 Port Mariomouth, DE 58113",2023-02-22
413,Samuel Mccarty,wevans@example.org,"868 Kidd Street West Bryan, TX 16567",2021-08-09
414,Ryan Miller,aparker@example.com,USCGC Ford FPO AA 07273,2024-08-20
415,Christopher Jones,erinmorales@example.net,"20619 Gardner Walk North Charles, NY 53864",2020-04-20
416,Stanley Jennings,juliemelton@example.org,"79605 Williams Pass Apt. 963 Chelseafurt, SD 91534",2023-01-02
417,Michael Phillips,pmejia@example.com,"701 Blake Summit South Rebecca, MH 44220",2022-11-13
418,Joseph Nelson,theresa31@example.org,"6576 Dillon Point Suite 406 South Jeremy, WA 00866",2023-02-26
419,Jessica Sullivan,wkaiser@example.org,"1845 Zavala Dale Apt. 824 Greenchester, ND 86464",2020-05-29
420,Jennifer Mosley,lburton@example.net,"75042 Taylor Throughway Margaretburgh, ND 23902",2021-08-11
421,Samantha Tapia,omar53@example.org,"351 Harvey Heights Apt. 724 Leahville, MT 51477",2021-03-06
422,Zachary Schneider,trevor07@example.net,"038 Harding Centers Apt. 584 South Susan, AK 71668",2022-12-19
423,Lisa Phelps,troyhall@example.com,"0364 Massey Land East Xavier, AZ 26791",2020-04-15
424,Laura Gonzalez,wphillips@example.net,"233 Natalie Turnpike North Russellside, UT 85063",2023-03-25
425,Vanessa Carey,ericblankenship@example.com,"3096 Samantha Hill Suite 049 East Amyport, NM 26242",2023-12-02
426,Karina Martinez,matthewsjavier@example.net,"970 Karl Lodge Grahamfort, NY 62290",2021-11-27
427,Raymond Williams,qlopez@example.org,"645 Strong Shoal Apt. 295 South Markfurt, NH 10944",2024-01-10
428,Christina Huynh,thomashaas@example.net,"9417 Ewing Unions South David, IL 35048",2024-03-22
429,Antonio Miller,teresawilliams@example.org,"6761 Perez Canyon Apt. 879 Lake William, IA 95124",2023-08-29
430,Holly Ho,ejohnson@example.net,"3071 Collins Forges New Carltown, AK 93521",2023-03-07
431,Jeremiah Sanchez,jmeadows@example.net,"1564 Antonio Mountain Suite 016 Christinemouth, WA 67551",2022-09-10
432,James Davidson,harveyjennifer@example.com,"64956 Hernandez Rue West Tonya, NH 29841",2022-08-25
433,Sharon Bell,amanda19@example.com,"36418 Pham Overpass Apt. 815 Nicholstown, MO 44872",2022-05-12
434,Haley Fletcher,ogarcia@example.org,"156 Maria Forest Suite 362 Danielburgh, NM 25828",2023-06-22
435,David Arias,mcmillanashley@example.net,"355 Jose Port Suite 485 North Devin, NJ 63900",2021-08-28
436,Kaylee Perez,tammy07@example.com,USCGC White FPO AA 00847,2022-12-29
437,Ryan Douglas,armstrongscott@example.com,"2820 Lisa Club Apt. 659 South Ryan, VA 83118",2023-12-13
438,Stephen Joyce,kelly29@example.org,USS Ramos FPO AE 37367,2020-11-10
439,James Williams,pgordon@example.com,"38532 Brandon Green Jessicahaven, IN 92271",2020-12-01
440,Brittany Russell,monique13@example.org,"80278 Jeanne Stream Apt. 638 Adamtown, FL 50351",2022-09-02
441,Jennifer Collins,paul98@example.com,"117 Alicia Coves Burtonmouth, IL 94115",2023-12-09
442,Jose Russell MD,russellgordon@example.org,"PSC 2543, Box 2622 APO AP 10656",2020-01-15
443,Michael Mitchell,zmalone@example.org,USS Mcdonald FPO AP 61190,2023-08-01
444,Willie Mcclure,asalas@example.net,"3768 Dominguez Heights Suite 685 Frankstad, MP 48697",2022-10-21
445,Tracey Turner,ojones@example.com,USNV Ward FPO AA 82576,2023-12-14
446,Jacqueline Hampton,sgarcia@example.org,"76388 Copeland Junctions Suite 509 Simpsonborough, GU 87248",2020-01-13
447,James Perez,hessmatthew@example.net,"567 Schmidt Road Apt. 338 West Brittany, CT 37560",2024-06-20
448,Jennifer White,changkayla@example.com,"562 Jerry Junction North Taramouth, VA 35383",2022-11-07
449,Tracy Hines,yhill@example.net,"7799 Sherman Mews Suite 622 Lake Christinemouth, SD 03722",2022-02-14
450,Charles Hawkins,adamharvey@example.net,"796 Joe Prairie Brandonburgh, NJ 70051",2020-06-07
451,James Hudson,ashley77@example.net,"379 Martinez Knolls Suite 948 North Samuel, NE 97529",2020-07-07
452,Richard Sullivan,reneemcfarland@example.org,"545 James Prairie Apt. 333 East Brenda, MH 48545",2024-08-29
453,Lynn Sullivan,churchisaiah@example.org,"0598 Kyle Stravenue Port Erikmouth, CA 95300",2024-05-12
454,Jennifer Berry,davidpowers@example.org,"90266 Kelsey Lodge Suite 333 Shawport, GA 62553",2022-07-05
455,Jason Evans,brownalbert@example.net,"78722 Horn Ville Suite 429 Brittanyhaven, PR 32674",2022-05-27
456,Amanda Aguirre,denisecain@example.org,"49395 Nguyen Lane Apt. 630 New Kristen, IL 83959",2023-12-14
457,Raymond Frank,ocooke@example.net,Unit 8559 Box 3875 DPO AP 07976,2023-12-22
458,Michael Oconnor,matthewscameron@example.net,"52208 Carla Forges Cantuville, FL 57411",2023-10-27
459,Ryan Parsons,jamesthompson@example.org,"837 Hobbs Mills Apt. 517 West Christian, SC 96157",2023-12-24
460,Margaret Hodges,dhudson@example.com,"025 Emma Junction Apt. 185 West Matthewport, VI 18850",2023-02-14
461,Sheryl Thompson,anthony56@example.com,"PSC 6499, Box 8135 APO AE 81938",2023-04-22
462,Donald May,gholland@example.com,USNV Young FPO AE 45683,2021-04-04
463,Todd Rios,lucasramirez@example.net,"7191 Rachel Highway Port Mackenzie, FM 24557",2022-12-06
464,Emily Armstrong,vbrown@example.net,"60031 Toni Station Gabrielastad, IA 38147",2020-12-02
465,Eric Jackson,dwright@example.net,"PSC 3229, Box 8802 APO AA 88809",2024-06-26
466,Robert White,katherinethomas@example.com,"377 Elizabeth Pike Elijahhaven, MN 99010",2020-08-23
467,Christopher Walker,mhoward@example.net,"831 Golden Motorway South Franciscohaven, WA 18166",2023-12-16
468,Diana Flynn,williamsstephanie@example.net,"80520 Cooper Walks Youngstad, CA 61244",2024-03-26
469,Jason Holmes,stanley45@example.com,"1043 Michael Creek Gilberttown, OH 91103",2021-08-24
470,Diana Fuller,laurie56@example.org,"714 Liu Crossroad Suite 757 Weberfurt, SD 58611",2022-10-27
471,Kristin Gonzalez,vboyd@example.com,"243 Reyes Park Suite 449 Michaelbury, ME 26840",2023-11-02
472,David Buck,claudiataylor@example.net,"PSC 7510, Box 4763 APO AA 59392",2024-03-14
473,Philip Mitchell,bakerdebra@example.net,"518 Martinez Knoll South Kellymouth, GA 39759",2021-11-13
474,Pamela Brown,stevennguyen@example.net,USCGC Chase FPO AP 73554,2022-05-15
475,Claudia Chan,christophersolis@example.net,"74276 Bryan Meadows South Brendabury, CO 97728",2021-08-22
476,Ryan Lopez,gainesdustin@example.com,"PSC 7907, Box 1758 APO AA 42117",2024-09-23
477,Michelle Anderson,jeremy32@example.com,"0546 Amanda Point Jonesmouth, NE 62880",2022-12-06
478,Sarah Brown,bfields@example.net,"PSC 2053, Box 8260 APO AP 05606",2023-02-20
479,Sheryl Bruce,jeffjackson@example.net,"9579 Terry Square Lake Peterbury, CO 63194",2020-11-16
480,Vicki Thompson,fieldspatricia@example.net,Unit 9350 Box 0800 DPO AE 81579,2020-01-17
481,Scott Malone,robinsonhunter@example.com,"656 Wagner Forge Port Jennifer, PR 49460",2023-10-18
482,Amy Wilson,opittman@example.org,"156 Katherine Extension Suite 246 Cynthialand, TN 33129",2023-10-08
483,Jamie Johnson,raymond96@example.org,"1078 Lamb Ford Staciefurt, MO 14034",2024-10-04
484,William Russell,yjones@example.net,"90138 Williams Parkways Suite 208 Port Sandrafurt, OR 98787",2024-06-02
485,Shane Diaz,emathews@example.org,"7671 David Park Ryanshire, AS 52909",2023-06-25
486,Tiffany Elliott,rballard@example.net,"6404 Erin Overpass Apt. 160 Lake Amy, KS 65017",2023-09-24
487,Donna Drake,tmiller@example.com,"19438 Danielle Crossing Allenhaven, AZ 56200",2020-05-15
488,Nicole Hoover,christopherdaniels@example.net,"575 Hicks Springs Suite 261 Hamiltonside, DC 71572",2022-03-17
489,Patricia Pace,jwebb@example.net,"66125 Braun Mill Suite 596 South Audrey, NC 26288",2022-05-25
490,Holly Ortiz,joshuacampbell@example.com,"43770 Timothy Fields Apt. 496 Lake Michaelberg, WV 50478",2023-02-27
491,Preston Mccoy,cuevasstephen@example.org,"166 Lewis Fields Suite 651 Lake David, MH 79098",2020-07-21
492,Michelle Ward,kevinbaker@example.net,"713 Tamara Crescent Suite 218 Mooreville, WI 96148",2023-04-28
493,Mackenzie Rivera,ramirezpeter@example.com,"589 Young Field Apt. 441 Port Daniel, WA 58571",2020-10-07
494,Carolyn Nielsen,jeffery78@example.com,"8548 Sarah Highway South Jameshaven, KY 09743",2020-01-25
495,Mark Black,brian25@example.org,"1397 Lawrence Path Suite 166 Hillborough, MA 05855",2022-08-25
496,Kathy Harrington,wpeterson@example.net,"673 Michele Light West Bryanview, OR 07922",2021-10-26
497,Harold Baker,klong@example.org,"29943 Novak Ports East Bradtown, UT 88463",2023-01-31
498,Brandon Curry,dawsonjeffrey@example.net,"580 Susan Cape Suite 575 East Lindaview, NJ 62224",2020-07-30
499,Alan Spears,gwilliams@example.net,"538 Short Meadows West Gabriellaport, SD 02296",2020-05-03
500,Cynthia Kim,meghanswanson@example.com,"261 Rachel Fork Suite 163 North Matthew, MD 10031",2020-07-22
