id,name,email,address,date_joined
1,Caleb Garcia,wsilva@example.com,"8174 Garcia Overpass Suite 956 Hicksstad, KS 41446",2022-05-20
2,Andrew Robinson MD,lisa37@example.org,"813 Martinez Plains Georgeborough, PR 75365",2023-11-01
3,Jenna Lawrence,vtucker@example.org,"1996 Jennifer Garden Andersonhaven, MO 37885",2022-11-10
4,Terry Burke,rreed@example.org,"632 Martin Vista Suite 184 South Kimberly, MD 58871",2024-02-14
5,Katelyn Potter,ronald96@example.net,"632 Cheryl Courts West Ernest, MI 96506",2022-04-22
6,Katie Reese,pcampbell@example.net,"PSC 2867, Box 5033 APO AA 29412",2022-11-03
7,Brittany Rosario,patrick77@example.net,"738 Thomas Hill Suite 383 Ashleystad, NE 73314",2023-01-19
8,Andrew Myers,scott14@example.org,"9839 Frank Extensions Apt. 867 East Ashleymouth, DC 18054",2024-09-11
9,Kimberly Jackson,ohubbard@example.org,"047 Byrd Key Apt. 840 Josephbury, AK 42500",2020-11-20
10,Jesse Anderson,sarah78@example.com,"3663 Goodman Drives Suite 881 Lake Amandahaven, FM 97560",2020-03-23
11,Lisa Jones,shahwilliam@example.net,"930 Karen Views Suite 188 Paulburgh, OH 64633",2024-03-31
12,Paula Knox,maryrichardson@example.com,"1350 Nielsen Green Lake Rebeccaview, TN 39617",2022-03-26
13,Craig Parrish,tonya39@example.com,"2029 Brian Cliff Kimberlyland, AS 57865",2021-04-26
14,Joshua Bradshaw,nguyenpatrick@example.net,"3745 Katherine Stravenue Port Bradyville, HI 36345",2023-09-14
15,Nicole Holloway,gregory63@example.com,"436 Giles Stravenue Port Leslie, VA 40499",2021-02-19
16,Lauren Mitchell,barneschristine@example.net,"07580 Angela Trafficway Apt. 481 South Sarah, VI 18841",2024-10-08
17,Ryan Conrad,tpena@example.org,"7663 James Village Suite 063 Aliborough, MO 39163",2023-06-08
18,Emily Alvarez,amyross@example.net,"1781 Newton Crescent Suite 538 Andersonburgh, AZ 85164",2024-07-02
19,Morgan Baker,hannahsanders@example.com,"577 Burke Port Suite 759 Jeffreyview, OH 09659",2020-08-27
20,Matthew Garza,christopherthomas@example.net,USCGC Brooks FPO AE 05538,2022-01-19
21,Michael James,shawn63@example.org,"78293 Rodney Common Jamesbury, PW 79367",2022-12-29
22,Neil Cunningham MD,hallcaitlin@example.org,"18835 Day Oval Matthewfort, OK 22588",2023-09-12
23,Courtney Oneal,katie70@example.org,"3837 Lori Gateway Suite 511 Bryanborough, MD 50283",2020-01-21
24,Megan Stephenson,michellesullivan@example.com,"68274 Howard Street Rodriguezburgh, AR 57924",2024-02-05
25,Connie Watts,petersenstephanie@example.net,"9965 William Court Suite 480 Petersonburgh, DC 59543",2022-12-29
26,Erin Alvarado,jmanning@example.com,Unit 0427 Box 4510 DPO AP 18188,2022-04-14
27,Wayne Valentine,philip32@example.com,"797 Montgomery Rapids Lake Stephenfort, WI 38172",2022-06-02
28,Edward Peters,ivelez@example.org,"63435 Schwartz Trail Richardport, ID 75951",2022-07-10
29,Lauren Hughes,forbeswilliam@example.org,"PSC 0285, Box 2998 APO AP 56486",2022-07-20
30,Emily Ray,jonesandrew@example.com,"809 Mccarthy Mission Suite 644 Amandaberg, OK 28558",2020-02-19
31,Christopher Vaughan,christina81@example.org,"3557 Jessica Station West Melissamouth, PA 51639",2023-02-26
32,Sara White,zramirez@example.net,"083 Gabrielle Circle Suite 150 Michaelmouth, AL 35795",2024-05-16
33,John Evans,travis40@example.org,"290 Ronnie Key Apt. 350 New Justin, MS 07540",2020-07-05
34,Erica Mckinney,carmen16@example.net,"1427 Briana Plains Port Paigeport, GU 47283",2023-12-02
35,Taylor Miller,greenryan@example.org,"9345 Morton Avenue Williamstown, GU 73720",2024-03-04
36,Crystal Becker,xmartinez@example.org,"8159 Stacey Ville North Christopher, TN 74526",2021-03-04
37,James Vaughn,dgarza@example.com,"PSC 0092, Box 5005 APO AA 92452",2020-06-24
38,Angela Taylor,mosslydia@example.com,"7583 Jennifer Estate Brownburgh, MN 79752",2020-11-30
39,Heather Hoffman,gardnerjessica@example.org,"55521 Alexis Orchard Suite 553 Ryanfort, IA 21591",2020-06-17
40,Donald Rivera,kristaberger@example.org,"PSC 0256, Box 1804 APO AA 78314",2021-05-02
41,Joe Harris,matthew83@example.com,"7427 Steven Causeway South Donna, OR 22322",2023-12-05
42,Shelby Garcia,lawsoncheryl@example.net,"83040 Parker Wells East Michael, TN 10865",2020-12-16
43,Mr. Aaron Weaver,gregory07@example.net,"147 Jeffrey Shores Suite 826 Lake William, AZ 25174",2020-10-29
44,Larry Anderson,lalexander@example.net,"0292 Smith Roads Phillipsshire, AL 89238",2022-11-02
45,Thomas Lane,brownthomas@example.net,"333 Paul View Suite 149 Lake Aliciamouth, WA 95218",2022-03-28
46,Tonya Carter,reginataylor@example.org,"009 Daniel Fork Suite 238 Kellyfort, WI 25056",2020-12-05
47,Louis Bridges,melissaking@example.net,USNS Underwood FPO AP 93943,2022-05-08
48,Jason Smith,peterbaldwin@example.com,"907 Julie Flats Port Garyfort, IA 13890",2023-09-06
49,Monique Khan,kristi78@example.com,"97808 Jerry Center Apt. 588 New Angiehaven, AS 63263",2023-11-05
50,Tina Chapman,richardgibson@example.com,"37032 Hart Mission Yvonneport, CA 14636",2020-08-08
51,Sandra Hill,debbiehenderson@example.net,"4413 Charles Light Haroldstad, OR 92081",2020-02-12
52,Jennifer Ortiz,adamstim@example.org,"97749 Ana Ports Suite 008 Gouldview, MI 76779",2022-07-09
53,Megan Wu,ubond@example.org,Unit 9274 Box 0262 DPO AP 28344,2021-10-05
54,Felicia Sellers,loganconnie@example.com,"18482 Gomez Forge Suite 659 Lake Nicholasside, OH 17173",2022-02-14
55,Aaron Parker,sarah01@example.org,"01720 Austin Ridges Port Jillianburgh, AL 92630",2021-01-22
56,Eric Rodriguez,jeffery99@example.com,"44465 Osborne Lake West Alexland, WI 79367",2020-11-04
57,Maria Phillips,tsnyder@example.org,"3503 Mark Square Apt. 361 Cookeview, WY 01539",2023-02-19
58,Kristen Huber,manuel90@example.org,"9604 Garrett Freeway Brianport, WI 49115",2023-07-24
59,Dr. Krista Kelly,rachel97@example.net,"242 Glover Station Davenportchester, NJ 06054",2020-11-28
60,Jon Fowler,austinbailey@example.net,"5940 Oconnell Prairie Suite 006 Mariaville, DC 52689",2020-06-25
61,Julia Potter,kathrynnelson@example.net,USNV Robinson FPO AP 93805,2024-06-27
62,Christina Hendricks,jonesjeffrey@example.net,"93217 Mark Drive New Sharon, PA 91128",2021-02-06
63,Jacob Torres,rubiosandra@example.com,"13143 Martha Skyway Apt. 702 Laurenmouth, PA 37218",2022-09-21
64,Samantha Jones,uenglish@example.net,"3883 Stephens Mill Apt. 084 Mariehaven, MH 55690",2023-08-13
65,Toni White,johnsonmegan@example.net,"02532 Moore Islands East Maryfort, TN 89872",2023-11-12
66,Sarah Gamble,katherinemurray@example.net,"702 Rebecca Tunnel East Jonathanview, AZ 93583",2021-11-07
67,Diana Jones,murraykenneth@example.org,"485 Cory Causeway Apt. 508 East Troy, VI 16761",2023-11-05
68,Julie Young,kelly35@example.net,"538 Turner Locks Alisonshire, OR 32620",2020-10-23
69,Heather Webster,jacksonbrooke@example.com,"01253 Angela Center Patriciaton, ME 17901",2023-11-22
70,Elizabeth Barron,danharris@example.net,"9738 Katherine Loop Apt. 672 East Courtney, ID 55087",2023-11-24
71,Jared Mitchell,patrick00@example.net,"7175 Laura Tunnel Suite 331 South Charles, WI 21876",2022-04-11
72,Mark Bond,crystaldavis@example.net,"2738 Amanda Village Charlesmouth, ND 31006",2023-03-08
73,Jordan Terry,kimberly03@example.com,"39694 Luke Vista Williamville, FM 36478",2024-08-09
74,Tracie Bowman,diazmegan@example.com,"5097 Ritter Plain Suite 627 Kochbury, ME 52768",2021-09-26
75,Jennifer Torres,qdiaz@example.com,Unit 0516 Box 1664 DPO AE 88716,2022-05-13
76,Heather Graham,richsusan@example.net,"6935 Ashley Parkway Suite 629 West Megan, WI 48853",2020-10-19
77,Mason Hickman,vflores@example.com,"2781 Perez Oval Apt. 486 New Daniellechester, AS 83088",2023-03-01
78,Gregory Edwards,larsenjennifer@example.org,"490 Wilson Neck Annville, AL 39125",2021-11-22
79,Timothy Thomas,kschmidt@example.org,USNS Cohen FPO AA 29846,2024-04-09
80,Heidi Adams DVM,susan61@example.com,"9444 Joseph Island Suite 663 East Emily, KS 89341",2021-12-26
81,Linda Stevens,joseph92@example.com,"274 Ebony Point North Claudiaview, AZ 21074",2020-08-21
82,John Taylor,pguzman@example.org,"458 Patrick Prairie Apt. 645 East Tony, GA 09189",2021-09-08
83,Devon Hunter,ubailey@example.com,"86497 Rasmussen Cove South Tinachester, ND 09116",2023-04-21
84,Jason Mcgrath,elijah86@example.com,"1047 Brittany Island Apt. 460 West Robertborough, RI 33984",2022-09-20
85,Timothy Hebert,melissabaker@example.com,"PSC 1214, Box 6121 APO AA 20238",2020-05-23
86,Michael Gonzales,james26@example.org,"71393 Delgado Club Apt. 837 West Garrettburgh, AS 65004",2020-01-23
87,Laura Blackwell,elizabeth47@example.com,"79493 Todd Summit Suite 099 New Andreahaven, MP 48622",2020-04-26
88,Marissa Ortega,julie58@example.com,USNS White FPO AE 47444,2024-06-08
89,Debbie Briggs,nathaniel89@example.org,USNS Smith FPO AA 97037,2023-02-14
90,Gina Cox,maria17@example.net,"434 Ruiz Fields Suite 856 New Christopherfurt, PA 86649",2024-05-10
91,Barbara Callahan,hwilliams@example.net,"57880 Allison Trail Marquezside, MD 52199",2022-05-07
92,Paul Moore,spencerjared@example.net,"301 Jean Lodge Valentinemouth, WA 60633",2020-06-03
93,Cody Cooper,michaelaguirre@example.net,"5267 Petersen Dale Gainestown, SD 80494",2021-02-15
94,Molly Jensen MD,loweadam@example.org,"2936 Shirley Flats Patriciabury, DC 36608",2021-04-22
95,Christopher Rogers,zgolden@example.org,"805 Norris Way Deborahville, AS 93780",2023-06-24
96,Jennifer White,eddie29@example.com,"033 Michael Islands North Michael, ND 59567",2022-02-10
97,David Smith,wmcintyre@example.com,Unit 5574 Box 3507 DPO AP 18541,2023-11-14
98,Blake Reese,sarah82@example.net,"4549 Malone Ports Catherinestad, IN 31202",2024-06-10
99,Erika Sanders,brian13@example.org,"0009 Villarreal Springs Apt. 273 Kathleenchester, MS 87553",2024-07-15
100,Matthew Coffey,swilliams@example.net,"011 Rivera Crossing Port Craig, AZ 31858",2022-10-17
101,Dustin Pugh,paul22@example.org,"8084 Johnson Mountains Suite 491 South Karl, NV 51112",2020-05-11
102,Jacob Anthony,crobinson@example.net,Unit 2114 Box 7111 DPO AE 26369,2023-11-29
103,Lisa Santos,jenniferboone@example.org,"73722 Faulkner Passage Suite 100 West Nicole, AR 14836",2022-07-27
104,Adrian Guerra,hintonbrian@example.com,"5058 Theresa Islands Apt. 752 Pattersonmouth, VI 18152",2020-05-24
105,George Cox,xharris@example.org,"5403 Kevin Center Gabriellabury, WA 55392",2020-06-18
106,Kyle Mitchell,loweregina@example.org,"0793 Sara Valley North Sharonville, MI 55520",2020-10-01
107,Brian Ramirez,kimberlywatkins@example.org,USNS Anderson FPO AE 42757,2022-07-27
108,Lori Wall,kevinalvarez@example.org,"03805 Hannah Ramp Apt. 969 North Paulmouth, OK 16082",2022-11-03
109,Shannon Roberts,scott74@example.org,"517 Julia Stravenue Apt. 276 Rubenside, AZ 65528",2023-12-27
110,John Buchanan,christopher39@example.com,"0420 Valentine Port Dayberg, AK 33595",2024-03-22
111,Donald Lopez,john91@example.com,"11011 Chen Ford North Tammy, WA 93116",2023-10-10
112,James Nelson,benjamin42@example.com,"400 Joseph Squares Suite 486 Garnermouth, TN 81967",2020-04-03
113,Jeffrey Carpenter,amyayers@example.com,"932 Morgan Highway Barbaraton, FL 56246",2024-02-01
114,Kimberly White DVM,rgarcia@example.net,"079 Sheri Inlet Rivershaven, MP 36482",2020-10-05
115,Kristen Gonzalez DDS,mguzman@example.com,"7321 Rogers Drives Suite 067 Edwardshire, PW 88248",2020-04-27
116,Jessica Davis,kristinedwards@example.net,"1730 Donna Green Suite 222 Kristineberg, WI 48543",2023-09-10
117,Sarah York,tburns@example.com,"70930 Lori Union Apt. 346 East Sue, UT 07619",2022-05-14
118,Jennifer Peterson,leeandrew@example.com,"4209 Brewer Cliffs Arellanoton, OK 79063",2021-05-22
119,David Love,butlereric@example.org,"0579 Garcia Valley Suite 318 New Tracyshire, OK 80047",2020-04-03
120,Jacob Rodriguez,ericarichard@example.net,"PSC 9235, Box 5494 APO AP 03217",2021-10-28
121,Timothy Carey,vmason@example.com,Unit 2592 Box 6017 DPO AE 50891,2020-09-08
122,Susan Mcgee,plindsey@example.com,"8657 Clark Mills Lake Matthew, MT 81435",2023-12-23
123,Patricia Vaughn,charles43@example.org,"59765 Hawkins Course North Steven, IA 88737",2023-10-06
124,Mr. Jason English,ricardoflores@example.net,"313 Troy Field Suite 036 Justintown, FM 45926",2020-05-04
125,Jason Mcgrath,wigginsapril@example.net,"77281 James Vista Suite 218 Calderontown, WI 61562",2022-07-31
126,David Peterson,vwheeler@example.com,"27148 Wilcox Ferry Dustinfort, FM 28778",2021-05-31
127,Eric Rivera,ajackson@example.net,"68676 Kevin Center Apt. 919 West Sherriside, OK 26576",2022-01-26
128,Jesus Thompson,croberts@example.org,"5224 Kevin Estates West Vincent, WI 89840",2023-02-23
129,David Baker,xbrown@example.net,"308 Walker Glens New Jenniferchester, ME 56633",2021-11-28
130,Katherine Mckenzie,shirleybenson@example.net,"616 Michelle Route Suite 742 West Peggyport, MO 99507",2022-03-07
131,Ms. Jill Smith,acook@example.com,"218 Tyler Stravenue Apt. 899 North Denise, MO 59089",2024-01-22
132,Daniel Mcknight,vaughnnicole@example.org,"73828 Jones Row Apt. 460 Jacksonton, OH 12720",2022-06-13
133,Chelsea Ortega,jamesperez@example.com,"52970 Johnson Station Apt. 670 Jacquelineburgh, AR 61798",2024-07-15
134,Daniel Higgins,lcochran@example.net,"9981 Paul Ways Suite 392 East Holly, OK 43845",2022-06-22
135,Rodney Brown,zacharymartinez@example.com,"285 Joel Extension Suite 671 Patrickchester, MO 63354",2024-10-08
136,Lori Parrish,troy06@example.net,"197 Perez Locks Apt. 474 New Stephanie, MI 61206",2023-11-26
137,Donna Bradley,onealwilliam@example.com,"05686 Glover Club East Maria, MI 73021",2023-01-13
138,Jasmine Cook,michelesmith@example.org,"9424 Dawn Common Lake Michellehaven, GA 85916",2022-11-03
139,Kenneth Hendrix,howardjennifer@example.org,"6068 Robert Street Antoniomouth, MN 76797",2022-11-15
140,Cole Kelly,garrettsteven@example.com,"18210 Gardner Ridges Suite 624 East Andrea, MS 57377",2020-04-27
141,Michael Morgan,benjaminnicole@example.com,"5716 Estes Oval Melissaside, KY 98665",2021-08-21
142,Taylor Carpenter,oallen@example.org,"7999 Johnson Landing Suite 195 East Jeffrey, AK 78494",2023-08-15
143,Steven Rubio,twhitaker@example.com,"90195 Adam Via Lisaberg, AK 74815",2020-11-13
144,Stephen Moore,yvonnethompson@example.org,"PSC 3474, Box 1920 APO AE 96645",2020-01-15
145,Traci Bell,sarah91@example.net,"03480 Ashley Drives Suite 754 Tonyport, NY 45891",2020-03-17
146,Alan Carroll,qyoung@example.com,"558 Nicole Valleys Dawnview, WY 87045",2024-08-24
147,Ashley Howard,jjohnson@example.net,Unit 0504 Box 3159 DPO AE 14271,2022-08-01
148,Andrea Bryant,audrey19@example.net,"23312 Ruth Parkway Oconnellhaven, WI 87844",2023-03-18
149,Danielle Cooper,lauren97@example.net,"281 Flores Trail Ginaland, CT 88307",2024-04-11
150,Mark Thomas,andrew91@example.org,Unit 5566 Box 2124 DPO AE 58661,2024-04-19
151,Elizabeth Duke,butlerashley@example.org,"9275 Shelton Creek Lopezfort, MI 05739",2020-06-30
152,Steven Green,crawfordkaitlyn@example.com,"82479 Clayton Well Phillipschester, GU 12629",2021-01-09
153,Christopher Kelly,rachel86@example.com,"592 Harrison Heights North Josephshire, SC 98482",2023-12-12
154,Donald Fisher,royherrera@example.net,"468 Newton Track Suite 339 Pearsonmouth, OR 35093",2022-05-18
155,Samuel Johnson,andrea24@example.com,"3976 Diane Crest Apt. 213 Peggyfort, AL 82342",2022-10-05
156,James Ross,knightsusan@example.net,"30601 Jean Glen Suite 384 Lake Margarettown, IN 76439",2020-07-03
157,Tiffany Cole,padillabetty@example.net,"9902 Perez Stream Apt. 839 Robinborough, MP 05887",2021-01-23
158,David Roberts,tpadilla@example.net,"2230 Summers Wall North Amandamouth, GU 39963",2020-08-13
159,Deborah Bell,leesharon@example.org,"38435 Miller Flat South Samanthabury, AS 11935",2021-05-21
160,Charles Morgan,blakematthews@example.com,"654 Anderson Ferry Suite 383 West Danielleport, SD 49887",2020-11-23
161,Anna Jacobs,raymondsaunders@example.org,"77872 Carrie Springs Apt. 555 Lake Christineland, ME 62251",2021-11-12
162,Amanda Mckinney,mortonkerry@example.net,"9803 Carter Hollow Apt. 630 East Ronald, UT 24635",2023-12-06
163,Troy Carroll,ztate@example.org,"52163 Pruitt Islands Apt. 666 Port Robert, MA 45957",2020-08-22
164,Kendra Mercado,madelinewatson@example.net,"91258 Calhoun Via Jonathanburgh, MA 81824",2022-12-19
165,Paul Jones,nuneztracy@example.net,USCGC Richardson FPO AA 80404,2023-05-04
166,Chad Yoder,lisahernandez@example.org,"526 Nguyen Islands West Jamesfort, MH 73597",2021-10-28
167,Barbara Turner,drakejeanne@example.net,"562 Christina Mountain Apt. 071 Lake Nancybury, ID 42287",2022-05-25
168,John Barnett,vstewart@example.net,"41757 Gill Mews Megantown, WA 95895",2022-03-10
169,Brittney Munoz,wnguyen@example.com,"65843 Jesse Villages West Nicole, CO 96534",2021-07-03
170,Leslie Mcfarland,emoreno@example.com,"6894 Richardson Station Lopezland, WY 20410",2021-03-24
171,John Lewis,aolson@example.com,"78369 Craig Village Apt. 290 West Caleb, NC 70530",2020-04-15
172,Emily Cohen,michaelmendoza@example.net,"342 Kevin Square New Leah, WY 51085",2023-12-06
173,Valerie Melton,hnewton@example.com,"3201 Desiree Meadow Apt. 216 North Veronicamouth, ND 16289",2023-08-13
174,Amber Zuniga,roy40@example.net,"109 Mark Burg Suite 897 Blackview, MA 92219",2020-12-04
175,Juan Townsend,connor10@example.net,Unit 4030 Box 8346 DPO AP 26051,2023-05-09
176,Amy Taylor,hollyblake@example.org,"93521 Jeffery Shore South Sarah, NY 05623",2020-10-17
177,Julie Taylor,amandaestes@example.net,"135 Miranda Ridges Apt. 179 Lake Scott, DC 44279",2021-06-05
178,James Green,charlespatel@example.net,"486 Sullivan Wall Suite 384 West Kathrynborough, CT 12167",2024-05-03
179,Fernando Lopez,crawfordaustin@example.com,USCGC Martinez FPO AE 46013,2020-08-18
180,John Perez,idaniels@example.com,Unit 6971 Box 5427 DPO AE 76550,2022-03-03
181,Mr. Joseph Kelley,jamesross@example.com,"825 Jessica Ways Suite 888 Sarabury, NE 70355",2023-06-02
182,Kayla Daniel,nashvictor@example.net,"5201 Diaz Ridges Apt. 763 Port Susanton, VA 90395",2023-05-01
183,Shawn Mann,oriley@example.org,"530 Kelley Manor Apt. 235 Kaisershire, WA 86762",2020-08-02
184,Corey Hunt,jwarren@example.com,"794 Garcia Pine Carpentertown, WV 90837",2024-07-19
185,Edward Davis,macdonaldclayton@example.org,"3076 Alvarado Ways Suite 984 Port Benjamin, WI 24067",2022-03-17
186,Kristine Deleon,jacksonvictoria@example.net,"7819 Howell Knoll Suite 069 Williamsview, AZ 25082",2022-10-08
187,Casey Sanchez,jessica32@example.org,"5237 Michael Gateway West Markport, VT 86628",2023-12-21
188,Diana Barnett,eric40@example.com,"PSC 7514, Box 7196 APO AP 22497",2021-01-17
189,Isaac Miller,qcastillo@example.net,"300 Allen Estates Apt. 739 Olsonshire, MI 48210",2022-05-13
190,Randy Hernandez,sday@example.net,"2296 Spencer River North Donaldport, AZ 96057",2024-01-16
191,Jeffrey Henderson,ramirezstephanie@example.org,"23554 Peter Island Apt. 497 Wilsonside, RI 22097",2022-05-26
192,Tonya Vargas,racheladkins@example.net,"1899 Michelle Tunnel Ortizshire, PW 79963",2023-06-04
193,Curtis Lopez,zamorajames@example.net,"0097 Stark Parks Suite 355 North Brianborough, RI 18525",2024-04-29
194,Shannon Garcia,zhudson@example.org,"109 Hodges Freeway Apt. 991 New Courtneymouth, MN 32185",2022-03-24
195,Jennifer Duran,ystrickland@example.org,"87498 Schmidt Mall Suite 219 Ramirezhaven, DC 73627",2023-01-11
196,Ashley Lawrence,vhammond@example.net,"8924 Valenzuela Stream West Joseph, HI 52920",2023-06-07
197,David Cabrera,nicholasstevens@example.net,"94962 Devin Street North Richard, NJ 51637",2020-03-23
198,Adam Young,hsmith@example.net,"6391 Cody Shores Suite 209 Port Jenniferfort, SC 74669",2023-12-11
199,Tiffany Williamson,lynnjones@example.com,"22200 Riddle Cape New Jadeton, NY 36067",2024-03-04
200,Matthew Jackson,sampsonwilliam@example.com,"49370 Amy Mall Moorechester, IA 15482",2020-06-23
201,Kevin Moore,hodgebenjamin@example.com,Unit 4716 Box 4554 DPO AP 20395,2020-04-22
202,Megan Montes,lauracervantes@example.org,"292 Joshua Fields Hardyside, GA 33358",2021-01-23
203,Toni Hendricks,gtyler@example.net,"243 Raymond Station Robinsontown, MD 68750",2021-01-31
204,Daniel Harper,dthomas@example.com,"4261 Martin Orchard Campbellmouth, DC 06318",2024-07-05
205,Brian Mckinney,hmoss@example.org,"95108 Ross Overpass Suite 637 East Olivia, MP 67916",2020-01-17
206,Katie Evans,heidijones@example.net,"744 Nathan Lodge Suite 206 Port Jessica, IN 29213",2023-01-10
207,Rebecca Archer,davidnunez@example.com,"16593 Jessica Terrace Wrightberg, TN 08466",2023-09-03
208,Wendy Haynes,lmorrow@example.org,"0817 Monica Haven Jerrymouth, SD 30978",2020-12-18
209,Andrea Patel,clintonwilliamson@example.org,"75155 William Plains New Vanessastad, NH 87375",2020-10-12
210,Daniel Johnson,morgan24@example.com,"9640 Jeffrey Courts Nelsonside, IA 79589",2021-04-04
211,Anthony Brown,ofrancis@example.net,"560 Kelly Isle Suite 518 South Phyllismouth, OK 46362",2021-05-12
212,Stephen Parks,gramsey@example.org,Unit 4530 Box 4701 DPO AA 07111,2021-06-21
213,Sherry Cox,jessesmith@example.org,"828 Brian Spring Suite 855 New Angelatown, FM 19639",2023-01-02
214,Shelly Barton,breannawilliams@example.org,"21645 Stephen Expressway Apt. 106 Port Scottstad, UT 61280",2023-05-17
215,Sandra Sosa,robertssheri@example.org,"PSC 0207, Box 0422 APO AA 53505",2020-12-16
216,Hannah Rose,mtyler@example.com,"PSC 4502, Box 8346 APO AE 89830",2023-02-17
217,Brenda Abbott,richard17@example.org,USS Mccullough FPO AA 20924,2024-05-30
218,Pamela Snyder,monica41@example.com,"6856 Kelsey Extensions Apt. 284 Jacquelinetown, AL 53112",2023-06-22
219,Carolyn Hamilton,johnsondarren@example.net,"8185 Morris Summit Andrewstad, DC 04414",2022-03-24
220,Alex Gibson,amyfitzgerald@example.com,"901 John Expressway New Isabel, MO 12866",2023-12-21
221,Robin Johnson MD,xroach@example.com,"0102 Daniels Expressway East Nicholasbury, DC 75083",2023-12-20
222,James Hansen,snydermatthew@example.org,"572 Gregory Trail Suite 051 West Teresa, IA 50972",2024-04-17
223,Chelsea Liu,cynthiamartinez@example.org,"89809 Sanchez Plains Mercedeston, PA 55160",2023-04-09
224,April Gibbs,vlamb@example.com,"06533 Zachary Centers Apt. 829 Lake Ryanmouth, RI 62772",2024-08-29
225,Dennis Estrada,trankeith@example.org,USCGC Fletcher FPO AA 74101,2023-08-09
226,Tyler Bass,bclark@example.net,"143 Burke Burg Suite 016 Dawnstad, SC 91184",2024-08-21
227,Ann Allen,juliarandall@example.org,"9728 Trevino Views Apt. 952 Courtneyfurt, FM 60556",2022-07-18
228,Alex Murphy PhD,jennifer47@example.com,"7119 Victoria Keys New Alicia, AZ 99384",2024-02-28
229,Gilbert Wood,rose22@example.org,"95450 Kimberly Forges Suite 383 Michaeltown, SD 22150",2020-12-17
230,Melinda Torres,melindasmall@example.net,"07903 Elizabeth Corner Port Coryberg, AR 45343",2023-06-21
231,Phillip Hughes,melanieallison@example.com,"013 Buchanan Island Apt. 141 East Charles, SD 73631",2022-05-16
232,Dominique Walker,tabitha15@example.net,"268 Jacob Forge New Anthony, WI 39207",2021-01-14
233,Jacob Le,dawsonjonathan@example.org,"07268 Keith Avenue Apt. 672 Port James, MD 27222",2020-03-11
234,Molly Lewis,floresjennifer@example.com,"4750 Webb Cliff Lake Ashley, OH 53060",2020-06-17
235,Christine Key,jeremy85@example.org,"980 Berger Stream Apt. 297 Dunnberg, AK 76670",2024-07-25
236,Jonathan Jensen,evansthomas@example.net,"PSC 7223, Box 5440 APO AE 02723",2023-02-21
237,Tara Russo,gbrooks@example.net,"6849 Dyer Light Suite 782 North James, CO 04731",2021-05-16
238,Shelia Gutierrez,karen77@example.com,USNV Jackson FPO AA 71893,2024-06-18
239,Joseph Moon,jesse00@example.com,"3700 White Ford Apt. 754 Christinechester, HI 97978",2023-09-10
240,Sabrina Page,melissa51@example.org,"882 Brady Island Moralesshire, NC 56165",2021-06-22
241,Sara Powell,walkerbrian@example.net,"925 Zachary Ridge Lake Dawnbury, DE 35282",2023-01-03
242,Michael Burke,vanessa43@example.org,"5220 Alexandra Flats Apt. 556 Michaeltown, GA 71768",2022-09-02
243,Richard Wall,martinjennifer@example.net,"11156 Emily Landing Port Sandra, MN 27145",2023-12-07
244,Katelyn Brown,vsavage@example.org,"503 Jonathan Cliff Apt. 548 South Michael, IL 81332",2023-01-16
245,James Mendez,john06@example.org,"1504 Burgess Heights Debrafurt, VT 77971",2022-11-30
246,Lauren Baker,monica64@example.com,"381 Deborah Creek Apt. 539 Longborough, MN 35623",2021-12-16
247,Sonya Brooks,johnmartinez@example.net,"919 Hardy Walks Apt. 107 Emilymouth, AS 18019",2021-07-03
248,Jeffrey Bowen,wmurphy@example.org,"83775 Barnes Viaduct South Robertborough, MO 34380",2024-05-21
249,Samuel Costa MD,amanda50@example.com,"2792 Dennis Court South Brian, IN 87641",2020-01-03
250,David Allen,fsmith@example.org,"989 Lisa Pines Suite 285 South Jill, SC 28822",2023-06-25
251,George Tucker,elizabeth66@example.net,"504 Cathy Glens Ingramborough, ME 15368",2023-01-19
252,William Herrera,morganjennifer@example.org,"2928 Joan Hill Apt. 335 North Randy, OR 61767",2021-11-02
253,Richard Horton,amyrogers@example.org,"743 Brady Inlet East Jonathantown, NM 95796",2024-08-17
254,Sarah Williams,fitzgeraldbilly@example.net,"878 Solis Gardens Lake Paul, AZ 65128",2024-07-21
255,Matthew Hamilton,castroashley@example.org,"96800 Williams Union Suite 134 Port Mary, TN 05689",2020-06-30
256,John Thompson,hkelly@example.org,"94943 Eileen Ranch Ramirezhaven, HI 70891",2020-11-04
257,Jessica Andrews,egilbert@example.com,"6870 David Squares Suite 277 Yorkhaven, FM 10463",2021-07-25
258,Gary Gomez,yjames@example.com,"07345 Mark Trace Apt. 226 Thomaston, FM 35008",2021-06-21
259,Corey Ball,joyce26@example.net,"5452 Michael Skyway Port Ronaldside, AK 97496",2020-01-15
260,Scott Wagner,donnataylor@example.net,"661 Mathew View Lake Christopherside, ID 77657",2021-10-01
261,Joseph Mayo,sarah90@example.net,USNV Reed FPO AA 91640,2023-09-11
262,Tracy Bell,bhamilton@example.org,"252 Lauren Circle West Andrea, PW 19702",2023-02-10
263,Kelly Green,avillanueva@example.net,"752 Judy Junction Suite 210 Port Melissa, IN 10642",2021-08-08
264,Bonnie Elliott,karla27@example.com,"28741 Jacqueline Estates Apt. 748 Collierton, IN 21740",2022-02-20
265,Suzanne Martin,jonathanscott@example.net,"7487 Christine Viaduct New Cindy, CO 61740",2020-03-23
266,Gary Wilson,ritterkathleen@example.org,"805 Allison Tunnel Suite 579 West Jenniferview, WY 58260",2022-07-11
267,Miguel Sanchez,maldonadojohn@example.com,"PSC 5664, Box 8988 APO AE 82105",2021-12-13
268,Kathleen Gilbert,cgonzalez@example.org,USCGC Fox FPO AP 19675,2021-08-18
269,Laura James,tiffanybutler@example.net,"0810 Jennifer Prairie Andreaville, MP 00721",2022-12-04
270,Linda Mcdonald,kimberly16@example.org,"4230 Jennifer Mill Apt. 331 West Angelastad, PW 85305",2021-02-26
271,Jennifer Watson,scottbrown@example.org,"8570 Gabriela Harbors Apt. 745 Port Jamesfurt, OR 25665",2021-04-02
272,Samantha Thompson,owilliams@example.com,"270 Christopher Drive Littleville, GA 01322",2023-08-13
273,Matthew Gibbs,rhonda79@example.org,"77836 Finley Crescent Suite 792 Lake Jonathan, AR 42605",2022-09-16
274,Charles Kelley,royapril@example.org,"6305 Robbins Field Youngfort, FL 29704",2021-12-09
275,Stacy Alexander,andrewmelton@example.net,USS Smith FPO AE 56023,2024-08-28
276,Cathy Pearson,mark52@example.net,"99757 Melissa Island Albertstad, TN 07091",2024-01-12
277,Jenna Schaefer,brownsamantha@example.com,"57346 Alexander Track Suite 201 Perrytown, WI 02476",2023-02-07
278,Amy Brown,padillasuzanne@example.net,"197 Christopher Wall Suite 187 New Beverlyview, MP 15656",2020-01-05
279,Deborah Mathis,barbergabrielle@example.net,"PSC 3924, Box 0540 APO AP 99318",2021-05-15
280,Kenneth Cochran,cherylcalderon@example.org,"27316 Boyd Forge Angelabury, DC 59170",2021-08-15
281,Charles Lynch,hhernandez@example.com,"510 William Knoll Suite 528 Ashleytown, MA 59454",2024-04-03
282,George Reeves,evansdaniel@example.net,"2199 Walter Lock East Cynthiamouth, IN 85578",2021-11-12
283,Michael Shields,ewilcox@example.org,"169 Dougherty Island Apt. 491 Bestburgh, MT 52126",2023-04-10
284,Arthur Ryan,fwalker@example.org,"42071 Scott Trace East Jeffrey, CO 20722",2020-07-25
285,Robert Castillo,roberthansen@example.org,"54580 Williams Key North Emilychester, NY 26663",2024-06-25
286,Alexander Harrison,ngarcia@example.org,"99634 Rodriguez Summit Apt. 126 Newtontown, VA 14238",2023-11-24
287,John Wallace,jonathan64@example.net,"6336 Sarah Hollow Gibsonmouth, GA 79071",2021-05-19
288,Lauren Gross PhD,marisacarr@example.net,"99454 Villanueva Ranch Suite 898 Lake Alexanderberg, WA 92295",2023-02-16
289,Frank Bowen,brenda35@example.org,"61746 Mercado Flats North Maryfort, ME 13891",2021-01-30
290,Amy Taylor,craig39@example.net,"5038 Blevins Fall Reevesland, NH 51124",2022-01-17
291,Roy Davis,newmansteven@example.org,"031 Anthony Locks Suite 308 Bentonfort, NY 70477",2022-06-14
292,Ricky Diaz,kennethmccullough@example.org,"5134 Campos Prairie Suite 100 New Destinyview, OR 89573",2021-02-02
293,Rachel Garcia,barajasmonica@example.org,"199 Kyle Run Suite 838 Drakefort, AL 94527",2023-05-03
294,Allison Walters,angelica81@example.org,"8036 Jerry Route Marieshire, WY 22756",2023-09-11
295,Amanda Pope,tarawilson@example.org,"94204 Taylor Roads Apt. 276 Port Lauren, PR 51301",2023-02-11
296,Charles Hanna,ashleydean@example.org,"38091 Lydia Isle New Jessicafurt, NV 06377",2020-05-13
297,Richard Gillespie,qmcintyre@example.org,"5191 William Mountains Port Brandonport, MS 34802",2023-12-10
298,Benjamin Castaneda,wintersrobert@example.net,"234 Downs Island Waltonborough, WV 54133",2022-07-04
299,Joseph Smith,chambersjohn@example.org,"7316 Doyle Mills Leeside, TN 23366",2021-04-20
300,Megan Moore,taylorjacob@example.org,USNS Spencer FPO AA 27384,2023-03-28
301,Daniel Houston,christopher35@example.com,"1437 Emily Rapids Apt. 857 Lake Davidburgh, ND 44550",2020-05-11
302,James Taylor,johnnywilson@example.com,"7348 Kevin Expressway Hallfort, MH 63811",2020-05-29
303,Ashley Hernandez,carlpreston@example.net,"4926 Dawn Lock Sandrafurt, VT 26145",2023-10-17
304,Brandon Robinson,mitchellmurphy@example.org,"1269 Peggy Shoals Dianeside, MO 75734",2021-06-06
305,Jeremy Rodriguez,qwarren@example.org,USCGC Saunders FPO AA 09964,2021-03-07
306,Daniel Graham,watkinsclifford@example.net,"229 Diana Glen Suite 563 New Mark, WA 09838",2022-09-15
307,Timothy Johnson,jenkinstyler@example.net,"6607 Nicholas Divide Suite 170 New Maryville, AZ 78865",2023-11-19
308,Ernest Harris,georgebryan@example.net,"998 Tami Shoal Apt. 239 New Caitlynside, NE 29074",2021-02-05
309,Ashley Thomas,glenferguson@example.org,"610 Saunders Knoll Suite 533 Lake Coryborough, MS 81643",2024-07-17
310,John White,lauralynn@example.org,"4401 Diaz Landing South Lindsey, NM 73755",2024-04-30
311,Rebecca Edwards,christopher95@example.com,"9707 Manning Place Apt. 420 East Jamesborough, NE 86358",2023-06-24
312,Michael George,perrymaurice@example.com,"56575 Derrick Station South Sarah, MP 92910",2023-07-30
313,Debra Paul,benjamin99@example.com,"152 Wilson Plains New Bryan, MT 63617",2023-03-11
314,Rachel Pineda,robert50@example.net,"581 Lauren Divide Hernandezborough, NE 32522",2022-10-29
315,Madison Curry,johnsonsteve@example.com,"7631 Cindy Flat Ricardoland, IN 23094",2024-04-02
316,Michelle Anderson,wibarra@example.org,"25018 Miller Fields Lake Mitchell, ME 12784",2023-12-23
317,Julie English,carpenteramy@example.net,"26346 Marquez Burg North Heather, ME 86263",2024-06-08
318,Craig Lopez,bdavenport@example.com,"1794 Grant Crescent Benjaminville, OR 81989",2021-08-05
319,Nicole Johnson,dennis90@example.com,"64587 Graham Bridge Apt. 538 Vaughntown, HI 61014",2023-02-09
320,Emily Hudson,melissa92@example.com,"9970 Turner Valley Melissabury, PR 39247",2023-03-10
321,William Watts,nwalker@example.org,"85634 Justin Streets North Dillon, MI 93290",2020-03-26
322,Aimee Miller,archerfelicia@example.com,"2589 Bullock Canyon South Ryan, FM 20430",2021-03-02
323,Joseph Bolton,russellharrison@example.org,"215 Thompson Wall East Brandonmouth, AS 92484",2021-07-17
324,Luis Hodges,danielellis@example.com,"419 Jeffrey Shoal Apt. 179 East Sue, SC 06340",2021-10-19
325,Gregory Whitaker,mark53@example.com,"26058 Scott Curve Joseview, VA 32766",2021-04-16
326,Holly Murray,stacie31@example.net,"473 Mason Inlet North Sonyatown, MT 78283",2022-12-13
327,Larry Romero,doris17@example.org,"910 Anderson Orchard South Melissafurt, NC 82015",2021-01-10
328,Robert Williams,powerschristine@example.org,"03000 Jose Lights Loriberg, AL 96865",2023-08-09
329,James Holland,amanda46@example.com,"8801 Ross Highway Apt. 943 East Donald, SD 40797",2020-10-06
330,Kyle Brooks,joeduncan@example.net,"6701 Flores Fort Staceyfort, FL 43531",2020-02-01
331,Ms. Alexandra Brewer,krichard@example.net,USNS Woodard FPO AE 40130,2020-12-02
332,Vincent Woods,jacobhill@example.org,"332 Zamora Mountain Suite 851 Lake Christopherchester, WA 71341",2023-03-28
333,Leslie Lopez,joneswilliam@example.org,"8941 Amber Parks Brownburgh, GU 84590",2023-02-08
334,Travis Adams,julie92@example.net,"396 Joseph Isle New Latoya, OK 33096",2022-04-14
335,Alyssa Singh,katherine11@example.com,"7661 Jones Land Williamton, TN 69553",2022-08-23
336,John Mcclain,dunndonna@example.com,"9060 Davis Road Reidside, AZ 49856",2020-07-19
337,Charles Holloway,kevinfernandez@example.org,"44849 Bruce Coves Jenniferchester, ID 93935",2021-12-24
338,James Murphy,richardsonmichael@example.org,"7266 Karen Throughway North Chasebury, FM 92180",2022-02-08
339,Jason Jenkins,otrevino@example.net,"634 Jessica Trail Reyesmouth, MA 87011",2022-06-12
340,Karen Cook,stephanie79@example.org,"586 Patrick Lake Apt. 105 Debrafort, CO 45499",2020-02-14
341,Kyle Schaefer,nvargas@example.net,"3950 Dustin Center Apt. 841 New Sarah, FL 09760",2020-08-21
342,Sheila Smith,bpeters@example.net,"12884 Walker Corner Hardyborough, LA 96911",2022-08-03
343,Gina Smith,idodson@example.org,"80307 Clayton Alley Johnshire, HI 48191",2021-02-13
344,Vickie Stephens,alexanderalexander@example.net,"67984 Walker Fort Apt. 834 North Michaelborough, MO 29327",2021-03-09
345,Taylor Barnes,elizabethbishop@example.net,"853 Maria Avenue Suite 262 South Emilyburgh, FL 89695",2020-11-04
346,Allison Stewart,angelicaarnold@example.org,"332 Meyer Plaza Port Amanda, PA 62894",2022-10-21
347,Amy Glenn,pdavis@example.org,"77257 Lorraine Plains Apt. 697 Bradleyfurt, GA 56434",2023-03-19
348,Michael Sutton,kennedymiranda@example.net,"907 Micheal Street Caldwellburgh, TX 52150",2024-09-09
349,Marie Madden,brandon77@example.org,"1445 Lawrence Points Suite 074 Johnsontown, TX 04733",2024-02-06
350,Beverly Miles,brent31@example.net,"3933 Crawford Estates Ashleyton, MP 75500",2022-09-06
351,Brian Avila,tmartinez@example.org,"193 Krista Station Suite 790 Lake Jameschester, VT 09152",2023-11-06
352,Lindsay Smith,brookeedwards@example.net,"2765 Cordova Tunnel Apt. 738 West Sheila, IN 20961",2024-02-14
353,Cathy Dorsey,francistraci@example.org,"9735 Erin Divide Apt. 569 Lake Cynthia, MN 66999",2024-02-11
354,Kevin Doyle,lpowers@example.com,"1702 Michele Inlet New Jasonborough, OK 04268",2020-02-02
355,Garrett Johns,rmassey@example.com,"0275 Natasha Union Richardsonberg, VT 87583",2024-02-16
356,Clayton Hall,robertcarroll@example.org,"20372 Ayers Plaza New Paula, NV 51027",2020-12-10
357,John Schmidt MD,kennedythomas@example.com,"458 Rocha Stream Suite 735 Zacharyfurt, MD 34422",2023-06-26
358,Michelle Thompson,bfisher@example.org,"71888 James Pine East Albert, SD 61413",2020-11-18
359,Jennifer Oliver,michaelmahoney@example.org,"71695 Rogers Vista Walkertown, MT 86440",2020-08-04
360,Brandi Howell,vsummers@example.net,USS Watts FPO AA 71763,2022-11-12
361,Allison Schmidt,kelly38@example.org,"8787 Potts Harbors Apt. 738 Benjaminburgh, DE 19772",2023-05-12
362,Robin Baldwin,desiree31@example.org,"515 Stafford Springs Suite 428 Lake Dana, LA 11504",2023-03-28
363,Robert Guerrero,adamsgregory@example.org,"36287 Scott Ports New Leeton, CO 41330",2023-05-12
364,Brad Wallace,emartinez@example.net,"3555 Swanson Forges West Loriville, FM 85718",2021-08-02
365,Larry Mccullough,wilkersonfernando@example.org,"73720 Christopher Drive Shawnborough, OK 78412",2022-08-21
366,Willie Thompson,camposrachel@example.org,"957 Curtis Street Suite 048 South Jeanneside, AZ 99046",2023-09-14
367,Christopher Andrews,annadams@example.com,"45623 Paul Corners Apt. 449 Donaldchester, VA 18180",2021-08-24
368,Sean Orr,tsmith@example.com,"154 Madison Row East Jonathanburgh, NY 40821",2021-07-29
369,Danielle Peters,rmason@example.org,"05205 Edwards Junction Brendashire, NE 50844",2023-04-21
370,Holly Downs,william95@example.org,"867 Joy Landing Wolfeport, VI 07111",2021-02-03
371,Daniel Parker,ericaoconnell@example.org,"997 Paul Plaza Suite 283 Brandonmouth, VT 66965",2020-08-31
372,Joshua Good,nancyduarte@example.org,"67690 Carpenter Drive Alexanderland, MO 19122",2021-04-12
373,Timothy Gardner,nathanielmason@example.org,"527 Jackson Station Suite 483 South Danielleland, RI 42395",2024-04-16
374,Robert Horton,tara48@example.net,"31956 Williams Passage Suite 925 North Samuelhaven, NV 26666",2022-06-01
375,Rhonda Torres,lcole@example.com,Unit 7474 Box 9732 DPO AE 77864,2020-11-03
376,Scott Vasquez,christinevalenzuela@example.org,"62238 Jeremy Crossing Suite 211 Drewton, OR 24455",2021-01-24
377,Jesse Hayes,rwaters@example.org,"51350 Chang Way Brianmouth, IL 88059",2021-11-26
378,Manuel Bennett,pgonzalez@example.net,"9315 Roberson Drive Apt. 644 New Curtiston, NM 91614",2021-07-21
379,Gina Baker,shernandez@example.org,"042 Robert Track Alvaradomouth, TN 87495",2020-08-19
380,Kelly Johnson,kelly75@example.net,"324 Castro Light Courtneytown, FL 94062",2022-09-14
381,Stephen Robinson,glee@example.net,"00181 Donald Spring East Karen, VT 13412",2020-12-13
382,Joshua Williamson,kdudley@example.net,"0829 Brian Estates Suite 823 West Colinside, SD 97410",2022-11-18
383,Molly Strong,osborneemily@example.com,"749 Sanchez Spur Suite 899 West Sethberg, IN 58110",2021-09-19
384,Patrick Martin,achavez@example.com,"0015 Gary Fords Apt. 958 Lake Jeffrey, NV 05521",2024-09-07
385,Louis Gonzales,vickielopez@example.net,"564 Davis Loop South Alisha, NH 76425",2024-01-29
386,Nicholas Thornton,waltoncasey@example.org,"290 Galloway Ports Port Nathanbury, MO 59282",2020-07-02
387,Richard Cowan,lhayes@example.net,"542 David Corners Apt. 262 Brittanychester, TN 49685",2024-05-23
388,Victoria Hansen,douglaspace@example.com,"094 Scott Haven Suite 063 West Emilyhaven, OK 41125",2022-09-27
389,Brittney Harris,lori50@example.net,"736 White Circles New Dustinshire, ID 91063",2021-11-13
390,Jessica Davis,nicoledunn@example.org,"193 Kimberly Ville West Maxside, AZ 91738",2022-12-04
391,Alan Powers,jamiestewart@example.net,"57053 Richardson Mountains Jaimefurt, IL 74431",2024-07-23
392,Anthony King,richardruiz@example.org,"199 Knight Shore Apt. 673 Jenniferburgh, WY 53866",2021-10-23
393,David Delgado,zachary11@example.org,"3741 Tammy Knoll Suite 240 New Thomas, PR 08012",2021-10-30
394,Renee Robertson,icarpenter@example.net,"049 Maldonado Plaza Suite 567 South Bruce, KY 65460",2023-03-07
395,Roy Green,kingdustin@example.net,"8186 Robin Shoal West Erikmouth, NY 85922",2022-07-19
396,Toni Summers,matthew37@example.net,"16886 Amanda Meadows Larsonbury, IA 14160",2022-12-31
397,Mary Harding,bradymark@example.net,"579 Higgins Terrace Apt. 775 Port Jeffreyhaven, WY 35856",2023-11-25
398,Allison Choi,diana44@example.net,"5470 Karl Camp Stephenfurt, NV 73796",2023-08-02
399,Victoria Page,clarkdiana@example.org,"4707 Patricia Oval Sharonchester, IL 14124",2021-11-28
400,Tyler Owens,brittanysmith@example.net,"5947 Summer Common Suite 801 Port Christina, GA 43472",2020-06-21
401,Jordan Williams,shawbrandon@example.org,"4967 Brittany Drives East Nicole, MN 70486",2023-05-23
402,Kelli Macias,wfitzgerald@example.com,"1426 Torres Walks Suite 600 North Linda, MS 48013",2023-11-26
403,Michael Murray,allisongarrett@example.net,"97628 Stewart Heights Apt. 841 Lake Paulamouth, CA 46278",2021-08-31
404,Dan Grimes,bmaddox@example.net,"8941 Kaitlyn Lodge Apt. 439 New Jessica, SC 95129",2024-05-23
405,Lori Lynch,marcsnyder@example.org,USNS Christian FPO AA 61820,2023-11-04
406,Lawrence Rivera,jason46@example.org,"7775 Katie Drives New Shawn, PR 60558",2022-09-27
407,Zachary Smith,williamsshirley@example.com,"12572 Ponce Mountain Suite 141 Cantubury, NE 46817",2022-03-05
408,Tyler Gray,camposmeredith@example.org,"61477 Brian Gardens Apt. 670 Port Jennifer, DE 94673",2023-05-18
409,Derrick Lewis,lucerokimberly@example.com,"6252 Gregory Rest Suttonland, VA 66448",2020-12-29
410,Ryan Mendoza,kgutierrez@example.net,"3047 Howe Pine Suite 187 East Justinport, SD 95186",2020-07-29
411,Kimberly Flores,wadejack@example.org,"99225 Hendricks Trace Suite 183 Caldwellville, MT 27943",2023-01-09
412,Troy Rodriguez,youngcassandra@example.net,"40522 Kevin Rapid Suite 765 Shellychester, VA 60540",2023-11-16
413,Troy Doyle,richardwells@example.net,"585 Jonathan Rapid South William, NE 31437",2023-02-10
414,Christopher Perez,shannoncourtney@example.com,"136 Reyes Burg Suite 875 Michaelshire, TX 66236",2023-02-04
415,Jesse Lewis,ndavis@example.org,"376 Clark Mews Suite 507 North Bryan, FM 07062",2023-01-07
416,Michael Thomas,anthony87@example.org,"160 Love Mission New Jason, CA 47949",2023-05-31
417,Anthony Luna,rodgerskim@example.org,USNS Hawkins FPO AE 59282,2023-07-03
418,Mary Holland,qmartin@example.net,"587 Burns Lights West Jamesfort, VA 78279",2021-02-14
419,Jillian Martinez,aadams@example.net,"51289 Tara Fall Benjaminfort, FL 86447",2023-03-11
420,Richard Turner,gutierrezkaren@example.net,"06072 Lyons Roads Suite 397 Beardstad, CT 34662",2024-09-30
421,Mr. Dylan Alvarado MD,kingdwayne@example.org,"4169 Schaefer Loop Apt. 002 Daniellemouth, VA 18921",2021-02-26
422,Karen Long,lisaboyer@example.net,"3086 Kelly Forks Apt. 664 Lake Kayleeview, UT 77975",2023-01-04
423,Mitchell Green,scottaguilar@example.org,"26877 Jeffrey Mountain Suite 224 West Heather, CA 41891",2023-03-23
424,Mary White,thomas88@example.com,"773 Robinson Wall Apt. 040 Teresaville, MN 03081",2023-06-21
425,Raymond Sullivan,matthewnelson@example.org,"7283 Brown Landing Alexanderbury, LA 65275",2024-06-30
426,Willie Sanders,ipatterson@example.com,USNV Osborne FPO AA 21526,2020-04-09
427,Maureen Poole,ukelly@example.com,"561 Garrison Cape Suite 767 Hayesshire, WV 83001",2022-02-18
428,Robert Davidson,michaelpierce@example.net,"615 Heather Meadows Mitchellborough, NE 10031",2020-06-06
429,Collin Love,cathy77@example.net,"5946 Kimberly Wells South Shannon, MN 51075",2021-09-14
430,Rhonda Wheeler PhD,paulhardin@example.net,"5065 Williams Viaduct Mitchellborough, AK 95175",2021-02-17
431,Mary Allen,dpatterson@example.com,"396 Thornton Station Suite 462 Port Garrett, ME 26423",2023-05-18
432,David Castaneda,lindseybaker@example.net,"8407 Eric Gardens Apt. 425 Boyerton, CA 54232",2020-01-30
433,James Day,hinesjohn@example.net,"58764 John Falls Burkeberg, OH 69382",2024-03-13
434,Donna Parsons,summersrobert@example.net,"1859 Heidi Stravenue Port Janet, AL 85174",2021-11-25
435,Donald Smith,justinwilson@example.org,"83792 Emily Drives South Emily, WI 81946",2021-04-01
436,Jessica Summers,christopherrivas@example.net,"34871 Fisher Islands Apt. 482 New Christopher, NV 87219",2023-05-17
437,David Harvey,hhicks@example.org,"454 Richard Road Suite 953 Jesseborough, MT 27891",2022-04-23
438,Jeremy Sparks,braundavid@example.org,"3946 James Neck Apt. 522 East Alison, FL 40508",2023-09-22
439,Raymond Johnson,xcruz@example.net,"93925 Natasha Loop Suite 129 North Robertview, CT 98300",2021-08-31
440,Scott Flores,james63@example.com,"29321 Howard Knolls Martinborough, VT 46844",2021-04-20
441,Ashley Miller,sharonhernandez@example.com,"226 Richard Turnpike Apt. 903 Yodermouth, ID 75986",2023-11-28
442,Dana Ross,kcarpenter@example.com,"96033 Watson Rest Suite 799 West Johntown, GU 73847",2022-04-17
443,Sharon Wright,mary23@example.org,Unit 3771 Box 4927 DPO AE 78449,2021-07-21
444,Kevin Smith,sanderson@example.com,"PSC 6845, Box 1676 APO AA 39147",2021-06-02
445,Christian Thompson,jbaker@example.org,"970 Tanner Creek Markhaven, PW 75244",2024-03-29
446,Brianna Davis,maria21@example.com,"183 Cunningham Shore Apt. 448 Alexton, FL 20309",2020-07-09
447,Theresa Nichols,uwong@example.net,"904 Ramos Manor South Veronica, IN 37656",2020-04-29
448,Richard Thomas,sweeneydavid@example.com,"106 Jared Stream Apt. 477 Nathanielmouth, NV 21083",2023-02-06
449,Melissa Quinn,jfranklin@example.net,Unit 0550 Box 3688 DPO AE 33191,2022-04-21
450,Timothy Reeves,justin06@example.com,"3618 Robbins Field East Gabriellechester, AS 37731",2023-11-07
451,Phillip Sparks MD,alexander80@example.net,"4472 James Viaduct North Jaclynchester, NE 85589",2021-03-07
452,Cheyenne Ayala,alexanderchristina@example.net,"3069 Rhonda Port Suite 307 Lake Kevin, FL 00999",2023-11-08
453,Lauren Freeman,aarias@example.org,"74167 Lynch Inlet Apt. 396 West Miranda, AR 01843",2021-06-23
454,Gary Alexander,npierce@example.com,Unit 4657 Box 8113 DPO AP 25372,2024-09-09
455,Jeremy Gibbs,umurillo@example.com,"3110 Mark Square Thomasfort, PW 79649",2020-12-28
456,Rebecca Brown,melissalittle@example.net,"615 Lewis Passage Port Travis, AL 58058",2023-06-28
457,Kevin Bryan,breannavaughn@example.com,"PSC 8775, Box 3590 APO AE 50888",2022-09-30
458,Nathan Foley,fernandogonzalez@example.com,USCGC Faulkner FPO AE 96576,2021-07-17
459,Mr. Jeremy Rosales MD,bryanlewis@example.net,"03342 Sierra Camp Suite 477 Ericksonfurt, WY 55851",2021-01-11
460,Timothy Mendez,scardenas@example.net,"217 Robert Villages Apt. 997 Middletonbury, MD 54334",2021-06-12
461,Andrew Carter,victormarquez@example.net,"72480 Willis Ways Apt. 916 Port Stevenland, IA 18320",2023-06-21
462,Paul Smith,marissa92@example.com,"65242 Reese Branch East Michael, AZ 53941",2021-01-25
463,Jennifer Sullivan,sarah64@example.net,Unit 5823 Box 0419 DPO AP 06871,2021-04-04
464,Brittney Edwards,leonardcheryl@example.org,"520 Martinez Rapid Lake Robert, PW 51304",2024-01-18
465,Richard Anderson,richardmiller@example.com,"7855 Eric Circle Apt. 121 New Mariamouth, MA 67837",2021-08-15
466,Mrs. Jennifer Collier,perkinstimothy@example.org,"22709 Ellis Circles Suite 935 Payneburgh, MD 94177",2021-04-12
467,Mary Anderson,jacksonstephen@example.net,"86858 Cooper View Lake Donna, AZ 63030",2022-02-15
468,Brandon Fox,amanda87@example.com,"21347 Matthew Crest Philipland, AK 96821",2022-02-02
469,Tina Miller,hallkaylee@example.net,"5152 Moore Cape South Andrew, PR 40714",2021-11-08
470,Stanley Sanchez,bellpamela@example.net,Unit 3582 Box 8142 DPO AE 36146,2020-10-17
471,Victor Reynolds,zcruz@example.com,"12971 Paul Route North Jenniferport, OR 04558",2022-11-19
472,Jennifer Luna,bsutton@example.com,"05315 Ronald Fort Apt. 526 East Alexanderborough, NC 90555",2021-06-16
473,Katherine Bautista,wallaceashley@example.com,"25459 Randy Parks Apt. 481 Martinland, DC 83238",2021-11-06
474,Jacqueline Aguirre,xowen@example.net,"6385 Schmidt Valleys Suite 999 West Hunterfurt, MT 69417",2023-10-25
475,Brian Harris,francostephen@example.net,"0786 Debra Pine West Judith, MI 16314",2023-03-29
476,Jennifer Walton,wrangel@example.net,"01873 Guzman Keys Apt. 672 New Emma, NH 37461",2023-12-03
477,Jose Ibarra,kenneth25@example.com,"16261 David Tunnel Duncantown, WY 97906",2020-05-01
478,Terry Smith MD,anthonywang@example.net,"4462 Small Road Coxbury, CT 19913",2022-08-31
479,Madison Lee,randalldeborah@example.com,"294 Michael Falls South Vanessaport, MH 61594",2022-06-30
480,Robyn Holmes,lucas80@example.com,"69357 Kyle Ways East Teresa, WV 08834",2021-06-14
481,Zachary Stark,tannerangelica@example.org,"30026 Veronica Neck Suite 698 Thomasview, WY 17597",2024-07-22
482,Dr. Natalie Howe,shughes@example.net,"762 Rachel Mission Martinezburgh, OR 29641",2022-09-21
483,Christopher Williamson,tgarcia@example.net,"7048 Monica Plains Victorberg, NV 29659",2020-02-07
484,John Morrison,wongsarah@example.org,"8372 Amber Stream Suite 956 New Lauren, MO 58674",2023-02-09
485,Sheila Richmond,hgraham@example.org,Unit 7208 Box 9521 DPO AP 24416,2021-11-02
486,Joseph Rodriguez,tbrown@example.net,"397 Love Summit Suite 288 Robertshire, CT 99493",2021-07-18
487,Brenda Anderson,robertjohnson@example.com,"930 Romero Mills Port Barbaratown, AS 81410",2020-06-05
488,Mary Lozano,lesliegreen@example.org,"1425 Robert Turnpike Suite 613 Lake Melvinborough, WV 89183",2020-01-22
489,Melanie Anderson,zdavis@example.com,"95790 Edwards Street Suite 989 Lake Raymondport, AS 59568",2023-05-27
490,Katherine Luna,smithjose@example.net,"PSC 9991, Box 1309 APO AE 18599",2021-03-22
491,Jacob Cole,katelyn99@example.com,"2675 Hart Lights Suite 048 West Stuart, UT 27357",2024-03-24
492,Thomas Kelly,blacktimothy@example.com,"49058 Monique Alley Hartside, UT 15765",2023-07-26
493,Danielle Hunt,davidbrown@example.net,"442 Patrick Brook West Michaelville, AZ 01339",2020-04-09
494,Christopher Smith,nancymason@example.org,"20121 Peters Knolls Torresmouth, IA 05694",2022-07-29
495,Ryan Carter,amunoz@example.org,"696 Courtney Track Apt. 247 Lake Heidimouth, OH 63790",2023-12-09
496,Heidi Case,tonyrichardson@example.net,"PSC 2843, Box 8870 APO AP 25182",2023-09-16
497,Mr. Andrew Meyer MD,jorgeyork@example.net,"5149 Martin Oval Apt. 084 North Denise, TX 59979",2023-11-20
498,Christina Salinas,sean35@example.org,"48651 Patricia Road Suite 590 North Anna, WI 69174",2022-05-09
499,Daniel Morales,cheryl66@example.org,Unit 9684 Box 6676 DPO AE 96625,2021-10-15
500,Scott Ayala,leahgreene@example.net,"1492 Harris Locks New Richard, IN 62036",2022-02-01
