id,name,email,address,date_joined
1,Brenda Walters,ingramtracy@example.com,"70025 Patrick Spur Juanstad, AS 87614",2020-06-24
2,Ashley Moyer,william01@example.com,"92047 Jack Plain Port Alisonmouth, LA 11873",2020-03-08
3,Christopher Lewis,wongjustin@example.com,"02332 Jimenez Squares North James, CT 88780",2024-01-17
4,Kevin Preston,pwelch@example.com,"03069 Shaw Coves Suite 102 South Colin, IA 81129",2022-09-13
5,Tonya Burnett,stephaniesims@example.org,"843 Kelly Vista Apt. 467 Shannonfort, DC 92484",2020-06-30
6,Amy Newman,andrewcarr@example.com,"69832 Derrick Stravenue Mackton, FM 45683",2022-07-20
7,Barbara Lopez,victoriaturner@example.org,"5672 Valerie Isle Mooretown, MO 65111",2023-08-14
8,Ashley Robinson,greenjessica@example.net,Unit 5278 Box 6295 DPO AP 61794,2021-12-27
9,Austin Brown,umendez@example.net,"98159 Brown Isle Apt. 333 Johnnyland, NV 39431",2023-08-12
10,April Miller,davidsnow@example.net,"64922 Rowe Valley East Thomasport, KY 19285",2023-07-29
11,Christopher Osborne,michellemccoy@example.com,"6888 Michael Port Apt. 785 Kimberlystad, CT 78344",2024-06-10
12,Robert Buchanan,alvarezjoshua@example.net,"4564 Williams Passage Apt. 311 South Matthew, NE 51383",2022-04-17
13,Christina Donovan,michael52@example.net,"PSC 5829, Box 5332 APO AA 65337",2021-02-26
14,Bruce White,phamreginald@example.org,USNS Charles FPO AE 65002,2020-04-26
15,Jane Hill,jeff22@example.net,"4930 Mitchell Key Suite 850 South Scott, CA 46095",2024-08-22
16,Peter Schneider,baileydanielle@example.com,"859 Mora Cliffs Suite 828 Robinborough, KS 94381",2023-06-04
17,Michael Johnson,john72@example.com,"449 Alyssa Plains Kellerborough, NV 26878",2020-02-06
18,Danielle Fitzgerald,emeyer@example.org,"5773 Stephen Mews Port Dawnchester, PA 57549",2024-06-08
19,Jason Brooks,jason00@example.net,"810 Christina Neck Apt. 329 Margarethaven, SC 85123",2020-09-06
20,Michael Brown,brianwilson@example.org,"8717 Ortega Terrace Port Garyton, AK 12679",2024-09-07
21,Robert Green,annettehansen@example.org,USS Johnson FPO AP 91530,2020-10-03
22,Taylor Mitchell,nicolejohnson@example.com,"116 Angel Springs Apt. 291 Alanland, FM 14692",2023-07-27
23,Jonathan Byrd Jr.,ucoleman@example.org,"878 Matthew Plains Lake Robert, MD 65078",2023-06-13
24,Jamie Holland,adamdiaz@example.org,"45015 Erika Wells Port Richardshire, DE 59818",2022-01-16
25,Gina Thompson,evansandrew@example.org,"203 Marvin Haven Suite 949 Coleview, CO 54460",2021-11-01
26,Eugene Henry,linda72@example.net,"9609 Jeffrey Centers Suite 868 Lake Shannon, NE 38266",2022-08-10
27,Laura Schroeder,heather34@example.org,"3839 Jerry Overpass New Johntown, TN 11187",2023-09-04
28,Kevin Moody,amiller@example.com,"373 Kelly Divide New Desireechester, MN 43886",2021-03-17
29,Andrew Patrick,amandahouse@example.com,"55726 Bryce Pike Apt. 676 Port Anthonyshire, HI 95550",2021-06-11
30,Ashley Johnson,frederickcraig@example.com,"544 Jillian Mill Gardnerbury, UT 48078",2020-05-12
31,Katie Jackson,cassandramartinez@example.com,"9141 Curry Mount Apt. 697 North Hayley, OK 19717",2023-03-14
32,Patricia Martin,linda45@example.org,"49495 Catherine Garden Lisamouth, MP 56863",2020-12-23
33,Robert Juarez,davisshannon@example.org,"02740 Shelton Cove Suite 039 New Joseph, OR 53470",2022-09-28
34,James Underwood,kclarke@example.net,"PSC 8372, Box 7699 APO AE 18007",2024-08-21
35,Amanda Johnson,croth@example.org,"48019 Margaret Land Suite 430 Maldonadoland, DC 07650",2023-07-08
36,Sandra Williams,scott21@example.com,"4498 Klein Mountain New Daniel, WV 67524",2020-03-30
37,Amanda Rivera,townsendjessica@example.org,"9366 Mccarthy Trace Apt. 083 Francischester, AZ 33481",2024-05-16
38,Tammy Garcia,martinezamber@example.org,"48986 Walker Walk Apt. 825 Port Katherineland, PA 99581",2020-07-21
39,John Johnson,castrotyler@example.com,"4703 Caitlin Street Lake Lauren, TN 52693",2020-12-14
40,David Diaz,evansjamie@example.net,"7625 Chase Passage Lake George, IL 27603",2020-02-28
41,Anna White,adrianamolina@example.net,"164 Cynthia Cliff Suite 639 Derekmouth, KY 56196",2024-08-10
42,Michael Turner,barbara35@example.com,USNS Howard FPO AE 59808,2022-01-16
43,Kimberly Thomas,natalie85@example.net,"794 Brent Junctions Port Joyce, MP 61223",2022-02-01
44,Ashley Ortiz,tylerjensen@example.net,"PSC 5313, Box 9653 APO AP 91285",2022-05-25
45,Cassandra Potter,bentonraymond@example.com,"6792 Joseph Ridges Apt. 078 Lake David, OK 38228",2021-08-29
46,Chad Lee,alexis89@example.com,"42385 Wheeler Shores Apt. 278 South Susanville, KY 95795",2020-07-15
47,Craig Frey,mortega@example.com,"5997 Lynch Brook Lake Natalie, CO 39726",2024-09-19
48,Tyler Stanton,daniel63@example.net,"98472 Morris Vista Suite 199 Port Meghanshire, IL 65105",2021-09-21
49,Dustin Smith,ejimenez@example.net,"453 Burnett Cove Christopherstad, MP 27170",2022-11-10
50,Marissa Smith,brownmelissa@example.org,USS Collins FPO AP 44483,2020-02-13
51,Amy Smith,lparker@example.org,"96226 David Vista Suite 901 West Shelia, NJ 83653",2020-01-25
52,Travis Payne,olarson@example.com,"02427 Jesse Pine Walkershire, SC 28685",2022-07-18
53,Brent Hughes,huffmandeborah@example.org,"757 Hannah Spur Christianland, MI 32280",2023-11-24
54,David Browning,nicholas46@example.com,"96691 Rebecca Island Loristad, KY 63083",2024-09-10
55,Robyn Thomas,iyoung@example.org,"1812 Amanda Cove Suite 163 Andrealand, SC 62550",2020-04-26
56,Bradley Williams,daniel63@example.org,Unit 3895 Box 5691 DPO AP 04276,2021-02-03
57,Leslie Torres,flowersernest@example.com,"0188 Kelley Estate Apt. 342 Johnsonside, IN 64663",2022-01-04
58,Matthew Pratt,stevenhill@example.org,"3994 Julie Light Apt. 676 Nicoletown, CT 96214",2020-01-14
59,Melissa Holt,jameskemp@example.org,"605 Dickerson Road Apt. 764 Davidfort, IL 60881",2023-11-26
60,Rachael Jackson,wfinley@example.com,Unit 9385 Box 7483 DPO AE 99280,2020-11-04
61,Timothy Price,john77@example.com,"55855 Jose Place Gamblehaven, CO 84167",2021-07-19
62,Ashley Bradley,khancarl@example.net,"586 Amy Camp New Cynthiafort, ID 60614",2021-11-15
63,Rebecca Haynes PhD,amanda64@example.org,"8600 Nancy Lodge Apt. 112 Samanthaside, PA 46785",2023-10-07
64,Gregory Jensen,nina57@example.org,"1754 Diamond Course Laurenview, WA 67426",2021-03-22
65,Susan Galloway,ujohnson@example.net,"50303 Decker Street Apt. 373 Tonyabury, FM 94260",2023-07-17
66,Donald Anderson,vjohnson@example.net,"5929 Ronald Path Blackview, OH 63551",2023-07-31
67,Tracy Whitaker,michele48@example.net,"67315 Linda Greens Pamelaland, CO 57016",2022-10-27
68,Christopher Jackson,whitekevin@example.net,"33718 Mariah Islands Port Victoria, VI 07301",2024-02-10
69,Kelly Wright,rodney30@example.org,USNS Lara FPO AE 35905,2024-05-14
70,Bryan Stewart,ricardo58@example.com,"58695 Lewis Drive Patrickside, AL 28254",2023-06-26
71,Lisa Jones,kowens@example.net,"26329 Weber Road West Matthew, MH 15038",2023-11-05
72,Patrick Villarreal,chadmason@example.org,"7681 Williams Haven Leetown, CT 67140",2024-02-02
73,Timothy Travis,stephaniemorris@example.org,"5333 Chapman Locks Suite 594 West Rachel, GA 07530",2022-12-08
74,Stephen Price,jacqueline35@example.org,"161 Marie Burgs Leeview, VI 64052",2022-07-09
75,Laura Green,brownbrian@example.net,"35780 Young Greens Suite 926 Johnsonburgh, VA 24941",2020-05-29
76,Joshua Boyd,wilkinsonlaurie@example.net,"4614 Christopher Hill East Richardbury, AK 32562",2022-08-02
77,Amber Avila,susanshelton@example.org,"PSC 2923, Box 6632 APO AE 16963",2023-04-16
78,Tracy Morales,rogerwoods@example.org,"1344 Sean Camp Suite 094 East Ericachester, CA 43188",2022-04-14
79,George Mckenzie,lisakelly@example.org,"357 Peterson Locks Apt. 385 Lake Dianaborough, MN 77598",2024-08-02
80,Erin Watson,ocrawford@example.com,"08313 Jordan Fields East Kathrynmouth, AL 65372",2020-12-11
81,Krystal Alvarez,harringtonkim@example.com,"35621 Chapman Springs Stephanieland, MH 13171",2022-03-10
82,Jessica Arias,masonfowler@example.com,"712 Wright Dale Apt. 431 Lake Katrinaside, RI 24573",2024-03-07
83,Misty Fitzgerald,william89@example.org,"6617 Gina Station Apt. 217 South Ryan, NV 16473",2023-10-13
84,Thomas Hawkins,justin05@example.net,"943 Shannon Highway Williamshaven, WI 00813",2023-04-25
85,Kimberly Diaz,markdominguez@example.com,"849 Kennedy Haven Suite 034 Williamsside, MI 83363",2021-01-02
86,Holly Williams,tony17@example.com,"675 Holly Centers Suite 147 Suttonchester, NH 78001",2022-04-25
87,Crystal Gordon,olong@example.org,USCGC Johnson FPO AA 67063,2021-10-30
88,Allison Reed,brownsabrina@example.com,"381 Alexander Hollow North Debra, AS 14573",2021-09-21
89,Tyler Hutchinson,whitethomas@example.com,"60860 Fuentes Harbor East Kathy, DC 39229",2024-02-09
90,Shane Sampson,uhampton@example.net,"780 Hunt Point Jonesview, IL 95965",2023-03-13
91,Jasmine Johnson,penakathleen@example.net,USNV Daniels FPO AA 02520,2021-04-29
92,Kayla Christensen,jamesbrock@example.org,USNV Gill FPO AP 83655,2020-03-09
93,Brian Vaughn,smithcrystal@example.org,"829 Kaiser Run Suite 814 Lauramouth, MA 32965",2024-08-04
94,Steven Hansen,rodriguezlisa@example.org,"14199 Jacqueline Village Suite 265 Lake Annaland, NC 45736",2020-05-13
95,Nicholas Blackwell,bobby01@example.org,"9946 Wilson Hill Ritterville, ND 20363",2022-06-20
96,April Parks,kimberlyrogers@example.org,"79604 Alex Common South Aprilview, IA 51334",2024-04-04
97,Bruce Patterson,umata@example.com,"07568 Steven Court Suite 648 Port Kimberlyview, LA 24251",2023-10-22
98,Lauren Castro,ojensen@example.net,"445 Peters Ranch Burnsborough, AZ 31711",2023-06-24
99,Frank Lopez,jharris@example.org,"83229 Carr Viaduct Apt. 838 South Andrea, PA 75770",2022-02-24
100,Matthew Jacobs,stephaniecarpenter@example.com,"022 Levine Parks Apt. 555 North Keithside, GU 29525",2022-01-17
101,Michael White,geraldbell@example.net,"058 Renee Extension Apt. 037 Lopezchester, TN 85771",2021-05-10
102,Emma Evans,wandarojas@example.net,"7923 Anthony Islands Suite 774 Shawshire, MP 18712",2024-06-26
103,Steven Evans,ryansimpson@example.com,"372 Angela Locks Suite 774 East Jessicachester, PW 66209",2022-08-06
104,Mr. John Ryan,shawnjackson@example.org,"602 Davis Skyway Apt. 910 Lake Christine, AR 20975",2021-04-01
105,Joshua Jones,annacross@example.org,"87808 Young River Rachelborough, HI 32326",2024-01-28
106,Benjamin Walker MD,lperez@example.org,"118 Francis Hills Apt. 441 Lambertstad, MT 13149",2024-04-23
107,Jason Marshall,williamwilliams@example.net,"650 Cooke Canyon Apt. 190 South Danielton, MH 11351",2020-04-05
108,Brandon Ford,jessicarogers@example.com,"97605 Jessica Fork Apt. 295 East Jerryport, IL 29719",2021-03-23
109,Sara Harper,coryaguirre@example.org,"PSC 5246, Box 9060 APO AP 17136",2023-05-20
110,Gary Diaz,victoriaholmes@example.net,"2716 Andrea Road Suite 749 Lake Julie, NM 44580",2021-03-10
111,Christine Nelson,owensfrances@example.net,"61131 Wright Extensions Suite 598 Reginaland, MI 61519",2022-03-09
112,Jason Gay,shawjoseph@example.org,"4689 Steven Harbors Apt. 880 North Kyle, NE 05746",2022-04-03
113,Joshua Johnson,laurengonzalez@example.org,"194 Reyes Ville Brownmouth, AZ 04809",2022-06-13
114,Patrick Nicholson,kevinmorales@example.net,"028 Mullen Motorway Apt. 493 Lake Joseph, ID 37624",2021-11-18
115,Eric Bailey,fporter@example.net,"904 Brown Squares Suite 715 South Ronald, AK 18406",2021-07-23
116,Holly Benson,kimberly93@example.com,"PSC 8510, Box 5001 APO AA 52376",2022-01-22
117,Patricia Aguirre,tbrown@example.org,"45341 Lisa Bypass Port Amanda, VI 43528",2021-08-07
118,Ashley Frye,scott64@example.com,"18421 Wright Ranch Apt. 065 Colleenhaven, NC 52851",2021-08-16
119,Nicholas Turner,kayla94@example.org,"100 Harris Prairie Port Johnfurt, NV 39155",2023-11-02
120,Lauren Stevens,paul91@example.com,"6058 Charles Hill Reevesview, OK 50034",2023-01-13
121,Michael Johnson,cindy51@example.net,"594 Brett Run Apt. 378 Carrborough, CA 38261",2021-02-03
122,Richard King,churchpamela@example.net,"5926 Allen Trace Apt. 467 Justinfort, GA 28281",2024-09-28
123,Patrick Jones,danielledouglas@example.net,"375 Hodges Well Alexanderville, MP 05143",2021-02-17
124,Eric Villarreal,josephmyers@example.com,Unit 7780 Box 8563 DPO AA 70070,2023-02-19
125,Danielle Freeman,kellybarbara@example.net,"796 Zachary Dam Suite 717 Port Dean, GU 93373",2023-08-16
126,Danielle Armstrong,tony43@example.org,"830 Heather Manor Lake Courtneyland, CA 40733",2020-03-02
127,Jacob Lam,michaelliu@example.org,Unit 1034 Box 9409 DPO AP 06880,2021-08-29
128,Jordan Mullins,barryjoshua@example.com,"70414 John Crescent Apt. 257 South Carriemouth, AR 38195",2021-09-04
129,Dr. Taylor Warner,fjohnson@example.net,"9870 Price Bypass Thomasmouth, TN 13724",2024-02-23
130,Don Jones,haletheresa@example.org,"88217 Amanda Neck Suite 155 Port Zachary, FL 42018",2024-05-18
131,Mr. Howard Brown,paulmerritt@example.net,"08809 Schultz River Everettville, SD 84565",2021-03-23
132,Dr. Gerald Silva,bcole@example.net,"82275 Johnson Locks Suite 758 Kristopherfurt, MT 85848",2020-04-26
133,Caleb Caldwell,davidgolden@example.net,"5022 Amy Knoll Jamesfort, MO 32608",2020-08-13
134,Andrew Oneal,qroberts@example.org,"2270 Isabel Prairie West Kenneth, KS 80909",2021-12-29
135,Chelsea May,bmiller@example.com,"71029 Melissa Prairie Kevinside, SC 86084",2024-05-18
136,Randy Meyer,xmcintosh@example.org,"95889 Branch Knoll Suite 037 Lestermouth, TX 79864",2020-07-14
137,Nicole Moore,benjamin96@example.net,"1537 Earl Union Chrisberg, RI 95853",2022-12-08
138,Arthur Maldonado,lewisjordan@example.org,"305 Bradley Vista Apt. 030 Melissamouth, MH 39621",2021-02-08
139,James Henry,xavier46@example.net,"163 Wayne Islands Apt. 819 West Jason, FM 59235",2024-04-12
140,Dominic Patrick,oscar30@example.org,"26449 Hall Pine Suite 228 Alexiston, IL 71001",2023-06-28
141,Dawn Greer,anthonydalton@example.com,"56001 Osborne Ford Stevenfurt, AL 16210",2023-09-21
142,Dr. Megan Walker,jodicarney@example.com,"3644 Eugene Springs Apt. 989 West Laura, WA 45616",2024-02-24
143,Joshua Garcia,imiller@example.org,"530 Tiffany Parkways Suite 995 Paulfurt, NY 57248",2020-08-04
144,Daniel Thompson,burtonscott@example.net,"24920 Klein Locks Apt. 002 Jessicamouth, IN 30352",2022-11-14
145,Hannah Riley,john31@example.org,"1234 Howard Villages Suite 201 Johnsonton, AZ 35863",2021-01-30
146,Victor Pitts,mchristensen@example.com,"1577 Willis Manor Apt. 550 South Michelle, CA 46152",2020-02-14
147,Dennis Nunez,blanchardsheryl@example.org,"2043 Brown Stream Suite 551 Stephensfort, OH 55015",2021-04-21
148,Sarah Miller,rosalessara@example.net,"39118 Jeremy Harbors Newmanchester, RI 48121",2020-02-21
149,Brandon Burke,louiscarpenter@example.com,Unit 0973 Box 1760 DPO AE 81047,2020-12-13
150,Isaac Castro,marquezgrace@example.net,"703 Chelsea Summit Brookschester, NJ 70206",2021-05-04
151,Sylvia Wilson,pgardner@example.com,"71808 John Manors Suite 688 North Tracyfurt, SC 05259",2022-06-01
152,Kara Green,ericaedwards@example.net,Unit 5404 Box 0765 DPO AA 35068,2023-11-03
153,Melissa Moore,wdickerson@example.net,"075 Chen Lights Suite 490 Martinezport, MI 34093",2023-06-26
154,Rachel Cross,stevenwhite@example.org,"454 Darlene Harbors Suite 573 West Makaylabury, IL 53679",2024-02-18
155,Vanessa Smith,jhayden@example.org,"881 Brittany Tunnel Apt. 609 Jamesberg, VT 68742",2020-02-09
156,William Christensen,katherinenelson@example.org,"86563 Megan Courts Johnsonmouth, AR 69794",2021-07-01
157,Kylie Reyes,angeladougherty@example.com,"8472 Steven Walk Apt. 227 Lake Stevenside, AK 11230",2024-01-15
158,Amber Rivera,wsalinas@example.net,"5785 Steven Highway Makaylaside, NE 82279",2020-07-10
159,Charles Wu,brittany03@example.com,"PSC 0855, Box 8807 APO AE 90712",2020-10-01
160,Brenda Strong,michael26@example.net,"2716 Fisher Causeway Suite 208 Simmonsmouth, KY 07750",2021-09-10
161,William Goodwin,tracy13@example.com,"4269 Harris Springs Suite 399 Goodbury, NM 93199",2022-03-14
162,Michael Lawson,susan14@example.net,"1212 Nicholas Plaza Suite 596 East James, CO 35244",2023-05-27
163,Charles Huang,morenobrandon@example.org,"3814 Kelly Brooks Suite 986 Smithhaven, CA 35348",2021-10-20
164,Chad Pugh,dennis40@example.org,"656 Elizabeth Burg Apt. 488 Ryanshire, MH 77393",2020-12-19
165,Nicole Ward,figueroahayley@example.net,"28895 Lawrence Pike Princeborough, CO 39307",2024-09-26
166,Rick Rios,uharvey@example.org,"376 Joseph Camp Port Miranda, UT 33827",2022-11-28
167,Susan Harmon,nancy85@example.com,"520 Ferguson Shore Apt. 826 Lake Heidi, OH 40941",2022-11-15
168,Tina Jenkins,victoria94@example.org,"357 Mitchell Plain Apt. 521 Edwardton, ND 13051",2020-05-16
169,Laura Webster,pearsonlisa@example.org,"58916 Carl Prairie North James, ND 27548",2020-07-12
170,Laura Crawford,qross@example.net,"53798 Andres Creek Apt. 251 Deniseborough, ME 92265",2021-09-19
171,Anthony Kim,pjohnson@example.org,"3606 Nicholas Roads Suite 332 New Johnmouth, DE 47941",2020-09-24
172,Julia Figueroa,alvarezjustin@example.net,"60828 Mclaughlin Wall Suite 333 South Jerry, KS 15968",2024-03-12
173,Kimberly Lee,ritterjacqueline@example.net,"1758 Joseph Extension Johnchester, VT 57102",2022-08-09
174,Kenneth Lewis,thall@example.net,"6631 Brown Valley Daniellemouth, PA 89714",2021-11-30
175,Wayne Boyd,alexmooney@example.com,"5293 Juan Mount Suite 886 Simmonstown, OK 73527",2023-11-07
176,Sophia Sanders,sthomas@example.com,USNV Patterson FPO AA 74293,2023-10-06
177,Kevin Curtis,allisonpope@example.com,"83324 Amanda Mall Apt. 266 Lake Adam, DC 96307",2021-03-26
178,Autumn Santiago,daniellemcdowell@example.net,"247 Anthony Key Alexanderton, MN 61080",2024-09-16
179,Julie Zimmerman,paulpham@example.com,"9085 Tucker Knoll Port Paulville, PA 06703",2024-08-20
180,Steven Ortiz,maxwell93@example.org,"512 Moreno Rapid Suite 608 Patriciafort, NE 24266",2023-12-29
181,Leah Flynn,kellylarry@example.org,USS Walker FPO AE 46934,2023-01-04
182,Howard Wright,thompsonrichard@example.com,"94380 Charles Points Suite 119 Allenville, VI 33710",2022-07-16
183,Jason Reed,rcole@example.com,"21251 Gutierrez Village Stevenview, WY 51547",2022-02-27
184,Laura Griffin,amanda55@example.com,"8243 Nelson Ports Suite 661 East Craig, AR 21574",2023-05-13
185,Kathy Johnston,averysarah@example.net,"06351 Long Brook Port Jasmine, TX 47614",2024-07-22
186,Angela Fisher,parkchristopher@example.org,"56205 Williams Land Apt. 393 West Jeffrey, HI 02686",2024-06-26
187,Scott Moore,floresvincent@example.net,"7917 Amy Point Apt. 484 South Jordan, KS 49367",2024-04-08
188,Manuel Clark,rochajohn@example.org,"3265 Andrew Stream Suite 316 Mejiaport, WI 83449",2023-06-04
189,Lindsay Taylor,deniseparsons@example.com,"25643 Garcia Stravenue Suite 418 Morganmouth, AS 33113",2020-03-30
190,Shannon Cook,natalieroman@example.net,Unit 3940 Box 5186 DPO AA 24511,2022-10-13
191,Alisha Young,gmartin@example.org,"78106 Garcia Run Jordanborough, NM 78887",2023-09-11
192,Paul Cline,timothywilliams@example.com,"341 Johnson Extension Port Timothy, NJ 48487",2020-09-16
193,Laurie Wilson,leblancaudrey@example.net,"77925 Mariah Lodge Angelamouth, HI 11056",2024-01-01
194,Joshua Hall,pwalker@example.org,"83418 Cameron Spur Suite 815 Brendafurt, ME 04006",2022-07-27
195,Robert Morris,raymondmunoz@example.org,"734 Marcia Passage New Elizabethland, DC 41810",2021-06-26
196,Jeffrey Burke,pstuart@example.com,Unit 9007 Box 1896 DPO AA 54798,2020-01-12
197,Megan Ellis,luis40@example.com,"6551 Mary Extension Port Jillside, CO 18444",2022-09-28
198,Gina Swanson,ryan39@example.org,"5784 Koch Vista Apt. 175 Matthewland, HI 76249",2020-11-19
199,Brian Hoffman,kprice@example.org,"72952 Shane Terrace Suite 384 New Elizabethtown, MS 09227",2021-11-01
200,Patricia Walker,charles78@example.org,"60839 Julie Prairie Lake Douglas, NE 11917",2020-06-19
201,Trevor Alvarez,hansenlori@example.net,"69531 Judy Crossroad Apt. 447 New Waynefort, RI 28468",2022-10-24
202,Christopher Moore,qsalazar@example.com,"PSC 0702, Box 6078 APO AE 89842",2024-02-06
203,Jill Jones,daniel53@example.org,"6704 Reeves Mountain Apt. 956 Sandrafort, PW 48815",2023-03-04
204,Jacob Gould,michelle32@example.com,USNV Brooks FPO AE 61287,2020-01-29
205,Bryan Santos,christineorozco@example.org,"76120 Levi Loop Jaclynstad, IL 05605",2024-09-25
206,Steven Dominguez,sarah73@example.org,USNS Wilson FPO AE 54504,2020-05-02
207,Stephen Rose,williamyates@example.net,"PSC 6464, Box 0378 APO AE 95714",2020-09-11
208,William Davis,valeriecastillo@example.net,"3985 Hudson Extension Deborahmouth, AS 20854",2020-11-30
209,Cheyenne Cook,daniel13@example.net,"01510 Davis Inlet Apt. 011 Jennifermouth, MT 61655",2020-05-25
210,Herbert Williams,wheelerjennifer@example.net,"894 Beck Neck Suite 592 Port Kimberlychester, MD 51814",2023-12-09
211,Emily Shaw,hawkinswilliam@example.com,"86062 Nathan Falls Suite 952 New Katie, OR 52713",2024-05-01
212,Richard Curry,bnelson@example.com,"PSC 1937, Box 8096 APO AE 44826",2024-07-27
213,Michelle Walker,david91@example.net,"94241 Trevino Village West Jasmine, SD 93516",2024-01-16
214,Crystal Thompson,tinatapia@example.org,"8995 Renee Neck Apt. 431 Olsonchester, MT 45527",2023-06-11
215,Amanda Nixon,samanthabecker@example.org,"92636 Lee Courts Apt. 289 West Mary, NC 42395",2021-04-16
216,Zachary Wolfe,thomasclark@example.com,Unit 2872 Box 0985 DPO AP 30202,2020-09-17
217,Brian Wilson,aibarra@example.net,"185 Kathleen Bypass Suite 583 Elijahstad, MP 32485",2020-03-18
218,Jeremiah Grimes,turnerelizabeth@example.com,USNV Stephens FPO AP 64174,2024-02-27
219,Robert Stewart,katherinechung@example.net,"6912 Antonio Forges Lawrencestad, AK 01159",2022-05-19
220,Joshua Davis,ronaldconley@example.net,"36257 Mills Plains Suite 261 New Michael, FM 68312",2022-03-21
221,Jessica Meyers,johnstonemily@example.com,"18639 Rodriguez Harbors Suite 508 Poolefurt, MA 58042",2022-11-21
222,Jacqueline Guerrero,delacruzangela@example.net,"20092 Heather Parkway Thomasshire, MT 71910",2022-10-04
223,Christine Hill,susan36@example.com,USCGC Moore FPO AA 23625,2021-01-17
224,Larry Perkins,jameshubbard@example.com,USS Lopez FPO AP 07883,2023-06-09
225,Joy Graham,lisa42@example.net,"86860 Robin River Suite 597 New Sarahchester, ND 28670",2020-07-22
226,Rhonda Davis,mwoods@example.org,"6004 Riley Squares Apt. 746 East Adam, IL 82139",2021-05-24
227,Ryan Taylor,jamespierce@example.com,"5108 Jennifer Street East Sarah, RI 48228",2020-02-22
228,Eric Smith,monica60@example.org,"5922 Silva Throughway Suite 630 Melissastad, NV 04029",2024-06-22
229,Robert Thompson,xingram@example.org,"50409 Amy Locks Apt. 188 Port Melinda, WA 07961",2020-01-15
230,David Robinson,kenneth25@example.com,"10282 Franklin Views Estestown, CA 95644",2021-09-07
231,Rachel Hanna,daniellecollier@example.net,"0897 Michael Terrace Dustinburgh, DE 28644",2023-11-01
232,Michelle Brown,gavin70@example.org,"2066 Porter Route Wilsonborough, ND 67115",2023-10-11
233,Andrew Acevedo,aenglish@example.com,"95327 Fernandez Underpass Apt. 401 West Robertmouth, NH 16397",2024-05-02
234,Alan Dixon,sherryblevins@example.com,"721 John Crossing Suite 321 Bishopborough, ME 30659",2024-01-24
235,Julie Scott,xruiz@example.com,"09035 Mark Lakes Apt. 187 East Johnside, OR 96411",2022-04-25
236,Donald Miller,denisehess@example.org,"162 Reyes Road Kellyhaven, MP 04121",2020-11-15
237,Ashley Harper,heather00@example.org,"6270 Katrina Causeway Suite 404 Dixonton, CA 37362",2024-06-29
238,Eric Ramos,warddaniel@example.net,"07301 Zachary Roads Apt. 107 Leonchester, VT 36744",2022-12-22
239,Patricia Rowland,velezmark@example.com,"053 Martinez Trail Aprilville, AK 74272",2023-01-10
240,Robert Robinson,christina33@example.com,Unit 4261 Box 3774 DPO AA 34843,2021-09-11
241,Christopher Vasquez,jasonjordan@example.org,"40854 Morgan Crossing Suite 943 Martinburgh, MD 75323",2020-05-08
242,Taylor Jackson,lindsay92@example.com,"4065 Martinez Common Apt. 684 Rachelshire, MD 56396",2023-08-28
243,Gary Clark,kyle33@example.com,"9691 Murray Underpass Suite 165 Bauerhaven, NC 39256",2022-11-13
244,Christopher Bryant,dianegarcia@example.org,"887 Brandon View Suite 631 South Ryanland, VT 24512",2022-05-17
245,Diana Allen,elizabeth69@example.com,"8543 Theresa Dale Suite 908 Frankmouth, PW 97589",2020-02-06
246,Joshua Rivas,bbaker@example.org,"6407 George Isle Suite 085 East Timothytown, PW 38358",2021-02-16
247,Jeremy Rodriguez,williamweber@example.net,"64436 Perry Plaza Suite 386 Mariefurt, MT 90331",2024-09-06
248,Jose Morris,susanberry@example.org,"876 Craig Shores South Patrickville, PA 98229",2021-10-03
249,Dillon Carter,jasminbowman@example.com,"8162 Barry Gateway Apt. 500 South Robert, MD 64211",2023-09-06
250,Amber Watkins,ybrooks@example.com,"15813 Sweeney Corner Suite 503 Davidchester, MD 91716",2020-11-08
251,Michael Gardner,juanpeters@example.net,"32505 Goodwin Crest Suite 059 Medinaview, SC 36751",2020-10-10
252,John Baldwin,howarddustin@example.com,"782 Andrew Islands South Charles, CT 53866",2022-08-29
253,Kyle Branch,mgonzalez@example.org,"28032 Frank Cove Lake Pennyhaven, NV 34336",2024-07-25
254,Jeremy Johnson,elizabeth95@example.net,"661 Barnett Rue Suite 430 New Christopher, MO 89473",2023-01-21
255,Darren Holt PhD,antonio06@example.org,"324 Veronica Rue Suite 170 Markbury, ME 22070",2020-08-18
256,Emily Lee,sknight@example.org,"672 Wagner Falls Amandaview, LA 25743",2020-10-22
257,William Ray,pcalhoun@example.net,"53472 Hawkins Extension Suite 065 Jasminemouth, NC 43566",2024-02-13
258,Jessica Perry,hansonmichelle@example.org,"96804 Obrien Mission Apt. 101 Elizabethtown, MP 33273",2020-09-18
259,Jason Flores,afoster@example.org,"452 Wood Lake Andersonberg, VI 40704",2024-05-09
260,Linda Howard,vmahoney@example.com,"174 Monique Ford Edwardstown, NM 75657",2023-03-19
261,Aaron Kennedy,dyoung@example.net,"866 Hester Stravenue Kathrynview, PW 95976",2022-07-15
262,Cindy Banks,joetapia@example.org,"64852 Cynthia Gardens Mooreside, ID 87650",2023-10-09
263,Chad Lopez,castillomichael@example.net,"PSC 9506, Box 5290 APO AE 51289",2023-02-26
264,Joseph Hansen,michaelclarke@example.com,"3176 Gabriel Villages West Victor, MS 03899",2022-04-07
265,Wayne Velazquez,thomaswilson@example.com,"099 Buck Hills Apt. 564 East Donald, IA 51916",2022-02-11
266,John King,bparker@example.com,Unit 4984 Box 2809 DPO AE 50836,2024-02-28
267,Joy Miller,blin@example.net,"1183 Tran Oval Apt. 242 North Amyton, OK 79169",2022-06-25
268,Garrett Marquez,davisjuan@example.com,"72871 Branch Loop Garyville, NJ 36438",2022-09-23
269,Connor Brown,jennifer24@example.org,"9733 Jeremy Ridges Apt. 232 Lake Dawnfort, NY 63034",2023-09-20
270,Phillip Garcia,julianielsen@example.org,"052 Reed Road Apt. 496 South Joshua, MS 02816",2022-09-14
271,Kelly Adams,wjohnson@example.com,"886 Jennifer Circles Suite 995 Josephville, KS 44178",2023-12-20
272,Joanna Holmes,emiller@example.org,"94174 Stephanie Fields Apt. 068 Watkinsfort, NJ 54926",2021-07-09
273,Walter Browning,david44@example.com,"7109 Michael Extension Brendaside, DC 96537",2022-11-19
274,Pamela Smith,fwalker@example.net,"00533 Hart Wall Port Valerie, CA 59255",2023-08-15
275,Lisa Shah MD,kingdavid@example.org,"64731 Cody Gardens Apt. 311 Johnville, PW 17745",2020-03-19
276,Sarah Miller,matthew27@example.com,"35403 Carpenter Shoals Paultown, MI 79980",2023-05-08
277,Lori Compton,robertahebert@example.org,"896 Bailey Corners Suite 877 Shieldsshire, TX 39998",2024-09-24
278,Sara Hart,wileyallison@example.org,"04316 Chang Freeway New William, ND 94970",2020-05-14
279,Carol Roberts,stephaniebridges@example.com,"700 Crystal Lodge Apt. 372 East Shannon, MD 38104",2022-02-22
280,Sean Johnson,collierpatricia@example.com,"792 Macias Estate New Tyrone, SC 96827",2021-08-02
281,Janet Juarez,jamesgomez@example.org,"074 Anna Forges Suite 249 North Josephmouth, KS 21774",2022-08-15
282,Marcus Harris,lori95@example.net,"8599 Michael Island Kerrfurt, IA 29917",2024-08-13
283,Benjamin Rasmussen,terrykathryn@example.com,"2827 Vargas Points East Diana, MT 21096",2022-06-15
284,Steven Miller,luis45@example.com,"8372 Zoe Key Dwayneborough, IN 77190",2022-11-05
285,Ashley Osborne MD,dariusanderson@example.com,"51320 John Skyway South Julie, VI 40077",2022-07-02
286,Victor Wilson,banksmark@example.net,"43389 Mcdonald Brooks Apt. 732 Campbellfort, OK 58626",2023-06-25
287,Mary George,yrivera@example.org,"10031 Amber Rapid Suite 498 East Jenniferland, ND 84064",2022-03-12
288,Kiara Wilkerson,jonathan97@example.org,"516 Steven Oval Suite 530 Johnshire, TN 73683",2022-03-28
289,John Evans,williamsontyler@example.com,"0348 Shepherd Glens South Grace, TX 35713",2023-01-04
290,Thomas White,lambertamber@example.net,"61869 Laura Mission Suite 386 Karaview, CT 48454",2020-09-30
291,Marcus Franco,tylerhall@example.net,"4354 Mitchell Terrace Erinstad, WA 43014",2020-04-06
292,Morgan Green,pnguyen@example.com,"621 Kendra Skyway Apt. 297 Jamiechester, TX 45946",2021-10-19
293,Christopher Oneal,laurazimmerman@example.org,"0097 Hampton Mill East Daniel, NC 88013",2023-03-02
294,Christopher Silva,vleon@example.org,"241 Cohen Walks South John, TX 04719",2023-08-17
295,Michael Warner,pwalker@example.org,"3882 Brittany Inlet Tylerburgh, KS 65843",2022-08-23
296,Thomas Taylor,jamie36@example.org,"051 Michelle Ranch Richardview, ND 28942",2023-05-15
297,Seth Salazar,clarkematthew@example.net,"5274 Rodriguez Drive Apt. 545 New Mark, VA 78171",2024-08-26
298,Nicholas Thomas,thomasgallegos@example.org,"77649 Cox Stravenue Apt. 511 Jeffreyville, OK 93359",2022-07-10
299,Michelle Glass,david82@example.org,"5754 Greg Via Josephhaven, RI 38487",2021-04-21
300,Brian Jackson,ambervargas@example.com,"855 Kathleen Unions Apt. 113 Mariaberg, OK 76680",2024-05-30
301,Suzanne Roy,charles96@example.com,"15057 Brittany Terrace Suite 717 Port Mckenzie, DE 85925",2024-04-20
302,Amanda Dixon,christine68@example.net,"51737 Paige Plains Lake Mauricefort, GU 54775",2022-08-09
303,Margaret Williams,acarlson@example.org,"2840 Owens Cove Suite 667 Kristinton, TN 06756",2022-07-14
304,Laurie Smith,parsonscody@example.com,"09283 Scott Plains Apt. 671 Tammieburgh, CO 75469",2024-04-25
305,Eric Johnson,uanderson@example.net,"301 Jennifer Prairie West Lori, MN 07881",2020-03-31
306,Keith Mccormick,josephroberts@example.net,"303 Hammond Lane Garciaberg, KS 73112",2023-10-16
307,David Wood DDS,omiller@example.org,"734 Keller Mountain Jonathantown, GU 18585",2020-09-01
308,Parker Schwartz,hcarr@example.org,"2148 Jacqueline Ports Morrisshire, MI 02055",2020-05-17
309,Shane Smith MD,waltersryan@example.com,"7732 Jeffery Crossing Debbieview, VT 34503",2024-02-06
310,James Roberts,barkeramy@example.com,"769 Mcdonald Trace Apt. 554 North Theresa, MI 28081",2023-12-10
311,Scott Davenport,vmyers@example.net,"66789 Elizabeth Courts Apt. 650 Richardport, VA 49073",2020-12-09
312,Shane Wagner,marilyn31@example.org,"9409 Jonathan Meadows North Teresashire, KY 09616",2022-07-21
313,Julie Jones,jordanjessica@example.com,"135 Jason Branch Apt. 415 Geraldfort, VT 49460",2024-09-22
314,Sarah Lewis,mikaylablack@example.org,"8641 James Cliffs Suite 634 Oliviaberg, WV 03435",2023-08-18
315,Lisa Martin,andersonamber@example.com,"6562 Davis Lights East Greggshire, NY 39832",2023-03-14
316,Mrs. Kimberly Lawrence,kenneth39@example.org,"7169 Julia Wells Lake Ashleystad, OK 25308",2021-12-18
317,Jimmy Davis,ogreen@example.net,"138 Kathryn Junction Suite 773 Port Michael, NJ 34276",2023-01-27
318,Lynn Downs,matthew77@example.org,"26049 Flores Villages Apt. 745 South Mark, SC 90419",2020-03-20
319,Elizabeth Reynolds,elizabethfritz@example.com,"7100 Sarah Canyon Apt. 666 North Sandra, ME 52548",2024-02-29
320,Joanna Anderson,kennedyamy@example.com,"85395 Paige Corner East Timothy, ID 69962",2020-03-25
321,Dana Monroe,warrencory@example.com,"531 Livingston Field Apt. 621 South Michelle, DC 84352",2020-06-28
322,Kenneth Welch,nhudson@example.net,"3196 Eric Spurs Donnaton, IN 99191",2020-10-10
323,Antonio Hess,taravargas@example.org,"59160 Ramirez Harbor Terryville, CT 24554",2022-07-21
324,Marvin Reed,boydsara@example.com,"694 Thomas Fork Suite 165 Robertport, MN 10219",2024-09-21
325,Ryan Washington,frankbonilla@example.org,"88822 Rachel Divide Apt. 053 Jamesfort, MH 79716",2022-04-20
326,Brittany Martinez,donnarussell@example.com,"0391 Acosta Inlet Suite 525 Matthewsfort, VT 46403",2023-10-17
327,Jenna Baker,vmitchell@example.net,"190 Greg Islands Jaredmouth, LA 70154",2020-05-11
328,Andrew Hamilton,sfisher@example.net,"887 Valentine Pass North Tracy, AK 58903",2023-04-05
329,Kevin Ramos,anna16@example.org,"6156 Kane Branch Suite 303 Sethfort, MN 12796",2020-01-02
330,Ashley Watson,mark90@example.org,"3412 Brown Trafficway Apt. 182 Hillland, AK 79876",2022-01-18
331,Katherine Leach,donaldreese@example.com,USNV Collins FPO AP 94890,2022-01-03
332,Thomas Burke,michael32@example.org,"35085 Melissa Bypass Vanessaton, NJ 98503",2024-09-16
333,Samuel Torres,holdercarrie@example.net,"55651 Clark Station Apt. 830 Kellertown, KY 91375",2022-10-11
334,Richard Baker,davidjohnson@example.com,"963 Amanda Brooks Apt. 351 Lake Joshua, NE 10513",2020-01-21
335,Andrew Lawrence,scottkristen@example.net,"516 Gardner Street Hallside, AL 03521",2024-02-06
336,Nicole Lyons,qwang@example.org,Unit 1689 Box 4810 DPO AP 47568,2024-01-09
337,Mrs. Taylor Kelley,michaelpatel@example.net,"58659 Hoffman Station Apt. 596 Mikeborough, MA 17050",2023-06-10
338,Carla Martinez,montgomerystephen@example.net,"85140 Tina Highway Shafferhaven, NE 14735",2022-11-22
339,Mark Murphy,desiree54@example.com,"045 Susan Way South Michaelaland, PA 18975",2023-09-24
340,Stephanie Sanders,christopher32@example.com,"255 Maria Overpass Kathytown, MS 27844",2021-05-22
341,Amanda Rodriguez,carlsonchristina@example.net,"95602 Young Cliff Powellport, ID 82238",2023-10-13
342,Jessica Fleming,leslie15@example.net,"12423 Shannon Fall Patrickborough, AS 86942",2022-09-16
343,Benjamin Fleming,udavis@example.net,USNV Lopez FPO AE 83442,2024-09-05
344,Scott Cannon,ilowe@example.net,"3857 Smith Courts Apt. 026 South Sharonchester, MD 03145",2023-01-10
345,Christopher Smith,fcastaneda@example.net,"766 Jessica Ford Apt. 718 Bakerland, DC 34515",2022-08-17
346,Patricia Wood,mitchelllauren@example.net,"33553 Michael Pike Suite 445 North Loganmouth, WA 63165",2023-03-30
347,Travis Hines,russelldunlap@example.net,"7422 Tracie Mountain Apt. 213 North Diamondstad, PA 47650",2024-01-20
348,Patrick Kim,ashleymichelle@example.net,"495 John Summit Suite 383 East Matthewmouth, AS 61113",2022-06-02
349,William Gardner,emily65@example.org,"6587 Sean Parkway Kimshire, WA 05528",2023-03-04
350,Erin Weeks,carol51@example.net,"PSC 4523, Box 9011 APO AA 67628",2021-10-23
351,Misty Guerrero,carlconley@example.org,"892 Tammy Trail South Cameron, AR 23135",2022-06-26
352,Richard Collins,pottskrystal@example.org,"112 Thomas Canyon Apt. 066 South Meganland, MA 32913",2024-02-01
353,Edward White,waltermyers@example.com,"778 Smith Mountains Suite 746 East Patriciafurt, IA 24364",2023-09-24
354,Jerry Hogan,zgriffin@example.org,"0516 Rojas Via Apt. 881 Lake Ashleychester, MH 10737",2023-03-07
355,Kristen Ferguson,nhanson@example.org,"8117 Spencer Route Wadestad, IA 03337",2021-07-28
356,Kelly Martinez,cathy43@example.org,"833 Amy Landing Suite 734 Port Pamela, OH 97315",2020-06-11
357,Sara Bridges,cmiller@example.net,"0984 Costa Club New Annette, ID 08356",2021-09-19
358,Amanda Lopez,ygray@example.org,"3958 Kent Creek Apt. 008 North Jennifer, NM 20984",2024-06-09
359,Rhonda Quinn,martinmelissa@example.org,"138 Steven Trail Erinshire, PR 03992",2020-06-13
360,Loretta Fowler,lrice@example.net,"598 Cardenas River Apt. 166 Port Brittanyfort, CA 53429",2020-02-20
361,James Scott,deannathomas@example.net,"30301 Scott Shoals Apt. 050 South Valerie, MO 64225",2020-12-23
362,Jacqueline Gates,blaireric@example.com,"17326 Dominguez Mall Suite 483 Davisland, AS 52526",2022-06-17
363,Jacob Patterson,xclark@example.com,"80441 Rodriguez Hill Suite 734 Parkerberg, DE 99507",2024-03-29
364,Susan Keller,davidhanna@example.org,"69061 Lindsey Plaza Mcleanfurt, AL 25326",2024-01-23
365,Daniel Fuller,vmartin@example.net,"151 Lynch Plains Dodsonburgh, SC 91486",2024-10-08
366,Crystal Brown,perrymichael@example.com,"165 Heidi Squares Apt. 155 Brianville, MS 66143",2024-03-23
367,Adam Copeland,michael49@example.net,USNS Williams FPO AA 32201,2020-04-08
368,Cody Thomas,sanchezbrian@example.com,"0990 Stone Ridge East Nicolas, PR 97822",2023-09-07
369,Amanda Moon,byrdisaiah@example.org,"70469 Gordon Harbor Port Danielle, NE 10030",2024-01-06
370,Jonathan Thomas,wallacejoshua@example.net,"1819 John Loop Suite 355 Crystalberg, AR 54217",2024-08-11
371,Jeremiah Jenkins,jennifer10@example.net,"99813 Drew Shoals South Timothyville, UT 19888",2023-02-08
372,Stephanie Rodriguez,jennifer84@example.net,"41611 Young Row Longview, MN 54899",2023-02-07
373,Jennifer Wilson,hlam@example.org,"6176 Chandler Rapid Apt. 038 Robertsview, MO 74836",2020-09-27
374,Jennifer Henry,christopherparks@example.net,"662 Mitchell Corners Alexanderville, MA 51067",2020-08-21
375,Kim Clark,morgan50@example.com,"615 Stevenson Corners Lindaburgh, RI 27541",2023-01-22
376,Scott Griffith,christopher01@example.net,"175 Nancy Plaza Debbietown, GU 86900",2024-06-13
377,Sophia Stephens,teresa34@example.com,"2909 Brent Run New Loganfurt, PR 30495",2020-01-15
378,Patrick Smith,colekelly@example.com,"08454 Martin Village Suite 191 Karenville, AR 36058",2024-01-24
379,Pedro Turner,kimberlymontgomery@example.net,"041 Tiffany Mountain Suite 132 Patrickbury, NC 10903",2022-08-10
380,Jennifer Martin,stephanierivers@example.com,"2415 Susan Garden East Timothyberg, AS 12538",2023-06-23
381,Tammy Austin,smithjoshua@example.org,"43885 Jimenez Trail Williamstown, OK 64339",2020-02-18
382,Caleb Garcia,michael77@example.com,"01899 William Extension Suite 700 East Mitchellchester, DE 33828",2023-01-03
383,Jonathan Williams,rparsons@example.net,"596 Joshua Spurs Suite 314 North Lauren, NH 06921",2023-11-02
384,Kelly Bowman,perkinsmarisa@example.com,"96505 Roberto Lights Suite 627 Lake Larry, IA 43498",2024-04-28
385,Jesse Gutierrez,pacheconathan@example.net,"02404 William Stravenue Annport, WI 67992",2022-04-10
386,Kenneth Williams,john50@example.org,"PSC 2214, Box 1927 APO AE 03862",2021-12-05
387,Deborah Williams,rmcclure@example.org,"6029 Nina Fork Leeberg, SD 34756",2024-09-30
388,Juan Guzman,anthonydorsey@example.com,"94554 Matthew Highway East David, FM 97962",2023-06-03
389,Sierra Glass,yjones@example.com,"42510 Wood Oval East Chelsey, AS 51151",2021-11-18
390,David Mckay,jordancampbell@example.org,"569 Zimmerman Skyway Apt. 978 Robertborough, SD 84283",2023-03-29
391,Darlene Torres,kayla94@example.net,"7894 Ramos Forges Suite 555 Brownstad, TX 41135",2020-10-28
392,Tracie Jensen,matthew90@example.net,"683 Smith Field Port Sara, PR 68753",2024-08-20
393,Kathy Green,efigueroa@example.com,"71638 Harper Prairie Suite 665 West Michael, OH 72858",2022-05-08
394,Dylan Baldwin,brennanlori@example.org,"3617 Richard Glen Suite 144 Autumnton, AR 36083",2024-10-05
395,Russell Williams,jonessteven@example.net,"8520 Edwards Shores Suite 506 Markhaven, MT 85733",2020-03-10
396,Hannah Green,juansmith@example.org,"1131 Jeremiah Junctions North Sarahhaven, CT 64980",2023-07-11
397,Victoria Friedman,wrightkaitlyn@example.net,"7470 Strickland Plains Meyerburgh, PA 37679",2020-08-27
398,Kimberly Phillips,laurajohnson@example.com,"2898 Palmer Court Lisafurt, IL 81766",2021-01-15
399,Michael Perez,stephanieblair@example.org,"99127 Ward Glen Suite 722 Port Tommyhaven, NV 68652",2020-12-19
400,Alicia Martinez,jamesrodriguez@example.net,"4848 Joanne Hollow Suite 670 Shariport, IA 96674",2024-06-28
401,Lauren Campbell,nguyenmarissa@example.com,"1056 Martin Corners Whitechester, GU 13204",2021-03-24
402,Michael Porter,morenodavid@example.org,"26566 Linda Extension Morganbury, MD 85450",2020-04-28
403,Julie Richards,nicholas90@example.org,"4954 Nguyen Cove Apt. 504 Morrisfort, NM 71283",2024-08-08
404,Anthony Pearson,aprilbailey@example.org,"3525 Phillips Cape Lake Keith, NC 69958",2022-12-04
405,Brandon Thomas,schmidtbrittany@example.org,"8659 Charles Greens Suite 827 West Micheleshire, FL 92204",2020-11-10
406,Olivia Johnson,coxhannah@example.com,"23267 Jeffrey Keys Gonzalezshire, WY 22511",2024-03-25
407,Mario Gonzalez,uhouston@example.org,"11069 Ortiz Village Suite 508 Watsontown, ND 51414",2024-06-18
408,Michael Wheeler,ocook@example.net,"696 Caitlyn Extension North Carlaport, UT 86221",2021-02-11
409,Michael Wright,amywall@example.net,"50555 Heather Motorway New Kevinton, TX 46279",2020-06-26
410,Brian Rose,markramos@example.org,"7620 Kaitlyn Hill Suite 606 Kerryborough, WA 06631",2022-08-07
411,Megan Henderson,kelly99@example.net,"2465 Chavez Parkway Porterport, GA 40440",2022-04-01
412,Stephanie Martinez,kfrank@example.org,"1345 Hopkins Expressway Snyderburgh, IL 10714",2022-12-13
413,Dale Williamson,garrisonrichard@example.org,"794 Robinson Stravenue Suite 917 West Roger, AZ 13490",2021-10-14
414,Kayla Nichols,mathisjason@example.org,"57535 Michael Expressway Suite 948 West Dawn, AS 77538",2022-09-28
415,Paul Dickson,floreswesley@example.org,"0746 Phelps Station Apt. 949 Lake Stephanieland, KY 25634",2020-11-10
416,Diane Gray,robleskarla@example.com,"8694 Stuart Knoll Suite 679 Scottchester, WI 45235",2023-11-03
417,Vanessa Dean,mary85@example.org,"703 Waters Stravenue East Glennhaven, NH 10608",2020-07-21
418,Melanie Weber,robin53@example.org,"15717 West Locks Suite 375 Derrickmouth, VA 65338",2021-09-22
419,Elijah Wright,rrichards@example.net,"162 Scott Dale Suite 548 Lake Brian, FM 14146",2024-04-05
420,Emily Lewis,johnsonkimberly@example.net,"80435 Juan Crossing North Lauramouth, AS 22981",2022-01-13
421,Craig Lee,frank22@example.org,"8022 Mccoy Inlet North Patriciastad, TN 11882",2021-05-06
422,Devon Brock,erica26@example.com,"06738 Tucker Shore South Shawnmouth, OH 07619",2021-12-30
423,Brenda Phillips,alexanderbishop@example.net,USNS Simon FPO AE 16107,2022-07-06
424,Jessica Thomas,upeters@example.org,"22659 Lamb Springs Keithchester, DC 92684",2022-03-06
425,James Daniels,martinezscott@example.net,"PSC 7315, Box 6736 APO AA 09610",2024-02-24
426,Jordan Payne,aguirredarrell@example.com,"91450 Lee Port Suite 962 Englishfurt, PA 13193",2024-07-26
427,Anna Brown,james08@example.org,"04589 Shane Forge Apt. 727 Port Ashleyville, KS 03599",2023-04-13
428,Maria Chapman,andres51@example.net,"52084 Shane Mall Apt. 419 Smithville, FM 85185",2022-01-14
429,Carrie Phillips,jasoncook@example.net,"51636 Sharp Road Suite 124 Derekberg, VI 08374",2023-11-17
430,Stacie Collier,ycarter@example.net,"861 Grant Estates Apt. 185 Lake Kevinfurt, VT 24939",2022-09-09
431,Wendy Flowers,john60@example.net,"92592 Castillo Union Apt. 148 Shannonville, LA 95511",2024-05-29
432,Janet Phillips,johnsonjoel@example.net,"183 John Drive Lewisshire, MI 51613",2024-02-19
433,Sandra Montoya,nicholas08@example.net,"49675 Randall Street Suite 211 Port Jamesmouth, OH 41869",2020-02-17
434,Todd Porter,kaitlingraham@example.net,"508 Elizabeth Roads Gonzalezmouth, CA 15536",2023-03-26
435,Joseph Ballard,ian38@example.com,"9882 Katherine Isle Apt. 409 Katelynport, SD 48294",2022-04-30
436,Michael Jordan,jill49@example.net,"8090 Jacqueline Place Suite 015 East Angelabury, PR 39745",2020-11-17
437,Derrick Parker,april11@example.com,"0012 Brown Knolls New Alejandro, VT 82903",2021-02-26
438,Amy Cox,jacob04@example.com,"5646 Bryan Shoal Suite 312 New Jasontown, PA 70865",2023-11-21
439,Cindy Murillo,trevinonoah@example.net,"62530 Logan Extension Hubbardchester, IA 03764",2024-07-26
440,Linda Jacobson,mandrade@example.net,"555 Lopez Plain West Robert, AS 13971",2020-05-27
441,Anthony Salas,patricia43@example.com,"8683 Clark Stream Lopezborough, CT 16402",2024-01-30
442,Tonya Hall,acowan@example.org,"28337 Jessica View Apt. 349 North Carlos, NJ 34240",2020-10-30
443,Pam Mckay,hhayes@example.org,"861 Kelly Haven Jamesstad, IN 51703",2024-07-11
444,Joseph Lee,timothy90@example.org,"338 Mosley Port Apt. 432 New Kara, RI 53114",2023-09-08
445,Wesley Sheppard,richardsonkatie@example.net,"83296 Flores Trace Krausemouth, VI 96774",2022-07-09
446,Susan Mathews,millerdeborah@example.net,"01114 Sanchez Flat Villarrealville, NC 89344",2024-04-28
447,Kelly Brewer,jamie34@example.com,Unit 8527 Box 0342 DPO AA 74764,2023-10-27
448,Andrew Martin,tjones@example.org,"641 Gonzalez Divide Heatherborough, MP 96562",2021-05-22
449,Daniel Sanders,stephensonchristopher@example.org,"2014 Wallace Route East David, NM 06518",2021-01-19
450,Thomas Hernandez,robinsonjacob@example.com,"380 Lawson Square Suite 771 Josetown, AK 22710",2021-05-17
451,Gary Leonard MD,crystal81@example.com,"84566 Miller Mill Benjaminberg, MO 93501",2020-12-25
452,Jordan Jefferson,tgarza@example.com,"666 Townsend Crest Apt. 259 South Samuel, NE 84548",2022-04-23
453,John Marshall,denisejohnson@example.net,"53319 Marc Via Apt. 659 Mirandashire, KS 69626",2020-11-23
454,Michelle Lopez,strongmisty@example.net,"34708 Thomas Pines Apt. 680 East Carolyn, HI 76261",2023-11-08
455,Maria Evans,tdelgado@example.org,USCGC Hinton FPO AP 97039,2022-09-26
456,Donna Perry,sara39@example.org,"121 Perry Port East Justinbury, IL 16834",2021-10-06
457,Kathleen Rogers,brandi24@example.net,"9152 Anthony Square Barronberg, HI 07454",2021-07-08
458,Rhonda Ramirez,gardnerbrandon@example.com,"4856 Kaitlyn Underpass Apt. 453 New Amyton, TX 77612",2024-09-28
459,Riley Davis,angelagallagher@example.com,"638 Boyd Greens Marilynfurt, GU 08594",2021-06-14
460,Nicole Copeland,schaeferalan@example.net,"33808 Nicole Vista West Josephborough, NE 88053",2020-09-06
461,Kimberly Baker,rdickson@example.org,"447 Gonzalez Parkway North Stevenborough, PR 13569",2022-02-13
462,Frances Park,johnrichard@example.com,"6724 David Roads West Jonathanhaven, PW 01096",2020-01-25
463,Karen Alexander,cindy53@example.net,USS Bradley FPO AA 75322,2021-07-06
464,Cindy Grant,kristopher83@example.org,"57564 Ann Extension Suite 723 Lewismouth, IL 21956",2024-07-14
465,Manuel Aguirre,jenniferhicks@example.net,"41298 White Point Foleyhaven, NE 22958",2023-06-27
466,Ann Grimes,newtonjohn@example.com,"7277 Erika Fords Suite 669 Elizabethland, FM 83936",2020-10-27
467,Lindsey Gilbert,kristen19@example.org,"2455 Gomez Street Suite 784 Reynoldsville, MN 81488",2021-04-22
468,Gregory Hayden,ptaylor@example.org,"62545 Michael Lights Suite 287 East Jesse, NH 70587",2023-12-11
469,Lauren Smith,andreapierce@example.net,"775 Walker Springs Suite 197 Rogersbury, WI 63223",2021-01-26
470,Michael Waters,fmontgomery@example.com,"475 Parker Highway Suite 856 East Anita, RI 60267",2024-03-04
471,Timothy Jenkins,misty03@example.net,"9037 Alicia Camp Suite 420 North Joe, TX 14082",2023-01-16
472,Randy Miles,raymondfoster@example.net,"98680 Crystal Course Michaelview, PW 32383",2021-12-06
473,Jasmine Lucas,jennifer45@example.org,"3486 Smith Club Patriciaberg, VT 58400",2023-09-02
474,Sharon Smith,rebecca78@example.com,"2419 Murphy Spring Apt. 477 Westborough, AZ 57815",2023-04-19
475,Bonnie Johnson,kathleen23@example.org,"35987 Shelton Neck Port Kathryn, SC 89779",2024-01-12
476,John Golden,joshuayoung@example.net,"766 Calvin Islands Port Danielle, ID 96953",2023-09-02
477,Judy White,calhounsamantha@example.com,"738 Francisco Hill Apt. 017 North Amy, CA 29321",2023-10-08
478,Sherri Dominguez,jsmith@example.com,"5042 Linda Port West Gregory, NJ 22787",2023-05-25
479,Erik Martinez,peter15@example.com,"2298 Patrick Centers Suite 755 North Vickimouth, ID 74830",2021-04-17
480,Justin Richardson,leederrick@example.com,"25706 Riley Isle Apt. 134 New Jennifer, OH 92748",2022-05-06
481,Linda Burns,dorothyperkins@example.org,"PSC 9682, Box 2913 APO AP 90964",2021-07-07
482,Mr. Brian Fowler,mooretanya@example.com,"0192 Tyler Fall Elizabethside, AK 61513",2022-08-15
483,Anna Martinez,ccook@example.org,"49891 Mosley Lodge Simmonstown, PR 72475",2020-03-28
484,Sarah Hamilton PhD,ericasmith@example.org,"4066 Wilson Corners Apt. 882 South Michael, AZ 27542",2020-06-01
485,Taylor Allison,mooremichael@example.org,"8309 Cindy Expressway Suite 126 South Jamesshire, VT 26699",2020-08-04
486,Isaiah Garrett,erin41@example.net,"226 Woods Mall Suite 855 Acevedoland, DE 51478",2021-05-11
487,Allen Snyder,smiller@example.org,"549 Carlson Canyon Suite 487 Laurieside, WA 25936",2021-03-31
488,Danny Rasmussen,melissacarter@example.net,"1863 Murphy Junction Apt. 965 South Dawnmouth, HI 44143",2020-01-28
489,Rachel Gutierrez DVM,hernandezmaria@example.org,"231 Lewis Keys Mauricestad, AZ 46885",2021-03-27
490,Phillip Lopez,rodriguezjames@example.net,"53566 Wolfe River Suite 457 New Ronald, MI 45020",2020-05-14
491,Richard Jones,michaelryan@example.org,"79484 Miranda Curve Apt. 863 East Lindsey, LA 77893",2023-03-15
492,Mark Alvarado,mcmillancharles@example.net,"720 Webb Cliffs North Matthewview, MD 87163",2023-04-06
493,Lisa Hill,stacy66@example.com,"2394 Wall Courts North Cynthia, MA 23519",2021-06-11
494,Daniel Anthony,qburns@example.org,"7185 Lisa Common Apt. 424 East Hannah, CT 25105",2024-06-18
495,Anthony Yu,warias@example.net,"70973 James Dam Apt. 402 Harrisside, OR 33001",2021-07-23
496,Megan Harper,qadams@example.net,"5909 Ortiz Manors Suite 795 Lake Meghan, MA 22739",2024-06-14
497,Richard King,jason81@example.org,"4559 Sherman Parkway Millshaven, MD 05563",2023-12-06
498,Nicholas Logan,patrickbell@example.net,Unit 7898 Box 8679 DPO AA 43503,2023-08-03
499,Joseph Hart,whitewarren@example.net,"21929 Adam Harbor New Amandaton, NH 94106",2024-03-12
500,Anna Williams,staylor@example.com,"098 Kristen Centers Apt. 379 Tylerport, IL 60376",2021-06-23
