id,name,email,address,date_joined
1,Dana Thomas,zlewis@example.net,"516 Small Station Port David, RI 05790",2022-08-07
2,Tony Flores,latoyawilliamson@example.net,"889 Rubio Canyon Apt. 393 Port Rogerland, DE 11855",2021-04-07
3,Robert Moore,april91@example.com,"207 Petersen Island Suite 082 Shermanview, FL 62013",2020-09-17
4,Paul Watson,panderson@example.net,"024 Timothy Gateway Lynnstad, MP 20193",2024-08-16
5,Stephen Wolf,raymondfoster@example.net,"29297 Johnson Ways Natashashire, MO 19484",2023-07-28
6,Christopher Davis,debraalvarez@example.com,"2291 Vincent Dam Apt. 805 Port Jennifer, MI 71505",2022-02-27
7,Brittney Schneider,jamesodonnell@example.net,"9980 Meyer Meadow Lake Nathaniel, FL 68071",2022-09-23
8,Nancy Stevens,fwalker@example.net,"95994 Miller Rest Suite 960 Millertown, MI 02054",2022-06-15
9,Jeffrey Dean,kendra73@example.org,"6846 Catherine Forks New Phillipton, IN 19068",2021-06-17
10,Evan King,ronald75@example.com,"5668 Jones Haven Cynthiahaven, KY 42128",2024-02-07
11,Michael Lucas,patrick09@example.net,"899 Michael Hill Hunterburgh, AK 53819",2023-07-31
12,Christopher Cruz,wellsdan@example.com,"955 Hayley Lights Ericberg, OK 27287",2021-07-20
13,Angela May,louissmith@example.com,"37631 Thomas Freeway Javierland, MA 18636",2023-03-30
14,Rodney Patel,joseph50@example.org,"88191 Wilkerson Pass Apt. 991 East Brandon, OH 38106",2024-09-05
15,Russell Hall,scotthogan@example.com,"92765 Stephanie Dale Apt. 370 Rosetown, FL 06492",2022-02-01
16,Jason Alexander,tperkins@example.net,"99428 Connie Falls West Nicole, IA 98721",2023-01-27
17,Thomas Maxwell,juarezashley@example.org,"19705 Samantha Valley Stephenstad, LA 60274",2020-04-08
18,Amber Burgess,hubersandra@example.org,"06791 Amber Throughway North Lindaview, VA 64995",2021-06-25
19,William Hernandez,bsmith@example.net,"5911 Andrew Burgs Apt. 957 Cassandraport, TN 41815",2020-05-22
20,Dana Liu,sharonharvey@example.com,"69569 Figueroa Ferry Suite 230 South Ianmouth, NJ 65185",2023-12-08
21,Wendy Harrison,taylorangela@example.com,"07960 Arroyo Stream Clarkmouth, MT 71986",2022-08-15
22,Joseph Henderson,tmatthews@example.com,"197 Amanda Stravenue Apt. 341 South Tyler, AS 87576",2024-04-29
23,Annette Stone,turnerbrittany@example.org,"86109 Steven Pike Scottstad, VT 79785",2023-11-27
24,Johnny Cardenas,gelliott@example.com,"6475 Sara Junctions Apt. 421 Lake Brandon, OR 69560",2023-02-22
25,Cynthia Taylor,omoore@example.org,"5743 Craig Park Pottschester, WV 59202",2022-03-27
26,Kathy Moore,stephen78@example.org,"3974 Ingram Track Suite 663 Martinezview, AS 29266",2020-12-12
27,Erica Molina,christopher45@example.org,"00732 Shelly Drive Christophermouth, AK 82309",2023-05-27
28,Maria Davis,collinstodd@example.com,"7913 Dawn Glen Coopertown, AL 87008",2021-03-18
29,Eric Rogers,egraham@example.net,"2178 William Union Suite 202 Janicemouth, MH 46490",2021-05-11
30,Garrett Mckinney,danielmartinez@example.net,"570 Humphrey River Apt. 106 Port Mathew, AS 43424",2020-03-03
31,Alicia Santos,rgraham@example.org,"16341 Howell Expressway New Robertfurt, WY 01094",2022-07-26
32,Dr. Rodney Walker,vbryant@example.net,"28000 Gomez Mill Suite 659 Port Shawnville, AL 81184",2020-12-17
33,Robert Spears,yhuffman@example.com,"231 Hernandez Summit Bradleymouth, ND 88145",2023-09-19
34,Michael Morris,destiny77@example.com,Unit 5278 Box 0202 DPO AP 32359,2022-01-16
35,Shelley Flores,jtownsend@example.com,"257 Derek Fields North Keith, WV 07133",2023-05-20
36,Kimberly Webb,orichardson@example.org,"07715 Brian Forge Suite 891 Erikaborough, PW 28994",2023-01-17
37,Tyler Brennan,michael99@example.com,"036 Nathan River Apt. 135 Griffithview, CA 06042",2024-04-25
38,Mary Franklin,jamesmartin@example.net,"76010 Kristie Drives Port Samantha, ID 23215",2023-02-16
39,Carla Bond,ksmith@example.org,"623 Hannah Avenue Apt. 439 Rebeccaside, FM 99632",2021-02-20
40,Nancy Robinson,mark60@example.org,"20571 Randy Cliffs Suite 484 Floydview, CA 10589",2020-09-16
41,Janice Patrick,dustinharding@example.com,"835 Frank Crossroad Suite 393 Ginaport, MO 25224",2020-06-10
42,Matthew Johnson,jordan13@example.org,"920 Barr Lights Wallacestad, NE 17651",2022-11-27
43,Mark Taylor,wbest@example.net,"PSC 7199, Box 7402 APO AA 01868",2022-06-13
44,Andrew Reyes,kellyreyes@example.org,"11393 Herrera Glen Apt. 719 North Deborah, RI 89322",2022-12-14
45,Amber Morales,frobbins@example.org,"860 Darrell Bypass Apt. 319 South Jill, VA 56472",2023-08-03
46,Jacob Davis,jeffery03@example.com,"8183 Barber Station North Dillon, ME 68532",2023-04-10
47,Nicholas Gilbert,valerieramirez@example.net,"397 Darren Street Apt. 250 Lake Donna, SD 56353",2024-06-04
48,Jared Mccarty,joycejessica@example.net,"97506 Michelle Club New Carmenburgh, AR 61690",2024-06-16
49,Eric Krueger,hyoung@example.net,Unit 0902 Box 0833 DPO AA 22566,2024-03-23
50,Tina Williams,woodscassidy@example.org,"94422 Margaret Place Apt. 484 Marcuschester, PW 89638",2020-07-29
51,April Mcdonald,christina22@example.com,"0466 Ortiz Hill Apt. 743 New Juan, UT 68193",2023-05-27
52,Matthew Martinez,wgraham@example.com,"853 Wood Ridges Apt. 720 Kathleenview, WA 18188",2020-05-05
53,Matthew Frazier,waltersallen@example.com,"6548 Dickson Trail Grantberg, PA 25025",2023-12-20
54,Krystal Carter,davislaura@example.org,Unit 6329 Box 7369 DPO AP 80705,2020-03-14
55,Jeff Sullivan,jean02@example.net,"4077 Cynthia Prairie Apt. 457 West Victoria, NJ 63857",2021-11-07
56,Samantha Walter,ksantos@example.com,"058 Brian Dale Wilsonport, AZ 71053",2023-11-29
57,Miranda Sanders,catherinecoleman@example.org,"710 Joseph Cape Apt. 082 Gregorymouth, AS 46248",2020-02-11
58,Mark Smith,jessica27@example.net,USCGC Rodriguez FPO AE 39493,2022-09-24
59,Renee Irwin,tuckerspencer@example.org,"91764 Daniel Manor Apt. 043 Lake Jeffreyhaven, PA 91938",2023-03-15
60,Matthew Gutierrez,conleynatalie@example.net,"33503 Werner Burgs Suite 309 Dennisfurt, DC 58777",2024-08-21
61,Alexander Barajas,vasquezluis@example.com,"9990 David Route East Deborahfort, AR 68579",2020-05-20
62,Amber Ferguson,fbuck@example.org,"303 Michelle Course South Reneeview, AS 14710",2021-09-03
63,Randy Gates,kimberly34@example.net,"99775 Debra Gateway East Stephaniemouth, AK 76422",2022-04-25
64,Julia Salazar,aliciathomas@example.com,"4774 Laura Rest Batesmouth, HI 88535",2020-11-16
65,Julie Ingram,gregorysanchez@example.net,"415 Billy Throughway North Alisha, NV 56687",2020-11-23
66,William Frazier,malikmyers@example.com,"20312 Kathleen Estate Apt. 691 Oconnorstad, MO 19871",2023-04-18
67,Raymond Barnes,wbell@example.com,"1008 James Square Apt. 617 North Lisaborough, IA 75150",2022-01-19
68,Timothy Arnold,hannahwright@example.org,"159 Linda Course Suite 913 Waltersport, IL 49971",2024-07-27
69,Barbara Hernandez,lpotter@example.net,"04504 Michael Junctions Apt. 732 East Kevin, AL 18740",2023-09-10
70,Cameron Costa,thomas77@example.com,"4935 Emily Valleys Barbaraside, NJ 89931",2023-10-27
71,Lauren Johnson,christopher17@example.com,"6915 Turner Isle Suite 887 Toniville, TN 08176",2023-01-22
72,Jacqueline Schultz,bharris@example.com,"9288 Beck Summit Apt. 414 South Markstad, MD 55378",2021-09-06
73,Debra Osborne,jasonhicks@example.com,"608 Paul Freeway Suite 549 South Brandon, CA 65792",2021-05-13
74,James Walker,melissapotts@example.net,"0550 Nicholson Gardens Courtneychester, NE 48385",2023-04-27
75,Allison Berry,toddbrown@example.com,"19846 Wilson Roads North Jeffrey, CT 45457",2023-12-20
76,Kim Saunders,icalderon@example.net,Unit 0903 Box 3375 DPO AA 93911,2022-07-29
77,Mitchell Franklin,heather53@example.org,"5668 Paul Burgs East Zachary, IN 20386",2023-01-16
78,Terri Mcclain,samuel14@example.org,"9569 Leblanc Stream Suite 372 Reevesmouth, MH 08605",2021-04-27
79,Edward Smith,asawyer@example.org,"716 John Springs Apt. 494 South Victor, PA 36080",2024-01-24
80,Jeffery Mcdonald,crystal83@example.com,"333 Lopez Rest Apt. 649 Kirkbury, AK 27365",2024-04-06
81,Amanda Perez,grimesleslie@example.net,"664 Nathaniel Square East Erin, WY 15687",2021-03-06
82,Mrs. Ann Gaines,jasmineholmes@example.org,"048 Wayne Stravenue West Pam, AR 17249",2023-08-03
83,Nichole Lawson,uvalenzuela@example.net,"48691 Tracey Wells Chenport, MI 03326",2021-10-27
84,Christopher Wise,wheelerronald@example.com,"2446 Moore Lane Cummingsport, NH 14710",2022-10-21
85,Erin Ortiz,clarkeariel@example.org,USNS Perez FPO AA 64493,2020-02-05
86,Mary Scott,orrtyler@example.com,"899 Susan Spring Suite 389 Cantuhaven, NJ 29038",2023-02-11
87,John Pace,timothyhaas@example.org,"24853 Kevin Causeway Apt. 568 West Jennifertown, CO 70619",2020-10-17
88,Kelly Rice,glee@example.com,"964 Murray Overpass Apt. 276 Joshuaport, LA 22511",2024-01-20
89,Danny Ryan,aross@example.com,"976 Cox Motorway Apt. 819 Joshuaview, IA 46221",2020-01-13
90,Michael Gomez,robertmorgan@example.com,"971 Logan Trafficway East Anthonybury, IN 82374",2023-08-10
91,Gregory Garner,anthony66@example.org,"058 Cowan Alley Micheleton, KY 60829",2020-05-28
92,Jason Ayers,ambermckee@example.org,"9202 Solis Parks Seanmouth, GA 30057",2020-05-09
93,Bryan Williams,mckenziemiller@example.net,"69442 Gray Way Suite 239 North Laura, SD 14904",2023-07-28
94,Randy Wilson,lowecharles@example.net,USS Nguyen FPO AP 64513,2021-03-02
95,Rachel Jones,longkristy@example.net,"2909 Smith Pike Davidsonborough, NV 91673",2021-09-07
96,Anthony Wright,fcalhoun@example.org,"853 Richard Knolls Apt. 268 South Crystal, MO 85875",2020-12-20
97,Christopher Perez II,sharon63@example.com,"3857 Christopher Parkway South Leslie, AZ 28960",2020-11-03
98,Steven Mckinney,pbrown@example.org,"7578 Paul Fall Apt. 830 Carolynside, CT 72307",2021-04-01
99,Edward Gilmore,gdouglas@example.org,"156 Crystal Brooks Kathleenstad, IL 67382",2021-06-27
100,Charles Ray,lawrencebonnie@example.org,Unit 6316 Box 6115 DPO AE 72020,2022-09-18
