id,name,email,address,date_joined
1,Kristine Howard,michellemullen@example.org,Unit 1674 Box 2065 DPO AA 35549,2021-06-23
2,Mark Parker,nicholasbarron@example.com,"PSC 7787, Box 9045 APO AA 57232",2021-09-21
3,Dwayne Davis,martinjoshua@example.org,"0067 Chang Fort Alecfort, CT 07843",2021-08-12
4,Anthony Davis,darren35@example.com,Unit 0615 Box 9696 DPO AE 79834,2023-02-07
5,Erika Jensen,savannah64@example.org,"922 Michael Dale New Lisaville, MO 18860",2023-11-01
6,Justin Haynes,sparksdavid@example.org,"71944 Smith Island Kathleenland, ND 77168",2024-05-03
7,Mary Green,vwalker@example.net,"64631 Kendra Meadow Yatesshire, ND 03497",2021-02-04
8,Anthony Hayes,micheal74@example.net,USS Smith FPO AE 35100,2020-06-10
9,Lisa Wilson,brandi84@example.com,"028 Myers Ranch Apt. 593 West George, AR 34144",2021-09-17
10,Larry King,lewiselijah@example.com,"PSC 9412, Box 5807 APO AP 68026",2023-07-24
11,Emily Chan,john60@example.net,"PSC 7490, Box 2281 APO AE 89468",2020-12-09
12,Terry Frey,zdavila@example.net,"PSC 3954, Box 5360 APO AE 57072",2023-06-08
13,John Ellis,kelly84@example.com,"61434 Ramirez Circle South Jeffrey, WA 76635",2024-03-10
14,Marc Jimenez,fergusoncolin@example.com,"32728 Adam Courts Jamesstad, IA 77197",2020-10-07
15,Joshua Barber,nicholasjackson@example.net,"796 John Well Apt. 526 Amberton, DE 57118",2021-07-20
16,Sarah Ramirez,dannybryan@example.net,"4514 Alice Station Suite 032 West John, TX 17319",2024-05-30
17,Jack Williams,vchan@example.net,"421 Bailey Isle Apt. 014 Baileystad, AS 58356",2021-08-10
18,David Freeman,heatherjones@example.org,"1229 Anna Meadows Suite 682 Ortizborough, SD 04206",2023-10-08
19,Andrew Bond,derrick79@example.com,"53610 Patrick Dale Williamfurt, SC 32638",2022-03-22
20,Elizabeth Stone,andersonalexandra@example.org,"893 Jill Course Apt. 593 East Tyler, MD 76130",2023-01-18
21,David Davis,zmiller@example.org,"860 Melanie Shoal Apt. 421 West Noahview, PR 20872",2022-03-12
22,Michelle Sanchez,kimberly89@example.net,"04138 Coleman Landing Apt. 740 Lauratown, WA 74755",2021-10-26
23,Edward Hansen,joseph32@example.org,"511 Kennedy Creek South Colleen, MI 39243",2020-07-14
24,Thomas Guzman,josephhernandez@example.com,"9265 Obrien Mill Suite 881 Jamesberg, PA 68356",2023-06-29
25,Natalie Kelly,robinsonstephanie@example.net,"6866 Pace Extension Williamschester, RI 89932",2023-08-01
26,Christina Mcdonald,gonzalezgabriella@example.com,"5116 Pham Valleys Paynetown, AS 65108",2023-11-05
27,Aaron Wilson,choielizabeth@example.org,"94908 Brad Summit Suite 533 Jamesside, LA 10387",2024-09-15
28,Linda Rhodes,uhawkins@example.org,"9034 Wood Dale Apt. 956 Margaretmouth, MT 12506",2022-04-22
29,Mrs. Tammy Thompson MD,kellyspence@example.net,"77296 Rachael Lodge Apt. 575 North Lisa, KS 32843",2020-10-23
30,Lauren Smith,daviskimberly@example.org,"74868 David Road East Samantha, NH 45664",2023-02-15
31,Katherine Bryant,hicksamanda@example.org,"9052 Rebecca View Mortonmouth, FM 48847",2021-04-15
32,Frank Mendoza,jeff71@example.com,"0403 Matthew Circle Gregorymouth, WV 28006",2022-10-12
33,Steven Turner,chavezsabrina@example.org,"02942 Stewart Meadows Apt. 820 Perkinsville, WI 40480",2022-01-31
34,Franklin Williams,cherylhernandez@example.net,"9853 Williams Pines Suite 184 South Lisa, NY 42727",2020-04-03
35,Kyle Hoover,curtis86@example.org,"8899 Miguel Islands Carlosville, LA 02698",2020-05-20
36,Eduardo Clark,youngdaniel@example.org,"7460 Melissa Points Apt. 678 North Jamesburgh, TN 53641",2020-09-23
37,Christina Bond,kara13@example.net,"44775 Roberts Pines Cainmouth, SC 55332",2022-06-15
38,Jennifer Cunningham,russelljennifer@example.org,"111 Daniel Turnpike Garzafort, CA 33000",2023-09-28
39,Jill Hickman,emoore@example.com,Unit 1702 Box 5553 DPO AP 65748,2024-07-02
40,Jesse West,joshuamartin@example.org,"414 Pope Ways Mannland, MH 58506",2021-05-17
41,Charles Cook,pcook@example.com,"75815 Brown Mountains Suite 661 Burkebury, OK 16118",2022-09-28
42,Cindy Lee,jenniferolson@example.com,"64345 Coleman Skyway Lake Philip, WA 75325",2021-10-09
43,Mary Burns,contrerasjohnny@example.com,"09863 Anthony Estate Taylormouth, LA 23141",2023-02-22
44,Nancy Warren,nmarquez@example.com,"9692 Lewis Park Veronicaberg, MS 34921",2023-02-04
45,Kelly Hart PhD,anthonybenton@example.org,"3358 Sanchez Burgs West Ashley, GA 96530",2022-05-02
46,Kenneth Berry,catherineallison@example.org,"24223 Fischer Isle Suite 505 Port Russellstad, LA 86661",2021-04-06
47,Danielle Rose,john91@example.net,"777 Smith Alley Apt. 166 Monroeville, NH 49089",2021-09-27
48,Rebecca King,dkennedy@example.net,"21270 Paul Union Suite 945 Lake Pamela, CO 46208",2021-04-04
49,Julian Stein,qsmith@example.net,"568 Walsh Hills Doylemouth, GU 02544",2020-09-11
50,Amanda Warren,kendramartinez@example.org,"6591 Mike Ports Elliston, WI 62208",2022-09-05
51,Anthony Davis,ncannon@example.org,"6483 Miller Forges Christopherbury, GU 51211",2020-02-29
52,Jacob Boyle,oriley@example.net,"3577 Jennifer Land Suite 696 South Beth, PW 43157",2024-08-27
53,Melissa Jordan,yking@example.net,"1093 Benson Summit Suite 023 West Hannah, RI 79340",2022-04-19
54,Janet Gordon,wharmon@example.org,"560 Thomas Points Byrdfort, NE 18633",2020-05-03
55,Gary Murphy,melissamcgee@example.net,"7335 Stewart Port Apt. 755 West Kim, GA 64597",2024-09-16
56,Joshua Larson,deanbryce@example.org,USS Jones FPO AP 09470,2022-05-02
57,Emily Walter PhD,goodmancorey@example.org,"838 Dyer Port Lake Cheryl, GU 67932",2021-10-12
58,Tommy Medina MD,jmontgomery@example.net,"172 William Garden West Jamie, TN 79069",2021-02-01
59,Brittany Bond,ginakane@example.com,USNV Hicks FPO AP 02760,2023-12-26
60,Michael Myers,daniellewarren@example.com,"556 Johnson Flat South Matthewton, NY 70727",2024-04-07
61,Stacy Flynn,olivermisty@example.org,"62546 Lopez Inlet North Teresaborough, RI 45195",2023-03-05
62,Mr. Max Jackson,jmedina@example.net,"77842 Heather Mission Apt. 190 West Paulaland, AL 36797",2021-03-13
63,Kevin Gilbert,craigjames@example.org,"83997 Williams Mall Apt. 205 Karenville, ID 35865",2024-09-12
64,Heidi Martin,edwardsanchez@example.net,"69009 Danielle Coves Apt. 082 Port Jennifer, UT 12410",2022-03-21
65,Veronica Flynn,victor71@example.net,"35844 Joshua Ridge Apt. 378 Brooksfurt, DC 22303",2024-06-04
66,Megan Hancock,edwinholmes@example.org,"2463 Bradley Stream Apt. 207 North Charleschester, FL 43904",2020-09-23
67,Ricky Glenn,josephmclaughlin@example.org,"419 Lisa Circles Grayberg, CA 91990",2021-05-24
68,Gregory Hanson,dunnmargaret@example.net,USCGC Lee FPO AP 20045,2023-11-08
69,Ryan Munoz,gutierreznicholas@example.com,"8053 Stacey Motorway Suite 431 Georgestad, MD 48417",2020-12-20
70,Betty Kramer,thomasethan@example.org,"8462 Gregory Estate Martinborough, MD 92014",2024-03-13
71,Cameron Bruce,larsoneric@example.net,"04878 Carrie Square Pamelashire, UT 05947",2023-12-14
72,Alan Rodriguez,randall64@example.org,"4458 Jeff Branch Richardside, ID 43001",2023-12-13
73,Cassidy Reed,delliott@example.org,"28156 Jacobs Trafficway Apt. 092 East Lisa, MO 02683",2023-01-11
74,Kyle Murray,psmith@example.net,"147 Evans Mission Rhodesshire, PR 99561",2024-03-16
75,Alan Alexander,katrina16@example.com,"596 Benson Ferry Davidberg, NV 04940",2020-12-19
76,Christopher Chavez,barbara45@example.com,"268 Reed Valleys Suite 241 North Wendyburgh, AK 09406",2024-04-03
77,Karen Smith,jeremy95@example.net,"6469 Glenn Rue Suite 632 Wisetown, DE 44446",2020-01-08
78,Jesse Gonzalez,brandismith@example.net,"19584 Barron Parkway Apt. 608 Scottport, MO 43317",2024-04-18
79,Frank Browning,melinda10@example.net,"606 Melissa Spring Apt. 813 Andrewbury, KS 66671",2020-10-08
80,Marcus Rubio,tmaddox@example.org,"907 Edwards Lodge Suite 666 Eugeneport, OK 86152",2020-06-14
81,Dawn Harvey,youngsonya@example.com,"409 Brittany Ferry East Jonathan, SC 80083",2020-08-29
82,Nancy Lopez,castilloderek@example.org,"340 Parks Loop East Nataliestad, NV 26582",2024-02-05
83,Pamela Jensen,poncerichard@example.net,"2093 Porter Burgs South Hollyfurt, NC 72296",2020-12-17
84,Lucas Bolton,edwardsbrian@example.com,"68661 Fisher Islands Garciaburgh, TN 09571",2023-05-26
85,Zachary Heath,rthomas@example.org,"7140 Franklin Fields New Bobby, AL 83545",2022-01-09
86,Gerald Johnson,ruben26@example.com,"18279 Betty Ford Apt. 447 Benitezbury, OR 55665",2024-03-07
87,David Mccarthy,christopher91@example.org,USCGC Miller FPO AP 41406,2021-04-08
88,Brian Bowman,christinatate@example.net,"3185 Brooks Neck Davidberg, KY 62403",2023-01-07
89,Kirsten Kim,mallory11@example.org,"952 Phillips Brook Suite 006 North Cherylmouth, NM 93439",2022-02-09
90,Robin Mckay,robertjones@example.net,Unit 7923 Box 6325 DPO AP 42161,2022-08-19
91,Mr. Stanley Garcia,charlesconrad@example.org,"07578 Green Isle Suite 002 North Michaelfurt, AZ 51746",2022-12-20
92,Victoria Vaughan,diane99@example.org,"PSC 7699, Box 9301 APO AA 37657",2021-06-09
93,Justin Wagner,shannonwilson@example.net,"84879 Ashley Mountains New Randyberg, ND 22187",2024-02-26
94,Jonathan Lynn,charlesroth@example.org,"479 Bird Key East Tracy, MH 92899",2020-10-12
95,Michele Knox,newtonchristopher@example.org,"895 Michael Road East Ambertown, IL 09369",2023-04-10
96,Kimberly Frank,robinsonemily@example.com,"20356 Lisa Cliffs Apt. 150 New Nicholasborough, UT 62562",2020-11-25
97,Rick Craig,meganstanton@example.com,"8801 Garza Throughway East Susanbury, DE 24555",2023-03-03
98,Samantha Burns,urogers@example.com,"75152 Vasquez Inlet Lopezville, DC 65993",2020-07-29
99,Patrick Fields,andrewrodriguez@example.com,"32691 Hernandez Radial Johnstonmouth, NH 42066",2021-12-11
100,Michelle Gonzales,anthony69@example.com,"5791 Aaron Dam East Angelaton, WI 67796",2024-07-20
101,James Kim,daniel03@example.org,"7592 Hicks Station Apt. 208 Robertville, MI 49353",2021-06-25
102,Emily Berry,charlesjohnson@example.org,"0010 Hobbs Terrace Suite 552 Bradleyburgh, NV 98900",2020-12-26
103,James Pierce,wgreen@example.net,"682 Katelyn Inlet Vargasland, TN 16543",2022-05-30
104,Randy Cox,maddenchristopher@example.org,"016 Dean Rapid New Susanburgh, WI 25595",2023-07-23
105,Jose Wang,rebekahgriffin@example.org,"566 James Valleys East Nancytown, MH 48565",2022-12-15
106,Lindsay Thomas,ramirezchelsea@example.net,Unit 1704 Box 2757 DPO AE 24939,2021-06-13
107,Ann Callahan,petersenelizabeth@example.com,"6422 Richard Plain Goldenmouth, FM 65328",2021-02-03
108,Matthew Rivera,matthew79@example.net,"03845 Jeremy Orchard Lake Tammy, MP 03730",2021-07-31
109,Shirley Owens,richard27@example.net,"9992 Mccoy Highway West Josephhaven, KS 93125",2021-09-22
110,Richard Greene,daniellarson@example.org,"598 Douglas Neck Apt. 621 Peterberg, SC 93821",2022-09-22
111,Joshua Shaw,georgedonna@example.org,"806 Joseph Walks Peckberg, VI 86643",2020-03-03
112,Kimberly Harris,suzanne47@example.com,"PSC 3971, Box 2412 APO AP 18175",2023-02-24
113,Brenda Donaldson,zmitchell@example.com,"93174 Carla Cliffs Suite 965 Shawshire, GU 16035",2022-09-18
114,Stacie Shaw,ramosmichael@example.com,"18465 Anderson Corners Davidsonport, CT 49358",2024-08-10
115,Kenneth Taylor,amy20@example.net,"57257 Spencer Summit Apt. 980 Walshland, OH 39157",2024-05-03
116,Maria Ritter,wrodriguez@example.com,"453 Mariah Lane West Mary, IL 72620",2022-10-03
117,Yesenia Robinson,johnstonheather@example.net,"88584 Elizabeth Route Mcdonaldport, IL 19447",2023-07-20
118,Sara King,kristin26@example.org,"574 Stephanie Points Apt. 715 North Nicole, OK 27167",2022-11-23
119,Gary Martin,pskinner@example.com,"9149 Smith Lock Dunnmouth, SD 43190",2020-03-23
120,Brandy Stephens,daniel99@example.org,"216 Middleton Lane Suite 988 Kennethshire, SC 54059",2024-03-02
121,Darryl Foster,dwood@example.org,"066 Morrison Vista Boydport, PA 25119",2022-07-31
122,Kayla Jacobs,shane88@example.com,"62486 Graham Drive East Stephanie, SC 74018",2022-02-15
123,Michelle Frost,deannaallen@example.com,"66680 Porter Extensions Suite 062 Michaelborough, CT 80891",2021-10-26
124,Megan Henry,gary14@example.com,"6847 Raymond Hills New Jessicaberg, VI 24589",2020-07-14
125,Wesley Clark,robert15@example.com,"14975 Crystal Plain Apt. 924 West Peterborough, KY 38216",2021-01-28
126,Kurt Rodriguez,williamjordan@example.com,USS Henderson FPO AE 40997,2023-04-30
127,Tamara Davis,brandonevans@example.com,"160 Susan Springs South Kimberly, PR 90427",2023-01-28
128,Dean Hernandez,ramirezryan@example.net,"2870 Salinas Overpass Kennethchester, VI 29028",2023-06-07
129,Kimberly Hudson,glen07@example.com,"0022 Lang Flat Apt. 127 Montesfurt, MA 11570",2020-06-12
130,James Olson,gail03@example.net,"PSC 1305, Box 0622 APO AP 41635",2021-11-13
131,Robert Walsh,mejiachristopher@example.net,"63291 Jennifer Meadow Suite 042 Donaldborough, PA 45443",2020-10-16
132,Thomas Martin,karenfrancis@example.com,"17291 Alexander Summit Lake Hollyfurt, KY 72824",2024-06-29
133,Tiffany Torres,rebeccamathis@example.net,USNS Rivera FPO AE 14282,2023-05-24
134,Monica Mcmahon,fordsarah@example.com,"97611 Lori Islands Suite 797 South Monica, WI 49968",2020-09-03
135,Robert Hayden,rcollins@example.net,"701 Johnston Bridge Apt. 082 South Kevinton, OH 39369",2020-03-30
136,Jonathan Ramirez,matthew23@example.net,"43079 Graves Glens Suite 851 Andrewstad, AZ 94070",2021-03-04
137,Kiara Davis,wcamacho@example.com,"2503 Kathleen Squares New Joelland, VI 88090",2023-11-17
138,Lindsey Allen,mkramer@example.com,"964 Wright Prairie Holmesside, ID 27364",2024-09-27
139,Matthew Chen,wfuentes@example.com,"4727 Anderson Station South Chloeshire, VI 12583",2023-11-01
140,Brianna Jones,katherine01@example.org,"0436 Jackson Circle South Markview, TN 67214",2023-01-05
141,Daniel Tyler,millertiffany@example.org,"27047 Jose Mission Port Ericbury, WY 36641",2024-08-28
142,Willie Santos,pjohnson@example.com,"05310 Wood Ramp Michaeltown, GU 36578",2022-10-20
143,Robert Jones,charles60@example.org,"2490 Beth Walk Suite 900 Markville, SC 10460",2020-10-12
144,Caleb Manning,timothy46@example.com,"559 Taylor Way Apt. 949 Lake Alyssa, TN 55564",2022-11-21
145,Natasha Conway,tbrown@example.net,"38777 Rivera Island Brownton, NC 01129",2023-10-14
146,Logan Dean,hurleykathleen@example.org,"88770 Reyes Walk Suite 394 North Brianstad, CA 32856",2021-06-30
147,Nicholas Hamilton,lesliewilkins@example.net,"9556 Kathy Pike Apt. 441 South Robinchester, VT 37917",2021-06-09
148,Stephen Oneill,dmartinez@example.net,"3710 Hill Grove Apt. 271 New Joseph, ID 62496",2022-01-19
149,Alexis Kelly,grace56@example.net,Unit 6402 Box 0677 DPO AA 98564,2022-03-15
150,Joyce Smith,sharonnelson@example.com,"61932 Stephanie Knoll Smithfort, IN 18686",2021-06-02
151,Sarah Schmidt,arthurmartin@example.org,"2832 Crystal Pass Lake Michaelborough, NV 97403",2020-03-18
152,Linda Roberson,hrivera@example.org,"0700 Greer Walks Apt. 295 West Stephenbury, TX 73445",2024-01-04
153,Melanie Williams,brittney68@example.org,"1911 Keith Crossing Port Katherineville, MD 55175",2020-07-02
154,Christopher Martin,amandasmith@example.org,"78520 Friedman Cape Lake Cory, ID 55216",2022-07-08
155,Eric Hudson,roseruth@example.com,"29035 Catherine Burg Sherrimouth, KY 41814",2022-11-13
156,Rebecca Powell,samuelhill@example.com,"582 Mark Motorway Suite 968 Reginamouth, AZ 91029",2021-12-23
157,Angel Gutierrez,wesleysanders@example.net,"473 Tucker Corners Josephbury, MN 49791",2023-05-17
158,Angel Ramirez,jamesharris@example.net,"3994 David Radial South Taylor, SD 22896",2021-10-01
159,Brian Grimes,fishercrystal@example.net,"6388 Matthew Road Suite 841 East Gregory, FL 48374",2024-02-01
160,Michael Leonard,victoriatorres@example.net,"38032 Stephanie Fort Garnerton, UT 81117",2022-07-01
161,Corey Carter,kathrynnovak@example.org,"160 Angela Terrace Robertsmouth, CO 36048",2020-10-06
162,Robert Lester,klewis@example.net,"23356 David Lake Berryberg, KS 40627",2023-05-30
163,Natasha Lyons,ogonzalez@example.org,"2877 Cox Station Pinedaberg, ME 41237",2021-02-19
164,Vincent Rivers,sweeneybryan@example.net,"2475 Tiffany Shores Millerport, AK 93678",2021-10-29
165,Erin Cooley,ianmitchell@example.net,Unit 1161 Box 4816 DPO AE 69520,2022-01-10
166,Michele Wallace MD,jody46@example.com,"3853 English View Apt. 817 South Ronniebury, OR 71027",2020-03-24
167,Philip Patterson,martinezchloe@example.org,"143 Haley Throughway Apt. 015 Port Christopher, AL 95817",2024-05-02
168,Lauren Maldonado DVM,deanwayne@example.net,"24347 Karen Stravenue Lynnchester, MP 64968",2024-01-12
169,Stephanie Parker,james41@example.com,Unit 6587 Box 1017 DPO AP 44520,2022-08-07
170,John Mccullough,zachary38@example.net,"862 Hill View Suite 385 West Mikayla, WA 32801",2021-07-01
171,Sabrina Rodriguez,ayalalaura@example.net,"7254 Henry Haven New Josephport, VI 43026",2020-09-05
172,Theresa Silva,katiegonzalez@example.net,"876 Hernandez Inlet New Denniston, WA 38933",2022-03-31
173,Rebekah Wilson,pmcdaniel@example.org,"44663 Kevin Grove Suite 865 Samuelstad, ID 67076",2021-08-06
174,Jill Hill,john38@example.org,"73215 Hardy Turnpike Apt. 871 West Abigailland, TN 81591",2022-06-17
175,James Sharp,anthony12@example.com,"258 Lawson Streets Lauraville, OK 12720",2022-04-29
176,Diane Wood,christian67@example.com,"328 Robertson Branch Douglashaven, MA 61062",2024-04-12
177,Andrew Tyler,jackson18@example.org,"75192 Mcdonald Greens Suite 954 Lake Morgan, VT 62299",2021-05-06
178,Malik Adams,harrisonbarry@example.net,"8927 Martin Forks Paulton, MO 74866",2024-03-24
179,Isabella Olson,michelemanning@example.net,Unit 6415 Box 4318 DPO AA 66569,2023-09-21
180,Karen Payne,tblack@example.net,USNV Lawson FPO AA 99177,2020-03-03
181,Kenneth Holloway,bthompson@example.org,"1354 Lisa Ford Apt. 170 North Heather, IA 54647",2023-03-26
182,Shannon Jackson,jamescooper@example.org,"8077 Lopez Canyon West Sherriburgh, VI 61279",2024-03-20
183,Robert Hill,baileymichael@example.com,"393 Clark Throughway Apt. 704 Port William, WA 44886",2021-05-02
184,Kayla Soto,richard61@example.net,"104 Jones Orchard Apt. 773 Hubbardtown, AL 19939",2022-04-15
185,Mr. Glenn Sanchez,julie60@example.net,"87983 Garcia Manors Lake Michael, RI 03927",2021-07-04
186,Timothy Sanchez,lloydjacob@example.net,USCGC Young FPO AP 68690,2022-09-01
187,Francis Ray,cynthia03@example.com,"31601 Jackson Gateway Ryanberg, AZ 30305",2021-05-07
188,Ann Wade,qdaniels@example.net,"15243 Graham Fall Apt. 979 Joycefurt, DC 51978",2023-09-23
189,Scott Wilson,gregoryelliott@example.com,"3093 Melissa Underpass Suite 273 Kennethview, NE 48024",2022-01-21
190,Sarah Jones,kentjanet@example.org,"0534 Gina Key Apt. 910 North Jordanchester, NY 82752",2022-03-09
191,Jacqueline Lam,stephanie16@example.net,"497 Robert Key Apt. 035 New Kimberlyton, MI 04980",2021-03-10
192,Elizabeth Singleton,roger38@example.net,"12054 Wright Isle Princeburgh, SC 88196",2023-08-19
193,Kevin Summers,jasonhansen@example.org,"593 Madeline Inlet Millerview, TN 37503",2022-04-21
194,Robert Preston,bjennings@example.org,"411 Alexa Fall Gillespieton, CT 12602",2022-06-30
195,Jennifer Townsend,wrichards@example.com,"3192 Amy Park Apt. 313 Monicachester, ND 13459",2024-02-20
196,Scott Carson,mknight@example.com,"14928 Donovan Vista Apt. 845 South Vincentstad, MS 40814",2020-04-02
197,Richard Warner,hodgesmary@example.com,"68235 Anthony Parks East Thomas, NH 78919",2020-08-15
198,Madison Castaneda,yreed@example.com,"816 Joseph Grove Suite 304 North David, AK 60915",2021-07-03
199,Pamela Stewart,hcooke@example.org,"9238 Bowen Stream Suite 300 South Jonhaven, VT 23932",2021-01-16
200,Crystal Avila,johngentry@example.com,"058 Lester Loop Apt. 249 Davisberg, SD 64721",2020-09-24
201,Tiffany Brooks MD,taylorwilliams@example.com,"2067 Ricky Passage Jefferytown, MH 76424",2022-04-13
202,Lisa Watson,yburnett@example.net,"9474 Thomas Inlet Tommyfort, ID 99694",2024-02-05
203,Dylan Anderson,david14@example.org,"2995 Keller Burgs Samueltown, FM 38026",2020-04-22
204,Anna Mclaughlin,stevechang@example.net,"8878 Odonnell Inlet Suite 677 Lake Steven, IA 76619",2020-09-20
205,Richard Myers,leelee@example.com,"5694 Danielle Lane Lake Karen, CA 25635",2020-03-05
206,Victor Compton MD,victoriajohnson@example.net,"1772 Smith Centers Suite 016 South Megan, UT 97575",2022-03-13
207,Russell Thompson,nwade@example.org,"88602 Mcintyre Turnpike Estradamouth, KY 64198",2021-11-26
208,Jennifer Caldwell,ganthony@example.org,"9544 Castillo Place East Hannah, ME 27329",2024-05-31
209,Michael Baker,liusteven@example.net,"76427 Lawson Radial Apt. 521 Jonesbury, LA 83321",2021-10-08
210,Dr. Scott Watkins,sanchezdeborah@example.net,"192 Andrew Village Suite 526 New Jacob, MP 25514",2020-06-18
211,Zachary Perez,crystallopez@example.net,"6312 Knight Union North Nicholasmouth, DE 65478",2022-11-13
212,Oscar Mendoza,alexandraanderson@example.org,"23143 Nicole Hollow Tanyaside, NE 96926",2023-09-20
213,Michelle Rice,rsmith@example.net,"856 Amy Plaza Suite 920 Alberttown, RI 94989",2020-04-08
214,Mark Matthews,nicole71@example.net,"24176 Perkins Stream West Justin, NC 46659",2022-11-16
215,Mary Baldwin,ucole@example.org,Unit 4489 Box 3537 DPO AA 20967,2021-02-11
216,Sandra Roach,reynoldsnatalie@example.net,"8074 Brandon Inlet Reesemouth, WI 51011",2020-12-13
217,Colleen Griffith,freemanjacob@example.net,"52904 Alan Estate Suite 751 Anthonychester, OK 69560",2021-07-02
218,Annette Adams,michaelrichards@example.org,"874 Young Terrace North Shawnville, OK 56680",2020-02-01
219,Kayla Reese,phillipsjonathan@example.net,"1256 Wilkins Street Zunigatown, OR 77066",2021-10-23
220,Jesse Fernandez,wromero@example.com,"78354 Walker Hill Waltersmouth, NE 20677",2023-07-19
221,Heather Liu,kristiwebb@example.org,"01322 Carrie Pine Suite 988 South Josefurt, MP 57861",2023-01-04
222,Scott Farmer,pcooke@example.net,"302 Michelle Avenue Lisaton, MN 15274",2021-03-03
223,Linda Paul,lukeshah@example.net,"411 Kristi Ports Apt. 304 Barbaraview, WA 37035",2023-01-21
224,Kayla Logan,michaeldavis@example.org,USNV Martinez FPO AE 29167,2021-08-19
225,Matthew Wagner,taylormartinez@example.org,"38815 Robin Parkway West Seth, IL 79880",2024-01-28
226,Donna Cooper,todd93@example.net,"594 Jeanette Groves Suite 807 South Katelyn, MN 73265",2023-02-15
227,Anna Knight,cbailey@example.net,"4278 Sheila Drives Suite 812 Markland, MN 04444",2020-06-01
228,Samantha Moore,monica47@example.net,"89621 Tyler Ridge Spencefort, IN 11418",2020-08-22
229,Jesus Sullivan,adamsbenjamin@example.net,"8575 Harding Plains Suite 435 Port Cliffordview, FM 32238",2022-05-11
230,Sean Hudson,zsmith@example.org,"2938 Rodriguez Groves Suite 033 North Staceyview, PA 18074",2023-08-25
231,Mary Burns,joanna87@example.com,"1208 Amy Fort Apt. 273 New Angela, ID 82312",2023-07-05
232,Nicholas Carey,kimberly64@example.net,"739 Ryan Wells Suite 301 Leslietown, WI 78022",2021-05-25
233,Andrew Taylor,rachel66@example.com,"6073 Kathryn Camp Apt. 588 Morganchester, NM 77244",2020-08-16
234,Seth Thompson,smithwilliam@example.net,"575 Briggs Park Bautistabury, FL 72526",2024-08-23
235,Penny Williams,wrightkimberly@example.org,"86769 Bradford Key Suite 314 East Jamesport, NY 92597",2020-06-17
236,Kenneth Peters,kwalker@example.net,"50099 Patricia Park Lake Chad, VT 64698",2020-12-16
237,Jennifer Huynh,qlandry@example.org,"19902 Stacy Wall Suite 388 Port Kevinborough, MN 29121",2024-08-03
238,Jared Walker,lharvey@example.net,"1888 Smith Via Apt. 380 New Dylan, NV 67204",2024-07-30
239,Jesse Carr,vegachristina@example.com,Unit 4914 Box 2530 DPO AE 89789,2023-06-19
240,Jesus Rivera,michaeljackson@example.org,USS Hammond FPO AA 10372,2023-07-16
241,Gordon Stevenson,myerskevin@example.org,"2977 Rebecca Mission Wesleymouth, WI 25642",2024-04-24
242,Robert Jordan,dortiz@example.org,"2480 Christopher Village Suite 759 Barrland, DC 94534",2022-02-18
243,Seth Wilson,christopher72@example.com,"57740 Berger Trace Howellport, IN 39783",2022-12-03
244,Cassidy Kelley,nsmith@example.net,"8065 Linda Route Suite 893 Brookeshire, GU 36528",2020-04-04
245,Andrew Spencer,matthewdiaz@example.org,"390 Reid Forest Apt. 816 West Leslieview, MO 97343",2024-03-05
246,Rachel Davis,eboyd@example.org,"81280 Morales Summit Apt. 003 South Nathanhaven, MO 23062",2024-06-27
247,Nicole Dillon,lindabrown@example.net,"05355 Smith Squares Apt. 761 East Sally, KS 82121",2020-02-11
248,Tamara Simmons,gail39@example.com,"073 Sampson Views North Deborahmouth, LA 74721",2023-10-27
249,Charles Henry,kristinahoward@example.org,"84727 Neal Islands Smithview, LA 20388",2020-08-26
250,Mr. William Castillo,sandraroberts@example.org,"5944 Velez Dam Apt. 320 Lake Jordanbury, CA 24434",2020-03-27
251,James Garza,salazaremily@example.com,"6115 Jodi Estate Suite 404 Ronaldstad, TN 94595",2023-05-20
252,Nicholas Parrish,catherinelove@example.net,"40247 Hess Trafficway Willisland, LA 55538",2021-05-26
253,David Wilkerson,anthony92@example.com,Unit 3582 Box 1162 DPO AA 91854,2023-03-06
254,Lorraine Gonzalez,romerotrevor@example.org,"5828 Michael Crossroad New Jamieville, NJ 57263",2020-05-11
255,Carla Fletcher,vmccoy@example.com,"345 Deborah Roads Savagestad, HI 48294",2020-04-09
256,Marvin Davenport,marybrooks@example.net,"7093 Weaver Plaza Meltonburgh, DC 25232",2022-11-11
257,Sydney White,nunezelizabeth@example.net,"2301 Jacqueline Gardens Lake Mark, NY 10852",2021-02-08
258,Julie Jones,heather10@example.org,Unit 3491 Box 6013 DPO AE 23222,2023-03-24
259,Michele Wilkins,velezjonathan@example.org,"426 Horton Burgs Suite 033 South Gregoryton, NC 63527",2021-12-04
260,Earl Morris,jeffrey57@example.net,"411 Brian Union New Kevin, HI 45599",2021-02-03
261,Alexander Perez,brichardson@example.com,"1982 Jensen Viaduct Suite 531 South Laura, IN 33858",2021-11-24
262,Kenneth Berry,osbornerachel@example.com,USCGC Perkins FPO AA 96027,2020-10-16
263,Johnny Garcia,lewisdaniel@example.net,"33674 Mark Mews Suite 662 West Justin, MS 45755",2021-08-29
264,Lonnie Castaneda,phillip89@example.net,"5226 April Port Suite 685 Ericaburgh, IL 06338",2021-11-03
265,Charles Hinton,xbennett@example.net,"32378 Garcia Isle Apt. 423 Guzmanhaven, UT 60760",2020-04-01
266,Cynthia Nelson,jennifer06@example.net,"775 Brian Road South Ashleystad, MD 31390",2022-08-03
267,Timothy Ball,lorigreen@example.net,"522 Cummings Divide Kristineberg, OR 81030",2022-10-21
268,Logan Koch,patrick71@example.com,"7760 Gary Fords Joelton, WI 75816",2023-10-02
269,Brian Christian,derek10@example.com,Unit 9966 Box 1074 DPO AA 24801,2022-11-02
270,Lori Hays,wmartinez@example.net,"PSC 3325, Box 0678 APO AE 34666",2023-07-12
271,Christine Ho,wardshannon@example.com,"248 Levy Shore Apt. 428 Camposview, WY 09692",2021-04-03
272,Grace Navarro,adrianaturner@example.net,"5102 Sandra Port Suite 725 Ericfurt, DE 42757",2023-12-23
273,Jill Hall,melissa11@example.org,"0552 Kayla Terrace North Michael, CT 80743",2020-11-02
274,Donald Hernandez,yvette08@example.net,"0475 Joseph Alley Apt. 882 South Elizabethbury, GA 96457",2020-07-04
275,Justin Benitez,cnewman@example.net,"89867 Katrina Ports Mccallshire, KS 97808",2020-09-05
276,Johnny Sanders,reneeward@example.com,"309 Michael Island Cannonfort, KY 10378",2020-04-09
277,James Dixon,gina50@example.org,"473 Griffin Expressway Apt. 406 Brittanyport, DE 69685",2024-02-16
278,Douglas Castaneda,alvarezanthony@example.net,"08103 Martin Viaduct Apt. 464 South Thomasfurt, WI 44655",2023-08-29
279,Sandra Johnson,elliottkyle@example.com,"591 Smith Haven Apt. 763 Phillipsborough, WA 07472",2024-08-16
280,Jacqueline Turner,danlambert@example.com,"66308 Robertson Wall Travisberg, NE 84873",2022-05-22
281,Christine Sanchez,mitchellcharles@example.org,"596 John Islands Suite 365 Melissashire, UT 61023",2024-05-18
282,Patrick Lane,jessica92@example.net,"04513 Robert Crossing Suite 406 Port Christopherland, RI 58022",2021-09-28
283,Aaron Knight,sandra90@example.com,"00583 Christopher Tunnel Apt. 172 South Tommymouth, NM 74588",2021-02-24
284,Leslie Jenkins,emily55@example.com,"557 Ibarra Junctions East Hayden, GA 20248",2020-06-21
285,Kevin Krueger,deborahmoody@example.com,"691 Jennifer Cove Apt. 675 Port Mauriceland, MN 95011",2022-12-12
286,Jennifer Parrish,turnerjeffrey@example.org,"24223 Lori Mountains East Hollyton, WV 95491",2024-01-31
287,Isabel Martinez,colleen58@example.com,"02469 Katrina Groves Apt. 612 Lake Paulton, MD 54704",2024-01-26
288,Mark Hunt,hopkinssydney@example.com,"00128 Sierra Gardens Apt. 488 Jamesmouth, IN 73479",2020-03-01
289,Lori Vazquez,carlos38@example.net,"9566 Garcia Flat Amandafurt, WI 97575",2020-10-24
290,Rebekah Scott,larsonjessica@example.com,"0180 Perez Plaza Suite 787 Jonesberg, MN 08823",2024-07-02
291,Emily Anderson,richardwatson@example.com,"830 Richard Dale Amandachester, AL 11405",2021-08-24
292,Eric Stephens,joseph68@example.org,"439 Lam Point South Davidtown, NC 15488",2022-01-07
293,Nicholas Mcdonald,richardsnicholas@example.org,"02297 Jennifer Isle North Micheal, AR 94228",2020-04-17
294,Kelly Porter,singhgloria@example.org,"71614 Derek Keys Suite 942 North Jaredbury, MP 45145",2021-11-29
295,Sandra Moore MD,spencer04@example.com,"469 Shawn Forge Apt. 777 Port Nancyview, ME 65154",2023-02-15
296,Holly Mckay,david26@example.org,"9917 Brown Prairie New Dawn, CA 92883",2020-06-23
297,Tara Moore,joseph73@example.com,"6454 White Glens Youngstad, ND 43457",2023-11-17
298,Stephen Moore,gina46@example.net,"43111 Williams Mountains Payneport, MP 44380",2020-01-27
299,Anna Ortiz,trevinonatasha@example.net,"47399 Mahoney Valleys Suite 295 Sandraburgh, IN 59239",2020-05-20
300,Colleen Beltran,carolyn63@example.com,"874 Martinez Crescent Suite 613 North Williamland, LA 85987",2024-05-05
301,Denise Weeks,ramirezjames@example.org,"PSC 7040, Box 4073 APO AP 29467",2023-09-28
302,Mathew Robinson,shawn44@example.com,"072 Fischer Row South Tiffany, VA 75908",2024-04-13
303,Travis Mosley Jr.,davenportderrick@example.net,"730 Karen Stravenue Apt. 559 West Vanessa, CO 95409",2021-08-07
304,John Waller,charles56@example.net,"652 Rickey Stream Kimberlyburgh, WY 99142",2020-07-12
305,Ashley Harris,johnnyjohnson@example.com,USS Hernandez FPO AE 63442,2023-08-12
306,Daniel Parks,graybrian@example.net,"8290 Bryan Passage Lake Joelshire, NE 38931",2020-08-27
307,Dustin Ramsey,wilkinskevin@example.org,"106 Figueroa Road Suite 332 South James, VI 60820",2024-05-31
308,Karen Rose,sarah27@example.com,"9755 Pamela Orchard Clarkfurt, WY 16482",2020-05-01
309,Stacey Branch,angela13@example.com,"148 Walker Fork Apt. 608 South Brendaton, LA 15329",2024-05-01
310,Brittany Rich,mcdowellmorgan@example.net,"39423 Friedman Ridge Suite 564 Rodriguezstad, CT 54418",2021-08-21
311,Sean Stewart,qhill@example.net,"9541 Desiree Roads Jessicaview, TN 23696",2023-12-13
312,Ashley Watts,montoyalaura@example.com,"PSC 1325, Box 0528 APO AA 76664",2021-08-04
313,Heather Marsh,edgartrevino@example.org,"32024 Miller Tunnel Apt. 187 Amandaville, NC 34797",2020-08-18
314,Christopher Washington,robertsjoseph@example.org,"5944 Paul Wall Suite 501 Bowenchester, AR 37568",2020-10-03
315,Laurie Williams DDS,daniel56@example.net,"96344 Tony Place Hunterton, WI 31902",2020-06-04
316,Bridget Wright,brittanywade@example.org,"91926 Rhonda Square North Maureen, NY 57461",2021-08-16
317,Frances Alvarado,mccoydaniel@example.org,"56539 Todd Cove Apt. 312 Coleton, OH 40636",2022-02-08
318,Stacey Miller,xfrancis@example.org,"4127 Linda Squares North Ronald, IL 50614",2020-01-20
319,Jessica White,edwardjimenez@example.org,"248 Sandra Lane Apt. 226 New Brentmouth, NC 12014",2023-03-15
320,Jacqueline Thornton,ashleymurphy@example.org,"0351 Karen Motorway Suite 729 East David, WY 18932",2023-05-03
321,Brian Taylor,burnsriley@example.org,"77422 Gomez Brook New Richardville, NM 49178",2022-10-20
322,Kim Carlson,paulconnor@example.net,"65062 Juan Port Suite 094 Kimberlyton, TX 04549",2024-08-28
323,Jessica Carr,victorweiss@example.org,"409 Amy Squares North Kathleenshire, MH 34189",2020-11-18
324,Michelle Leach,rcruz@example.net,"797 Mooney Ranch Suite 285 Angelicaside, HI 12142",2023-09-09
325,Katrina King,lisa08@example.net,"PSC 8435, Box 9388 APO AE 96086",2023-01-03
326,Anthony Nelson,ngrimes@example.org,"9398 Castro Road South Theresa, FM 84484",2022-08-20
327,Derek Reid,iandrews@example.org,"5515 Gabrielle Flat Port Tinaview, NV 12236",2022-06-02
328,Cody Kelly DDS,kiara92@example.com,"2792 Jennifer Vista Suite 038 Meyersview, WI 03265",2024-01-21
329,Jennifer Beck,cbaird@example.org,"6196 Kristine Rue New Andrew, FM 61196",2023-10-04
330,Katherine Smith,martinmichael@example.net,"PSC 2437, Box 1338 APO AE 52230",2021-05-24
331,Patricia Smith,tedwards@example.org,"31627 Derek Dam Apt. 526 East Craigmouth, DC 64318",2024-09-27
332,Joanna Anderson,teresa06@example.org,"9729 Jennifer Points East Danielle, WI 23973",2024-05-11
333,Shane Garza,pearsonallen@example.net,"7267 Erik Meadow Jeffreyside, AK 29004",2022-09-14
334,Jonathan Garcia,lloydjo@example.net,"85538 David Radial Russostad, SD 27329",2023-01-07
335,Christopher Torres,bwelch@example.com,"87404 White Hills New Kyleburgh, KS 77942",2020-08-03
336,Monica Ramirez,lisa53@example.com,Unit 1597 Box 2061 DPO AP 32013,2020-11-27
337,Vanessa Palmer,enewman@example.net,"812 Caitlin Square Port Linda, FL 23266",2022-07-12
338,Cole Roth,burgessmolly@example.net,"99722 Wise Cove Suite 804 West Johnmouth, AZ 52209",2022-05-05
339,Jerry Hale,lisasanford@example.com,"5747 Rachael Circle Apt. 068 Browningmouth, WA 26612",2024-01-04
340,Austin Armstrong,glovervalerie@example.com,"004 Isaac Viaduct Apt. 992 West Benjamin, ID 54683",2022-01-05
341,Justin Russo,roseamanda@example.net,"64187 Gonzalez River South Bethstad, DE 05177",2023-03-14
342,Meghan Houston,sherry33@example.net,Unit 7546 Box 9378 DPO AE 09267,2023-12-23
343,Jeffrey Archer,lowejoel@example.org,"420 Bethany Bridge Suite 053 West Lisa, NC 99326",2024-10-06
344,Tiffany Yates,amanda21@example.net,"0515 Nicole Gateway Suite 757 Richardport, FL 85607",2022-05-31
345,Whitney Stephens,jennifer19@example.org,"4058 Anthony Plains Suite 010 Sandersmouth, WY 73705",2021-05-02
346,Samantha Young,qcline@example.com,"648 Woodward Avenue Apt. 801 East Tiffanychester, ND 41971",2022-08-20
347,Dominic Park,leachterry@example.com,"3428 Bennett Drives Apt. 724 East Troyberg, NM 92943",2024-02-04
348,Madeline Miller,shelley33@example.com,"691 Daniel Manor North Pamelatown, MA 78318",2023-03-19
349,Brandon Todd,aduffy@example.net,"18718 Cohen Shoal East Matthew, OK 64856",2022-07-20
350,Cameron Martinez,samuelherrera@example.com,"6204 Cassandra Skyway Apt. 686 New Sarah, FM 05472",2023-07-29
351,Jacob Adams,robertoperry@example.com,"17383 Latoya Fort Port Sherrymouth, GA 74386",2024-01-15
352,Joshua White,edwincarey@example.net,"0012 Jacobs Trail Stephaniechester, TX 68399",2024-02-03
353,Kimberly Casey,emily45@example.org,"291 Shelia Well East Brendaland, WV 44670",2024-07-01
354,Mandy Myers,ijones@example.com,"507 Miller Wells Apt. 061 Port Mirandafurt, LA 68603",2022-02-24
355,Lisa Hudson,kevin01@example.com,"205 Pittman Viaduct East Teresa, IL 74157",2020-02-05
356,Lauren Howe,neallaurie@example.org,"649 Dana Centers Suite 717 Lynnbury, NC 86963",2022-04-01
357,Megan Chambers,millerselena@example.org,"1930 Brianna Centers Markmouth, AR 20888",2023-04-10
358,Jennifer Miller,millerkristin@example.com,"916 Crystal Ford Apt. 743 Francishaven, SD 15401",2024-01-09
359,George White,staceyedwards@example.org,"018 Daniels Divide Bowmanview, VI 13653",2021-06-04
360,Kelli Lucas,ortizchristopher@example.com,"PSC 9645, Box 8784 APO AE 76454",2023-12-10
361,Michael Walker,nhall@example.org,"9553 Green Mount Suite 329 New Alexis, HI 76179",2022-01-29
362,Julie Bond,davidmcdonald@example.org,"019 Gary Gardens Suite 616 North Dana, NJ 72827",2021-06-12
363,Jacqueline Myers,garciajudy@example.com,"875 Allen Gardens Apt. 346 Jennifermouth, DE 22543",2022-06-28
364,Darlene Lopez,ebaker@example.com,"36754 James Inlet East Kristin, WY 15718",2022-03-11
365,Arthur Arias,simpsonjamie@example.org,"8654 Antonio Island Suite 128 Mollychester, MH 79341",2023-07-05
366,Stephanie Sanchez,brendamarshall@example.com,"9199 Clark Extension Suite 515 Lake Jonathanberg, CA 67681",2020-08-31
367,Mary Wade,wheelerjames@example.com,"4080 David Court East Jessefort, MS 79773",2021-07-21
368,Jordan Phillips,fwalters@example.net,"92452 Steven Viaduct West Adam, PW 03600",2021-03-04
369,Cody Merritt,smithdavid@example.net,"089 Walker Manor Apt. 924 North Melissa, MH 90267",2023-04-02
370,Courtney Pratt,kbaker@example.com,"4508 Johnson Mountain South Jameschester, AR 16296",2022-06-22
371,Anna Baldwin,john24@example.net,"3712 Juan Overpass Suite 177 Nancyberg, PA 08563",2023-04-03
372,Michael Flores,crystalsteele@example.com,"90006 Palmer Canyon Torresberg, IL 13364",2023-04-27
373,Brian Little,sandradavis@example.net,"3828 Hayes Meadows West Michael, AR 02274",2020-09-28
374,Timothy Williams,marc27@example.org,"PSC 3446, Box 4501 APO AE 18214",2021-10-31
375,Larry Johnson,qmiller@example.com,"68441 Joshua Ranch Port Melissa, AL 31958",2023-03-14
376,Ryan Patterson,ncollins@example.org,"124 Blanchard Corners Donaldsonfort, PW 41319",2020-12-03
377,William Malone,amywilson@example.org,"322 Davis Fort Ingramhaven, MT 96005",2020-04-08
378,Jerry Cole,ubautista@example.org,"0749 Michael Mountain Suite 258 Jeremyborough, AK 57140",2021-04-13
379,David Martinez,jefferyreese@example.org,"89059 Melissa Crescent Apt. 015 Bradleybury, NH 14330",2023-02-28
380,Jessica Bryant,wanda98@example.net,"0757 Kirby Shores Oliverfort, CO 88593",2021-03-23
381,Abigail Walker,denisebailey@example.com,"5221 Glenn Knolls Stanleymouth, ND 48166",2021-11-23
382,Brittany Diaz,rickeybowers@example.org,"036 Perez Throughway Suite 580 Lesliemouth, MP 09968",2020-01-04
383,Kenneth Quinn,tkoch@example.org,"871 Amanda Forge Apt. 395 South Cindytown, ME 20911",2021-08-08
384,Renee Hamilton,bruce87@example.com,"388 Mary Plains Rogersville, CA 74649",2023-08-12
385,John Gallagher,shane41@example.net,"26633 James Street West Dustin, RI 23218",2020-03-13
386,Kristine Woods,aprilwagner@example.net,"86865 Long Highway Apt. 485 Madisonborough, WI 11616",2020-11-17
387,Joseph Hamilton,langkatie@example.org,"067 Lloyd Mission West Crystalton, LA 81383",2024-07-20
388,Nicholas Barker,smithjoseph@example.org,"80312 Carl Rapid Schwartzshire, KY 08500",2021-08-01
389,Valerie Gordon,portersierra@example.org,"398 Janice Mountain East Jasonberg, SD 63090",2021-10-25
390,Shelley Jones,maryhanson@example.org,"38132 Nicholas Views Apt. 736 Frankchester, OH 08000",2024-01-28
391,Thomas Wiley,lisabennett@example.com,"456 Abbott Island East Stevenberg, PA 85002",2021-05-23
392,Madison Hamilton,petersdavid@example.org,"046 Harris Flat Apt. 725 Wardchester, NE 28810",2020-10-16
393,Karen Burton,michelle98@example.org,"8635 Mcgee Creek Suite 768 North Loganview, KY 47025",2023-10-20
394,Ms. Pamela Adkins,tatejessica@example.net,"435 Douglas Pike Stephanietown, ME 66492",2020-06-27
395,Timothy Smith,ashley51@example.com,"84586 Sarah Camp Suite 591 Lake Monique, AS 81619",2022-04-01
396,Max Roberts,john17@example.com,"6935 Osborne Vista North Edwardshire, LA 56044",2021-09-05
397,Zachary Cunningham,newmandillon@example.net,"81108 Lisa Stravenue Apt. 343 East Heatherberg, AK 14369",2024-02-11
398,Timothy Ramirez,smithtina@example.com,"840 Garrett Brooks Garzabury, OR 15810",2022-08-06
399,Mrs. Jessica Owens,velezdaniel@example.org,USCGC Novak FPO AE 88034,2022-05-17
400,Paige Graves,james24@example.net,"101 Cheryl Loaf Suite 621 New Raymond, FM 67565",2020-10-30
401,Raymond Campbell DDS,jacob20@example.com,"01996 Jensen Point Port Mariafort, NM 12882",2021-06-07
402,Terry Mcdowell,chadpeterson@example.org,"9687 Cooper Tunnel Suite 473 West Linda, ND 25478",2023-05-05
403,Heather Green,charlesjackson@example.net,"76992 Moore Plaza East Bonnieview, KY 50233",2023-02-25
404,Tina Medina,john43@example.net,"PSC 4288, Box 5394 APO AA 61376",2021-11-10
405,David Hess,woodwardtara@example.org,"06563 Jocelyn Parks Apt. 202 Justinbury, GU 41107",2020-08-22
406,Gregory Benson,brianjohnson@example.org,USS Livingston FPO AE 12689,2020-03-09
407,Christina Lowe,rebecca13@example.org,"43230 Stevens Shoal Apt. 724 Port Stephen, NH 95821",2020-11-11
408,Steven Anderson,saralambert@example.org,"4459 Eric Square Jonathanton, SC 96464",2023-11-01
409,Gabrielle Lucas,matthew24@example.com,"90996 Krystal Locks Apt. 785 Lewisview, ID 68127",2023-12-31
410,Julie Stevens,obutler@example.net,"573 Randall Underpass New Shelly, SD 97305",2023-12-22
411,Lisa Young,rebecca83@example.com,"74065 Gonzales Circles Suite 298 Millsfurt, MN 07161",2021-03-20
412,Mark Diaz,williamroman@example.net,"553 Gonzalez Fords Mauriceton, VA 12567",2023-05-22
413,Shirley Flowers,busherin@example.com,"7575 Cabrera Village Suite 925 North Erinville, SC 35997",2022-05-23
414,Robert Fisher,gsosa@example.com,"451 Bryce Via Bennettville, CO 70754",2020-01-03
415,Tiffany Jordan,sara64@example.com,"89321 Danielle Island Port Tinafort, RI 96490",2021-07-02
416,Sandra Valdez,rushsherry@example.com,"7694 Catherine Oval Mollyshire, TX 14835",2022-03-31
417,David Payne,tfrederick@example.org,"23941 Michael Lake Webbfurt, MI 04106",2024-10-03
418,Maria Holmes,jstevens@example.com,"458 Silva Mission Port Ryanside, UT 81786",2020-05-28
419,Blake Boyd,okoch@example.org,"077 Michael Prairie South Krystalhaven, WI 43317",2020-03-24
420,Erika Medina,jamesallison@example.com,"38922 Sandy Trace Suite 059 West Brittany, PW 99046",2023-09-02
421,Kristopher Harris,edward17@example.net,"996 Lindsay Gardens Rileychester, MO 12809",2022-04-28
422,Ashley Mcmillan MD,ashley18@example.com,"89277 Watkins Ports Suite 487 New Brianaland, KS 33166",2024-07-23
423,Valerie Armstrong,williamspaul@example.com,"496 Gray Points West Markborough, PA 67062",2023-01-27
424,Kevin Nguyen,ffox@example.org,"9254 Robert Plain Apt. 033 East Chelsea, PA 54863",2020-08-07
425,Troy Duncan,anthony83@example.org,"9976 Susan Park Ramirezville, KY 77267",2024-02-20
426,Daniel Klein,lhall@example.org,"00312 Parker Dam Maciasport, ME 20111",2024-03-01
427,Julie Craig,dwiggins@example.net,"55738 Moreno Hill Apt. 586 Jonathanshire, MD 70967",2023-02-15
428,Jill Farmer,moorelinda@example.org,"40981 Harold Landing Apt. 764 Tylerchester, WV 65406",2024-01-25
429,Laura Friedman,perkinsamanda@example.com,"14479 Webb Burg South Christopherstad, SD 51025",2024-07-13
430,Michael Zamora,adrian22@example.net,Unit 8167 Box 5553 DPO AP 95118,2021-10-24
431,Ashley Dunn,longlaura@example.net,"7355 Martin Ranch Suite 163 Anthonyhaven, MN 77811",2024-06-19
432,Oscar Villanueva,mmyers@example.net,"22697 Schneider Junctions Kristiborough, LA 93135",2022-04-12
433,Tony Morrow,johnsonisaiah@example.org,"9711 Matthew Falls Apt. 788 New Nicoleborough, ID 08888",2024-04-12
434,Tonya Harper,cjacobs@example.net,"7051 Pamela Corners Suite 273 Watsonfort, ME 88920",2020-02-02
435,Rachael Gray,dwayne19@example.com,"1134 Stephens Forest Campbellmouth, MD 88483",2020-05-23
436,Jason Love,cduncan@example.org,"6247 Haynes Rest Suite 356 Jessemouth, MO 90128",2022-02-16
437,Thomas Cohen,tim91@example.net,"148 Frederick Brook Apt. 285 Phillipstad, PA 51084",2021-11-26
438,Anthony Downs,johnsonjennifer@example.com,"20734 Kennedy Ridges Suite 100 North Manuel, MI 78008",2022-05-03
439,Pedro Frank,joseph18@example.com,"73861 John Well Apt. 659 West Tylerborough, AZ 88752",2023-11-17
440,Kristy Preston,castrodaniel@example.com,"448 Allison Stream Apt. 820 South James, AR 55923",2022-05-25
441,Luis Price,esloan@example.net,"04110 Fischer Neck Carlachester, VT 90758",2020-05-27
442,Lindsay Mendoza,daniel11@example.net,"33833 Johnson Lake Suite 704 North Laura, SC 15698",2022-10-01
443,Joshua Johnson,elong@example.com,"18342 Salinas Locks Smithchester, MO 66787",2020-12-12
444,Jennifer Lee,ddiaz@example.net,"389 Joseph Courts East Victor, HI 33081",2023-12-05
445,Mary Oliver,william38@example.net,"2597 Smith Glens Suite 575 Port Breanna, GA 76409",2022-07-09
446,Matthew Long,katielewis@example.org,"67116 James Centers Apt. 879 North Megan, MH 68902",2022-05-11
447,Rebecca Duncan,thompsonalyssa@example.org,"PSC 0519, Box 2999 APO AA 88004",2020-12-09
448,Eric Stevens,vstrong@example.net,"007 Hurst Estates Suite 300 Navarrobury, MP 75640",2020-05-01
449,David Norton,tarnold@example.net,"62900 Jimmy Isle Apt. 239 South Suzanneberg, UT 46999",2021-09-05
450,Kenneth Jackson,latoya69@example.net,"1576 Atkins Mill Suite 870 New Kimberlyberg, AZ 65459",2020-11-14
451,Melissa Green,jeanettehunter@example.com,"737 Timothy Rapid West Stevenshire, MN 18219",2021-06-02
452,Mrs. Heather Williams,coreymartin@example.org,"549 Mitchell Course Davidmouth, NM 78641",2022-11-25
453,Johnathan Wheeler,jonesraymond@example.net,"033 Gregory Stream Apt. 618 New Amystad, DC 02858",2024-05-02
454,Michael Rodgers,ncook@example.com,"05271 Leslie Green Apt. 973 Williamsborough, RI 46569",2021-02-05
455,Zachary Grimes,gwilliamson@example.net,"7428 Jasmine Lakes Harveyland, FM 67821",2020-12-12
456,Kyle Martin,rodriguezevan@example.org,"87431 Jimenez Run Suite 616 Gutierrezshire, MP 14064",2022-09-28
457,Sarah Carpenter,drogers@example.net,Unit 6568 Box 8355 DPO AP 16266,2021-11-27
458,Sherry Miller,sonia66@example.net,"PSC 0903, Box 1552 APO AE 23233",2023-09-09
459,Mary Brock,steve46@example.net,"748 James Way Suite 065 North Eric, SC 86841",2022-11-23
460,Amanda Taylor,jessicaedwards@example.net,"789 Davis Parkways Meganport, MN 30643",2020-05-27
461,Larry Hopkins,bdixon@example.net,"48564 Grant Freeway Apt. 891 West Austinshire, LA 96343",2023-06-02
462,Charles Mcdonald,colleen28@example.com,Unit 0464 Box 4642 DPO AA 24005,2020-07-08
463,Phillip Flores,pjackson@example.com,"2797 Melissa Row Hansenland, AZ 21920",2020-10-23
464,Danielle Barry,rzimmerman@example.net,Unit 7707 Box 2692 DPO AA 47442,2024-04-21
465,Glenn Love,grandall@example.org,"PSC 0853, Box 6195 APO AE 68971",2020-05-05
466,Edward Holmes,mrichardson@example.org,"5750 Stephanie Cliff Lake Douglashaven, NE 06042",2021-12-25
467,David Williams,oprice@example.net,"525 Atkinson Trace New Amber, SC 40490",2024-06-18
468,Brian Fry,johnnyrangel@example.net,"74729 Cross Stream Apt. 814 Davidfort, TX 67986",2023-04-18
469,Norman Brown,jonesjennifer@example.net,"8096 Mcintosh Well Jillianview, CO 64875",2021-02-17
470,Michael Tyler,alexandercole@example.net,"793 Rodgers Dam Hammondborough, ID 64531",2022-10-11
471,Jacob Torres,perezmatthew@example.org,"59791 Garza Point Apt. 350 New Laurieland, MP 73677",2024-04-11
472,Lisa Crawford,sjacobson@example.com,"093 Michael Ports West Jaimechester, MS 01239",2022-03-05
473,Julia Thomas,rhernandez@example.com,"59920 Byrd Manor Lindaville, IN 09850",2020-03-03
474,Toni Simmons,barbara94@example.com,"8479 Lynch Flats Apt. 699 Craigchester, AS 91582",2022-02-12
475,Natalie Osborne,tonyagarcia@example.org,"6207 Emily Union Suite 270 South Carolyn, TX 04825",2021-12-16
476,Kelly Evans,lisawood@example.net,"6882 Martinez Ways Apt. 525 Franklinborough, LA 01245",2022-09-01
477,Keith Duke,loridunn@example.net,"985 Tammy Mount Suite 243 Tiffanyport, VA 15835",2022-01-01
478,Marilyn Burgess,stevenburnett@example.com,"3282 Megan Courts Apt. 071 East Stephanie, WA 24087",2023-03-12
479,Haley Bryant,jessicabates@example.net,"1261 Lee Spurs Apt. 020 Roseland, VA 10812",2024-06-12
480,Isaac Austin,jodywhite@example.org,"35985 Monica Summit Suite 797 Mooreburgh, PR 17271",2023-02-11
481,Mark White,zachary82@example.net,"9130 Tommy Plaza Suite 936 New Hannah, IN 77270",2021-02-06
482,Richard Hansen,jbutler@example.com,"376 Brown Crossroad Apt. 514 Carolynton, MO 44606",2021-04-27
483,Bonnie Blanchard,gatesbrittany@example.com,"411 Michaela Curve Lake Danielburgh, ID 09386",2021-11-07
484,Terry Dorsey,crystalfrost@example.net,"5607 Cooley Corner Port Brandy, ND 31836",2021-12-02
485,Ethan Hernandez,gblair@example.net,"5964 Clarke Fields Danielstad, LA 68667",2024-09-23
486,Wendy Flores,guerrerocharles@example.net,"637 Edwards Street Port Matthew, VI 73989",2021-08-23
487,Tamara Nelson,hilltamara@example.com,"31480 Dougherty Islands Prestonbury, ID 40736",2020-08-28
488,Nicholas Shaw,plucas@example.com,"3783 Susan Union Suite 207 Port Jamiefort, HI 34263",2021-01-03
489,Mary Green,jeremyhall@example.org,"1140 Sheri Lodge Lake Brandon, IA 78108",2023-06-11
490,Susan Hurley,lewislynn@example.net,"88512 Robert Ports Tanyatown, MI 85002",2022-12-01
491,Bradley Cruz,jacobherrera@example.net,"8203 Robyn Fork Suite 099 West Michellemouth, NV 87544",2020-06-19
492,Robert Green,gonzalezstacey@example.com,Unit 0945 Box 4101 DPO AA 72264,2020-06-17
493,Lisa Dunn,jamie31@example.org,"05009 Robert Highway Apt. 465 East Jamie, MT 47563",2023-01-27
494,Megan Nielsen,carterbrian@example.org,"189 Mark Turnpike Apt. 017 East Brian, PA 89389",2023-04-30
495,William Lester,alopez@example.net,"9616 Steven Valley East Jose, HI 17989",2022-10-07
496,Donald Scott,dan48@example.net,"510 Hodge Overpass Suite 384 Dawnhaven, WY 60884",2022-10-01
497,John Holder,kharris@example.com,"5884 Martin Dale Suite 938 Davidtown, SC 46600",2022-04-27
498,Amanda Luna,aprilpena@example.com,"3243 Stone Fort Suite 686 North Calvinton, OR 02155",2022-05-31
499,Angela Mcgee,rmorales@example.org,"4943 Harper Extension Apt. 623 East Mark, TN 00504",2021-05-12
500,Kristen Murphy,matthewtaylor@example.net,"1316 Thompson Crossing Perrymouth, WY 41934",2020-01-06
