id,name,email,address,date_joined
1,Suzanne George,ustone@example.com,"60366 Kyle Stream Apt. 697 Josephchester, NV 02904",2020-09-16
2,Lauren May,carol26@example.net,"69724 Roach Island Wheelerview, MS 01486",2024-04-27
3,Dr. Mary Moore MD,taylormoore@example.com,"2146 Snow Center Port Aliciafurt, ID 62805",2021-07-05
4,Tonya Wilson,kevinnunez@example.net,"103 Devon Green South Michael, SD 53783",2021-08-14
5,Jennifer Patel,hannahwilliams@example.com,Unit 6797 Box 6129 DPO AA 64319,2022-07-10
6,Sandra Barnes,xthomas@example.org,"6818 Jennifer Springs Apt. 966 Millsmouth, RI 85764",2022-04-19
7,Kristi Harper,davidsonjoel@example.org,"59086 Alexandria Inlet Garytown, SC 59207",2021-03-17
8,Maria Moody,chelseastrickland@example.org,"013 Christopher Key Suite 699 South Jacquelineville, AR 01577",2022-01-05
9,Austin Price,james42@example.org,"27584 Sutton Lights North Samuel, OK 51802",2021-06-06
10,Cindy Novak,emily24@example.net,"5517 Arnold Vista South Andrewburgh, AZ 97682",2022-09-07
11,Randy Thomas,kimberlypena@example.net,Unit 3624 Box 8746 DPO AA 67735,2024-06-09
12,Jeffery Hatfield,johnmartinez@example.org,"52239 Brandon Mall Suite 662 Gomeztown, CA 07571",2022-08-05
13,Joseph Clark,ofranklin@example.net,"183 Rios Trace Amyberg, OK 24027",2020-11-18
14,Matthew Rose,brewermatthew@example.org,"497 Julia Drive Suite 304 Port Susan, NE 60316",2021-11-23
15,Paula James,josephedwin@example.com,"768 Thomas Glens Apt. 844 Montoyatown, TN 13927",2020-01-11
16,Dr. Joseph Peters DVM,uellis@example.net,"064 Austin Mall Hartland, CO 94325",2021-08-09
17,Todd Garcia,lware@example.net,Unit 6913 Box 0044 DPO AE 71569,2021-06-22
18,Michelle Bell,qmorris@example.net,"2827 Kathy Branch West Kathleen, AK 39955",2022-03-19
19,Cassandra Garcia,ibarry@example.com,"930 Fox Stream Suite 843 New Michaelchester, TX 32835",2023-02-15
20,Leroy Thomas,julian51@example.org,"3369 Malone Heights Suite 893 Port Hectorberg, AZ 93590",2020-09-22
21,Mr. Jeffrey Smith,robertjones@example.org,"3061 Rebecca Extensions Suite 477 Port Michael, NC 74154",2024-08-24
22,Brandon Hunt,savannahwells@example.com,"039 Moore Streets Jamesland, NH 83851",2023-04-15
23,Joshua Thompson,reidjohn@example.net,"5942 Rogers Green Timothyton, MS 43563",2022-06-10
24,Nicole Moore,jimmy11@example.org,"0569 Stein Haven Silvabury, NM 76244",2020-09-24
25,Mark Mckenzie,schneiderjustin@example.net,"6914 Chelsey Prairie North Pamela, HI 12216",2023-12-28
26,Benjamin Brennan,john05@example.org,"4577 Hunter Knoll Lake Alexandra, MP 12682",2020-11-29
27,Crystal Garcia,ikennedy@example.org,"77505 Johnson Passage Apt. 649 Garciaville, MO 81845",2020-10-07
28,Kenneth Cameron,collinsleslie@example.org,"440 Harris Port Juanshire, MA 77755",2022-10-18
29,Michael Black,michael45@example.org,"881 Mark Bridge Suite 259 Kevinfort, FM 91871",2021-08-03
30,Lori Osborne,shawntaylor@example.net,"63136 Watkins Ports Vanessafurt, TX 13229",2022-01-24
31,Caleb Smith,chelseasingh@example.org,"PSC 7616, Box 1566 APO AP 93787",2021-02-27
32,Rodney Payne,nicolecastro@example.com,"853 Mark Mountains Port Matthew, MS 89958",2020-01-27
33,Anthony Ross,carriecarr@example.net,"63761 Burke Haven Samanthafurt, OR 04972",2021-03-12
34,Jessica Williams,spatton@example.org,"24181 Mason Summit Suite 289 South Kimberlytown, MO 08414",2020-02-03
35,Maria Smith,hrodriguez@example.com,"145 Sampson Overpass South Carmen, SC 00602",2021-01-01
36,Michael Lynch,elliszoe@example.com,"7968 Pamela Springs Suite 201 Webbside, MI 34140",2023-06-19
37,Krista Hunt,juan34@example.org,"97188 Katherine Extensions Apt. 180 Ramirezmouth, MD 57167",2020-07-15
38,Kathryn Gardner,zmorris@example.com,"4784 Thomas Station Suite 792 New Luis, VT 76231",2021-08-09
39,Joshua Gaines,lauriereynolds@example.org,"366 Allen Pike Turnermouth, PW 28921",2021-04-26
40,Eugene Campbell,jenniferwashington@example.org,"65433 Juarez Meadows Suite 371 West Brenda, AR 32912",2022-11-13
41,David Johnson,cjames@example.org,"96089 Jason Plains Suite 835 East Perryborough, RI 93529",2021-05-17
42,Jennifer Williams,alexandrabailey@example.org,"58953 Brandy Islands Suite 494 Barryport, OH 57087",2021-06-24
43,Joseph Wright,dana74@example.org,"48233 Sarah Wall Apt. 168 Donnaville, CT 66663",2021-03-26
44,Michael Pugh,montoyaelizabeth@example.com,"567 Jacqueline Drive Robertshire, RI 35977",2023-06-11
45,Keith Anderson,kbrown@example.com,"118 Smith Shoal Lake Jessica, PA 09522",2023-01-23
46,Renee Nguyen,hvalentine@example.com,"204 Shelly Drives Bradleychester, NM 62251",2024-04-08
47,Brandon Howard,maria97@example.com,"53777 Hernandez Plaza Apt. 877 Kimberlybury, GA 48852",2023-04-14
48,Elaine Hart,paul34@example.com,"301 Alexander Course Apt. 457 Marcusfort, ID 22856",2021-05-14
49,Nathaniel Morgan,ofletcher@example.com,"15201 Deborah Green Apt. 815 Wilkersonbury, MT 27137",2023-01-25
50,Christopher Thomas,ncosta@example.net,"189 David Lane Suite 725 East Micheleburgh, GU 87215",2020-10-01
51,Katherine Lawrence,njohnson@example.net,"3983 Matthew Mall Apt. 535 Robertchester, NJ 24051",2023-02-20
52,Anna Jacobson,gcopeland@example.net,"6960 Anthony Cape Suite 345 Hernandezchester, WI 92185",2020-05-28
53,Dr. Mark Schultz Jr.,elizabethsanders@example.com,"6036 Patton Lake Apt. 868 North Scottchester, ND 99524",2024-04-07
54,Mandy Johnson,raymacias@example.com,"495 Morton Union Apt. 206 Davidport, FM 11359",2022-08-20
55,Nathan Stevenson,sullivanchristopher@example.com,"200 Stout Brook Johnsonshire, LA 17159",2022-08-02
56,Debra Johnson,rbrown@example.com,"40320 Long Island West Nancyfurt, WI 05194",2020-03-18
57,Adrienne Williams,murphydaniel@example.com,"760 Myers Brook West Nathanielport, VA 06032",2021-07-21
58,James Powers,jimenezhaley@example.net,USS Wilson FPO AP 90342,2020-08-06
59,William Swanson,cchen@example.net,"305 Laura Dam Apt. 872 South Dianaville, MP 76780",2020-02-11
60,Samantha Shaw,bakerjulie@example.org,"22580 Wright Plaza New Tyler, KS 56260",2024-09-09
61,Eugene Richardson,clarkkelly@example.org,"3709 Paul Mountain Suite 751 East Williamland, MH 44198",2023-11-09
62,Heather Taylor,pamelasanchez@example.net,"02550 Jennifer Cliffs South Michael, WA 26084",2023-07-31
63,Kathy Mack,heather52@example.org,"28239 Alvarado Expressway Heatherbury, ME 75942",2022-07-07
64,Tina Miller,barkerheidi@example.net,"829 Smith Manor Apt. 784 Josephshire, MO 68095",2020-11-30
65,Chelsea Juarez,lkelly@example.org,"9084 Daniel Oval Jasonfurt, ID 94927",2021-09-30
66,Andrew Roberson,jcurtis@example.com,"246 Le Stravenue Suite 229 Port Andrea, MT 35137",2024-06-23
67,Ian Reynolds,brownjillian@example.com,"5718 Julia Mews Harrisfurt, MI 63403",2021-11-11
68,Victoria Taylor,davisrussell@example.com,Unit 8020 Box 9008 DPO AE 85312,2022-05-09
69,Bobby Anderson,jason41@example.org,"42764 Nicole Road Lake Robertfurt, LA 80894",2023-09-13
70,Robert Rogers,jonathan88@example.net,"16345 Huffman Common Apt. 042 South Lauren, MS 13925",2021-08-05
71,Jasmine Gomez,beverly01@example.com,"8388 Klein Branch Suite 674 Powellton, MI 87092",2023-03-26
72,Cathy Johnson,ortizhailey@example.com,"21841 Burns Trace Hallville, KY 53336",2021-07-31
73,Amy Lopez,webbbenjamin@example.com,USNS Farrell FPO AA 92801,2024-10-03
74,John Stephens,paulayala@example.com,"626 Robert Shores Hartmouth, PR 75629",2023-03-02
75,Victor Glenn,aguilardavid@example.com,"8731 Hannah Run East Jacobbury, OR 10120",2021-12-06
76,Wyatt Macias,morganwaters@example.org,"035 Austin Ports Suite 859 Rossburgh, AZ 53939",2021-05-20
77,Stephanie Gonzales,angela42@example.com,USCGC Young FPO AE 12303,2022-02-10
78,William Taylor,taylor77@example.org,"032 Christopher Knolls Lake Joel, PW 36903",2020-03-16
79,Jessica Galloway,patrick54@example.com,"128 Smith Lakes Suite 504 Stephanieburgh, TN 02093",2020-08-15
80,Sean Pena,ele@example.org,"18404 Smith Neck Campbellview, ND 70293",2024-10-07
81,James Chavez,kleinjill@example.net,"750 Kathryn Trail Montgomeryview, ND 44940",2022-07-08
82,Sarah Fernandez,ashley75@example.com,"1621 Leah Drive West Mary, AR 26966",2020-12-27
83,Cameron Peterson,rking@example.net,"14693 Meadows Heights Suite 371 Hartfort, CT 96023",2021-04-09
84,Mrs. Sharon Beltran,stanleymarks@example.com,"87871 Thomas Hills Lake Tyler, WV 43387",2020-09-23
85,Jessica Bright,denise59@example.com,"4935 Garrison Court Dylanshire, ID 05895",2021-11-16
86,Crystal Mitchell,anita16@example.org,"30562 Michelle Knoll Apt. 901 Jenkinshaven, TN 68594",2024-09-06
87,Cody Miller,bonddawn@example.com,"418 Schultz Courts South Joshuaside, WY 36047",2023-04-24
88,Gerald Mendoza,tonyagarcia@example.com,"99597 Santiago Crescent Fleminghaven, HI 69118",2021-05-22
89,Kimberly Guzman,anthonywillis@example.org,"720 Boyer Lock Mitchellport, NC 44188",2020-04-30
90,Megan Davis,irodriguez@example.net,"6752 Lopez Lodge New Brittanyfurt, MD 92306",2021-12-02
91,Heather Davis,murraydavid@example.com,"8870 Gonzalez Views Apt. 628 Jacquelineton, PA 67391",2022-05-04
92,Jonathan Woods,nnicholson@example.net,USNS Johnson FPO AP 27871,2023-02-04
93,Tyler Matthews,nwilliams@example.org,"1497 Wright Dale Apt. 534 Whitneybury, DE 89104",2021-02-15
94,Jennifer Wheeler,ellisluke@example.net,"1595 Mitchell Roads Suite 232 Geoffreyberg, WY 04491",2023-01-28
95,Ruben Espinoza,hughesjohnathan@example.net,"5007 Hughes Cliff Shaunside, AS 75947",2021-09-19
96,Kimberly Farmer,walkerdenise@example.org,"0533 Regina Village Suite 851 Livingstonside, NY 99371",2022-01-04
97,Timothy Taylor,qwalters@example.com,"657 Thomas Points Apt. 296 Jerrychester, CO 01838",2021-11-04
98,Holly Howell,charles81@example.net,"676 Patricia Mills Apt. 735 Ingramfurt, KY 43973",2020-12-13
99,Edward Banks MD,sgonzalez@example.org,"537 Young Mountain North Georgebury, AK 01570",2024-10-01
100,Kyle Buchanan,brownkevin@example.org,"1092 Cindy Courts Whiteview, AK 75499",2020-07-09
101,Brenda Harper,stephanie60@example.com,"751 Green Vista Apt. 557 Lake Kevin, NC 94295",2022-07-29
102,Gregory Torres,elarson@example.org,"61315 Stevens Islands Apt. 881 Howardburgh, MH 24690",2024-06-23
103,Sherry Guzman,gordonjustin@example.org,"766 Michelle Estates Cindystad, AL 77550",2022-09-17
104,Diana Davies,victoriaanderson@example.net,"2068 Jones Tunnel North Jenniferton, NH 00934",2021-03-04
105,Michael Wilson,arthur85@example.net,"10972 William Street West Bethany, VT 96445",2023-12-02
106,Michael Garcia,scottvalerie@example.org,"0221 Murphy Vista Hallhaven, MA 41970",2023-09-13
107,Larry Jones,leslie74@example.com,"03481 Johnson Viaduct Johnnyshire, MT 58946",2021-09-07
108,Daniel Ward,espinozarenee@example.net,"954 Obrien Mews Reneeport, AR 25869",2021-10-12
109,Brianna Bennett,brenda25@example.org,"225 Garcia Spring Suite 077 Lake Wendy, NV 84422",2024-02-14
110,William Wallace,wzimmerman@example.org,"73536 Henry Shoals Suite 397 North Paula, RI 40785",2020-06-15
111,Monica Henry,taylorhunter@example.com,"8583 Knox Burg New Heather, LA 65710",2021-05-04
112,Danielle Lowe,salinasantonio@example.net,"PSC 6548, Box 4205 APO AP 24713",2021-11-15
113,Jodi Barnett,michael89@example.net,"9238 Stafford Lock Davidton, SD 19497",2023-02-18
114,Brent Green,lammichael@example.org,"8180 Morris Junction Apt. 421 Tuckerstad, LA 88147",2021-08-06
115,Chloe Moore,lmendez@example.com,"208 Cisneros View Apt. 891 Curtisstad, MS 78606",2020-01-26
116,Samuel Mckay,williamsbobby@example.com,"0693 Fuentes Corners Apt. 696 Russostad, FL 91310",2020-12-24
117,Sean Gilbert,michael32@example.net,"7744 Durham Manors Apt. 593 Mirandamouth, MA 40580",2024-10-08
118,Christina Matthews,wjackson@example.org,"999 Nicholas Coves Apt. 652 Lake William, TX 92616",2021-10-07
119,William Johnson,vazquezholly@example.com,"321 King Lane North John, WI 11714",2020-09-25
120,Christopher Miller,dorislawson@example.org,"064 Sandra Turnpike Lake Jesse, IN 60869",2020-08-14
121,Elizabeth Sellers,hinesandrew@example.org,"42869 Rush Drives Apt. 214 Christinaton, WY 28756",2021-03-25
122,Amy Shah,matthew20@example.org,"2016 Tina Mission Suite 189 South Samanthabury, OK 62631",2023-12-07
123,Brian Noble,raymond34@example.com,"18068 Michelle Walks Keithberg, LA 20654",2020-11-20
124,Emily Walker,breed@example.net,"8726 Meagan Stream Suite 957 Davidtown, OK 82917",2024-02-10
125,Brian Parrish,fwu@example.org,"845 Brennan Stravenue Jenkinschester, SC 80240",2023-01-30
126,William Mays,kimberlysmith@example.net,"42811 Benjamin Ramp South Debra, PR 88516",2021-04-22
127,Ryan Ayala,gina73@example.org,Unit 5398 Box 3572 DPO AA 05251,2021-07-05
128,Tony Henry,gerald58@example.com,"8547 Gonzalez Wells Suite 200 South Stephanieside, DE 03372",2020-10-24
129,Joshua Mcgee,michael89@example.com,"462 Gary Freeway Suite 841 East Brendafurt, PA 23836",2023-02-18
130,James Smith,nicole27@example.org,"7660 Sims Mall Apt. 613 Port Andrew, ND 20168",2021-06-14
131,Gabriel Smith,anthony67@example.com,"985 Elizabeth Mills Apt. 020 Cruzmouth, AR 24227",2021-03-02
132,Andrew Green,waltersdonald@example.net,"35606 Hubbard Common Suite 176 New Michaelborough, FM 34526",2021-10-05
133,Scott Espinoza,sallygriffith@example.com,"7174 Kaitlyn Burg Suite 015 Russellmouth, PR 39018",2022-11-16
134,Matthew Cruz,robinsonjoel@example.com,"5680 Linda Shore Suite 325 West Adam, LA 80182",2022-01-23
135,Dr. Dustin Gutierrez,nathanielwilliams@example.net,"1602 Baker Lane West Nicole, FM 84984",2024-10-06
136,Adam Coleman,robertdavis@example.com,"2537 Cook Isle Heathershire, MP 08739",2020-02-19
137,Benjamin Wallace,benderandrew@example.net,"6933 Kimberly Wall Josephmouth, MA 90542",2022-03-05
138,Wanda Parker,samanthawalton@example.com,"425 Joyce Turnpike Apt. 822 Noahville, MH 49594",2020-02-18
139,Cheryl Lawrence,lisa19@example.org,"019 Bradley Summit Ramirezfort, MH 75966",2021-09-11
140,Joanna Ward,thomas95@example.net,"17333 April Wall East Patricia, LA 43849",2021-04-08
141,Vincent Lee,tprice@example.com,"7270 Ebony Trail Paulton, KY 14268",2024-01-10
142,Maurice Gonzalez,paige08@example.net,"1855 Jones Extensions Apt. 902 Lake Austinton, FL 22432",2020-06-25
143,Nicole Moore,kiara72@example.net,Unit 2263 Box 9456 DPO AE 55785,2024-09-04
144,Charles Wiley,mcole@example.org,USCGC Padilla FPO AA 50320,2024-09-17
145,Corey Miranda,erichaas@example.org,"41202 Richard Path Apt. 211 West Yolandabury, ND 33682",2023-03-06
146,Lisa Skinner DDS,lancerodriguez@example.com,"2558 Cheryl Village Judithton, CA 13394",2020-11-27
147,Andrew Jackson,hornjoanna@example.net,"40139 Lisa Spur North Frederick, GA 92392",2021-09-04
148,Danielle Farmer,markcummings@example.com,"315 Garcia Garden Suite 676 South Gregory, PA 27606",2020-07-02
149,Austin Wilson,robert46@example.org,"439 Evans Streets Gravestown, IA 82982",2022-08-23
150,Tara Scott,zphillips@example.org,"25983 Casey Field Campbelltown, WA 09141",2022-12-26
151,Dr. Clarence Hansen PhD,robertsonkenneth@example.net,"63834 Amy Fort South Connie, IA 29494",2020-04-02
152,John Banks,joshuahooper@example.com,"0054 Romero Key North Maxwellberg, IN 30353",2023-09-21
153,Erik Sanchez,raymond33@example.net,"52531 Cline Burgs Floresborough, NC 24795",2022-08-25
154,Stacy Morgan,danieljordan@example.net,"46375 Kimberly Pines Port Jesseberg, GU 07840",2023-10-18
155,Sean Gonzalez,krista50@example.net,"3237 Laura Forges Suite 021 Franklinside, FL 63314",2021-10-19
156,Chloe Berry,jasmine74@example.org,"60241 Luna Motorway Apt. 400 West James, ND 93723",2022-06-16
157,Emily Contreras,gardnerashley@example.net,"591 Martin Gardens Cantrellton, NC 47218",2024-08-30
158,Jay Harrison DVM,pevans@example.org,"946 Holly Court Apt. 110 Garzastad, KY 54615",2021-01-10
159,Julie Smith,ole@example.com,"03081 John Mews Apt. 301 New Vanessa, VT 01183",2020-03-02
160,Larry Taylor,ashley26@example.org,"5307 Edward Meadow Suite 302 Jamesview, AS 57074",2024-06-10
161,Johnny Peterson,jonathanmiranda@example.net,Unit 0938 Box 0015 DPO AP 71529,2023-09-03
162,Maria Johnson,fclark@example.com,"22021 Peter Rapid West Amandahaven, GA 67803",2023-08-28
163,Randall Smith,glenda16@example.org,"5529 Taylor Haven Arthurville, NJ 57670",2021-06-04
164,Rebecca Grimes,eric62@example.com,USNS Green FPO AP 56222,2023-02-18
165,Frank Pena,galvanchristina@example.net,"332 Hunter Views Victoriaton, VT 37498",2022-05-02
166,Raymond Vasquez,dawn66@example.org,"93398 Perez Mountains North Robertberg, OH 94840",2024-04-19
167,Belinda Johnson,nathan56@example.org,"55153 Robert Common Suite 964 Gonzalesmouth, CO 68077",2020-07-10
168,Jose Reid,annarodriguez@example.net,"798 Barker Keys Alexanderbury, PW 39954",2021-02-28
169,Justin Hampton,smithjohn@example.net,"2276 Dylan Well South Thomas, OR 09420",2023-09-05
170,Kelsey Rubio DDS,emilyhunter@example.net,Unit 0732 Box 6803 DPO AE 71916,2024-05-21
171,Jesse Smith,madams@example.org,"8619 Michael Gardens Apt. 666 Aaronview, ME 40455",2021-11-18
172,Laura Hutchinson,andrew23@example.org,"78639 Larry Courts Lake Ericton, LA 66563",2020-12-15
173,Jimmy Grant,lucaspamela@example.org,"396 Grimes Wells Suite 725 Brownview, WA 16332",2020-09-25
174,Amber Dudley MD,jason37@example.net,"991 Roberson Club Apt. 278 Gentrychester, VA 50753",2021-04-10
175,Kelly Harris,jvalencia@example.net,"322 Tina Landing Apt. 713 West Beth, MP 11947",2020-06-03
176,John Green,ocosta@example.org,"522 Andres Park Apt. 120 Zacharystad, VA 88986",2024-07-24
177,Michele Russell,masonhernandez@example.com,"78654 Ramirez Camp Suite 005 Powellport, CA 05277",2024-06-18
178,Wesley Hernandez,tammy91@example.net,"043 Anthony Village Suite 615 Harrisfort, DE 02641",2022-11-13
179,Harold Hayes,njimenez@example.com,"412 Garcia Views South Claudiafort, WY 77725",2021-05-27
180,Michael Stevens,uthomas@example.net,"516 Christopher Brook Georgeberg, CA 57383",2022-12-09
181,Melissa Sherman,ryanpittman@example.com,"60227 Floyd Spring Williammouth, FM 45170",2021-11-06
182,Joan Anderson,pclark@example.org,USCGC Nichols FPO AP 01591,2020-01-31
183,Amanda Vasquez,ian77@example.org,"79346 Kidd Green Monicaport, DE 94646",2022-10-20
184,Lisa Golden,qmartin@example.com,"74136 Hartman Pike East Mary, NH 07535",2022-12-01
185,Christopher Singh,littleallison@example.net,Unit 5310 Box 9667 DPO AA 67448,2024-04-27
186,Mrs. Shannon Cervantes,michael21@example.org,"91890 Rowe Throughway Apt. 902 West Barbara, NM 46926",2021-09-27
187,Kevin Carlson,jenniferhernandez@example.net,"30226 Mason Roads Suite 361 Lake Aaron, AZ 07883",2023-11-04
188,Alicia Williams,stevenriley@example.org,"3324 Moyer Plains Chenbury, OK 83242",2022-03-23
189,Kylie Foster,kathy05@example.org,"2355 David Point Apt. 758 Riveramouth, AS 41013",2024-02-08
190,Anita Alvarez,wflores@example.com,"0471 Leslie River Apt. 856 Angelaberg, KY 96714",2021-02-21
191,Ronnie Warren,phelpsvictoria@example.net,"35088 Thomas Locks Port Jared, KY 50584",2020-03-06
192,Beth Clark,phillipsbarry@example.org,"76069 Thomas Drive Apt. 498 Theresashire, IN 35190",2024-09-25
193,Jonathan Morris,rnelson@example.net,"53920 Cobb Parks Victorville, CT 69263",2021-06-04
194,Margaret Johnson,christina33@example.net,"PSC 0720, Box 3585 APO AP 46401",2021-09-07
195,Mr. Steven Jensen,elizabeth91@example.net,"6091 Emily Garden Dixonland, CT 02576",2021-05-08
196,David Wilson,pperry@example.com,"133 Rebecca Forest Tinafurt, NM 51948",2023-05-21
197,Matthew Campbell,wgallegos@example.org,"6545 Hernandez Isle Lindabury, MS 56999",2021-06-01
198,Natalie Harris,murphymiguel@example.com,"9056 Jill Shores Garciahaven, WY 62006",2021-04-15
199,Renee Wagner,hernandezchristopher@example.org,"05291 Munoz Fall Suite 180 New Nathan, SC 35211",2021-10-16
200,Yvonne Potts MD,pwhite@example.org,Unit 3754 Box 2739 DPO AA 88007,2023-01-26
201,Steven Randolph,swansonmatthew@example.com,"45684 Ann Track Philiptown, AL 71754",2023-08-29
202,Savannah Butler,kathleenshort@example.org,"284 Albert Haven Port Jonathan, NC 81755",2020-10-21
203,Christopher Kim,thomasweaver@example.com,"412 Horne Corners Casebury, GA 99248",2021-06-30
204,Deanna Tanner,cherylfischer@example.org,"529 Melissa Port Paulstad, OH 15888",2023-02-20
205,Joseph Blankenship,richard59@example.com,"636 Green Parks Suite 482 Rowechester, NM 84034",2021-11-08
206,Anthony Jimenez,kristin94@example.com,"021 Tamara Pass Apt. 923 Lake Brandon, DE 13017",2023-07-01
207,Robert Oliver,ngray@example.com,USNS Cruz FPO AA 14237,2021-10-11
208,Jaime Hobbs,ncohen@example.org,"70311 Brittany Islands Lake Brendaland, MT 54746",2023-10-08
209,Charles Gonzalez,brittany70@example.com,"089 Edward Greens Tonyville, NC 23390",2024-06-16
210,Megan Nguyen,jmorris@example.net,"3489 Cynthia Skyway Suite 249 Kingchester, KS 37244",2020-08-31
211,Shari Nichols,lynchsarah@example.com,"7503 Joshua Islands West Aaron, NV 59509",2023-06-23
212,Tiffany Wallace,holmesbrian@example.net,USS Butler FPO AA 53560,2020-09-01
213,Kenneth Hull,robert66@example.org,"34723 Nguyen Ford East Nancyburgh, WI 33822",2020-05-14
214,Melinda Rodriguez,willisconnie@example.net,"23299 Jeffrey Greens Apt. 407 Lake Jared, AK 36582",2021-07-25
215,Zachary Caldwell,lopezchristopher@example.com,"513 Joseph Trail Suite 507 Mcclurechester, RI 99770",2022-09-06
216,Jennifer Page,jacob42@example.com,"57163 Brandy Way East Stephanieview, FL 12357",2021-12-08
217,Brandon Taylor,debra55@example.net,"27667 Pacheco Islands Crystalchester, NJ 81456",2023-11-18
218,Jessica Morton,oliviajackson@example.net,"946 Moore Fork South Nathaniel, MO 75940",2020-07-08
219,Robert Johnson,fstevens@example.com,"PSC 5883, Box 9101 APO AE 39690",2023-10-31
220,Nicholas Harrington,jordan21@example.net,"944 Jason Forks Zacharyfurt, AS 04635",2023-12-02
221,Nicholas Thompson,thomas39@example.com,"45559 Alexandra Isle West Kellyfort, NY 41266",2022-08-11
222,Jennifer Ware,jasontrevino@example.com,"9554 Smith Center South Jamiemouth, TN 08802",2024-07-26
223,Gregory Jones,thill@example.net,"673 Anthony Knolls West Josephfurt, DE 91499",2024-09-05
224,Adam Tran,gravesdonald@example.net,"6458 Jason Passage Lake Andrewbury, WV 44288",2024-08-02
225,Dr. Miranda Evans DVM,gruiz@example.org,"799 Ponce Key Apt. 695 Port Melanie, FM 28032",2021-08-27
226,Crystal Lucas,alexandra24@example.com,"0315 Maria Green Rubentown, NY 65588",2020-03-02
227,Jacob Wilson,laurenhancock@example.org,USNS Miller FPO AE 67028,2022-11-05
228,Kenneth Wilson,grogers@example.com,"856 Acosta Ways New Yeseniaborough, AS 22220",2021-05-14
229,Brian Garcia,pcarrillo@example.org,"4056 Zachary Summit Apt. 487 South Dylan, MN 24433",2024-01-08
230,Stephanie Johnson,hhall@example.com,"59002 Patterson Burgs Trujilloburgh, TN 08739",2021-02-28
231,Samantha Rosales,nancyallen@example.net,"70916 Olson Heights Jacksonshire, MS 48972",2021-05-28
232,Lawrence Skinner,rebecca90@example.com,"2729 Phillips Spur Paulaberg, NM 32752",2023-10-28
233,Anita Butler,larsonnicole@example.com,"79824 Cody Squares Apt. 677 Kennethmouth, CO 18486",2021-01-15
234,Kelly Grant,nbaker@example.org,"703 Jimenez Way Port Jefferybury, MS 27289",2020-05-22
235,Patrick Clark,aaronhunt@example.org,"512 Sanchez Spur Suite 431 New Danielle, MH 11390",2022-03-13
236,Richard Young,smunoz@example.net,"89900 Rivera Wells Apt. 762 Johnnytown, VT 23098",2020-05-24
237,Paul Cox,aprilwilliams@example.net,"5409 Anthony Fork Robertburgh, KY 18179",2023-01-12
238,Colleen Brown,nhampton@example.org,Unit 2637 Box 0571 DPO AP 90180,2021-12-20
239,Diana Phillips,susan00@example.net,USNS Franco FPO AA 09193,2023-07-16
240,Paul Blackwell,samantha11@example.org,"467 Alvarado Valley Richchester, CT 12021",2020-01-01
241,Corey Nelson,patrickwilliams@example.net,"46851 Miranda Forges Suite 459 Kellystad, GU 96903",2021-03-30
242,Timothy Wright,howebarbara@example.net,"0800 Hampton Branch Jenniferchester, PA 65303",2022-01-14
243,Leonard Navarro,elizabeth39@example.net,USNS Sherman FPO AA 71547,2020-07-22
244,Angel Cunningham,kevin63@example.org,"85562 Vincent Knolls Williamsfort, CO 80910",2023-06-23
245,Ryan Massey,anthony17@example.com,"6618 Zachary Way West Ricky, AZ 10277",2020-02-20
246,Cheryl Vargas,elizabeth38@example.org,"0266 Phillips Court Apt. 041 Moralesview, VI 58090",2024-02-17
247,Tiffany Murphy,frank27@example.net,"01712 Bailey Pass Apt. 071 Lake Jackburgh, OR 36426",2021-01-18
248,Amy Smith,tyler06@example.com,"39182 Jonathan Branch Suite 224 Leehaven, NV 99339",2021-02-13
249,Allison Cox,carrlaura@example.net,"PSC 7751, Box 9282 APO AE 86357",2024-02-18
250,Anna Monroe,dakotatrevino@example.org,"76640 Alexander Stravenue Smithland, VI 65675",2021-05-15
251,Robert Rodriguez,hfrederick@example.com,"1480 Hernandez Estates Smithchester, NE 83229",2024-08-15
252,Troy Blanchard,jasonknapp@example.org,"57387 Lewis Trace Myersmouth, MH 84688",2024-03-22
253,Doris Ross,powerswendy@example.org,"80823 Dawn Viaduct Smithmouth, OH 48813",2021-07-30
254,Nicolas Baker,zmanning@example.org,"5002 Stanley Points South Joelville, AR 99917",2022-08-28
255,Jennifer Campbell,vrobinson@example.net,"00438 Lauren Villages Lake Dylanhaven, UT 34106",2020-07-02
256,Crystal Rogers DDS,pwilson@example.org,"37479 Johnson Knoll Suite 452 Johnstonbury, VT 43962",2024-05-22
257,Timothy Tucker,jennifermartinez@example.com,"352 Karen Brook Parksview, AS 56162",2023-08-19
258,Thomas Garcia,christinamiddleton@example.org,"607 Faulkner Shoal Suite 638 East Michael, UT 74340",2024-09-16
259,Jason Day,iellis@example.org,"4443 Mary Views North Daniel, KS 69685",2023-12-19
260,Shannon Pierce,ffowler@example.org,"88482 Collins Bypass Suite 389 Jessicaville, KS 27052",2023-03-28
261,Kristina Barajas,pdonovan@example.org,"101 Patricia Heights Apt. 081 Pittmanland, WY 28719",2022-01-24
262,Monica Lopez,robert87@example.net,"54409 Galvan Villages Apt. 462 Holdenville, AS 67946",2023-10-30
263,Kimberly Jenkins,brian08@example.com,"579 Gonzalez Unions Jacksonmouth, VI 14496",2024-06-05
264,Elizabeth Andersen,daniel29@example.net,"7009 Ronald Causeway North Katieville, GU 17335",2023-02-17
265,Tracy Davis,christina84@example.net,"064 Thomas Spur Suite 878 Normanland, AZ 18555",2020-08-04
266,Earl Wang,janicewashington@example.net,"85021 Anderson Port Suite 516 Elizabethfurt, FL 68571",2023-06-23
267,Adam Hood,william73@example.net,"3276 Amanda Path Jenniferland, WA 88824",2024-02-16
268,Aaron Thomas,crystalshannon@example.com,"586 Tyler Grove Suite 421 Williambury, KS 62196",2023-05-12
269,Miranda Jensen,tfrazier@example.org,"30401 Weaver Highway Apt. 215 East Nathanshire, WY 57396",2024-02-20
270,Annette Freeman,stacy33@example.org,"7920 Schneider Hills Amytown, NM 50781",2022-07-11
271,Joshua Cameron,michaelgregory@example.net,"PSC 4461, Box 0004 APO AE 51971",2024-07-25
272,Ian Richardson,wgibson@example.com,"8479 Michael Ville New Nicole, OR 43622",2020-06-26
273,Terri Robbins,novaksophia@example.net,"2558 Reynolds Knolls Cortezhaven, AL 50540",2021-01-20
274,Maria Marshall,camposbrian@example.org,"507 Maria Streets Apt. 664 Wyattshire, MH 70758",2020-12-22
275,Elizabeth Vazquez,michele18@example.org,"111 Neal Shore Apt. 413 Danielchester, CA 72853",2023-06-09
276,Rebecca Cook,nancy66@example.org,"726 Coleman Garden Palmerbury, VI 70009",2021-10-26
277,Cynthia Mitchell,brittanycombs@example.org,"744 Mason Square Apt. 885 Lake Patricia, OK 97832",2020-07-16
278,Jacob Hill,megantaylor@example.net,"71407 Brittany Heights Suite 271 Jamesshire, GA 10155",2023-05-28
279,Andre Gomez,tony54@example.com,"209 Howell Knoll Apt. 856 North April, MA 58205",2020-11-04
280,Rachel Henderson,brownjose@example.net,"0066 Jeffrey Rest Apt. 664 Port Seanshire, TX 67482",2023-10-19
281,Vickie Ferguson,jennifer95@example.org,"6990 Patrick Drive Apt. 358 Michaelfort, IN 36739",2023-03-22
282,Gregory Terry,salazarjames@example.net,"53280 James Underpass Suite 983 East Haley, CT 00683",2023-06-24
283,Daniel Stark,kristin78@example.com,"278 Perkins Lodge Boydshire, RI 44661",2022-11-07
284,Brian Gomez,kirsten82@example.com,"342 Stanley Villages East Larryberg, VT 62986",2023-11-22
285,John Brown,castillojeremy@example.org,"8396 Cruz Burg Apt. 731 West Kristinfurt, CO 14390",2024-07-13
286,Jared Rogers,austinjill@example.org,"482 Wright Trafficway East Angel, WY 54081",2021-06-21
287,Jason Carroll,phayes@example.org,"834 James Cove Suite 383 Mollyburgh, AR 26997",2023-03-30
288,Mr. Spencer Patterson,jodi11@example.org,"778 Ramirez Lodge Apt. 366 Jenniferborough, ND 25876",2023-10-15
289,Jesus Sanders,jessicascott@example.org,"373 Jerry Creek North Cynthiashire, TN 02057",2024-04-24
290,Alison Campbell,meghan42@example.net,"781 Jackson Loop Port Evelyn, MA 90793",2022-10-04
291,David Brown,andrewlane@example.org,"7742 Jason Mission Suite 000 Port Marcburgh, MT 49473",2024-01-23
292,Cindy Dawson,anne45@example.net,"7246 James Alley Contrerasland, NE 10180",2020-09-21
293,Maria Petersen,michaellowe@example.com,"303 Chavez Dale Adamsmouth, KY 76016",2024-05-12
294,Amber James,perryjames@example.org,"1272 Janice Ville Apt. 868 North Jamesville, MP 07095",2022-11-18
295,Darrell King,sancheztravis@example.com,"33227 William Cliffs Suite 878 Holmesberg, OK 56108",2024-03-26
296,Leonard Ruiz,melissa89@example.org,"645 Susan Wells Wrightberg, KS 32695",2021-09-09
297,Joshua Smith,mathewssamantha@example.net,"8795 Spencer Unions Ericamouth, IL 74132",2022-11-03
298,Roger Cherry,vramos@example.org,"1668 Moore Crescent Jasminemouth, KY 83288",2020-08-05
299,Jennifer Robinson,michaellawrence@example.com,"12311 Jones Corners New Gregoryberg, MD 72161",2024-04-19
300,Alan Ho,zmyers@example.org,"27926 Tommy Fall Suite 585 Millerside, NM 92538",2021-06-14
301,Thomas Jones,daniellori@example.org,"294 Emily Passage Apt. 794 North Alyssa, IN 46847",2022-11-06
302,Kevin Anderson,danielkim@example.com,"187 King Trail Lauriefurt, MH 51012",2022-09-15
303,Angel Torres,anitadawson@example.net,"73995 Timothy Greens Apt. 975 Port Michaelfurt, OR 74241",2024-06-08
304,Matthew Marshall,smithdaniel@example.org,"66013 Nicole Turnpike Christineton, HI 80111",2023-10-07
305,Tiffany Barnett,clarkchristopher@example.org,"2076 Burns Fall East Tina, AR 82685",2022-09-19
306,Shannon Conway,gainesamber@example.org,"15876 Kevin Mountain Apt. 502 West Steven, MT 20415",2024-02-05
307,Rachael Lowe,mross@example.org,"936 White Ports Apt. 477 West Codyfort, DC 50840",2022-06-19
308,Scott Nichols,smithwendy@example.net,"70715 Graham Bypass Apt. 596 Moorefurt, NY 90086",2023-01-22
309,Megan Hester,kellerdonald@example.net,"504 Underwood Mission Williamsmouth, PA 44094",2021-12-10
310,Deanna Sutton,andrew75@example.org,"2099 Christopher Land Hernandezport, SD 73478",2024-09-04
311,Matthew Vargas,dcollins@example.net,"3533 William Bypass Hoffmanton, MH 63133",2022-07-20
312,Chelsea Calderon,michael23@example.com,"345 Jessica Trail Meganfort, RI 16034",2023-05-15
313,Anthony Holland,pmarsh@example.net,"7949 Wells Meadows Apt. 356 Cisnerosside, DE 58802",2020-06-19
314,Walter Moore,greerevan@example.net,"41734 Christine Rapids Apt. 706 Paulashire, ND 04624",2020-07-14
315,Justin Gibson,nfowler@example.com,"221 Wilson Vista Lake Jacqueline, LA 20763",2022-03-12
316,Sylvia Hall,latoya49@example.com,"37057 Jones Inlet Suite 703 Bondville, FM 27038",2020-02-29
317,Amy Wong,brownkristen@example.net,"869 Rodriguez Stravenue Samanthahaven, NC 18044",2022-01-13
318,Matthew Morse,csoto@example.net,"27890 Daniel Pass Suite 486 Cervanteshaven, AR 96963",2022-09-29
319,Donna Rasmussen,josephnoble@example.com,"2650 Jessica Hill Suite 448 Jenniferborough, GU 27169",2020-11-12
320,Ashlee Smith,nhenderson@example.net,"8142 Lee Courts Kerrytown, AL 22820",2023-06-07
321,Ashley Kidd,michellehenderson@example.com,"54589 Carroll Forest Port Rebeccaland, CA 06826",2022-02-18
322,Kevin Nelson,stephaniesmith@example.com,"7564 Travis Valley Apt. 832 Websterview, NH 41084",2024-09-10
323,Valerie Rivera,bettyhernandez@example.net,"4803 Collins Way Tranton, LA 29398",2024-07-03
324,Nancy Miller,rcasey@example.net,"68068 Tyler Plains Suite 214 North William, OK 65453",2021-12-19
325,Luis Bradshaw,scoleman@example.com,"008 Thomas Burg West Sabrinaside, OK 93144",2022-08-25
326,Taylor Reyes,nicholasmayer@example.net,"10053 Powell Prairie East Georgechester, ID 98231",2020-02-01
327,Laura Wong,underwoodjoshua@example.net,"14172 Alexander Walks West Tonyaport, CO 76598",2024-09-07
328,James Newman,emily20@example.net,"037 Robert Locks Apt. 418 East Thomasmouth, GU 62104",2020-06-13
329,Scott Olson,uchoi@example.com,"3322 Shawn Squares Apt. 474 East Lisa, TX 12093",2024-05-25
330,Lauren Pierce,bradshawjoshua@example.org,"115 Hernandez Crest North Annefort, NM 69131",2023-05-22
331,Danielle Smith,william77@example.com,"622 Harris Squares Apt. 846 East Bethfort, WA 59112",2020-06-15
332,Brooke Martinez,dawsonjanet@example.com,"6739 Cruz Ville Suite 483 Mcdanielstad, WY 45879",2024-01-05
333,John Morgan,christinanash@example.org,"498 Jones Knoll Apt. 644 North Penny, AK 96261",2021-04-09
334,Paula Meyers MD,andrewharmon@example.org,"1172 Walker Unions Apt. 506 Meghanmouth, FL 56215",2023-07-22
335,Kimberly Wright,wdavis@example.net,"6536 Kari Loaf Apt. 935 Lake Mariashire, FL 25962",2022-01-02
336,Paula Bruce,smithkenneth@example.net,USS Williams FPO AA 65647,2024-10-07
337,Paige Smith,miguel59@example.com,"145 Charles Streets Petersonmouth, NE 48574",2024-06-16
338,Tyler Lindsey,jasonhancock@example.com,"1765 Serrano Ridges Apt. 680 Port Jasonfort, GU 62755",2021-11-07
339,Theresa Marshall,katherineknight@example.org,"308 Michael Views Hughesport, GU 01228",2023-06-10
340,Emily Ramirez,bethestrada@example.org,"90538 Williams Ridge New Shelley, GU 89053",2023-04-14
341,George Bradford,tiffany53@example.org,"92537 Adams Locks Apt. 670 Lake Johnny, NM 78690",2024-07-29
342,Tracy Erickson,jessicamurphy@example.com,"359 Jonathan Port Port Curtis, NV 14064",2023-03-16
343,Edgar Kirk,rhondahenderson@example.net,"841 Rodney Loop Port Michaelhaven, NC 21878",2020-06-22
344,Ashley Mckee,hyoung@example.org,"7507 Bill Summit Lake Jacquelineport, UT 45900",2023-07-19
345,Amy Wilson,perezian@example.net,"13724 Jason Cliff Apt. 523 South Sarah, WY 58084",2022-05-03
346,Daniel Morton,jamestiffany@example.net,"911 Schultz Ways Mitchellville, PR 88276",2023-10-23
347,Kim Sanchez,morganjames@example.com,"370 Marks Trail East Melissa, VI 34869",2023-03-12
348,Megan Woodard,samuelpage@example.com,"3296 Stacy Lake Suite 977 Mejiahaven, MA 23116",2021-02-16
349,Elizabeth Knight,stephaniegonzales@example.org,"19870 Delgado Ramp Suite 515 West Jesse, MT 26089",2020-07-24
350,Travis Carlson,harriscaleb@example.org,"0493 Payne Knoll Albertbury, VI 74970",2023-04-01
351,Darlene Williams,juarezterri@example.org,"33092 Stevens Mills Johnsonmouth, MA 67513",2020-01-17
352,Stephanie Paul,robert10@example.com,"4882 Cody Ports Suite 889 Gonzalezborough, MT 18041",2020-02-14
353,Diane Reilly,taylor03@example.com,"722 White Turnpike Port Tiffanyberg, RI 73871",2023-04-09
354,Tim Palmer,antoniocaldwell@example.net,"48705 Matthew Crescent Apt. 085 Blevinston, DE 67584",2023-03-04
355,Carrie Alexander,ricardomiller@example.com,"6466 Melissa Mountain Castromouth, NY 11217",2022-10-25
356,Crystal Myers,wrightjose@example.org,"319 Anderson Lane Apt. 059 West Trevorchester, ND 77588",2023-07-15
357,Wendy Baker,sarahgonzalez@example.com,USNV Burke FPO AP 14918,2024-06-21
358,Cassandra Hammond,harrellvictoria@example.org,"341 Barron Drives Lauraside, KS 60189",2021-03-19
359,Shirley Goodwin,kimberlyrichardson@example.net,"1181 Walsh Gardens Suite 168 East Amandahaven, MA 16313",2023-06-21
360,Joel Hayes,john77@example.com,"098 Reese Extensions East Tiffanyside, KS 91905",2020-05-02
361,Cheryl Johnson,dcarpenter@example.net,"4702 Mathis Island Lake Jasonhaven, ND 42937",2022-03-28
362,Andrew Williams,vasquezsheila@example.net,"98333 Jackson Extension South Christopherfurt, MS 60861",2023-06-02
363,Cindy Chen,smithamy@example.com,"5453 Tommy Harbors Apt. 149 New Juanberg, NY 18772",2023-12-19
364,Justin Ramos,ccompton@example.net,"96884 Thomas Falls Robertmouth, MP 67149",2021-11-28
365,Nicole Chambers,lisasimmons@example.org,USNS White FPO AE 98851,2024-09-20
366,Katherine Ward,stephanie28@example.org,"60580 Morton Harbor Penaborough, FM 65289",2022-05-23
367,Samantha Spence,nevans@example.net,"089 Spencer Ridge Apt. 440 South Angela, DC 94137",2023-05-27
368,Isaac Sherman,torresnicholas@example.com,"698 Christy Branch North Lisa, MS 41633",2022-03-23
369,Mary Griffith,paigejennings@example.com,"807 Bennett Union Suite 043 Thomasmouth, CT 53908",2022-10-02
370,Glen Banks,kkelly@example.org,"00713 Stewart Freeway Apt. 208 Erinhaven, NE 54181",2023-11-09
371,Sandra Black,melvin88@example.com,"5797 Melanie Mountains Apt. 367 New Charlesstad, RI 20509",2023-06-18
372,Jonathan Jackson,walkermark@example.net,"3133 Smith Shoal Suite 298 North Marcstad, PW 45211",2023-06-15
373,Patrick Collins,hollyallen@example.com,"23771 Marilyn Summit Williammouth, GA 43993",2023-02-28
374,Candice Robinson,patrick97@example.com,"164 Cory Trail Suite 304 West Taylorland, CO 29653",2020-06-08
375,Sherry Wong,rwatkins@example.com,"6606 James Ranch Tracyview, MS 57568",2022-01-09
376,Tiffany Shepard,lcarr@example.net,"21619 Hall Plains Apt. 694 North Michael, CO 66443",2021-05-14
377,Christopher Smith,murrayjessica@example.org,"073 Morrow Grove Port Gregoryburgh, CO 68848",2023-03-29
378,Rick Brown,longjessica@example.com,"56295 Esparza Cape Suite 086 Davidsonborough, KS 23542",2024-04-07
379,Kristina Lopez,vpeters@example.net,"920 Carla Ports Lake Davidville, NC 02242",2024-05-16
380,Albert Simmons,butlerwilliam@example.net,"33200 Brandy Shore Roymouth, RI 81771",2022-12-27
381,Holly Martinez,christine33@example.com,"4280 Justin Isle Apt. 651 Caseyshire, AL 26743",2023-09-20
382,Mark Lynch,hsmith@example.net,"48627 Bray Falls Suite 065 West Julie, VA 36492",2024-03-06
383,Stephen Hardin,williamlyons@example.net,"86241 Amanda Throughway Dennismouth, NC 64436",2021-11-26
384,Amanda Ferguson,brownkelly@example.net,USCGC Pham FPO AE 41903,2020-10-13
385,Julie Maxwell,hoganmargaret@example.org,"48931 Sarah Meadow Russellfurt, HI 15751",2022-02-08
386,Stacey Rogers,armstrongshane@example.com,"1819 Paul Manor Apt. 295 Daychester, AZ 68380",2023-05-28
387,Joseph Wilson,johnoliver@example.com,"PSC 7391, Box 4853 APO AE 22860",2021-05-22
388,Victoria Barnes,handerson@example.org,"473 Jimenez Plaza South Rebecca, FL 60895",2022-11-22
389,Chris Butler,lindsey42@example.net,"2310 Lisa Brooks Suite 265 North Sandraborough, CO 95382",2022-02-21
390,John Smith,ogonzalez@example.com,"6418 Sherry Points Apt. 907 North Jeffrey, MN 86643",2020-07-22
391,Kerry Wright,bethanydelgado@example.org,"5913 Richard Neck Peterhaven, FM 77790",2021-10-19
392,Ryan Johns,yjimenez@example.org,"448 Schneider Turnpike New Holly, NV 93819",2020-04-08
393,Jennifer Dennis,vincent56@example.net,"385 Cobb Throughway Suite 352 North Anthony, OK 10598",2020-06-10
394,Alexander Jackson,tsnyder@example.net,"92156 Elizabeth Row Lake Susantown, KY 09785",2023-04-03
395,Morgan Campos,williamsdaniel@example.org,"881 Cody Isle Suite 703 Port Amanda, HI 68898",2023-05-11
396,Stephen Hoover,sandraphillips@example.org,"0281 Elijah Estates Jayport, DE 75762",2023-09-15
397,Nicholas Rodriguez,csmith@example.com,"44996 Mcdonald Ports Suite 747 Smithside, WY 47815",2024-07-30
398,Colleen Davis,matthewgreen@example.net,"0368 Curtis Cape Peggyland, IN 72582",2021-11-04
399,Katelyn Fields,nroberts@example.com,"6289 Knight Island Ellenmouth, NM 62338",2022-05-16
400,Jason Smith,blackwellwendy@example.org,"076 Schwartz Glen Apt. 713 Leonardside, CO 05602",2021-01-30
401,Juan Garcia,brian42@example.net,"2089 Jordan Knoll New Melissa, MP 98593",2021-07-22
402,Nicholas Brock,kirstenmaxwell@example.org,"06025 Michael Mall Apt. 388 Bishopview, IA 38603",2024-05-10
403,David Smith,jamesglover@example.com,"0066 Vazquez Terrace Catherinehaven, NJ 05673",2024-06-27
404,Tammy Macias,jerrybright@example.net,"49686 Andrew Heights Apt. 050 South Adrianaview, ID 87908",2022-01-09
405,Lisa Dougherty,lbrewer@example.com,"90448 Denise Neck South Michaeltown, NE 94554",2023-01-06
406,Judy Taylor,michaelbentley@example.net,"44471 Amber Spring Apt. 053 Geraldview, MA 06440",2020-02-25
407,Calvin Martinez,angelatorres@example.com,"279 Jessica Views Apt. 246 Miketown, PW 84544",2021-07-31
408,Mary Booth,nathanerickson@example.com,"88886 Jacobs Garden South Jessicaside, TN 21284",2020-06-13
409,Ryan Price,steven55@example.org,"18869 Liu Pine Suite 830 Lake Josephburgh, DE 78581",2024-07-09
410,Michelle Perez,nixonphillip@example.net,"947 Bishop Pine Apt. 184 Lake Hectorville, NJ 06985",2021-05-01
411,Joshua Baker,alexis90@example.com,"6143 Stephanie Junctions Suite 415 South Johnville, WY 52678",2023-02-28
412,Ashley Simmons,blove@example.org,"0711 Natalie Fork New Ross, PA 83365",2022-06-18
413,Yolanda Jackson,jessicaoneill@example.com,"804 Nicole Key Hatfieldstad, PA 38956",2020-08-01
414,Gary Greene,amber82@example.com,Unit 8961 Box 7745 DPO AP 70400,2023-03-26
415,Rachael Kelley,gordonreyes@example.org,"85562 Tommy Overpass Apt. 812 Jesseshire, NV 46984",2020-07-17
416,Amanda Washington,karenrandolph@example.net,"555 Richard Drive Michaelborough, PA 74996",2022-06-20
417,David Sutton,wendy81@example.org,"9526 Jefferson Groves North Karenstad, NC 05217",2022-02-25
418,Ryan Rodriguez,mirandabenjamin@example.com,"4883 Camacho Views Suite 888 New Jenniferborough, LA 48484",2020-09-04
419,Erica Crawford,rosariobrian@example.com,"76310 Katelyn Passage Port Danny, NJ 89546",2024-06-09
420,Cynthia Love,faguirre@example.net,USS Keller FPO AP 70595,2024-05-27
421,Robert Davis,jessica87@example.org,"1243 Mcgee Knoll Josephburgh, ND 64809",2021-12-26
422,William Cross,williamjenkins@example.org,"18174 Glover Vista West Leslieshire, UT 01794",2024-06-03
423,Nicholas Hall,carolynwalsh@example.org,"6790 Ramos Alley Colemanside, ID 24511",2020-10-12
424,Nathaniel Martin,codyhopkins@example.org,"7809 Maria Vista Scotthaven, AZ 23371",2024-06-19
425,Michelle Walters,terrytonya@example.net,"8886 Barron Plains Suite 695 Markville, GU 32353",2021-08-04
426,Thomas Taylor,paulchavez@example.com,"6268 Ronald Dam Suite 755 Williamsport, OH 61369",2021-06-01
427,Tyler Atkins,sydneygraves@example.net,Unit 3900 Box 2608 DPO AP 63496,2020-02-06
428,Dr. John Lopez,rwade@example.com,Unit 0365 Box 7621 DPO AE 70060,2020-06-30
429,Amanda Lane,zacharyflores@example.org,"68843 Nicholas Shores West Jasonport, TN 63436",2021-08-22
430,Cheryl Mitchell,jasonevans@example.net,"9275 Kenneth Lock Suite 674 West Michael, PA 07075",2024-08-24
431,Susan Russell,christine56@example.com,"789 Michele Loop Suite 170 Lake Carolinefurt, SC 46778",2021-06-01
432,Meagan Mcdonald,garciataylor@example.org,"54604 Kelly Prairie Apt. 166 Rasmussenville, AZ 88389",2022-10-23
433,Anthony Burch,whitekatie@example.com,"504 Caleb Way Suite 237 Mitchellshire, OK 43810",2020-04-30
434,Michelle Fox,michaelalexander@example.com,"506 Martinez Drive Apt. 758 Kathrynborough, WA 78493",2023-06-24
435,Andrew Johnson,gbennett@example.org,"702 Katherine Trail Suite 893 Michelleland, RI 51726",2020-02-22
436,Hannah Simmons,barryandrea@example.com,"00126 Lane Square Suite 374 North Stephenview, DE 38829",2020-04-27
437,Nicole Bailey,padillajoseph@example.com,"89821 Heather Rapids Hubermouth, VI 34244",2023-08-02
438,Christopher Simon,bentleychristopher@example.com,"57328 Laura Rue Joneston, FL 58973",2020-02-03
439,Derek Holden,ryoung@example.net,"9770 Myers Common Suite 600 Velazquezfurt, MA 94596",2021-01-14
440,Stephen Mitchell,ernest76@example.org,"8145 Tanya Expressway Apt. 064 Lake Loriton, GU 32580",2020-02-22
441,Christopher Kemp,ashley79@example.org,"079 Bryant Burg Suite 933 East Kylie, NY 28315",2022-07-02
442,Heather Craig,brendamorgan@example.net,"194 Ellis Plaza South Savannahberg, DE 63708",2023-05-22
443,Maria Dominguez,tstevens@example.net,"527 Jordan Forks Lake Sarah, NE 35989",2024-03-16
444,Douglas Marshall,tsmall@example.net,"96219 Tyler Islands Suite 427 East David, NE 12533",2022-08-02
445,Elizabeth Martin,monica80@example.net,"0720 Daniel Groves Suite 357 East Karlfort, MO 71438",2020-01-19
446,Elizabeth Robinson,herreragina@example.com,"79460 Johnson Dale Justinfort, SC 76197",2023-09-01
447,Lisa Snow,zjones@example.com,"6930 Michael Bypass Port Sarah, OR 32120",2021-04-22
448,Joshua Wilson,mccallwilliam@example.com,"2663 Mendoza Haven South Sonyamouth, VA 81605",2024-02-28
449,Megan Moore,marymccoy@example.com,"3694 Gilbert Extensions Glennton, VT 06378",2022-08-09
450,Natalie Rodriguez,allenrobert@example.net,Unit 7424 Box 7759 DPO AE 86071,2022-03-05
451,Tiffany Avila,jeanettefisher@example.org,"66203 Lawson Court New Maxtown, NY 70464",2022-02-23
452,John Holt,wmiller@example.com,"15950 Bowman Lights Apt. 766 New Curtis, CT 82294",2020-07-17
453,Jennifer Grant,hannakevin@example.net,"949 Carey Haven Apt. 573 Bonnietown, SD 68154",2023-04-14
454,Diana Mason,sgreen@example.org,"682 Amanda Route North Jimmyport, MH 00648",2021-10-22
455,Victoria Long,pkim@example.com,"891 Jennifer Turnpike Torresside, CO 37414",2021-08-12
456,Jeffrey Gates,yreed@example.com,"4428 Joshua Wall Suite 864 Sarahmouth, VA 21295",2020-12-25
457,Brittany Anderson,zrivera@example.net,"988 Diana Pines Port Susan, NH 53411",2023-07-07
458,Alexander Lee,hsmith@example.org,"7658 Eric Coves Lake Roberto, NH 75016",2023-06-29
459,Stephanie Good,qmann@example.com,"44911 Gonzalez Keys Apt. 655 Hermanview, IA 47743",2021-05-05
460,Tyrone Bennett,sandrajones@example.net,"510 Nancy Islands South Steven, IN 20517",2021-08-04
461,Timothy Bonilla,johndougherty@example.org,"753 Hendricks Forks Apt. 052 New Nancy, MH 05695",2020-08-11
462,Brian Fletcher,danielsheather@example.net,"51957 Bryan Crest Suite 589 Gabrielleland, VI 54237",2024-06-11
463,Kelly Johnson,heatherpeters@example.com,"0561 Laura Parks Apt. 502 Richardtown, PW 61816",2020-12-25
464,Victoria Payne,hayley02@example.net,"910 Johns Mountains Suite 765 Walkerfurt, NM 27760",2024-04-11
465,Ashley Daugherty,kennethcarey@example.com,"2347 Brandon Station Apt. 613 Rebeccafurt, FL 16393",2024-06-15
466,John Parker,buckangela@example.com,"3898 Nathan Point Apt. 613 Port Kevin, MA 38329",2023-10-12
467,Nichole Young,klittle@example.org,"11149 Fred Union Suite 569 Dakotashire, AK 43956",2024-01-30
468,Charlotte Gonzalez,woodmonica@example.net,"873 Aaron Wells Suite 944 East Ashley, CO 12863",2024-05-17
469,John Anderson,ncarter@example.org,"307 Jeffrey Parkway Beckerberg, CO 15711",2024-03-06
470,Jeffrey Nichols,zlogan@example.net,"116 Bridges Squares Williamfort, CT 88250",2021-09-07
471,Brian Montoya,pdavis@example.org,"84845 Brown Course Apt. 641 Baileyport, MO 10103",2024-09-07
472,Maria Kim,gallagherdana@example.com,"736 Ronald Land East Jeremy, WI 48460",2020-01-06
473,Steven Adkins,stevensjames@example.com,"4776 Lee Common Lake Robert, MS 81507",2022-06-25
474,Kimberly Gregory,michaellewis@example.net,"63286 Kennedy Shoal Smithfurt, LA 11179",2022-09-03
475,Mario Mcneil,hunterthomas@example.org,"816 Meyers Land Apt. 467 Caseyfurt, FM 90663",2021-11-24
476,Mr. Aaron Randall,hdavis@example.com,"35826 Erin Fords West Paulhaven, FM 90797",2022-09-05
477,Jodi Medina,joshua54@example.net,"032 Smith Manors New Walter, SD 65048",2023-09-21
478,Riley Kidd,gentrybrian@example.org,"189 Mitchell Ports Suite 073 South Joshua, KS 89547",2022-05-01
479,Lori Johnson,omontgomery@example.org,"359 Barbara Forks Heatherside, ID 93274",2021-10-23
480,Brandon Acosta,diazcolleen@example.net,"960 Keith Port Apt. 362 East Michael, AL 44627",2024-09-21
481,Matthew Wood,carlsonstephanie@example.org,Unit 4022 Box 0655 DPO AE 71577,2023-06-22
482,Carla Roberts,kimberlycook@example.net,"7423 Ward Stream Lake Georgemouth, NV 56459",2021-08-14
483,Eric Davis,millerjesse@example.com,"18041 Laurie Plain Masseyfort, ME 27634",2021-06-13
484,Mia Diaz,maria72@example.com,Unit 5776 Box 4029 DPO AA 11807,2023-08-07
485,Nicholas Perez,smithkenneth@example.net,"060 Samuel Islands Suite 995 Angelaport, PR 20012",2022-10-19
486,Andrew Elliott,melissa91@example.net,"8940 Laurie Mission Apt. 593 Michaelport, PW 51679",2023-01-05
487,Thomas Wilson,jacobschristine@example.com,"6773 Horton Neck Suite 644 Julieview, MD 51944",2020-09-14
488,Michael Jackson,allisonwood@example.org,"8694 Charles Extensions Suite 681 New Tarachester, FM 02095",2020-10-21
489,Rebekah Williamson,mooremartin@example.org,"99438 Rosales Turnpike Foleychester, MD 87732",2020-08-11
490,Kristie Wiley,erin13@example.net,"65805 Taylor Centers North Cynthia, WA 55340",2022-12-01
491,Jay Delgado,paula05@example.org,"07326 Lawrence Shoal Christophertown, HI 31881",2024-09-18
492,Michael Velasquez,loweedward@example.org,"42915 Kristopher Village Suite 533 New Williamhaven, MS 17215",2020-10-25
493,John Hill,jonesronald@example.net,"75787 Kimberly Plains New Austin, CA 32587",2024-01-13
494,Thomas Baker,perezmelissa@example.org,"758 Reed Radial Apt. 404 New Carrieberg, DE 97974",2023-09-03
495,John House,dawncastro@example.com,"34645 Davis Camp Suite 659 East Kyle, AS 81071",2022-11-01
496,Jessica Williams,andrea73@example.net,"822 Johnson Ways Warnerville, VT 24341",2022-10-01
497,Thomas Levine,michaellawson@example.org,"9816 Ronald Estates West Jennifer, NY 58024",2024-08-20
498,Robert Allen,keithhurley@example.com,"71029 James Estates Apt. 223 Wintersville, SD 82484",2024-08-03
499,Chelsea Ray,tina89@example.com,"586 Rivera Harbors Apt. 390 Perezberg, SD 04215",2023-11-11
500,Joann Jones,ortegacarla@example.org,"4332 Anna Row North Caitlin, MD 96531",2021-05-27
