id,name,email,address,date_joined
1,Shaun Hampton,lauriehammond@example.net,"93228 Rogers Ports Jeffmouth, FM 88924",2021-08-29
2,Elaine Kent,perry43@example.org,"6971 Kenneth Passage Apt. 517 Evelynburgh, IA 32719",2020-06-29
3,Mrs. Sarah Hatfield,bdorsey@example.org,"954 Bryan Extensions East Erinhaven, WV 12713",2024-09-28
4,Isaiah Jones,rnash@example.com,"PSC 2413, Box 7048 APO AP 40325",2021-05-25
5,Shannon Elliott,jeffrey22@example.net,"0440 Joseph Ridge West Jeffreymouth, AS 14146",2023-07-31
6,Thomas Richards,codybutler@example.org,USNV Arroyo FPO AP 84410,2021-11-20
7,Thomas Walters,williamserin@example.org,"727 Christopher Common Suite 201 Munozmouth, ME 95438",2021-07-23
8,Mr. Allen Jenkins,ronaldanderson@example.net,Unit 2005 Box 9002 DPO AP 33201,2021-10-28
9,Brandon Ward,roy91@example.org,"4165 Elizabeth Creek Smithchester, NM 13810",2023-08-27
10,Stephanie Cook,michaelmora@example.org,"1130 Cruz Branch Danielview, DC 93480",2024-07-04
11,Amy Williams,tannercrane@example.org,"96090 Jennifer Walk Apt. 467 Scottside, WI 90842",2021-02-17
12,Ryan Campbell,samanthaherman@example.com,"878 Donna Track Apt. 699 Kleinfort, MT 44186",2023-10-05
13,Jennifer Vega,sandrarocha@example.net,"8381 Sylvia Trace Suite 927 Williamstad, AZ 61707",2022-07-26
14,Karen Ramos,cmejia@example.net,"748 Emily Forge North Mary, RI 36244",2022-05-30
15,Rachel Ingram,eric94@example.net,"0699 Daniel Glens Port Debramouth, RI 66013",2021-11-30
16,Michael Lewis,mreeves@example.com,"65652 Dunlap Terrace Apt. 420 Lake Michaelport, RI 13327",2021-10-11
17,David Baker,josewright@example.com,"437 Cody Plaza Suite 595 Johnathanmouth, AR 40579",2021-06-01
18,Zachary Nguyen,brittany77@example.org,"6288 Ortiz Forks Suite 216 Villanuevaburgh, ND 12112",2020-03-23
19,Frank Jones,david44@example.net,"58483 Jones Ridges East Kelly, MH 47972",2022-08-14
20,Leslie Moss,kaiserstacie@example.org,"2627 Cummings Loop Lake Daniel, PW 74966",2020-11-23
21,Timothy Bowen,dianafoster@example.org,"79496 Timothy Mission Apt. 739 Lake Marcia, AS 19785",2022-12-17
22,Hayden Phillips,hillwilliam@example.com,"578 Johnson Row New Albert, MH 18332",2022-05-06
23,Marissa Cummings,josewerner@example.net,"21973 Ryan Causeway Apt. 922 Port Monicachester, VT 52202",2020-06-11
24,Carrie Colon,zhernandez@example.org,USNS Perry FPO AE 12117,2023-07-30
25,Dustin Carlson,anthonybaker@example.org,"78496 Thomas Pines Masonburgh, MT 87376",2024-01-28
26,Kristina Cruz,carolynvalentine@example.com,"93753 Roman Locks Hartville, CA 99209",2024-06-14
27,John Gibson,matthewscraig@example.org,"91427 Avila Plains Apt. 260 South Kristinfurt, AZ 73571",2020-07-08
28,Sarah Hall,fhorton@example.org,Unit 7102 Box 2268 DPO AP 77897,2024-02-29
29,Shelley Edwards,jamesodonnell@example.org,"2949 Lamb Parkway Suite 036 Margaretport, CO 58390",2023-09-28
30,William Knox,lewisnicholas@example.net,"11011 Bryan Mountain Apt. 519 Watsonfurt, WY 11050",2020-04-05
31,Jennifer Crosby,rgillespie@example.com,"30247 Alexander Place Taylorshire, NV 58727",2021-03-03
32,Tiffany Mcbride,harriserika@example.org,"PSC 0429, Box 3256 APO AE 33648",2021-05-11
33,Jeremiah Ortiz,sarawilson@example.net,Unit 1912 Box 3411 DPO AA 35939,2022-11-16
34,Jacob Jenkins,qgarza@example.com,USNS Odonnell FPO AE 51793,2021-08-27
35,Luis Case,christopher93@example.com,"78811 Lutz Groves Suite 549 South Natalie, FM 80191",2024-04-23
36,Gregory Kerr,mariabell@example.org,"452 Fox Road Johnbury, IL 45102",2024-01-29
37,Colton Knight,uthompson@example.org,"891 Tabitha Ports Apt. 104 Toddmouth, MT 95444",2022-05-12
38,Anthony Woods,bethhamilton@example.net,"58730 Samantha Wall Suite 391 West Robert, MP 09978",2022-07-18
39,Nicole Lester,don69@example.org,"95985 Sue Valleys North Jessicastad, TN 63420",2020-11-17
40,John Woods,rogervalencia@example.com,"30238 Jonathan Square Apt. 261 Jacobtown, KY 44207",2020-10-24
41,Chloe George,toddsanchez@example.org,"6137 Williams Flat Suite 335 Williamsberg, IN 69747",2021-05-29
42,Paula Mitchell,bishopmichelle@example.org,"8378 Michael Roads Apt. 682 North Joe, GU 87536",2023-03-14
43,Larry Fitzpatrick,mary57@example.org,"81821 Andrew Pines Benjaminchester, OH 45988",2020-04-08
44,Debra Neal,paul79@example.net,"002 Ray Green Apt. 531 West Raymondbury, WA 77078",2022-04-27
45,Todd Landry,jeffreyyork@example.net,Unit 8759 Box 8587 DPO AE 14679,2023-12-28
46,Amy Mcmillan,joseph47@example.net,Unit 8931 Box 9675 DPO AE 88980,2020-04-02
47,Nicole Henry,darrenspence@example.org,"45147 Mack Port Suite 168 North Shelby, OK 20309",2020-02-11
48,David Meyers,jefferyarnold@example.com,"056 Miller Light Suite 849 Davidbury, MT 82051",2024-08-26
49,Beth Craig,debraharrison@example.net,"1752 Spencer Drives Lake Paultown, OR 68820",2023-12-15
50,Scott Wright,gabriel06@example.com,"60963 Vaughn Island Apt. 051 East Shelia, GA 06678",2022-03-22
51,Stacey Garza,brooke84@example.com,"2241 Gibbs Ramp Suite 803 Brittanyton, IL 55093",2024-09-01
52,Justin Moreno,stephen37@example.com,"6263 Rojas Drive Suite 182 South Aaronshire, SC 59227",2021-05-10
53,Gary Henderson,patrick60@example.org,USNS Sanchez FPO AA 37578,2023-10-04
54,Lisa Gomez,yrodriguez@example.com,"319 Dennis Drives West Virginia, GA 11969",2022-08-06
55,Scott Schultz,crawfordsusan@example.net,"81131 Christine Landing New Gene, MI 54936",2022-02-14
56,Robert Henry,emartin@example.com,"23044 Kane Fort Apt. 442 Garciachester, PW 20777",2023-05-19
57,Kelly Green,gallagherdavid@example.com,USCGC Henderson FPO AE 63880,2022-11-14
58,Scott Jones,christopher22@example.org,"8460 Amanda Island Suite 682 New Cathy, MP 04063",2024-02-04
59,Rhonda Allen,shunter@example.com,"71651 Bauer Springs Kyleberg, ND 48009",2020-10-31
60,Dawn Jimenez,barbaraallen@example.org,"294 April Valleys Apt. 341 Veronicatown, AK 45547",2023-03-03
61,James Wade,tward@example.org,"885 Paul Knoll North Kelly, NY 13849",2021-08-08
62,Bryce Webster,ngill@example.com,"740 Hampton Light South Kristine, AS 61462",2022-08-15
63,Stanley Davis,amy57@example.org,"6129 Hamilton Island Lake Corey, TX 05286",2023-03-05
64,Karina Noble,barry65@example.org,"455 Nicholas Village Suite 823 East Raymondmouth, AL 46854",2022-12-15
65,Rose Cox,reedcrystal@example.com,"89895 Miller Burg East Kimberlystad, AS 51965",2023-01-26
66,Melissa Clark,rodney23@example.org,Unit 9517 Box 1768 DPO AP 37304,2022-08-17
67,Stephanie Oneill,sarah22@example.net,"47808 Webb Hill Suite 180 Timothyfort, MP 42234",2020-08-04
68,Arthur Stephens,daniel10@example.org,"3915 Kevin Bridge Suite 976 New Deborah, GU 32503",2021-12-28
69,Jacqueline Knox,aibarra@example.net,"32135 Boyle Harbors Apt. 151 East James, GA 11871",2022-08-08
70,William Greene,gonzalezkeith@example.net,"063 Davis Heights Patrickborough, ND 57659",2022-03-12
71,Keith Dominguez,ellisbecky@example.net,"3138 Rodriguez Burg Apt. 481 Johnberg, WV 32584",2024-01-22
72,Ryan Grant,kathryn51@example.com,"4086 Randolph Center Westton, VT 36361",2020-06-04
73,Brittney Fuller,benjaminmoore@example.org,"26168 Kramer Grove Suite 380 Brownfort, CT 43100",2024-04-13
74,Ariel Warren,hayesbrian@example.net,"904 Thomas Vista East Melissa, SD 65400",2020-12-25
75,Kimberly Martinez,haley84@example.com,"25772 Burns Flat Suite 418 South Erikview, NV 14602",2023-05-25
76,Brandy Ward,rperez@example.org,"145 Gary Prairie Suite 212 Lake Pamelahaven, KY 16236",2022-02-04
77,Donna Brown,robertwhite@example.com,"3700 Christine Via Suite 589 East Chadshire, GU 46244",2023-09-10
78,Adrienne Wilson,qlee@example.com,"63001 Chen Ports Christopherland, MP 74405",2020-07-20
79,Larry Thomas,cainkyle@example.org,"7094 Galloway Light Suite 643 Ericside, MH 45419",2020-12-12
80,Casey Horton,michelle26@example.com,"45891 Brown Burgs New Robert, MN 35666",2022-11-18
81,Robert Smith,tammy36@example.net,"PSC 0446, Box 4982 APO AE 21217",2023-12-07
82,Peter Williams,kimluna@example.org,"696 Tammy Extension Suite 288 Carolberg, MT 34494",2021-10-21
83,Wesley Thompson,vvelasquez@example.net,"66650 Snyder Extensions Yangside, VI 82047",2023-09-07
84,Edwin Harrison,shermanjennifer@example.com,"846 Jones Plaza East Ethanmouth, WY 19951",2021-05-09
85,Lynn Parker,sanchezbrandon@example.net,"2070 Tran Throughway Josemouth, TN 90119",2024-06-09
86,Victor Harris,alyssa20@example.org,"25275 Andrew Parkways Apt. 541 Lake Hannahville, AS 54925",2021-09-06
87,Andrew Davidson,ilewis@example.org,"61156 Mills Lights Suite 928 Yorkstad, SC 02293",2021-06-22
88,Ashley Parker,phillipssarah@example.org,USNS Gilbert FPO AE 00739,2022-03-08
89,Linda Smith,rmcfarland@example.net,"78046 Lee Shoals Roberttown, FM 05880",2021-07-02
90,Tammy Sloan,ronaldknapp@example.org,"7459 Alejandro Courts Apt. 616 North Heathershire, NM 36920",2023-11-25
91,Jeffrey Walker,christopher32@example.net,"8219 Kristy Crest Suite 649 West Seanton, CT 74718",2024-09-15
92,Robert King,eric79@example.net,"38937 Jessica Field Suite 287 Bakerbury, IN 94010",2023-07-17
93,Charles Burton,adavis@example.org,"PSC 3333, Box 4524 APO AE 77874",2021-10-09
94,Benjamin Jackson,buckleyvanessa@example.com,"69159 William Village Apt. 713 West Brittanyport, AR 78618",2020-12-12
95,Brian Robertson,qwalker@example.com,USNS Mccoy FPO AP 40086,2022-02-22
96,Darrell Jordan,hunterbowman@example.org,"82355 Gutierrez Run Apt. 127 Lake Justin, OH 05701",2023-02-02
97,Chelsey Ferguson,ryan04@example.org,"05643 Jennifer Wells Suite 214 South Alexandramouth, OH 56240",2023-08-09
98,Kelly Kennedy,benjaminmichael@example.net,"2062 Katrina Pines Apt. 178 Lisatown, PW 70184",2021-03-22
99,Karen Peterson,scottmeredith@example.org,"933 Hawkins Rue Suite 201 Andrewville, HI 65989",2022-05-23
100,Donald Keller,beckypeterson@example.org,"10675 Harris Fords West Jeffrey, SD 50502",2023-05-09
101,Kelly Mcdowell,qhudson@example.net,"9397 Martinez Pike West Brandy, CA 59970",2023-10-17
102,Jose Carlson,vcase@example.org,USNS Pope FPO AP 14954,2024-01-01
103,Diana Munoz,joshua85@example.org,"00229 Pamela Groves Lake Raymond, FM 01980",2023-02-27
104,Francisco Ayala,briantucker@example.com,"4735 Miller Inlet Lake Jessica, MH 23190",2023-06-25
105,Wesley Johnson,allenchristopher@example.net,"576 Sandra Fall Apt. 502 Howardville, DE 22405",2024-03-29
106,David Velasquez,gabrielle13@example.net,"76780 Rodriguez Knoll Apt. 638 Theresastad, WV 17773",2024-08-05
107,Larry Duran,zharrison@example.com,"855 Harmon Greens North Danielfurt, OH 41972",2020-10-22
108,Jonathan Romero,normanlowe@example.org,"5110 Marquez Burg Apt. 829 Mccormickmouth, IL 01293",2021-03-02
109,Timothy Matthews,nfranklin@example.net,"9037 Emily Via Monicaburgh, UT 59578",2022-12-25
110,Tammy Greer,bradwoodard@example.net,"9782 Roger Causeway Apt. 451 Jillmouth, PW 70549",2024-10-07
111,John Smith,shaunreyes@example.net,"882 Ross Station South Lacey, DE 66684",2021-11-24
112,Jared Lee,ncollier@example.net,"186 Cunningham Common South Emily, CO 02799",2024-06-03
113,Christopher Carpenter,iwilson@example.com,"06018 Washington Lake North Alyssaborough, ME 04242",2020-11-16
114,Lisa Rivera,timothysaunders@example.com,"064 Kimberly Islands Lake Nina, ME 01069",2020-07-09
115,Eric Barnes,jacobsonernest@example.org,"8867 Cynthia Mill Guzmanhaven, KS 73001",2024-03-25
116,Frances Wheeler,brandiscott@example.com,"PSC 1697, Box 4381 APO AP 94001",2022-10-07
117,Kimberly Vega,vazquezlarry@example.net,"3199 Barron Bypass Angelamouth, WA 57821",2023-10-15
118,Andrea Mcclure,johnsonjames@example.org,"92755 Thompson Trace Apt. 990 Sextonborough, HI 70979",2020-07-01
119,Jessica Reeves,alex42@example.net,"30691 Jared Rue Suite 336 West Elizabeth, AZ 09296",2021-05-31
120,Richard Mejia,cjones@example.org,"0066 Travis Flat Armstrongberg, FM 97591",2020-05-21
121,Amanda Mccall,wellsmaria@example.net,"188 Stacey Motorway Suite 158 New Clayton, HI 91229",2023-09-23
122,David Jordan,ehayden@example.com,"4784 Mason Lane East Rose, MI 20691",2023-07-26
123,Tammy Ray,douglasrobertson@example.org,"436 Lindsay Field Apt. 308 Lake Roseport, NV 72939",2023-12-21
124,Anthony Robinson,douglaselizabeth@example.net,"75452 Robert Field Apt. 783 Jameschester, OK 92885",2022-10-13
125,Jennifer Parker,jay13@example.org,"526 Leonard Trafficway Apt. 222 Aguilarmouth, TX 45462",2023-02-12
126,Charles Barnes,wilsoncameron@example.com,"542 Cooke Shoals Apt. 389 New Jason, OH 98896",2024-05-03
127,Bob Chavez,christina23@example.org,"190 Daniel Heights Suite 686 Haleshire, FL 54442",2020-12-04
128,Crystal Martinez,garciarebecca@example.com,"46905 Zamora Crossing Johnsonmouth, ND 34208",2020-01-28
129,Melanie Fuentes,seansantiago@example.net,"5857 Lori Courts Suite 830 Johnsonborough, MN 85777",2022-12-15
130,Tony Stephens,gparks@example.com,"9550 Jesse Streets Apt. 825 Port Diamondside, NV 72839",2021-09-17
131,Paul Schmidt,guerreroashley@example.org,"07373 Maria Throughway Apt. 040 New Kimberlyborough, SD 82808",2024-02-23
132,Bianca Thomas,dana01@example.com,"6621 Jennifer Street New Nathaniel, PR 11926",2024-05-27
133,Mario Lee,pamanderson@example.com,"1376 James Forge Suite 392 Loribury, PA 11414",2022-10-21
134,Jason Harding,jessica81@example.com,"063 Jason Drive Gordonfort, NM 42672",2021-10-07
135,Christina Hansen,westpamela@example.org,"6715 John Square Andreatown, SD 06618",2021-12-06
136,Stephanie Soto,karen91@example.com,"05623 Cox Lake Johnsonview, AS 22555",2021-10-28
137,Christina Gonzalez,haley77@example.org,"44357 Gary Ferry West Dakotabury, OH 32803",2024-06-29
138,Cindy Davis,ezavala@example.net,"484 David Mission Apt. 490 East Heather, TN 82557",2023-08-27
139,Holly Ross,ncook@example.com,"790 Kevin Trail Sotoview, OH 53254",2024-01-13
140,Timothy Scott,johnfriedman@example.net,"83388 Brooke Cove Suite 246 New Davidchester, FM 24455",2020-01-07
141,Thomas Jackson,saundersveronica@example.com,"7818 Harper Trail Steveberg, ND 71242",2021-03-24
142,Melinda Riley,asmith@example.org,"03626 Thomas Glen Apt. 735 Millerville, IL 15375",2021-07-04
143,Eric Davis,devin27@example.com,"1548 Good Trace Oneillville, VI 61666",2021-09-08
144,Tara Davis,hernandezbrittany@example.com,"2581 Jonathan Circle Taylorborough, DE 07147",2023-02-17
145,Kristina Mitchell,jacquelineharrison@example.net,"87620 Lindsey Track Gregorychester, VT 51139",2024-09-26
146,Nicole Brown,dawsonpeter@example.com,"725 Cynthia Well Michaelberg, KY 16767",2022-05-23
147,Dominic Franco,njackson@example.org,"PSC 6970, Box 2756 APO AA 71498",2022-03-07
148,Laura Hahn,figueroagabriel@example.org,"2068 Young Haven Michaelberg, DC 13931",2023-12-23
149,David Stevens,gutierrezamanda@example.com,"1616 Alec Roads Apt. 435 Smithmouth, MS 47620",2022-04-26
150,Jonathan Moore,davischristopher@example.org,"85421 Evan Hill Apt. 292 Davismouth, UT 92251",2023-09-13
151,Laura Perez,rogerskara@example.com,"717 Christine Crescent East Selenaland, WY 53164",2022-03-30
152,Ashley Riddle PhD,rgreene@example.org,"40993 Eric Union Suite 057 South Christopherfurt, SC 26512",2020-01-25
153,Veronica Camacho,joycereed@example.com,"PSC 1179, Box 4877 APO AE 69936",2021-11-26
154,Melissa Stanley,swarren@example.org,"7276 Judy Trail Lyonstown, DE 22171",2023-06-27
155,Natalie Vargas,randerson@example.com,"44788 Laura Track East Amberbury, CT 35601",2023-07-29
156,Trevor Bentley,hscott@example.net,"55896 Donna Shoals North Tracyport, PW 82042",2024-02-21
157,Mary Carlson,jennifer82@example.org,"01979 Nicholas Mountains Taylortown, AL 34898",2021-10-26
158,Lucas Cook,nguyenzachary@example.org,"465 Garza Island Taylortown, IL 41262",2021-05-07
159,Rebecca Cortez,desireejames@example.net,"513 John Turnpike Suite 845 South Helen, IN 99539",2020-07-18
160,Rachel Miller,estradashane@example.com,"65156 Armstrong Orchard Apt. 415 Coreystad, PA 92761",2022-10-20
161,Julia Craig,amberbeasley@example.org,"819 Huffman Land Apt. 103 Evanston, FL 30697",2020-09-12
162,Brittany Meyers,evansmichael@example.com,"1931 Spencer Ford Port Paulton, OH 84828",2022-11-12
163,Kelly Joseph,alexanderrussell@example.net,"1173 Anita Locks Kathrynburgh, MS 47745",2023-01-09
164,Peter Orr,gallagherandre@example.org,"647 Clark Knolls South Benjaminside, WA 89678",2022-09-16
165,Steven Hawkins,hernandezmelissa@example.net,"9875 Timothy Falls Suite 475 South Taylor, IA 11123",2020-03-02
166,James Joseph MD,jessicawolf@example.org,"2613 John Fields Apt. 994 Sarahchester, AZ 48007",2020-10-07
167,Destiny Wilson,zhunt@example.com,"414 Jacob Crest East Robertshire, NV 22611",2021-11-21
168,Carlos Payne,fwhite@example.net,Unit 5294 Box 9064 DPO AA 36671,2024-02-07
169,Michael Dillon,jessica66@example.net,"477 Bryan Junction Suite 880 Mariastad, DC 34745",2024-06-26
170,Mr. David Rodriguez,holly55@example.net,"660 Andrew Orchard Apt. 535 Port Lindaside, SD 57840",2022-12-18
171,Robert Carrillo,joneskelly@example.com,"94942 Kayla Drive Suite 346 Jessicabury, CA 43254",2020-06-16
172,Lisa Collins,landryruben@example.net,"2006 Cook Village Apt. 509 West Donald, TX 39482",2021-12-19
173,John Harvey,jessicawilson@example.com,"75612 Bowman Underpass Petersonhaven, AS 20541",2020-08-08
174,Jeremy Hinton,gregory87@example.net,"341 Jerome Mission Apt. 741 Stephensmouth, ND 08703",2022-02-26
175,John James,vsmith@example.com,"017 Dixon Green Apt. 511 Lake Donaldview, ND 35023",2022-04-30
176,Jose Richardson,crystal85@example.net,"7601 Benjamin Extension Port Coryport, NH 48190",2023-03-29
177,Ryan Hicks,buckpam@example.org,"8559 Zachary Ridge Apt. 150 Lake Jeremyhaven, DC 54929",2024-07-12
178,Carl Reid,ninamueller@example.net,"20625 Edwards Unions South Vincentfort, TX 09981",2021-04-18
179,Billy Mcpherson,ftaylor@example.com,"8764 Stephenson Wall Suite 587 Lake Jeffrey, MI 04869",2023-01-20
180,Stephanie Fisher,hammondroger@example.com,"0918 Janet Rue North Erikafort, MD 55118",2023-06-16
181,Daniel Thompson,dominguezerin@example.org,"6730 Samantha Hollow Apt. 461 Stacyland, DE 61667",2022-08-24
182,Richard Wong,briantucker@example.net,"53652 Murray Route New Lorishire, MA 69584",2024-01-29
183,David Espinoza,ryankelly@example.net,"39206 Gilbert Rest Brandonhaven, RI 65079",2024-10-03
184,Tony Wyatt,geraldgarrett@example.net,"53991 Kristina Turnpike Apt. 231 Carsonside, PW 19558",2024-09-03
185,Daniel Jackson,fsantos@example.net,"49311 Jesus Spur Suite 904 Woodville, PR 38761",2023-08-01
186,Mark Obrien,jonathanmorales@example.com,"7738 Anita Manors Brownchester, AS 58261",2020-07-27
187,Veronica Robinson,deborahwebb@example.org,"3262 Dana Path Apt. 615 Barnettville, ID 13367",2023-11-10
188,Theodore Cabrera,bethany57@example.net,"770 Victor Drive Suite 271 Marshallfurt, VT 74479",2022-04-15
189,Amber Thompson,walkeryvonne@example.net,USNS Marshall FPO AA 15299,2020-12-12
190,Michelle Dorsey,donnagonzalez@example.net,"22742 Frank Grove Suite 909 New Franktown, UT 03956",2021-12-17
191,Mary Powell,juan44@example.com,"11249 Derrick Ports East Jodiland, MS 16135",2024-04-13
192,Gilbert Mayer,stacy74@example.net,"89240 Bradley Shoals Johnmouth, KS 75512",2021-04-20
193,Crystal Walsh,sherrywarren@example.com,"65951 Fitzgerald Summit Jeffreyport, PW 69772",2022-08-30
194,Aaron Hughes,robertstravis@example.org,"21589 Brewer Run Carlsonstad, MI 67981",2024-05-26
195,Julie Gomez,tammy30@example.org,"44087 Christian Streets Loriland, MS 63922",2020-05-01
196,Richard Davis,oflores@example.org,"57441 Garcia Fields Suite 104 Berryshire, SD 01500",2020-09-19
197,Justin Hall,frank63@example.com,"16939 Reyes Ridge Suite 408 Antonioland, NJ 37895",2024-07-14
198,Pamela Farrell,johnhernandez@example.net,"01217 Dunn Mountains Suite 292 Kevinfurt, NV 22490",2021-09-11
199,Allison Bell,michael77@example.net,"052 Leonard Land Josephport, VT 83410",2023-11-22
200,Patricia Griffin,devin52@example.com,"50433 Brandon Gateway Riveraview, PR 27890",2021-01-09
201,Gabriel Benitez,lisameyers@example.net,"23103 Patricia Streets Leahmouth, MN 11094",2020-02-23
202,Curtis Myers,hward@example.net,"48854 Ashley Stream Suite 263 South Katherineport, OK 39908",2023-04-22
203,William Faulkner,kathygray@example.org,"014 Velasquez Extension Reynoldsfort, MD 68244",2023-03-21
204,Michelle Lee,crystaljohnson@example.net,"092 Crosby Trafficway Apt. 159 North Jacobport, PR 58073",2021-03-07
205,April Miller,mccoychristopher@example.org,"27331 Raymond Pine Apt. 978 New Sabrina, NM 60294",2020-11-13
206,Andrea Stewart,gclark@example.net,Unit 3885 Box 6948 DPO AA 64755,2023-03-11
207,Carolyn Bishop,ubrown@example.org,"96675 Tracy Station Suite 576 Gloriastad, LA 78192",2023-01-09
208,David Santos,richard58@example.org,"8679 Sims Brooks Suite 705 Evansland, MO 59176",2021-01-11
209,Daniel Williams,michelle51@example.org,"8198 Torres Square Apt. 090 West James, OH 20706",2020-08-26
210,Jennifer Allen,melissahenderson@example.com,"5717 Patricia Way Jessicaport, LA 57256",2024-06-02
211,Melissa Hernandez,nancyshepard@example.org,USNS Dickerson FPO AP 34474,2024-02-29
212,Trevor Rojas,shanesmith@example.net,"21852 Johnson Lights Apt. 920 New Aprilborough, PW 69159",2022-06-08
213,Sean Rojas,swhite@example.com,"958 Edwards Islands Jameschester, SC 73015",2022-02-19
214,Nathan Carter,kimberlysavage@example.com,"09772 Robert Street Suite 058 Davidtown, ND 71463",2024-06-03
215,Brittany Mooney,christinaharvey@example.org,"3650 Williams Rest Justinmouth, PA 46483",2024-07-08
216,Elizabeth Rivera,richardsonpatrick@example.org,"13430 Tracy Mall Suite 398 Arthurstad, OR 43275",2024-10-07
217,Jeffrey Torres,nwilliams@example.com,"5878 Kristine Expressway Suite 891 East Joel, IA 40188",2023-09-24
218,James Williams Jr.,jennifertucker@example.net,"7217 Riley Run Apt. 079 Stevenmouth, TX 17370",2020-07-18
219,Pamela Ellis,karenmarquez@example.org,USNV White FPO AE 50861,2024-06-03
220,Michael Williamson,jmoreno@example.com,"32953 Fletcher Ridge Suite 388 New Lisa, NC 44708",2021-09-14
221,Linda Thomas,jacobsjoseph@example.net,USNS Cantu FPO AA 64989,2022-02-13
222,Donna Brooks,jennifermoon@example.com,"248 Crystal Loaf Apt. 824 Velazquezmouth, AS 52307",2022-02-18
223,Marc Blankenship,ryangarcia@example.net,"2623 Hicks Brooks Apt. 902 New Brendaport, TN 59827",2020-06-26
224,Nathaniel Vazquez,jeanetteperez@example.com,"31190 York Views Apt. 391 Randymouth, WA 85615",2024-07-01
225,Calvin Wise,sheilawalker@example.net,"372 Mccall Pass Apt. 927 Craigborough, OH 32642",2021-07-10
226,Douglas Sutton,cooperstacey@example.net,"05158 Cross Fort Kingberg, FM 99385",2021-11-18
227,Juan Gibson,ashlee39@example.com,"47574 Gutierrez Avenue Jeffreyburgh, NE 61913",2022-06-20
228,Daniel Fritz,tinamiller@example.org,"036 Mccoy Track Port Sarahstad, AK 01637",2021-10-05
229,James Hart,bennettjeffrey@example.org,"2203 Michelle Skyway North Melinda, PA 60822",2024-08-22
230,Denise Hill,murraykatelyn@example.org,"13326 Dickson Causeway Brucebury, NJ 66353",2022-12-11
231,Olivia Orr,riverapatricia@example.net,"6329 Jones Station Bowmanmouth, KY 29935",2023-12-04
232,Gerald Petty,michael87@example.org,"77680 Davis Forest Apt. 333 Lake Kyle, LA 02859",2022-04-08
233,Stacie Robinson,leah68@example.org,"7361 Crystal Alley Suite 799 Port Caitlinfurt, CO 55840",2021-06-13
234,Ricardo Delacruz,ldavidson@example.org,"8511 Sharon Shoal Lake Cody, OR 52305",2020-07-02
235,Amy Hernandez,emilystewart@example.org,"179 Brandon Neck Apt. 495 New Felicia, SD 31297",2022-04-29
236,Donald Harris,ndiaz@example.org,"27161 Johnson Islands Haleychester, CT 28267",2021-02-05
237,William Nguyen,kirsten47@example.com,"055 Heidi Extensions Thomasmouth, OH 16142",2021-04-15
238,John Frost,linda90@example.org,"14799 Carolyn Place Emmaberg, KY 65246",2021-02-27
239,Daniel Jones,heather04@example.com,"34766 Moore Trafficway Graybury, NM 10932",2023-07-13
240,Howard Davis,fisherkristi@example.com,"66019 Matthew Common Apt. 095 Grantville, PA 37567",2020-10-05
241,Erin Ponce,oconnoralexandra@example.org,USS Knapp FPO AA 62226,2021-04-14
242,Tyler Lee,qharper@example.net,"118 Reese Brook Suite 966 Marciachester, SC 81819",2024-08-08
243,Christine Trevino,marilyn13@example.com,"850 David Ways Apt. 164 North Suzanneton, WI 79261",2024-01-19
244,Denise Romero,meganwarren@example.com,USNV Anderson FPO AP 71476,2023-01-02
245,Amy Wright,richardsonjames@example.com,"550 Veronica Station Suite 371 Sototown, CO 43083",2023-03-28
246,Debra Webb,hendersonjames@example.org,"555 Anderson Stream Barnesmouth, NC 43384",2021-02-02
247,Brenda Murray,mathismatthew@example.com,"445 Knapp Bridge Garciaborough, DC 76122",2022-08-02
248,Claudia Maldonado,jenkinsjacob@example.com,"289 Monica Oval Suite 716 Martinberg, MI 88634",2021-09-14
249,Ellen Baker,adamdougherty@example.com,"825 Smith Land Apt. 840 Aaronchester, LA 69412",2020-07-22
250,Ralph Beasley,veronica21@example.com,USCGC Davis FPO AA 38434,2021-06-03
251,Mark Jackson,walter36@example.net,"2734 David Courts Fosterport, SC 28632",2021-06-18
252,Grace Bell DDS,christopher66@example.org,"726 Aaron Crossroad North Kyleburgh, NE 13384",2023-08-03
253,Brandon Fisher,christopherarellano@example.com,"774 Fletcher Falls Floresland, GA 55538",2023-11-03
254,Emily King,copelandwendy@example.com,"781 Stein Camp Apt. 247 New Jillmouth, OR 37067",2020-07-14
255,Paul Roth,katherinewalker@example.com,"558 Jeffrey Unions Apt. 170 Jasminechester, SC 26918",2024-09-22
256,Matthew Vasquez,tina63@example.net,"48733 Martinez Walks Apt. 716 Port Andrewhaven, IL 49044",2020-01-09
257,Margaret Logan,ymeyers@example.org,"4805 Cody Springs Apt. 753 Owensville, NV 05145",2022-04-20
258,Kevin Burnett,kim01@example.net,"0736 Estrada Ridges Pearsonbury, NH 85637",2022-06-10
259,Jacob Huang,raymondheather@example.org,"9799 Dawn Crescent Elizabethhaven, AZ 16660",2020-11-02
260,Heidi Alvarez,jessicawong@example.net,USCGC Haynes FPO AP 78769,2024-02-17
261,Joseph Morgan,maysjoseph@example.org,"71706 Tyler Harbor Stephanieburgh, MD 79419",2020-07-10
262,Elizabeth Chen,gbennett@example.org,"1149 Williams Stream Conniemouth, KS 58262",2022-01-21
263,Alexandria Walker,walkermicheal@example.net,"34530 Christopher Centers Apt. 368 New Brittany, MS 81538",2023-01-06
264,Jordan Williams,delgadonancy@example.net,USS Mora FPO AP 20328,2023-01-28
265,Crystal Salazar,thomaslindsey@example.org,"932 Rachel Skyway West Seth, AL 61808",2020-06-20
266,Matthew Farrell,james04@example.com,"7411 Clifford Crossroad Cindyfurt, PW 38760",2021-12-16
267,Brittany Payne,cynthiabaker@example.org,"19267 Ross Canyon East Jeffery, ID 75779",2021-01-25
268,Michael Flores,crystal19@example.net,"15433 Morris Haven Suite 054 West Curtis, NC 69701",2020-07-23
269,William Brown,guy65@example.net,"7258 Mary Mission Suite 882 Port Dana, PR 63663",2023-09-18
270,Erin Hernandez,susan02@example.com,"56160 Elizabeth Plaza Apt. 317 South Timothyville, WI 10753",2020-01-06
271,Kimberly Burke,destiny73@example.org,"244 Montoya Falls East Lauraville, KY 76896",2021-06-17
272,Gina Jones,madison59@example.net,"049 Rebekah Walk Suite 912 Lake John, IL 05715",2023-03-14
273,Wendy Grant,pamela44@example.net,"358 Anthony Squares Suite 998 West Wendy, KS 94069",2020-11-11
274,Carlos Huynh,sethharrington@example.net,"108 Webb Viaduct Suite 809 Matthewmouth, ID 66893",2022-04-11
275,Nancy Watts,alexis34@example.net,"14017 Carmen Ports Juliefort, NH 59024",2022-04-09
276,Anthony Larsen,madeline06@example.com,"4728 Julie Ford Apt. 249 New Robert, TN 26160",2020-04-14
277,Bradley Benson,ovaughan@example.com,"8124 Crystal Villages Apt. 256 West Yolanda, MT 24400",2020-06-09
278,James Tyler,thompsonrachel@example.com,"1349 Kenneth Meadow Suite 044 New John, AZ 98126",2020-02-17
279,Brianna Ramsey,juarezstephanie@example.net,"5705 Esparza Rue Richardton, NV 35719",2021-04-19
280,Joshua Stewart,james90@example.net,"012 Brooke Valley New Joshua, WV 42215",2024-01-17
281,Clayton Oconnor,meyergregory@example.net,Unit 2227 Box 4642 DPO AE 64351,2023-12-27
282,Samantha Saunders,jessicamueller@example.net,"45710 Barton Roads Suite 405 New Tiffanyhaven, AR 65997",2020-09-04
283,Anthony Weaver,mary02@example.com,"059 Kathleen Motorway Suite 590 East Wayne, MA 49434",2023-01-14
284,Danny Miller,nathanielwilliams@example.net,"783 Michael Cove Apt. 441 Port Angelicaburgh, ID 81286",2022-07-01
285,Jason Wells,michael85@example.org,"47994 Carter Trail North Jeanneville, NH 85377",2024-04-19
286,Deanna Rhodes,ramosalicia@example.com,"943 Michelle Run Suite 184 Gibsonhaven, RI 03594",2024-04-01
287,Lisa Jenkins,thomashall@example.org,"206 Ramirez Square Suite 790 Grayfurt, OR 45365",2020-12-13
288,Christopher Young,hawkinsdaniel@example.com,"45126 Ryan Canyon Lake Amandaport, CO 56048",2023-01-15
289,Lisa Mendoza,jeffrey34@example.com,"4468 Morris Locks Suite 361 North Robin, ME 11658",2021-06-26
290,Larry Sanders,whitedoris@example.org,"440 Burke Curve Apt. 696 Pughburgh, MA 75243",2020-01-13
291,Amanda Robinson,williamseddie@example.org,"06514 May Groves Andersenside, KS 01515",2022-06-07
292,Robert Chen,griffithruben@example.com,"77862 Alexandra Park Jenniferchester, CT 49879",2020-03-05
293,Belinda Gomez,xpadilla@example.net,"371 Barry Trail Suite 635 Caldwellshire, DE 58355",2022-08-18
294,Pamela Gonzales,peggyparker@example.com,"3084 Jones Turnpike Wilsonstad, GA 40103",2023-12-08
295,Julian Fox,richard52@example.net,"3848 Johnson Drives East Alexis, MT 37123",2021-09-20
296,Amanda Shields,kathleenleblanc@example.org,"07113 Robinson Village Frostton, VA 73286",2024-03-26
297,Sylvia Davis,johnsrobert@example.org,"302 Deborah Lodge Griffithmouth, AL 01297",2020-11-21
298,Brandon Hill,dustincantrell@example.net,"9103 Elizabeth Manors Apt. 423 South Amanda, AK 58123",2020-12-10
299,Luis Ortega,grimesgeorge@example.net,"783 Robinson Stream Apt. 856 Port Emily, WI 92085",2020-07-12
300,Jeremy Harvey,robinsondavid@example.net,USS Hernandez FPO AE 71367,2022-04-18
301,Whitney Brooks,powersnicholas@example.org,"3588 Mark Springs Port Georgeside, IL 78391",2023-12-16
302,Mr. Anthony Lee,hstewart@example.com,"2448 Padilla Trafficway Suite 837 Mariafort, MO 03390",2023-06-04
303,Julia Moss,nparsons@example.com,"21380 Clifford Roads Apt. 221 Jonesshire, AZ 36052",2021-06-17
304,Kathy Morgan,amanda64@example.com,"4224 Robert Point Apt. 143 Jamesborough, WI 64099",2022-05-26
305,Amy Hanna,gordonwilson@example.com,"39560 Estrada Ridge Apt. 649 Johnmouth, ND 18239",2023-04-08
306,Ashley Tran,rbrown@example.org,"1484 Campbell Throughway Webermouth, KY 54079",2020-08-05
307,Rachel Bauer,vchapman@example.org,"6690 Alex Prairie Yutown, PR 09476",2024-05-03
308,Eric Rivera,kristenblack@example.com,USNV Alvarez FPO AA 16583,2020-08-08
309,Dakota Romero,vrobinson@example.com,"PSC 2054, Box 4608 APO AA 83881",2023-01-08
310,Tammy Patrick,thomasjennifer@example.net,"26934 Roy Radial West Scott, LA 47138",2023-03-09
311,Kathleen Davis,coryleonard@example.net,"45718 Leon Burg South Craigville, GU 21307",2020-07-08
312,Maureen Huang,fernandezbruce@example.net,"985 Hudson Viaduct Ramirezburgh, MH 35300",2020-04-08
313,Jacqueline Davis,christinerodriguez@example.net,"4881 Nicole Manor Stephensport, RI 47733",2024-02-02
314,Brian Medina,dyoder@example.com,"0912 Christy Groves Marialand, MA 78545",2023-06-17
315,Thomas Kelley,marshalljenna@example.com,"261 Hernandez Brook Suite 279 North Williamville, SC 71254",2023-05-04
316,Robert Hammond,sjohnson@example.net,"4518 Jones Pine Apt. 370 Martinside, IN 94068",2022-07-29
317,Kimberly Woods,cynthia98@example.net,"78674 Jenkins Ridge Apt. 425 Reesemouth, DE 35843",2020-11-17
318,Eric Farmer,vferrell@example.com,"9031 Briggs Street Nelsonfort, VT 49244",2023-09-18
319,Erin Flores,humphreymichael@example.com,"3108 Matthew Drive Suite 758 Kennethborough, NM 72469",2022-02-01
320,Scott Grant,jenniferjackson@example.com,"682 Michael Causeway Susanberg, PW 82361",2024-02-08
321,Ruth Velazquez,danaross@example.org,"9054 Ferguson Track Marissatown, NV 84952",2022-02-26
322,Steven Torres,janicejones@example.org,"916 Brittany Spur Port Megan, UT 02902",2022-08-09
323,Megan Gomez,aharrell@example.org,"024 Elizabeth Lakes Suite 671 Figueroamouth, KY 42702",2020-12-28
324,Samantha Guzman,justinmills@example.com,"01279 Carter Gateway Apt. 029 Port Tyler, SD 83489",2023-05-14
325,Penny Gonzalez,annalozano@example.com,"9068 Sean Bridge Kimberlyshire, UT 55399",2020-07-24
326,Brian Scott,wgoodman@example.com,"91545 Castillo Ford Cooperbury, MA 86194",2020-12-18
327,Patty Barber,nancybowen@example.org,"626 Alexis Knolls Port Olivia, IL 74969",2022-12-05
328,Wendy Wells,jeandelgado@example.com,"8223 Butler Views Apt. 024 Lake Mark, MH 79517",2020-06-28
329,Steven Perez,andersonmichael@example.org,"29809 Mcintyre Plains Suite 441 Brownbury, AZ 72699",2021-11-20
330,Carla Johnson,stephaniecolon@example.com,"91354 Reyes Lane Apt. 344 South Richard, GA 73706",2023-04-21
331,Ashley Castillo,ndominguez@example.org,"17954 Fuentes Summit Johnsonstad, KY 99825",2024-04-22
332,Kayla Hansen,patrick08@example.net,"500 Ingram Burg Suite 796 Anitaborough, DC 08123",2020-08-30
333,Cathy Bowers,kelligray@example.org,"481 Davis Neck Apt. 526 Maryland, PW 32620",2022-06-09
334,James Roberts,cindy68@example.org,"8041 Katherine Walk Suite 046 Calebmouth, AK 32334",2021-07-05
335,Priscilla Roberts,walkerpatricia@example.com,"8448 Daniel Row Morseburgh, MI 42454",2024-02-03
336,Tabitha Carpenter,jesparza@example.org,"46381 David Plains Suite 431 Angelburgh, RI 19499",2022-05-09
337,Amanda Alvarez,jimmy27@example.net,"PSC 9639, Box 0020 APO AP 42337",2024-06-27
338,Zachary Freeman,stephanie97@example.net,"618 Jeremy Isle Port Amy, MH 35737",2024-05-25
339,Angela Yates,moorejaime@example.net,"9672 Fuller Crest Suite 732 Robinsonburgh, MN 74608",2023-10-26
340,Glenn Davis,robin53@example.com,"045 Dawn Neck Apt. 751 Nancyside, IN 41216",2021-06-14
341,Frank Smith,victoria82@example.com,"40134 Everett Expressway Port David, MS 81475",2020-10-10
342,Brett Wilson,ericrodriguez@example.com,"755 Berger Expressway Apt. 587 East Josephport, ND 74036",2022-03-25
343,Amanda Watson,ericdiaz@example.net,"950 Martinez Roads Jeffreyview, FM 49732",2020-07-09
344,Kevin Anderson,ppalmer@example.net,"0972 Wade Harbors New Oscar, AK 21767",2023-07-13
345,James Craig,cathy70@example.org,"88010 Anthony Turnpike Port Ronnieshire, FM 75283",2021-04-19
346,Linda Miller,brady88@example.org,"1502 Seth Rapids Apt. 709 Colechester, SD 50108",2020-09-01
347,Joshua Gray,lfry@example.net,"33902 Wayne Streets Suite 379 West Robertmouth, AZ 36730",2023-08-17
348,Heidi Sullivan,ofreeman@example.net,"76470 White Crossroad West Kathryn, NY 48494",2022-04-18
349,Marie Gibson,richarddavis@example.org,"0008 Thomas Dale Angelahaven, KS 33570",2022-12-15
350,Stephanie Bridges,cthompson@example.com,"182 Amy Skyway Apt. 893 Phamport, PW 85850",2023-08-18
351,Lauren Knight,fryenancy@example.com,Unit 1029 Box 5740 DPO AA 98791,2024-06-05
352,Brandon Nguyen,trevinotristan@example.com,"3698 Jordan Land New Oscarchester, WA 60791",2023-04-06
353,James Shields,jason21@example.org,"77083 Martin Wall Suite 286 Davenportborough, OK 51652",2021-09-15
354,Eric Ross,timothypena@example.org,"13540 Smith Dale Lake Nicolestad, OK 38450",2024-06-19
355,Heidi Delgado,jesseknight@example.net,"9649 Black Square Apt. 793 Port Donald, OR 78650",2022-01-30
356,George Nielsen,madelinejoseph@example.net,"3741 Lucas Road Apt. 476 Millsberg, VA 50850",2022-10-22
357,Lisa Moreno,williamgriffith@example.net,"6408 Corey Drive Port Tomberg, CO 83990",2021-08-23
358,Steven Hodge,susan35@example.org,"12298 Cody Extensions Suite 575 Hartfort, NE 67136",2023-11-22
359,Megan Kent,troyking@example.com,"25370 Kenneth Groves North Bethany, NV 84785",2023-03-19
360,Jennifer Ross,bwilliams@example.com,"515 Smith Mission Port Michaelton, UT 89127",2020-08-19
361,Rebecca King,mmorrow@example.com,"2898 Flores Throughway Suite 191 North Ronald, OR 26428",2022-09-09
362,Joe Gardner,sarah86@example.net,"969 Kirsten Spurs Jessicaton, GU 74140",2022-05-15
363,Michelle Gilbert,stephencobb@example.com,"036 Wendy Roads Apt. 127 Port Garrett, MT 29686",2023-02-28
364,Christina Mcdonald,carolyn60@example.net,"95268 Smith Rue West Nathaniel, IL 52274",2020-09-20
365,Michael Fitzpatrick,riveralarry@example.org,"7958 Richardson Knoll Apt. 689 Lake Rachael, UT 76839",2022-10-02
366,Amber Petty,katherinehill@example.com,"1470 Ochoa Brook Apt. 838 Jessicaside, LA 66341",2022-03-12
367,Alexandra Lopez,stevenolson@example.net,"1931 Kevin Flats Suite 017 Floydbury, ME 93418",2021-03-06
368,Sandra Tran,kellysmith@example.org,"46041 Scott Expressway Hollowayhaven, WV 28172",2023-01-17
369,Alan Nguyen,andersonbruce@example.com,"04789 Carl Cliffs West Maria, KY 59350",2022-05-02
370,Francis Gonzalez,churchalbert@example.org,"88565 Jerry Fort Apt. 467 North Christopherbury, NJ 08639",2024-03-30
371,Emily Ross,xwong@example.org,"06276 Mary Run Lake Catherine, NY 90579",2024-09-25
372,Melissa Turner,eduardo99@example.org,"544 Rick Islands Apt. 066 Port Shanebury, NC 40290",2020-12-26
373,Kyle Roy,mary28@example.com,"3720 Janice Streets Nelsonborough, PR 21237",2020-11-28
374,Amanda Robinson,ccoffey@example.net,"611 James Circle Lake Katieshire, WA 34971",2021-08-21
375,Thomas Lee,villanuevakatie@example.com,"566 Stacy Highway Apt. 541 Hensonshire, OR 03960",2024-09-19
376,Nathaniel Clay,wglenn@example.com,"660 Ryan Center Coleburgh, VA 37652",2024-03-04
377,Robin Walker,brandonharrison@example.com,"42912 Stephanie Summit Suite 793 South Courtney, CO 86206",2021-12-17
378,Andrew Dean,evansgail@example.net,"16848 Patton Pine Apt. 063 Thomasshire, IA 58104",2022-08-14
379,Clarence Boone,hartmansarah@example.com,"5870 Jacob Junctions Apt. 832 Herringland, IN 81112",2021-06-29
380,Jennifer Brown,eric35@example.net,"09558 Andrew Brooks East Gregory, OR 48228",2022-12-26
381,Maria Watts,randerson@example.net,"244 Deborah Highway Rogersstad, LA 74621",2023-07-22
382,Mark Alexander,jessicapatterson@example.org,"809 Teresa Greens South Diane, KS 85588",2022-12-22
383,Michael Dixon,robertguerra@example.com,"441 Mckee Mountains Suite 969 Dennisborough, MN 22607",2022-07-20
384,Jesse Escobar,hernandezgloria@example.net,"053 David Grove Matthewschester, UT 68331",2023-02-20
385,Daniel Calhoun,collin64@example.org,"6991 Susan Camp South Sharonside, LA 04887",2021-01-30
386,Tina Price,jacquelinemccoy@example.com,"45533 Stewart Port Port Steven, CT 88170",2022-03-31
387,Daniel Hall,karen21@example.org,"03555 Macias Well North Timothyfurt, SD 27001",2022-01-16
388,Stephen Payne,claudiabender@example.org,"490 Caitlin Mount Port Jasmine, CT 67258",2023-04-17
389,Jesse Arroyo,janemartinez@example.com,"41466 Lisa Crest Lindsayside, MO 29307",2024-01-31
390,John Smith,hallanna@example.com,"8936 Ochoa Neck Russellfort, MA 81094",2024-09-12
391,Debbie Diaz,ethan67@example.net,"098 Thompson Forks New Sandra, CO 59048",2020-09-11
392,Victor Cole,kimberlycox@example.org,USNS Harrell FPO AE 43289,2023-12-20
393,Paul Davis,nicolehernandez@example.com,"35151 Cox Fields Lake Kimberly, NC 54530",2020-12-09
394,Christopher Santos,sullivanchristina@example.net,"4042 Marshall Village East Leahville, UT 93552",2022-03-20
395,Kimberly Patterson,michael09@example.org,"15218 Pierce Keys Suite 026 Ballfort, AL 98180",2020-10-29
396,Lisa Mccoy,porterjoseph@example.com,"1029 Francis Divide Port Cody, AZ 83657",2024-08-07
397,Taylor Terry,melissavalenzuela@example.net,"161 Beard Cove Apt. 257 Lake Kevinborough, WA 95494",2020-10-06
398,Joshua Bruce,mathisadam@example.com,"34130 Jay Isle Apt. 841 North David, MA 46643",2023-10-17
399,David Glenn,krodriguez@example.com,"941 Lynn Center Klinemouth, NE 16546",2020-03-16
400,Brittany Parks,nathan50@example.com,Unit 8072 Box 4958 DPO AA 07050,2023-05-10
401,Eric Willis,robert49@example.com,"3313 Powers Vista Apt. 906 South Markside, LA 85052",2023-12-13
402,Daniel Gutierrez,amy29@example.com,"8249 James Ports West Kristenburgh, MS 98040",2023-11-25
403,Stephanie Lewis,aliciadavis@example.com,"006 Dylan Locks Suite 196 Moraport, RI 00554",2021-10-18
404,Robert Jones,danahowell@example.com,"15960 Jones Underpass Port Chris, UT 56847",2023-03-08
405,Miss Jessica Glenn,hlucero@example.net,"09342 Anderson Stream Apt. 455 South Jessica, AR 38803",2022-01-29
406,John Garrett,jibarra@example.net,"894 Sean Parkway Apt. 652 Teresaborough, PW 57003",2020-10-26
407,Jack Barron,justinsloan@example.org,"86536 Jones Summit Suite 997 South Victoriashire, NJ 19165",2021-03-12
408,Daniel Rodriguez,juliestevens@example.com,"43166 Debra Avenue Suite 525 West Jared, AS 77300",2022-05-05
409,Elizabeth Hill,bradley88@example.org,"565 Smith Stravenue Apt. 292 Rileytown, FL 99091",2021-03-11
410,Kevin Chapman,kcase@example.org,"64428 Murphy Mountains Colonland, PW 25332",2024-08-20
411,Philip Stafford,thomas72@example.com,"82276 Neal Wells South Stephanie, NE 58267",2022-09-15
412,Kenneth Greene,wrighttodd@example.net,USCGC Walker FPO AA 05589,2020-03-28
413,Aaron Lawrence,smithscott@example.net,"PSC 6087, Box 4778 APO AA 22060",2022-11-08
414,Albert Skinner,carlabrown@example.com,"383 Cynthia Motorway Lake Stephen, AL 02853",2021-01-22
415,Yolanda Sutton,stonerandy@example.com,"3109 Kelly Village Jerryland, NY 12028",2021-08-19
416,Briana Smith,jameskathleen@example.net,"2142 Turner Unions Susanshire, SC 63045",2021-06-29
417,Hannah Mills,mccarthymary@example.net,"735 Peter Corner Cantrellchester, OR 89530",2024-07-17
418,Annette Singh,daltonsoto@example.com,"691 Martin Centers Suite 827 Lake Robyn, LA 81369",2023-10-20
419,Laura Williams,traceyvaldez@example.org,"4775 Melvin Green Apt. 324 West Ryanfort, ID 87603",2022-07-09
420,Thomas West,justin09@example.com,"3587 Jennifer Springs Apt. 922 Derekton, TX 10448",2021-10-10
421,Kim Mcdowell,jenniferparks@example.net,"45989 Amber Dale Apt. 597 Kevinside, ME 20562",2023-11-17
422,Ryan Brown,donaldweaver@example.com,"2942 Monica Parkways Suite 832 North Belinda, MP 15402",2020-03-03
423,Richard Parsons,jake68@example.net,"318 Weeks Avenue South Joshuaton, WA 49793",2020-04-16
424,Julia Davis,sanderscolleen@example.net,"70062 Darren Summit North Shawn, RI 73076",2022-10-19
425,Mercedes Howard,annette91@example.com,"432 Rebecca Fords Apt. 365 Jessemouth, PW 97422",2021-08-14
426,Brendan Stevens,alexandercain@example.org,"04158 Cristian Radial Suite 472 South Autumn, NC 51879",2020-06-01
427,Amy Andrews,peterssamuel@example.net,"777 Katie Summit Apt. 729 East Johnmouth, RI 21058",2021-09-30
428,Joshua Johnson,jerome44@example.net,"56217 Dunn Key Suite 501 West Davidstad, CO 75544",2020-11-20
429,Joseph Jackson MD,julie86@example.com,"8272 Todd View Apt. 398 South William, NC 73726",2023-01-02
430,Sherry Wood,darrenrichardson@example.org,USS Horton FPO AE 80921,2020-09-03
431,Adam Boyle,brandy02@example.org,Unit 0712 Box 5677 DPO AP 50341,2023-06-13
432,Leslie Scott,perezcynthia@example.org,"184 Eugene Lights Suite 896 East Janiceberg, MD 89351",2022-06-08
433,Jason Nguyen,dean55@example.net,"533 Kenneth Branch Suite 161 Kylemouth, AL 85016",2020-07-25
434,Lisa Schroeder,eric06@example.com,"344 Heather Cove Suite 979 South Aliceshire, LA 65480",2021-10-18
435,Connie Wilson,mleonard@example.net,"436 Oconnor Plaza Apt. 338 West Amber, PR 44610",2020-11-09
436,Kim Friedman,bmcknight@example.com,"36115 Bruce Village Suite 375 Hurstland, WY 18601",2023-01-27
437,Kelly Smith,rebeccalarsen@example.com,"8965 Perkins Squares Lake Rhonda, KS 26351",2023-04-04
438,Angela Salinas,freemanangela@example.net,"28563 Brent Ramp West Cassandra, VI 06211",2022-01-10
439,Kimberly Nguyen,briannahernandez@example.com,"3930 Joyce Fords Apt. 662 New Amanda, VT 62553",2023-03-15
440,Wayne Thompson,perezeric@example.com,"59660 Madden Bridge North Anthonyberg, MO 34753",2020-12-28
441,Edward Robinson,michael20@example.net,"5771 Bowman Well Suite 549 Evelynside, AL 44983",2021-09-20
442,Adrian Yates,starkjacob@example.net,"676 Shane Mall Suite 616 East Danielleburgh, VA 50882",2021-01-05
443,Charles Foster,graymargaret@example.net,"8433 Allen Ford Apt. 205 Ashleyview, VA 46050",2023-12-12
444,Rachel Thompson,zcampbell@example.com,"79745 Mcguire Gateway Kevinfort, MI 20710",2022-12-28
445,Jocelyn Rosales,hpotter@example.net,Unit 2797 Box 0400 DPO AE 08704,2023-03-10
446,John Shaw,tracy17@example.net,"163 Anthony Landing Apt. 160 Rogerfurt, DE 08298",2021-05-14
447,Samantha Wright,jamescantrell@example.net,"9498 Jeffrey Alley Suite 928 Patrickstad, RI 30406",2023-09-04
448,Robert Thomas,murphygabrielle@example.net,"71336 Howe View Apt. 315 North Hectorport, RI 48394",2024-03-02
449,William Stewart,amaynard@example.com,"233 Escobar Mount Apt. 839 New Bridget, AK 89728",2020-08-02
450,Vicki Chen,tiffanyhenderson@example.net,USNV Snow FPO AE 49752,2020-11-23
451,Austin Coleman,christopher87@example.org,"34134 Simon Crossing Apt. 424 New Susan, MI 08406",2020-05-08
452,Jon Carter,zkerr@example.com,"73749 Ricky Plains New Stephanieside, NC 11541",2021-02-15
453,Thomas King,raykevin@example.net,"8510 Pacheco Stream Apt. 650 Barryshire, CO 78848",2020-05-18
454,Tara Schultz,clementsmichael@example.com,"43479 Heidi Green Apt. 489 West Seanfurt, DE 24421",2022-07-17
455,Gregory Smith,dramsey@example.org,"4053 Warren Keys Leahstad, IL 09787",2022-06-30
456,Meghan Estrada,utownsend@example.com,"4990 Gamble Vista Suite 505 Pattersonbury, UT 87141",2021-09-12
457,Scott Hester,robin32@example.net,"65537 Marvin Mill Woodschester, MS 32709",2020-01-20
458,John Gonzales,floreschad@example.com,"64600 Baker Walk Matthewberg, FL 73039",2022-05-26
459,Donald Vasquez,andrea60@example.com,"54114 Jeremiah Views Lake Michele, MD 30945",2023-03-19
460,Shirley Velez,richardchavez@example.net,"487 Matthew Squares Apt. 760 Stephanieland, MD 28222",2020-03-21
461,Emily Anderson,ryan65@example.com,"01317 Roach Gateway Apt. 775 Port Williamchester, MD 29367",2020-05-10
462,Annette Ramos,keith38@example.com,"20484 Jackson Pike Camposborough, MD 37774",2022-07-23
463,Felicia Caldwell,hollyhall@example.org,"92253 Richard Crossing Apt. 097 Davidberg, PR 99291",2021-04-26
464,Mark Patterson,krista97@example.net,"3715 Brandt Crossing Alvinside, UT 49301",2023-12-01
465,Daniel Barnes,hernandezamanda@example.com,"0677 Deleon Plains Millerburgh, AK 24624",2020-10-20
466,Angela Morse MD,sarahcox@example.org,"5237 Mccoy Circles Yolandaville, IA 19166",2023-11-06
467,Kenneth Buck,powens@example.net,"3203 Sarah Greens Hubbardchester, MS 48153",2022-08-24
468,Jaime Hunter,yhoward@example.net,Unit 6579 Box 6272 DPO AP 24209,2023-10-22
469,Sara Ward,russell15@example.org,"911 Theresa Springs North Richardfurt, DC 45910",2021-02-19
470,Candice Dillon,christophergreen@example.com,"446 Susan Mission West Dan, GA 19356",2022-04-23
471,Jeffrey Smith,sean06@example.net,"73755 Martin Fords Hannahland, SD 63704",2024-09-26
472,Jennifer Bennett,myersjaime@example.org,"78032 Alexis Harbors Suite 764 South Jessica, NC 29519",2021-04-29
473,Anthony Williams,melissa57@example.org,"8268 Davis Lock Lake Richardbury, NJ 70418",2021-07-16
474,Sierra Taylor,bradleyalfred@example.org,"PSC 9961, Box 6735 APO AP 73270",2023-06-15
475,Jared Ferguson,barnettterri@example.org,"69814 Jason Junctions South Andrew, AR 64387",2022-08-08
476,Hannah Hart,dsimmons@example.org,"9967 Bryan Land South Roberthaven, AK 11036",2020-01-14
477,Felicia Mills,ryan81@example.com,Unit 2439 Box 5433 DPO AP 98453,2024-01-30
478,Benjamin Johnson,david58@example.org,"3354 Gonzalez Drive New Aliciafort, NY 86641",2024-03-12
479,Anthony Thornton,jennyjones@example.com,"283 Donald Camp Apt. 348 West John, VA 91197",2024-05-10
480,Jennifer Mitchell,alanhughes@example.com,"38928 Schwartz Shores Harrisonville, UT 75151",2021-06-16
481,Michael Johnson,hdavis@example.com,"969 John Inlet Apt. 157 Robinsonside, AS 43037",2021-01-05
482,Andrea Tate,clarksusan@example.org,"6428 Noah Wells Andrewberg, WV 85358",2023-09-02
483,Barbara Lamb,cpage@example.org,"6052 Ware Turnpike Suite 124 North Angela, NE 82723",2021-06-13
484,Sean Rollins,mwiggins@example.org,"665 Woods Ridge West Alexandra, MN 84608",2021-07-03
485,Erin Garcia,xbarton@example.com,"96113 Guzman Springs Apt. 929 Tinaborough, GU 68086",2023-12-16
486,Tyler Coleman,wardcarrie@example.org,"7797 Daniel Lights Suite 662 Port Brittany, NJ 35401",2023-09-06
487,Matthew Johnson,crystalcooley@example.org,"41770 Richardson Ridges Lake Dylan, CA 44996",2020-02-21
488,Robin Washington,dthompson@example.org,"1621 Sandra Lock Apt. 627 Lisafurt, MP 28136",2023-09-22
489,Meredith Vincent,fullerdavid@example.com,"0836 Gonzalez Neck Suite 337 Allisonside, FL 05610",2023-03-29
490,Stephanie Morgan,baileymelissa@example.net,"6679 Blair Ports West Christopher, MS 75371",2021-04-22
491,Jonathan Duncan,turnerrichard@example.net,Unit 4776 Box 8003 DPO AE 58567,2024-07-29
492,Marcus Ball,mark52@example.net,Unit 1207 Box 5224 DPO AA 68371,2020-05-06
493,George Solis,sjohnson@example.net,USCGC Hancock FPO AE 74816,2024-03-31
494,Raymond White,joshuamckinney@example.com,"396 Cooper Plaza Lake Meghantown, ND 34586",2021-02-12
495,Frances White,juliekhan@example.com,"2065 Schneider Alley Suite 963 Williamsshire, IL 42993",2023-03-09
496,Hailey Raymond,christiansilva@example.org,"42330 Jonathan Greens Suite 526 Millerburgh, AS 86691",2024-09-14
497,James Ortega,eric88@example.net,"206 Williams Cliffs Brennanmouth, ID 93940",2020-05-17
498,Laura Murphy,sbradshaw@example.com,"9023 Hopkins Port North Lisaview, NV 69826",2020-01-24
499,Cynthia Mahoney,barbarareid@example.org,"759 Nunez Dam Saraburgh, PA 83318",2024-09-24
500,Trevor Bailey,jessica85@example.net,"492 Robinson Valley Suite 648 Joelland, LA 76998",2020-07-12
