id,name,email,address,date_joined
1,Stephanie Burnett,alan14@example.net,"7810 Kenneth Hill Suite 033 Medinaburgh, MH 07094",2021-03-31
2,Jeffrey Sanchez,heather03@example.com,"726 Swanson Crossing Apt. 338 Fordfort, OH 59028",2020-03-24
3,Mrs. Erin Owens,ufernandez@example.com,"575 Gabrielle Harbors Sheilashire, PR 85252",2021-05-31
4,Alexander Aguilar,dylan58@example.org,"0811 Love Land New Stephen, ND 32199",2023-09-01
5,Stacey Hill,yhawkins@example.org,"88572 Roy Ports South Tanyaside, NE 91693",2022-10-08
6,Alison Johnson,lramos@example.net,Unit 9362 Box 5121 DPO AA 88960,2023-02-15
7,Lindsay Villegas,jaredmorales@example.com,"71197 David Garden Jessicaville, NJ 42530",2022-02-02
8,Peter Montes,johnsonrobert@example.org,"454 Kristin Views Baileyport, IL 96143",2022-09-30
9,Elijah Martinez,saranelson@example.org,"63444 Vance Union Leeton, VI 63925",2024-09-03
10,Jacob Morrow,fernando42@example.net,"6520 Hawkins Shores Debbieville, HI 11278",2023-12-15
11,Teresa Medina,clarkmark@example.org,"0947 Laura Road Stephensview, NC 70478",2022-10-10
12,Ryan Phillips,jordanamanda@example.com,"56855 Zhang Vista Riosfort, IA 17757",2021-04-01
13,Scott Smith,justinsmith@example.com,"300 Smith Plains Suite 536 West Richard, FL 03395",2023-05-11
14,Melissa Castro,adam14@example.org,Unit 6037 Box 4694 DPO AA 10376,2022-03-21
15,Kelly Griffin,efischer@example.org,"817 Brian Rapids Suite 034 Craigtown, NJ 27234",2022-01-12
16,Paul Hinton,william85@example.org,"57580 Kaufman Court Stewartfort, OK 85114",2024-07-30
17,Richard Rice,rachelcopeland@example.net,"4451 Brooke Rue Suite 111 Elizabethshire, KS 70413",2023-03-28
18,Destiny Cooke,jenniferadams@example.org,USCGC Harris FPO AA 10743,2022-12-09
19,Julia Friedman,christopherharrell@example.net,"401 Martin Street Suite 179 Port Christinefort, IN 37455",2020-06-20
20,Russell Terrell,rossnichole@example.net,"663 Derek Harbor Apt. 379 Lindaview, VA 81956",2021-04-11
21,Michelle Rojas,sanchezcindy@example.org,"508 Sanchez Fort Suite 608 Martinezhaven, WV 16104",2022-09-22
22,Heather Pratt,michael99@example.net,"83965 Felicia Isle Munozstad, UT 15274",2023-08-06
23,Heather Robbins,heathergraham@example.org,"0800 Michelle Knolls Apt. 457 Shannonport, ND 32342",2021-09-25
24,Michael Miller,robertward@example.org,"89535 Harvey Isle Stacystad, NM 77380",2021-08-07
25,Jennifer Rasmussen,johnsonjose@example.org,"5845 Cindy Inlet Suite 019 Robertschester, LA 78279",2020-10-04
26,Brandon Wilson,michael63@example.org,"383 Bowman Terrace Suite 151 Brianmouth, MD 13041",2020-05-12
27,Vincent Hall,stanleyamy@example.com,"612 Kathy Village Apt. 676 Lake Walterview, WA 65559",2020-01-24
28,Ronnie Williams,lmyers@example.org,"62328 Morton Trail Lake Amanda, OH 37197",2024-03-01
29,Stephanie Bailey,cartermary@example.org,"47225 Jones Highway Lawrencefort, AS 81549",2023-06-16
30,Brian Mckay,walkerdon@example.org,"7126 Philip Oval Apt. 366 West Jeromeshire, LA 16840",2023-05-04
31,Charles Alvarez,ilewis@example.org,"069 Catherine Knoll North Aaron, NV 39046",2021-12-09
32,Todd Thompson,michael13@example.com,Unit 5265 Box 6275 DPO AP 14313,2021-09-17
33,Gina Finley,jeff23@example.com,"6352 Maria Drives Apt. 534 South Kim, RI 06570",2024-08-21
34,Stacy Dawson,zwebb@example.net,Unit 4953 Box 0873 DPO AA 33234,2023-06-28
35,Paige Lara,rogerpalmer@example.net,"0593 Gonzalez Plains East Heather, ND 65906",2021-01-25
36,Christine Velasquez,thomaswalton@example.net,"07382 Harris Camp Apt. 962 Wattston, OH 85282",2022-04-10
37,Zachary Martin,thomasmaureen@example.com,"572 Hart Rapids Suite 759 East Melanieland, OK 21773",2021-02-12
38,Troy Spencer,dennisrios@example.com,"68796 Barker Stream Mcbrideview, PW 94591",2023-01-29
39,Emily Graham,salasjessica@example.org,"019 Erik Fords East Earlburgh, PR 27336",2023-02-09
40,Jennifer Mcneil,kristi13@example.com,"166 Chapman Terrace Newtonberg, MS 73391",2023-11-04
41,Yolanda Jones,emily79@example.net,"508 Jasmine Views Apt. 379 West Mollyview, OH 13245",2021-10-22
42,Leslie Mccann,nle@example.com,"657 Schultz Views Suite 733 South Richard, TX 04941",2020-02-02
43,Justin Hart,larry39@example.net,"90623 Jessica Burg Jefferyshire, AR 03877",2022-11-19
44,Tammy Walker,timothy65@example.org,"35134 Patricia Springs West Megan, HI 51054",2024-05-11
45,Robert Hernandez,amypennington@example.org,"9938 Johnson Lake Suite 523 Kingstad, UT 21006",2020-09-25
46,David Harper,ctodd@example.net,"3573 Kemp Run Suite 694 Katrinaberg, AS 95021",2022-06-09
47,Taylor Nunez,alexanderjonathan@example.net,"2099 Phyllis Viaduct Suite 132 South Robertbury, DE 12468",2021-12-19
48,Jennifer Hughes,drichardson@example.com,Unit 0945 Box 6537 DPO AA 83198,2024-09-20
49,Benjamin Martinez,sarah21@example.org,"001 Rebekah Gateway East Cynthia, ME 56932",2024-08-20
50,Mark Camacho,sarahdaniels@example.net,"7541 Smith Cliff Suite 342 West Aprilmouth, CA 25509",2021-06-14
51,Michael Young,wsmith@example.net,"2251 Shannon Canyon Apt. 685 Crystalview, AZ 55756",2022-06-20
52,Michael Thomas,christopher75@example.com,Unit 1090 Box 5024 DPO AA 64935,2022-02-25
53,Kristen Schmidt,hmorales@example.com,"015 Laura Port Coxmouth, CO 10323",2021-02-16
54,Joe Hanna,alexis44@example.com,"560 Tyler Mountain East Russellview, OR 36843",2022-08-12
55,Lindsey Zavala,amygarcia@example.com,"5232 Cochran Throughway Bryantmouth, WA 36229",2024-03-20
56,Brittany Moran,mary42@example.com,"96510 Richard Expressway Suite 833 South Kevin, SC 16693",2021-10-29
57,Jennifer Gonzalez,qmcclain@example.org,"1099 Melissa Mountain East Jasmine, AS 69649",2023-03-14
58,Stephanie Johnson,drivas@example.net,"4280 Martin Stravenue Suite 195 Kevinland, WY 31143",2020-03-16
59,Kayla Swanson,lisabryant@example.com,"692 Young Parkways Melissaland, WY 39472",2020-12-07
60,Judy Gilmore,calhounmichael@example.com,"647 Jimenez Port Port Andrew, MT 81662",2020-09-19
61,Gina Potter,jenny23@example.com,"39421 Davis Lane Suite 942 Martinezchester, NH 52302",2024-03-25
62,Christine Thompson,dsparks@example.net,"026 Bass Flats Apt. 002 East Tylermouth, FM 58340",2022-12-19
63,Julia Collins,mcantu@example.org,"77225 Johnson Path Diazside, MP 89033",2023-11-26
64,Tracy Miller,jalvarado@example.com,"2569 Shaw Pass Suite 155 Port Ryanhaven, TN 26500",2021-01-04
65,Julie Sawyer,john77@example.com,"5412 Guerrero Trace Wandafort, IA 05186",2022-01-30
66,Hannah Hernandez,sandersbrianna@example.org,"877 Burgess Parkways Nathanielhaven, ND 18197",2022-07-05
67,Taylor Austin,thompsonmichael@example.org,"33110 Matthews Views Lake Susanburgh, DE 98498",2020-11-30
68,Clifford Martin,susanbrown@example.net,"90551 Mendoza Club Judyport, MO 61026",2023-08-24
69,Jessica Meyer,jeffery20@example.com,"98203 Richard Mountains Lake Robertshire, MA 73517",2020-05-18
70,Lisa Campbell,mackenzielove@example.net,"3664 Allen Pine Port Whitney, ID 89146",2022-01-26
71,Timothy Gonzalez,adambright@example.com,"73859 Cummings Turnpike Martinezhaven, MS 42901",2022-07-31
72,Robert Stewart,drichardson@example.org,"1122 Jennifer Village Suite 181 Cannonburgh, NY 48763",2023-11-19
73,Donald Chapman,nwalker@example.com,"33826 Nguyen Manor Apt. 777 Jonesport, NV 09769",2023-07-30
74,Tony Watson,robertwilson@example.org,USCGC Fuentes FPO AA 76369,2024-08-14
75,Shannon Melendez,lanekristin@example.com,"74136 Atkins Corners Lake James, NJ 77808",2021-07-09
76,Chelsey Williams,vincentpowell@example.org,"PSC 6636, Box 7897 APO AP 06819",2023-06-11
77,Rick Jones,gabriel18@example.org,"3881 Janet Port West Marissa, SC 60672",2022-04-01
78,Amanda Armstrong,chensheila@example.org,"93526 Matthew Bridge Apt. 717 Susanmouth, AS 75474",2024-03-04
79,Jack Green,jamie92@example.org,"528 Lutz Pike Tiffanyville, SD 71180",2023-03-22
80,Jennifer Booth,brenda25@example.com,"PSC 2290, Box 8084 APO AA 33674",2023-04-15
81,Cole Blake,kaylawilson@example.com,"4147 Phillip Point North Danielburgh, MA 72964",2020-05-27
82,Christopher Kim,sergiowebb@example.com,"1985 Shawn Mountains Markchester, WI 54350",2024-06-20
83,Deborah Lee,lopezmichael@example.com,"999 Roy Valleys South Heidi, MI 97682",2023-01-14
84,Abigail Lopez,glin@example.org,"8071 Charles Corners Cynthiaport, MD 57949",2023-07-12
85,Christine Robinson,perezdaniel@example.com,"3259 Smith Pass Suite 645 Janiceshire, OH 61650",2023-01-11
86,Amanda Hampton,allisonkimberly@example.net,"139 Wright Mountains Marybury, ME 04124",2024-08-02
87,Daniel Hicks,jennifer44@example.com,"705 Robert Run Suite 219 Schneiderton, IN 42440",2020-07-29
88,Jon Mooney,xthompson@example.com,"7159 Eric Fort Suite 046 West Taylorview, MP 30986",2024-03-02
89,James Graham,lynnsherri@example.com,"6785 Gordon Key Donovanmouth, OH 48042",2023-04-06
90,Joel Martin,josephsmith@example.org,"969 Nicole Fields Richardhaven, MN 07192",2022-06-03
91,Brittney Perez,lopezeric@example.com,"2949 Robbins Mission Apt. 277 Port Joshua, GA 55445",2022-04-18
92,Mark Thompson,ncarter@example.net,"5995 Whitney Road Schmittfort, NC 29471",2022-04-19
93,Terry Byrd,david37@example.com,"6882 Ross Corners Apt. 552 Hinesberg, NV 74446",2022-02-27
94,Malik Gomez,wsmith@example.org,"95225 White Club North Julian, IA 60338",2020-04-14
95,Melissa Vazquez,hjackson@example.org,"8048 Jason Row Laurastad, HI 53132",2024-07-14
96,Wendy Hill,mayjeffrey@example.net,"175 Nicholas Prairie Apt. 576 North Katherinebury, DE 50144",2021-08-18
97,Nathan Collier,lorihicks@example.org,"577 Bobby Cliff Thomasfort, KS 24525",2020-10-28
98,Mark Best,anna82@example.org,"51603 Flores Fords Apt. 794 Michaelbury, IA 59274",2024-01-11
99,Carrie Hughes,angela53@example.org,"18998 Thompson Neck Adamburgh, MS 12939",2021-07-14
100,Sarah Bird,timothynelson@example.org,"6647 Watson Extension Apt. 314 Lake Michael, NV 83442",2021-03-08
101,Tina Tanner,bramirez@example.com,"4881 Anderson Mountains Suite 665 Dustinside, ID 74110",2024-07-23
102,Justin Thomas,mwright@example.net,"840 Willis Throughway New Jonathan, LA 41799",2023-12-19
103,Steven Boyd,xgraham@example.org,Unit 9208 Box 5783 DPO AP 16103,2023-09-13
104,Amy Nguyen,tommy21@example.org,"70320 Sanders Land South Victor, IA 38016",2023-01-05
105,Matthew Santos,sara06@example.org,Unit 0685 Box 8345 DPO AA 00767,2020-10-20
106,Wendy Bush,justin36@example.net,"42933 Jarvis Port West Justin, PA 15784",2020-09-19
107,Haley Becker,calvinguerra@example.net,"4567 Ashley Ways Suite 370 New Maria, RI 84832",2021-10-29
108,Jeremy Cameron,ssmith@example.com,"071 John Divide Lake Jessica, MD 63995",2021-07-05
109,Taylor Gray,seancruz@example.net,"2117 Justin Station Suite 318 Coxview, IL 56964",2020-09-19
110,Kimberly Wood,shortkeith@example.com,"23462 Hogan Inlet Apt. 975 Hicksview, RI 39390",2021-03-13
111,Patricia Martin,emorgan@example.org,"37278 Dillon Bridge Hickmanmouth, OR 11545",2022-02-28
112,Phillip Ramirez,allison51@example.net,"11085 Jones Harbor Suite 056 Shawfort, ID 35687",2023-03-16
113,Jamie Martinez,zbeasley@example.net,"060 Angela Dam West Cynthiahaven, MS 70587",2021-05-02
114,Dominique Gutierrez DVM,dwaynespencer@example.net,"41852 Christopher Valley East Jack, NC 96920",2022-05-03
115,Sean Jones,mary88@example.com,"471 Anna Hill Suite 707 New Jorge, WA 91157",2023-06-11
116,Jeanette Brown,nsnow@example.org,"72852 Ryan Crossing Apt. 417 Martinchester, KS 21143",2021-07-16
117,Zachary Acevedo,tracysharp@example.org,"40900 Stanley Vista Apt. 795 North Nathanborough, WV 67176",2021-08-08
118,Linda Martin,alexa11@example.com,"03902 Michael Meadows Apt. 133 Campbellstad, VI 14953",2020-01-23
119,Monica Rhodes,april69@example.org,"101 Stafford Highway Wilsonmouth, OH 77641",2020-11-09
120,Joshua Hooper,reginamarsh@example.org,"76431 Brandi Lodge Jeffreyport, ME 94141",2024-06-02
121,Theresa Mills,michael19@example.net,"53410 Torres Canyon Apt. 930 Griffithport, TX 84050",2023-07-27
122,Kara Bright,craiganderson@example.org,"125 Salazar Trace Apt. 431 Lake Tracymouth, AL 33218",2022-11-30
123,James Bell,millerjohn@example.org,"8601 Emily Spurs Suite 508 Laneton, MN 19251",2024-02-02
124,Barbara Jackson,lisaeaton@example.com,"772 White Flats Thompsonside, VA 42533",2022-10-22
125,Jessica Harris,taylorcindy@example.net,"2070 Laura Loaf Apt. 982 New Jeffrey, GA 65332",2020-02-24
126,Marcia Wall,robertoreese@example.com,Unit 4393 Box 1458 DPO AP 90493,2022-05-17
127,James Huffman,amber26@example.org,"240 Johnson Estate Suite 795 Lake Phillipborough, NH 18327",2023-04-19
128,Mark Bates,gwilliams@example.org,"6762 Norris Drive South Olivia, WI 85631",2022-07-12
129,Leslie Carpenter,willismary@example.net,"71034 Oscar Islands North Jennifer, CT 98122",2023-03-12
130,Dustin Heath,brandon20@example.com,"34462 Ryan Crossing Aaronland, SD 45996",2022-09-01
131,Linda James,steelecharles@example.com,"01684 Christopher Junctions Apt. 218 Porterfort, NE 00553",2021-05-24
132,Amber Garcia,gmartin@example.com,"5841 Graves Stream Westmouth, VA 72482",2023-09-25
133,Isaac Flores,jonesscott@example.com,"08791 James Meadows New Laurenmouth, MI 98052",2020-05-10
134,Adam Li,wwilliams@example.org,"21212 Sandra Freeway Charlesbury, WY 90209",2023-12-19
135,Morgan Ray,ericnewton@example.org,"89404 Martin Fields Suite 937 Carterville, AK 39999",2022-04-20
136,Richard Smith,fthompson@example.org,"01512 Sabrina Corner New John, KY 43430",2020-09-02
137,Bruce Perry,catherineberry@example.net,"9694 Zoe Mills Suite 927 Melindahaven, TN 50900",2022-02-12
138,Vanessa Villegas,daniellecasey@example.org,"967 Katie Plaza Suite 265 South Bobbymouth, GA 87736",2024-10-07
139,Arthur Swanson,julianmclaughlin@example.net,"3304 Bryan Spur Apt. 351 West Karen, NV 50063",2023-03-19
140,Mark Kelley,stephanie61@example.com,"74116 Yang Field Suite 536 East Andrew, MA 90147",2020-04-11
141,Jon Burton,alexandercollier@example.net,"78837 Lisa Centers Apt. 403 Kimberlyville, DE 33520",2024-08-27
142,Anthony Moore,ryan05@example.com,Unit 0121 Box 1603 DPO AE 39176,2023-06-03
143,Ryan Smith,hmaxwell@example.net,"5933 Baker Oval Suite 081 New Joseshire, GU 27867",2021-12-19
144,Marilyn Bowen,rodriguezashley@example.net,Unit 1362 Box 2761 DPO AE 74989,2021-04-15
145,Ashley Burton,zross@example.com,"6727 Randall Forest Apt. 174 Smithfort, MO 37978",2021-12-16
146,Joseph Harvey,colleensanders@example.org,"0448 Madden Lights Suite 224 Port Jonathan, MO 66691",2021-08-23
147,April Murphy,william08@example.net,"126 Michael Street North Stephanieton, VA 96972",2024-09-10
148,Brian Watson,melissadavenport@example.org,"4593 Green Trail Apt. 060 Curtisfort, DE 57582",2020-11-24
149,Carolyn Lyons,debbie39@example.org,"20357 Sanchez Passage Apt. 186 New Nicolefort, NH 99424",2023-05-28
150,Gregory Allison,rsmith@example.net,"4414 Jose Cliffs Apt. 332 Lake Cynthia, WA 41074",2023-02-19
151,James Murray,danderson@example.net,"4295 Justin Inlet Arnoldbury, FL 88023",2022-02-20
152,Antonio Clements,fpruitt@example.org,"341 Abigail Stream North Markstad, OR 92935",2024-05-03
153,Francisco Gardner,barnescristian@example.org,"17819 Petersen Track New Colleenland, AL 22649",2024-08-24
154,Nathan Barrett,lmiller@example.com,"3276 John Road Marymouth, MN 84557",2020-08-26
155,Francisco Mahoney,lori41@example.com,"8992 Gonzalez Road Michaelmouth, HI 36478",2023-01-16
156,Marilyn Bryan,cortiz@example.net,"80421 Valerie Fork Suite 240 Bennettshire, CT 85922",2023-07-13
157,Nicole Barnes,gabriel16@example.net,"1840 Sarah Lights Suite 671 East Anthony, AS 01682",2020-03-31
158,Jonathon Joseph,kbeard@example.com,"PSC 2701, Box 8228 APO AA 57481",2022-02-04
159,Bryan Anderson,rogersloretta@example.com,"636 Cody Vista Landryville, ID 03379",2021-05-10
160,Brandon Cervantes II,colemancatherine@example.net,"26243 Gross Vista North Tommyport, NY 41938",2022-10-10
161,Kyle Morgan,mpaul@example.com,"50635 Dillon Stream Apt. 878 New Adrianaside, UT 48640",2020-07-20
162,Catherine Brooks,grantstephanie@example.net,"58809 Hunt Plain Alexandrahaven, TN 43723",2022-08-30
163,John Crawford,victoria90@example.com,"47710 Mack Club West Lisa, GA 27550",2020-09-01
164,Laura Payne,nellis@example.com,"42562 Michael Ridge Berryville, IA 78060",2021-10-15
165,Felicia Porter,raymond79@example.net,"54091 Gross Cliff Suite 175 Mooreberg, NM 15158",2022-07-14
166,Sharon Bond,andersonmegan@example.net,"86533 Walsh Inlet Mullinshaven, ND 07826",2022-01-27
167,Joe Ramirez,kingjason@example.com,"146 Johnson Lodge Kevinton, MH 47602",2024-07-20
168,Cynthia Kelly,hhicks@example.net,"5313 Berry Islands Suite 680 West Autumn, FM 13660",2022-08-21
169,Teresa Smith,gstevens@example.net,"8752 Ramirez Village Apt. 136 Gonzalezside, AZ 53191",2020-12-08
170,Norman Ellis,zgregory@example.org,"10713 Smith Corners Bobbyside, NH 40602",2022-09-14
171,Margaret Waters,megangallagher@example.org,"8980 Stephanie Mountains Apt. 608 Timothymouth, WA 49572",2021-07-12
172,Gary Anthony,briangeorge@example.org,"16170 Yoder Knolls Apt. 726 North Daniel, MS 03433",2024-06-22
173,Tanya Davis,amber13@example.net,"92426 Kristen Fords South Tonya, MD 90874",2021-04-19
174,Olivia Bauer,hwilliams@example.org,"7570 Smith Overpass Suite 689 Port Ryan, OR 86060",2021-09-30
175,Amber Hernandez,hoffmanlisa@example.com,"430 Jerome Rue Freemanview, IA 74021",2022-05-15
176,Chad Boone,harristammy@example.com,"2371 Watts Common Apt. 469 Port Seanfurt, OK 04353",2020-11-14
177,Andrea Stewart,eterry@example.com,Unit 6767 Box 2279 DPO AA 17254,2024-06-30
178,Mark Cain,vickie10@example.org,"708 Ewing Stravenue Port David, MI 16771",2024-08-08
179,David Erickson,steve23@example.com,"250 Eric Flats New Andrewmouth, MH 57262",2021-10-13
180,Joanne Mccoy,ryanmeadows@example.org,"921 Michelle Ville Apt. 093 New Rebeccaburgh, TX 41820",2023-01-26
181,Gina Hernandez,masseymichael@example.org,"44573 Emily Turnpike Sanderstown, AL 70489",2022-09-10
182,Jacob Collins,christinewhite@example.net,USCGC Clark FPO AA 56755,2024-06-13
183,Susan Joseph,riosricky@example.net,"PSC 0118, Box 3852 APO AA 26133",2023-12-04
184,Christopher Palmer,michael11@example.net,"645 Joseph Underpass Apt. 093 East Michael, PA 85452",2023-07-31
185,Theodore Yang,victoriasanchez@example.com,"6174 Gonzalez Club Suite 019 Nelsonville, AR 74170",2020-04-02
186,James Bailey,hoodlisa@example.org,"640 Duran Forks Suite 174 West Daniel, MT 04428",2022-03-23
187,Phillip Fisher,croberson@example.net,"01204 James Street Newmanville, RI 40650",2023-09-12
188,Jack Hall,rebecca68@example.net,"0185 Ricardo Pass Apt. 293 Port Toddview, IN 02546",2021-01-31
189,Mrs. Crystal Donaldson,bakertyler@example.com,"67288 Peter Stream Lake Ericborough, CT 85739",2023-03-20
190,Nicole Fields,anthonyjason@example.org,"3886 Jimenez Locks Suite 306 Ginaside, PA 28867",2022-03-30
191,Erika Williams,benjamin23@example.org,"339 Howe Garden Suite 872 Riggsshire, DE 74104",2024-10-07
192,Donald Bond,wendyfrench@example.com,"06887 Byrd Flats Apt. 218 Lake Nicholasstad, PR 46651",2021-12-24
193,Stephen Jensen,moraleslauren@example.com,"498 Nathan Springs Shannonbury, VA 88663",2020-03-09
194,Stephanie Jackson,melissa67@example.net,"3786 Kennedy Landing Apt. 514 Jenniferview, RI 70127",2023-03-27
195,Mr. Travis Freeman,maychristopher@example.com,"65073 Cross Squares Ryanhaven, NJ 86482",2021-12-09
196,Sharon White,lesliesmith@example.org,USCGC Tyler FPO AE 15766,2024-07-20
197,Lauren Knight,mirandatanya@example.org,"2614 William Streets Mariafort, NC 38931",2023-06-09
198,Brooke Howell,tstewart@example.net,"6178 Evans Villages Drakehaven, FL 14937",2021-11-26
199,Robert Elliott,ymiller@example.net,"5470 Julie Junction Suite 410 Susanport, MS 84943",2021-02-07
200,Marcus Fox,terrymary@example.net,"18735 William Vista Lake Billyborough, NY 85902",2020-07-25
201,Justin Williams,sara81@example.net,USCGC Massey FPO AE 29652,2021-09-03
202,Beth Hughes,lawrencemorris@example.net,"59962 Farrell Forges Apt. 358 Frederickchester, NV 51553",2023-09-26
203,Heather Pena,matthewdaniels@example.com,"12809 Randolph Points Suite 562 West Ruthburgh, IL 27742",2023-07-04
204,Heather Davis,michelegallagher@example.com,"7544 Kathleen Stream Apt. 283 Port Rogerville, AS 03804",2020-09-03
205,Emily Barber,kburke@example.org,"93754 Harmon Extensions Mooretown, ND 94135",2024-07-25
206,Jeremy Craig,smithsarah@example.org,"3581 Jennifer Divide Bradleyshire, AS 17441",2021-01-02
207,Nicholas Mccoy,myersmaria@example.net,"04330 Joel Extensions Suite 434 Lake Courtneybury, NM 42982",2020-07-01
208,Carl Berry,qpeters@example.net,"932 Thomas Cove Suite 908 Turnertown, OH 93801",2021-03-06
209,Ashley Alexander,kleinamanda@example.net,"7257 Nicholas Springs Apt. 806 Port Kevinberg, WY 66374",2023-05-09
210,Courtney Dominguez,ericking@example.net,"535 Thomas Rapids Apt. 065 Perezton, MN 63126",2020-09-05
211,Randy Hood,karen56@example.org,Unit 1115 Box 8891 DPO AA 78245,2020-09-13
212,Adam Young,bgarner@example.com,"3037 Mark Brook Apt. 411 Barryburgh, MS 65969",2024-03-27
213,Judy Walker,nathaniel30@example.net,"09477 Holloway Divide Suite 241 Justinbury, TN 16521",2024-09-30
214,Jason Nelson,lritter@example.org,Unit 9702 Box 4659 DPO AA 60384,2022-10-08
215,Dana Miller,csantos@example.net,"1996 Lindsay Pass Apt. 124 Danielborough, MN 22064",2023-11-27
216,Latoya Smith,natalie42@example.com,"622 Sims Mills Apt. 258 Stephanieview, VT 69773",2021-09-24
217,David Vazquez,lbrown@example.org,"66267 Lee Manor Apt. 819 Lindseyshire, MN 90005",2022-11-29
218,Kimberly Cooper,amykent@example.org,"93440 Cook Haven Willieburgh, NV 24151",2022-06-04
219,Veronica Castillo,lawrence84@example.com,"2349 Hawkins Freeway Vanessatown, UT 35612",2021-12-11
220,Jonathon Lopez,jeffersongary@example.org,"0772 Michelle Tunnel Suite 853 Joelchester, TN 62783",2020-10-09
221,Joshua Taylor,jenniferpatterson@example.com,"75804 James Courts Suite 404 Larryport, MP 97419",2021-04-23
222,Michael Gilbert,gkent@example.net,"747 Jennifer Springs Apt. 417 East Justinburgh, MH 38769",2024-04-06
223,Maureen Alvarez,aarongreen@example.com,"594 Franklin Field Mooreland, CO 21393",2024-07-31
224,Brian Green,fblackwell@example.com,"22225 King Throughway West Blake, WA 48479",2020-04-26
225,Amber Russo,kdecker@example.org,"651 Blankenship Land Roseberg, GA 98766",2021-04-17
226,Aaron Dillon,hamiltondeborah@example.org,"76207 Wyatt Roads Gonzalesshire, PW 05331",2022-08-04
227,Mary Mcgee,longolivia@example.com,"59859 Villa Fork Apt. 676 West Christineland, NH 01727",2023-06-21
228,Anthony Brown,ericgalvan@example.com,"07175 Thompson Pines Suite 070 Leemouth, UT 03371",2021-08-25
229,Edward Salinas,steven83@example.net,"56525 James Alley Apt. 247 Mathewfurt, NC 28169",2021-05-31
230,Dr. Richard Ferguson,amartin@example.net,"630 David Landing Apt. 660 East Michael, VT 10897",2023-12-04
231,Diana Nelson,rgentry@example.com,"1727 Mccarthy Harbors Apt. 769 New Kathrynmouth, IN 64256",2024-08-16
232,Luis Miller,mariaward@example.com,"8753 Jessica Springs Chungborough, VT 70102",2022-02-21
233,Adam Schneider,webbjaclyn@example.com,"642 Jones Lane Richardville, UT 20856",2020-06-20
234,Julia Koch,ramosjack@example.net,"3351 Martin Roads Apt. 641 Lake David, TN 74747",2023-12-16
235,Daniel Graham,carla46@example.net,"258 Gutierrez Pines Jerrytown, MI 26578",2024-06-11
236,Samuel Mcclain,osharp@example.net,"34190 Barton Crest Jenniferhaven, MO 96332",2023-07-23
237,Patty Stanley,pshaffer@example.net,"683 Karen Turnpike Apt. 198 Robbinsside, MI 44601",2023-12-01
238,Crystal Williams,paulsimmons@example.net,"4282 Scott Divide Suite 833 Saramouth, MI 20893",2020-01-17
239,Lisa Roberts,russell98@example.org,"4817 Cruz Valleys Suite 264 Phillipsmouth, NM 64986",2020-10-23
240,Tracy Ward,jasonhatfield@example.org,Unit 8007 Box 6799 DPO AP 48506,2023-08-12
241,Vanessa Knight,davidlindsey@example.com,"1208 Heather Ferry South Maryberg, GA 53856",2024-05-01
242,Vanessa Wyatt,adam09@example.com,"4539 Grant Way Apt. 649 Paulhaven, MT 66400",2023-01-05
243,Mark Richardson,bhutchinson@example.com,"9196 Marie Bypass Suite 982 Robinsonshire, KY 33645",2022-03-31
244,Matthew Thornton,lperkins@example.com,"930 Erica Keys Apt. 697 Port April, DC 63733",2023-01-30
245,Brian Thompson,michael33@example.com,"157 Jones Port Apt. 401 Karaburgh, UT 17149",2021-02-10
246,Joe Hobbs,jonesdanielle@example.net,"59654 Joshua Meadow West Mariaborough, CO 17174",2020-05-19
247,Danielle Martin,christinaprince@example.net,"PSC 0764, Box 2703 APO AE 43902",2020-07-22
248,Kathleen West,longheather@example.org,"PSC 2993, Box 0959 APO AE 41344",2021-02-20
249,Gavin Nash,juliesnyder@example.net,"637 Heather Drives Annaton, AR 78090",2020-12-22
250,Kyle Lawson,zjones@example.net,"205 Anita Squares Apt. 885 Evansport, MN 21490",2022-02-09
251,Eric Smith,jillianglover@example.net,"1950 Sanchez Villages South Antonio, PR 75775",2021-12-07
252,Andrew Hurst,joshua17@example.net,"1086 Daniel Highway Wolfeville, WV 38046",2023-01-26
253,Willie Mclean,vaughnscott@example.org,"99662 Hogan Ports Apt. 638 Lake Valerie, OK 50371",2023-12-11
254,Jamie Griffin,connienguyen@example.org,"746 Valerie Ports Johnsonburgh, VT 93193",2021-06-29
255,Miss Angela Jackson,rachel97@example.net,USS Clark FPO AA 53573,2023-11-06
256,Nicole Smith,connerjordan@example.org,USNS Lane FPO AE 15431,2020-08-10
257,Amanda Dougherty,samanthathompson@example.net,"236 Williams Centers New John, OK 45650",2020-12-02
258,Francisco Tucker,harrismeagan@example.net,"243 Jennifer Green West Paulastad, MA 54541",2024-06-14
259,Holly Washington,kelsey36@example.org,"576 Thomas Turnpike Suite 681 Sheilahaven, WV 34804",2021-05-23
260,Tony Gonzalez DVM,bridgesmichelle@example.net,"973 Short Orchard South Thomas, MD 63414",2023-07-31
261,Alexis Baxter,lucas46@example.org,"13392 Joseph Junctions South Jesus, WI 95897",2023-08-17
262,Kristen Hicks,stephen92@example.com,"81557 Farley Common North Tiffany, IA 33270",2023-03-24
263,Lindsay Graham,megan22@example.net,USNS Woods FPO AP 85237,2022-08-26
264,Daniel Anderson,heatherrios@example.com,"9765 Russell Ville Apt. 270 Gregoryfort, NH 54834",2021-02-04
265,Joshua Jefferson,eharris@example.org,"32915 Savannah Stream Suite 752 Barneshaven, MT 30652",2023-06-29
266,Jacqueline Chapman,yhoffman@example.com,"460 Stewart Haven Apt. 914 Abigailmouth, AK 84904",2020-09-07
267,Sarah Chapman,petersonsharon@example.com,"64619 James Forges Suite 260 Port Lisa, IL 71238",2020-07-13
268,Tiffany Ross,xlewis@example.net,"31365 Brooks Dam Apt. 365 Lake Randyland, MN 32206",2023-05-29
269,Michael Burgess,danielhamilton@example.org,"63723 Burgess Glen Katelynside, PW 61286",2021-05-06
270,Leslie Mason,andrew47@example.net,"64748 Ortega Flat Leefurt, CT 73161",2024-07-21
271,Angela Werner,myersrobert@example.net,"2668 Donna Cape Suite 404 South Elizabeth, UT 52276",2022-12-08
272,Cindy Walker,phillipslori@example.org,"66073 Tyler Islands Apt. 391 Lake Karen, VT 73120",2023-10-10
273,Tina Williams,wheelerolivia@example.org,"3847 Watts Inlet Cynthialand, KY 63524",2021-02-02
274,Savannah Villarreal,arnoldshawn@example.org,"4009 Peters Shores Emmaside, CO 55054",2021-03-30
275,Gloria Baker,patricia18@example.org,USNS Jenkins FPO AP 51752,2023-05-02
276,Tyler Mills DDS,wardmatthew@example.org,"902 Jensen Freeway Aaronport, WV 02980",2020-09-24
277,Robert Pittman,samantha86@example.net,"4700 Debbie Walks Jonathanton, OH 72238",2023-08-03
278,Steve Osborne,hmaldonado@example.org,"24216 Chelsea Cliffs Peterchester, MN 13314",2024-05-19
279,William Campbell,mrobinson@example.org,"505 Lauren Neck Suite 397 Kennedyport, NH 59751",2023-03-23
280,Laura Berg,penascott@example.com,"6331 Kevin Isle Zunigastad, TN 71180",2023-08-25
281,Andrew Morales,alexis06@example.org,"5120 Mendez Forks Suite 469 Brandonview, HI 26926",2021-02-24
282,Stephen Hernandez,cartertravis@example.net,"8459 Kline Way Port Robertberg, NE 02486",2022-07-15
283,Sarah Mercer DDS,gdickson@example.com,"3988 Harrell Ways Apt. 494 Lake Cherylborough, TN 78654",2020-01-31
284,Michael Brown,stephaniegregory@example.net,"6010 Patty Gateway Apt. 236 Spencemouth, AS 03798",2021-02-08
285,Michele Delgado,laura68@example.net,"143 Patricia Place North Jessica, MO 58509",2023-07-18
286,Whitney Jones,normanlopez@example.com,Unit 9733 Box 4377 DPO AP 47032,2020-10-29
287,Sarah Baker,xhughes@example.net,"0811 Grant Port Apt. 939 Walterbury, AR 64995",2024-03-28
288,Heidi Hoover MD,bwalters@example.org,"41236 Sara Parkways Suite 107 Kennedyborough, OR 14573",2020-06-05
289,Nicole Lambert,jonesjenna@example.com,"45617 Kayla Turnpike Juliehaven, TN 09920",2021-08-27
290,Malik Carroll,dgomez@example.com,"9583 Jean Road Suite 765 New Erin, AL 69790",2024-07-15
291,Selena Perez,ssmith@example.org,"7383 Harris Spur Apt. 256 Juanmouth, MO 39414",2023-07-18
292,Hannah Miller,debra80@example.org,"7064 Washington Locks Jackieland, ND 74825",2021-05-13
293,Gary Cunningham,unelson@example.net,"003 Forbes Park Garrettton, FM 51802",2023-11-01
294,Andrea Johnson,duranjeffrey@example.net,"8461 Thomas Walk Jamesborough, GU 13424",2024-07-05
295,Kevin Ferguson,cannoncharles@example.net,"65549 Jordan Oval Suite 948 Ryanstad, IN 81039",2022-12-07
296,Brandon Lee,xbennett@example.com,"109 Elizabeth Street Suite 473 Lake Ashlee, SC 88255",2020-08-16
297,Jacqueline Morris,robinmejia@example.com,"6165 Nicole Row Hernandezburgh, NY 67664",2023-06-22
298,Brandon Scott,allisonbell@example.com,"952 Raymond Roads Lopezhaven, MN 53198",2020-04-24
299,James Fox,fmartin@example.org,"47744 Hogan Street Suite 325 Leeshire, KS 78238",2020-06-23
300,Darrell Bryant,qkennedy@example.net,"84971 Laura Crossing Jenniferfort, OR 17243",2023-10-14
301,Ian Kelly,collierallison@example.net,"3669 Marshall Corners East Christophermouth, CA 09090",2021-03-17
302,Alejandro Jacobs,denisesmith@example.com,"6977 Wolfe Manor Suite 212 Youngbury, AK 78559",2020-04-13
303,Jeffrey Roberts Jr.,pwilliams@example.net,"23616 Evans Plain East Rachelshire, MS 10951",2024-08-01
304,Jeffery Anderson,hkennedy@example.org,"20596 Robert Rue Jessicatown, WY 41399",2021-05-16
305,Timothy Hayes,colonbrenda@example.com,USS Nelson FPO AE 44532,2022-12-28
306,Kimberly Dominguez,rachelhenderson@example.org,"918 Cynthia Circles East Alan, MH 16457",2021-08-23
307,Misty Brown,stevenmartin@example.net,"539 Jackson Glen North Dawnfurt, ME 62240",2023-04-01
308,Stefanie Daniel,zjackson@example.com,"3455 Cassidy Ridge New Patrick, FL 93657",2021-12-25
309,Blake Johnston,zacharyochoa@example.net,"193 Holt Meadow Suite 067 North Maria, IL 16235",2020-09-19
310,Leslie Williams,fjordan@example.org,"636 Lindsey Lock West Megan, WY 56870",2021-07-15
311,Kevin Alexander,christian83@example.org,"566 Torres Fall Donaldburgh, IL 28135",2022-10-25
312,Casey Hill,pattersonandrew@example.org,"6404 Brown Ranch South Josetown, NM 66931",2020-03-16
313,David Wu,jhall@example.net,USS Sellers FPO AA 67217,2024-01-11
314,Jeremy Gould,tsimpson@example.com,"PSC 8036, Box 7592 APO AP 96222",2024-02-05
315,Alexis Hutchinson,djackson@example.org,"6793 Mark Stravenue Archerchester, WA 56708",2022-06-15
316,Ernest Cross,kyle54@example.org,"769 Hill Lights Apt. 006 Owenshaven, OR 68033",2021-11-12
317,Jennifer Stuart,thomaspalmer@example.org,"167 Baird Mission Apt. 197 Nicholasstad, PA 73460",2020-01-17
318,John Benson,darlenefoley@example.org,"8050 Jeffrey Grove West Micheal, VA 85218",2023-11-20
319,Stephanie Bush,james07@example.org,"86590 Raymond Center South Jennifershire, IL 42165",2021-07-10
320,Jamie Cox,amandacastro@example.org,"479 Taylor Glens South Frankhaven, WV 10425",2022-06-11
321,Mike Harmon,epreston@example.net,USNV Ochoa FPO AE 46875,2022-03-10
322,Cindy Foster,smithsara@example.com,"76207 Hendricks Prairie New Wesley, NE 41585",2021-01-16
323,Melinda Miller,simsdavid@example.com,"2414 Nicholson Route Apt. 538 West Marieburgh, CT 71612",2020-01-03
324,Christopher Wallace,jessica73@example.net,"078 Sarah Walk Johnsonhaven, WI 65033",2023-10-23
325,Patrick Diaz,karen65@example.org,"67683 Paul Union Apt. 297 North Adam, TX 43237",2023-06-30
326,Robert Floyd,estradajay@example.org,"9218 Spencer Station Lake Sarah, KS 56581",2022-10-29
327,Amy Long,reyesadam@example.org,"1436 Jose Brook Higginshaven, PR 97584",2022-08-30
328,Jim Smith,vberry@example.com,"252 Liu Way Gregorytown, LA 57399",2023-07-24
329,Tanya Jennings,gerald52@example.com,"6934 Elizabeth Port East Molly, WY 70231",2020-01-29
330,William Hernandez,jonestheresa@example.org,"2800 Veronica Ridge Suite 138 Thompsonstad, DC 72384",2023-01-14
331,James Holmes,jay01@example.net,"035 Pena Ways Suite 857 West Shawnstad, GA 91386",2024-05-17
332,Andrew Christian,christopherbarnes@example.org,"PSC 8537, Box 2032 APO AE 04720",2024-05-15
333,Diane Smith,wclark@example.net,"8854 Michael Plains Port Keithstad, SD 40086",2022-10-31
334,Erin Durham,ajordan@example.com,"0933 Jon Village Annamouth, VA 27500",2022-03-19
335,Kyle Woodard,stevenlang@example.org,"990 Kimberly Cliffs Apt. 681 East Sean, UT 77727",2023-10-14
336,Jessica Brady,greenedwin@example.com,Unit 1643 Box 9544 DPO AE 67778,2022-03-29
337,Christopher Morris,manuel36@example.com,"672 Williams Crossing Suite 045 East Richard, WA 42655",2021-11-28
338,Mary Kramer,ljackson@example.net,"62581 Manning Freeway Tylerbury, CO 60916",2020-11-01
339,Elizabeth Spencer,yanderson@example.net,"476 Sarah Valleys Hicksburgh, VA 55168",2021-07-04
340,Jeremy Campbell,judith97@example.com,"039 Howard Burgs South Rebeccafort, AR 98606",2020-07-17
341,Mark Hill,anita02@example.net,"33095 Harrington Mountain Apt. 443 East Saramouth, OR 13501",2020-08-09
342,Stephanie Martin,michaelrussell@example.com,"7643 Corey Stream Apt. 354 Lake Nicoleland, IN 65750",2024-01-03
343,Susan Ramirez,michaelalexander@example.org,"873 Miller Walks Costaville, KY 61004",2020-09-22
344,Susan Harris,jennifer67@example.org,"78381 Paul Terrace Apt. 289 South Alan, NH 79507",2020-08-02
345,Monica Farley,hector65@example.net,"870 David Rapids Murrayview, AL 99273",2024-09-06
346,Caleb Evans,ksherman@example.org,Unit 7141 Box 0204 DPO AP 52350,2020-01-24
347,Michael Lee,darrellklein@example.com,"73551 Margaret Corner Jamesview, MO 30521",2020-05-07
348,Lynn Franklin,david70@example.org,"2203 Buckley Run North Jennifertown, PR 16548",2022-02-01
349,Randy Smith,davidsonannette@example.org,"2403 Edward Tunnel New Taylorstad, DC 82704",2022-02-06
350,Adrian Green,danavelazquez@example.org,"6306 Misty Spur Villaport, AR 96316",2021-12-10
351,Elizabeth Moore,zoe93@example.com,"0479 Roy Parks Brownborough, AR 81275",2022-01-28
352,Charlene Jenkins,osmith@example.net,"905 Cross Fords South Raymond, AS 25368",2020-10-21
353,Michelle Barker,wwilson@example.com,"121 Marissa Bridge Andreashire, ND 29324",2023-01-21
354,Jennifer Hill,sherylbennett@example.org,"6069 Christopher Way Suite 913 East Joseph, TN 35987",2024-08-20
355,Shannon Flowers,stevenrobles@example.com,"9871 Griffin Court Allisonfurt, MH 36415",2023-02-12
356,Cesar Jones,hubbardsarah@example.org,"221 Joseph Lake West Debra, CT 76284",2024-05-12
357,Michael Anderson,collinsjeanne@example.org,USNV Gilbert FPO AE 92830,2021-07-03
358,Ashley Weaver,wilsonjesse@example.com,"32394 Anderson Expressway Apt. 136 Cruzside, MA 95994",2023-01-15
359,Laura Hooper,joshuacervantes@example.com,"33575 Watson Parks West Matthew, ID 26174",2022-08-05
360,Chad Lutz,oberger@example.com,"5076 Kimberly Orchard Suite 720 Lake Kelly, NE 11621",2024-06-24
361,Melanie Nielsen,vproctor@example.com,"90382 Briana Oval Apt. 307 East Michaelberg, IL 27404",2021-06-10
362,Patrick Wilkins,millerdavid@example.org,"9067 Mueller Run Charlesland, LA 70457",2020-04-23
363,Benjamin Torres,philipanderson@example.com,"891 Michael Stravenue Suite 474 North Nicholasborough, MP 86172",2022-10-09
364,Jasmine Williams,harrislaurie@example.com,"PSC 8280, Box 5677 APO AE 09570",2023-02-21
365,Dr. Lori Torres,smithshelley@example.net,"6845 Jennifer Mall North Taylorton, IL 83329",2020-07-22
366,Daniel Peterson,toddtroy@example.com,"665 Holden Road East Andrew, PR 59316",2022-05-28
367,Robert Smith MD,cnolan@example.com,"48242 William Park Apt. 435 Collinston, LA 43898",2020-11-20
368,Kristine Morrow,ivanvaughn@example.net,"80541 Eugene Extensions Suite 142 New Tamarahaven, IL 99488",2021-07-13
369,Harold Jacobson,benjamin86@example.org,"PSC 4717, Box 0696 APO AA 63604",2021-07-29
370,Wendy Mooney,carlos44@example.org,"7023 Aguilar Ports West Amy, IN 42359",2020-11-29
371,Sherry Bennett,egreen@example.org,"6274 Debbie Underpass Apt. 527 East Jamesbury, MP 43722",2024-03-30
372,Aaron Lee,gregory36@example.org,"134 Monica Walk Scottberg, NM 72501",2021-10-25
373,Cindy Dawson,austin08@example.com,"577 Debra Summit Catherineton, NJ 24650",2020-01-29
374,Charlotte Alvarado,connor62@example.com,"794 Barajas Green New Christopher, PA 76925",2020-01-29
375,Jeffery Mcgee,sfranco@example.org,"608 David Station East Jeremyburgh, NH 41719",2020-06-10
376,Garrett Baker,friedmanjessica@example.net,Unit 5487 Box 5185 DPO AA 61330,2023-05-05
377,Timothy Vaughan,matajeffrey@example.net,"9088 Hicks Point Apt. 647 Schneiderfurt, SD 14624",2021-08-16
378,Jillian Powell,nmiller@example.com,"48704 Stacey Spring South Jenniferfort, MN 74580",2022-12-24
379,Maria Curry,erin68@example.org,"150 Jermaine Grove Apt. 708 New Denise, OR 95969",2021-06-20
380,Justin Horn,crystalgarcia@example.net,"418 Matthew Cliff Suite 793 Michaelport, MA 89757",2023-12-13
381,Nicole Mayer,stephanieramos@example.org,"9998 Ortiz Points West Davidchester, WV 91331",2023-04-10
382,Joseph Pena,kevin45@example.com,"677 Maria Mountain Apt. 504 Seanhaven, OH 17992",2020-07-10
383,Patricia Martinez,vbrooks@example.com,"28625 Underwood Crest East Andrewstad, CO 93250",2022-09-05
384,Marcus Pena,nicholas25@example.com,"81601 Hogan Lock North Kevin, GA 49545",2020-03-05
385,Amber Davis,jason26@example.org,USS Lee FPO AP 26507,2022-09-21
386,Anthony Lowery,xluna@example.org,"14678 Rebecca Shoals Suite 343 Martinfurt, MP 17526",2023-05-05
387,Jeanne Mooney,yolandalewis@example.net,"916 Mark Junctions Suite 838 South Annside, DC 22518",2022-12-03
388,Joseph Haynes,taylormatthew@example.org,"0054 Alexis Rapids Suite 426 Kimberlystad, CA 53265",2024-09-21
389,Cynthia Munoz,aprilstewart@example.org,"35179 Leach Flats Suite 862 Teresaville, MD 95468",2020-11-19
390,Melissa Williams,jmartinez@example.com,"608 Hall Hills Erinhaven, AR 92562",2020-08-04
391,Nicole Zavala,donna10@example.com,"404 Kathleen Ramp Apt. 023 Cannonland, DE 88869",2023-03-04
392,Daniel Harris,brandtwalter@example.org,"452 Suarez Plaza Apt. 436 Pattersonchester, IL 94760",2020-09-09
393,Jessica Davis,ymann@example.net,"58727 Danielle View Apt. 267 Danielshire, WV 59706",2024-07-21
394,Thomas Brennan,hutchinsonshannon@example.org,"32799 James Meadows Suite 735 Pennyfort, WY 75246",2020-12-11
395,Tara Hardy,rsoto@example.com,"3017 Martinez Shoals South Jessicastad, TX 65880",2021-02-25
396,John Riddle,whiterobert@example.org,"94970 Justin Plain Suite 297 North Davidbury, KS 76345",2024-08-20
397,Beth Stewart,turnerkevin@example.net,"370 Megan Curve Suite 706 Latashashire, HI 38784",2021-12-11
398,Larry Franco,adammorales@example.net,"615 Gonzalez Ramp East Janetburgh, LA 53393",2021-01-24
399,Stephanie Woodard,gravesthomas@example.net,Unit 3586 Box 1090 DPO AE 70776,2023-07-05
400,Deborah Davis,robert40@example.com,Unit 6477 Box 9848 DPO AP 69536,2023-05-28
401,Nathan Vega,georgefitzpatrick@example.org,"33276 Santos Spurs New Michaelberg, SD 69801",2023-10-28
402,Francis Evans,christopher09@example.org,"7410 Howell Wells Teresatown, GU 37685",2022-08-08
403,Tamara Wright,amanda45@example.com,"81221 Dennis Wells North Ashleymouth, IA 56958",2020-08-05
404,Jose Brown,drodriguez@example.net,Unit 3804 Box 3589 DPO AA 73552,2023-03-27
405,Travis Gilbert,mark85@example.net,"847 Murphy Walk Suite 376 Lake Christophertown, MT 90600",2024-05-28
406,Mr. Jeffrey Conner,travisreyes@example.net,"109 Vicki Manor Apt. 992 North Michael, VA 63195",2023-05-17
407,Cory Tyler,gonzalesannette@example.com,"47837 Steven Course Suite 272 Port Jasmineton, PW 02005",2020-11-15
408,Michael Shepard,ngarcia@example.org,"417 Damon Parkway Suite 771 East Heidi, CT 57953",2024-06-16
409,Brooke Cline,wtrujillo@example.org,"0686 Holland Wells Apt. 175 West Monicaborough, OK 56584",2023-10-23
410,Melissa Rivera,heatherbaker@example.com,"065 Samantha Keys Apt. 246 Port Lisa, NH 36816",2020-04-23
411,Gabrielle Bailey,garciacrystal@example.com,"64392 Scott River South Toni, MP 03255",2020-03-13
412,Mary Chan,robin34@example.net,"60029 Samuel Fort Bryantburgh, SD 47509",2022-04-25
413,Shannon Hanson,rmontoya@example.net,"827 Becker Courts Apt. 005 Kleinmouth, WV 35166",2022-02-24
414,Jessica Taylor,ystout@example.org,"49643 Quinn Crossing West Richardburgh, ID 99497",2022-02-28
415,Ashley Velez,michael98@example.org,"PSC 5713, Box 0908 APO AA 21862",2023-12-14
416,Michelle Williamson,arielturner@example.com,"68215 Smith Mission Apt. 231 Erintown, CT 80512",2023-03-09
417,Erik Lee,hurstjennifer@example.net,"53392 Robert Station New Kyleview, WV 47379",2020-12-12
418,Wendy Williams,qburton@example.org,"5856 Karen Plaza Kennethview, MN 69944",2023-03-04
419,Andrew Lucero,juliebrown@example.net,Unit 3165 Box 2033 DPO AA 58373,2020-04-03
420,Jordan Baker,matthewsrobert@example.com,USNV Gilbert FPO AA 21268,2020-03-11
421,Mary Marshall,david43@example.org,"238 John Glen Howardburgh, NJ 97457",2023-05-13
422,James Griffin,fdurham@example.net,"9218 Mosley Parkway Port Melody, IA 02969",2021-09-28
423,Ruth Moore,tuckerdavid@example.org,"96093 Marc Trafficway Robertsonberg, CT 45229",2022-07-03
424,Andrew Kelly,lopezjeffery@example.net,"267 David Pass Suite 568 Toniport, MT 93953",2020-05-14
425,Michael Mcclain,mitchelldana@example.com,"399 Anna Path Suite 226 Crawfordbury, UT 74849",2024-05-22
426,Joseph Burton,thomas43@example.org,Unit 6259 Box 7364 DPO AE 19172,2023-06-25
427,Kimberly Marshall,lawsonkristine@example.net,"26543 Holly Trail Apt. 667 South Meganstad, VT 50684",2022-06-05
428,Amber Brown,greenthomas@example.com,"399 Kevin Mission Port Misty, ME 93372",2023-09-21
429,Katherine Jacobs,vfarrell@example.com,USNS Hill FPO AP 97887,2023-12-18
430,Samuel Sharp,alex88@example.com,"2423 Gilbert Stream Suite 843 North Benjamin, MP 89990",2021-05-04
431,Karen Johnson,vaughanjames@example.org,"75405 Carlson Drive Suite 475 Sarahmouth, ME 48903",2024-03-22
432,Mrs. Kristin Harris,jonesjeremy@example.org,"PSC 3350, Box 0003 APO AE 30712",2024-01-19
433,Robert Sloan,alex53@example.org,"568 Tammie View Apt. 090 Johnsonbury, NY 41557",2023-12-12
434,Denise Johnson MD,mhall@example.org,"87091 Simpson Points Apt. 198 Lisaland, GU 51559",2021-11-19
435,Victoria Smith,fbeck@example.net,"9787 Andrew Circle Apt. 175 Wendyside, HI 25431",2022-01-13
436,Michelle Mccullough,garciacharles@example.com,USCGC Marshall FPO AP 94125,2021-08-11
437,Bryan Thompson,richardthompson@example.net,USCGC Miller FPO AA 01464,2023-04-05
438,Kyle Thomas,susan35@example.com,"1440 Ronald Parks Daniellechester, AR 80910",2020-09-09
439,Brenda Walker,jonathanbowman@example.net,"3809 Smith Lake Suite 352 Ashleyport, SC 75953",2024-06-09
440,Emily Baird,reedchristopher@example.com,"6416 Julie Island Apt. 372 Williamchester, MD 61327",2020-04-11
441,Todd Davis,nicole19@example.net,"818 Hansen Ville Suite 798 West Elizabethberg, NV 78920",2020-10-16
442,Jason White,stefanie82@example.net,"05678 James Fort Apt. 247 East Joel, VA 85125",2023-11-19
443,Sabrina Jones,cooperkrystal@example.net,"65417 John Rapids Apt. 652 Dianeton, AZ 15714",2021-10-14
444,Connie Gallegos,monicacampbell@example.org,"65236 Kevin Fields Apt. 043 Wilcoxstad, WV 12551",2020-06-15
445,Elizabeth Hurley,mortega@example.com,"331 Stephanie Stravenue Suite 547 Port Joshuahaven, SD 53049",2022-11-30
446,Andrew White,brenda18@example.org,"626 Mary Skyway Suite 800 South Erica, WV 47623",2021-12-03
447,Cory Copeland,brianlam@example.org,"74707 Traci Ferry Scotthaven, PW 66950",2023-06-23
448,Felicia Gordon,katrina85@example.com,"584 Gregg Cliffs North Jennifertown, VA 31060",2023-08-10
449,Michelle Harris,mcdonaldraymond@example.com,"PSC 9973, Box 6817 APO AE 67830",2022-01-25
450,Joseph Williams,cynthia05@example.net,"2062 Maria Canyon West Alexanderborough, AS 82038",2022-12-26
451,Catherine Chen,calderonchristian@example.org,"68617 Davis Key Port Oscarview, NM 72904",2020-05-21
452,Samantha Bush,jmills@example.com,"257 West Trail Heidiburgh, GU 27657",2022-06-20
453,Greg Davidson,rodriguezjames@example.org,"4240 Jesus Light Apt. 801 West Jesseview, IL 62334",2021-11-01
454,Zachary Hudson,dawncollier@example.com,"509 Kathryn Way Suite 790 East Joshua, NY 52515",2020-03-25
455,Timothy Butler,kimberlyfoster@example.net,"42309 Hester Spurs Suite 834 Vasquezburgh, WV 93988",2020-10-09
456,Holly Gates MD,gordonnicholas@example.org,"8596 Timothy Grove Suite 902 Andersonfurt, TX 05547",2020-06-30
457,Deborah Obrien,gonzaleznathan@example.net,"35412 Julia Roads New Amber, WY 87387",2020-10-29
458,Stephanie Mcknight,lewisjennifer@example.com,"646 Thompson Orchard Port Vanessa, MD 11431",2021-05-17
459,Ronald Mann,stephen50@example.com,"837 Adam Branch Denisehaven, MH 57072",2022-03-22
460,Rachel Padilla,josephvalencia@example.org,"7343 Amanda Corner Suite 646 North Ralphchester, MS 21314",2023-01-18
461,Mr. Noah Walsh,michael31@example.org,"2060 Walker Path Apt. 056 Williamsmouth, TX 45585",2020-09-01
462,Sharon Stewart,tferguson@example.org,"8042 Smith Stravenue North Harold, ID 61660",2022-11-27
463,Jason Oneill,maxwelldavis@example.org,"94365 Kim Passage North Theresa, MP 54054",2020-01-05
464,Erica Martin,matthew21@example.net,"419 Mills Club North Christopher, VI 36016",2020-01-16
465,Mason Gibbs,melissabarber@example.net,"876 Johnson Drives West Stephanietown, GU 87456",2021-03-25
466,Christopher Henderson,bartonlaurie@example.org,"791 Mcdaniel Route Kingmouth, SC 89473",2024-08-02
467,Curtis Hall,jocelynlee@example.com,"5102 Smith Rapid Port Omarbury, WI 13828",2024-03-23
468,Elizabeth Johnson,slowery@example.org,"0461 Justin Light West Javier, GU 10764",2023-01-21
469,Noah Davies,jessica58@example.com,"859 Andrew Walks Duarteburgh, LA 45385",2024-03-31
470,Brandon Clarke,jennifergreene@example.net,"44790 Wagner Stravenue Suite 490 Fischermouth, PR 98398",2021-01-21
471,Nichole Nelson,lisa14@example.org,"0857 Brian Plain West Richard, GU 59596",2021-08-23
472,Robert Miller,jennifer05@example.net,"238 Simmons Divide Suite 981 West Michaelland, IN 63919",2024-05-22
473,April Burke,michaellewis@example.org,"282 Riddle Summit Sandersborough, AL 41806",2021-12-29
474,Jocelyn King,piercejames@example.org,"8617 Rachael Locks South Nicoleside, WY 13597",2021-11-18
475,Sheila Ho,othomas@example.org,"084 Steven Place Scottshire, WV 21083",2020-11-29
476,Lisa Green,ealvarado@example.com,"796 Duran Trafficway Apt. 292 New Danielport, NC 53353",2023-07-17
477,Kelly Collins,alexortega@example.org,"01133 Heather Unions Apt. 844 East Valerie, AK 30292",2020-12-26
478,Steven Ward,zbuckley@example.com,"813 Jose Manor Suite 731 Watsonburgh, WY 49948",2020-10-08
479,Michael Williamson,kennethhill@example.com,"3815 Tammy Meadow Williamtown, WY 94957",2021-12-18
480,Thomas Camacho,ashleyhudson@example.org,"073 Torres Course West Mirandachester, TX 44196",2021-02-19
481,Christopher Murray,bushdanielle@example.com,"237 Robert Crest Suite 432 Willieland, VA 73800",2023-03-28
482,Jeffrey Fields,ymathews@example.com,"8422 Hobbs Mountain Apt. 599 Hartton, AR 45284",2023-06-11
483,John Johns,ldunlap@example.com,"400 Joshua Port Port Christian, MO 41716",2021-06-28
484,Carl Fowler,rwillis@example.com,"059 Reed Prairie Apt. 515 West Jeffrey, WI 04357",2021-10-30
485,Daniel Bird,coxkerri@example.net,"4136 Swanson Springs Apt. 682 Joannbury, VT 42194",2020-02-01
486,Craig Thompson,sullivanchelsey@example.net,"934 Fisher Wells Michaelborough, MO 74768",2020-12-28
487,Cheryl Lee,gregorykristen@example.org,"48557 Turner Valleys Laurafort, CA 96415",2024-05-27
488,Catherine Simpson,mercadojessica@example.com,"737 Johnson Shoal Suite 858 West Jennifer, ME 07266",2023-04-16
489,Jennifer Alexander,deannataylor@example.com,"27447 Howe Causeway Apt. 289 West Alyssa, MO 44941",2021-07-22
490,Eric Garrison,petersonsamuel@example.net,"60642 Daniel Harbors Suite 040 Port Jasonmouth, VA 41704",2021-09-08
491,Donald Harris,kwalker@example.com,"9932 Joseph Junction West Rebeccaville, VA 95802",2022-05-18
492,Madeline Shields,randybrown@example.com,"1161 Reyes Run Anthonymouth, DC 47066",2020-05-29
493,Theresa Matthews,scottmaria@example.com,"3586 Carlson Corners Apt. 755 Lake Kevin, MT 03207",2024-10-05
494,Laurie Taylor,sjennings@example.com,Unit 6413 Box 2810 DPO AE 19315,2023-05-11
495,Danielle Williams,yfowler@example.net,"9406 Martin Falls East Jefferyborough, MH 77100",2021-01-31
496,Jorge Berry,erin30@example.net,"687 Brady Cove Apt. 908 Lake Maryville, NJ 83333",2023-06-28
497,Tami Brooks,sierradougherty@example.com,"5431 Graham Mountain Andrewsborough, OR 33630",2021-06-12
498,Thomas Melendez,mary79@example.org,"8811 Gary Port Suite 100 Coleview, IN 34906",2020-12-24
499,Todd Kim,jamie85@example.com,"37191 Miles Junction Apt. 434 West Kayla, AS 04487",2024-04-16
500,Kimberly Alvarez,ryanruiz@example.com,"1089 Watson Hill Suite 869 Johnsonland, ME 55817",2024-08-23
