id,name,email,address,date_joined
1,Jeffery Gonzalez,diana14@example.net,"38024 Vanessa Mills East Ralphport, MD 30224",2023-05-02
2,Micheal Sullivan,savannahsalinas@example.org,"59941 Carolyn Hills Port Cassandramouth, IA 34924",2021-06-12
3,Shelly Sanchez,reedanthony@example.com,"8821 Alexis Circles South Tammybury, FL 53119",2024-06-25
4,Jennifer Stephens,rose48@example.net,"9802 Obrien Rue Suite 301 Michaeltown, VA 60981",2023-10-26
5,Kimberly Johnson,lisa92@example.org,"314 Payne Well New Ronald, MH 81632",2023-02-06
6,Kathleen Lin,dmorris@example.net,"0313 Jennifer Village Christineshire, DE 43145",2022-07-17
7,Kathy Wells,rosalesmichelle@example.net,"61028 Patricia Square Davidview, NH 04161",2022-05-30
8,Melissa Rodriguez,jessica90@example.com,"23393 Rodriguez Ports Apt. 915 Warrenfort, WA 62507",2024-03-24
9,Tammy Blake,bfreeman@example.com,"56970 Rodriguez Ford Shannonton, ID 32996",2023-02-10
10,Timothy Franco,kimberly71@example.org,"600 Brian Shore Apt. 053 Karaberg, IN 22948",2022-06-29
11,Sara Campbell,escott@example.org,"62643 Philip River West Sara, AS 57358",2023-05-25
12,Chase Miller,campbelldawn@example.org,"01508 Davies Divide West Darrell, MN 87836",2023-03-01
13,Thomas Grimes,mendezallison@example.com,"53374 Matthew Terrace Suite 211 Dawnland, ME 45719",2022-09-10
14,Jerry Wilson,tamaraclark@example.net,"3668 Flores Cape Apt. 745 South Rogerchester, NE 61829",2022-06-12
15,Scott Hall,michellehernandez@example.net,"367 Watson River Travisstad, MO 72165",2022-12-21
16,Denise Preston,kcampbell@example.net,"73772 Amber Ports Port Larrymouth, VI 96765",2022-10-27
17,Kara Cain,judith18@example.org,"058 Kimberly Mountain West Joseton, NJ 46364",2023-06-04
18,Susan Ho,pguzman@example.net,USNS Ramirez FPO AA 23403,2020-02-03
19,Michael Harris,jacksonjoshua@example.net,"548 Michael Crossroad Catherinefurt, NY 83315",2023-07-05
20,Timothy Parsons,jonesrobert@example.net,"13615 David Throughway Markland, MS 29525",2022-04-30
21,Pamela Johnson,lucerosusan@example.com,"4744 Jennifer Ford Keithfort, FL 73712",2024-09-29
22,Debra Cole,hudsonkyle@example.net,"647 Rita Cove Apt. 751 Johnsontown, IL 07074",2023-12-17
23,Austin Salinas,becky90@example.com,"83317 Cooley Fall Suite 396 West Michaelland, NJ 05394",2023-11-01
24,Matthew Pierce,markwhite@example.com,"2459 Michael Field Suite 498 Lake Jefferychester, GA 33164",2021-02-21
25,Daniel Davis,martincharlotte@example.com,"6486 Eduardo Union Apt. 178 West Chrishaven, MN 07136",2020-07-29
26,Melissa Krueger,danny82@example.org,"5007 Craig Groves Rebeccaberg, SD 34802",2020-01-08
27,Desiree Ortiz,victorrandall@example.com,"9470 Fry Manor Suite 013 Lake Adamfort, ND 55991",2020-04-06
28,Jeffrey Anderson,ralph19@example.com,"345 Mcclain Crossing Apt. 939 Lake Elizabethtown, DE 28827",2024-07-03
29,Julia Maxwell,murphyvickie@example.com,"493 Smith Meadows Suite 708 Blakefurt, WV 79674",2020-04-13
30,Isaac Gibson,ginawise@example.net,"528 Miller Spurs Brendahaven, NV 15503",2022-05-01
31,Brandi Strickland,zmoreno@example.org,"558 Butler Forges Suite 581 West Jody, TX 20795",2020-05-09
32,Nathan Kim,chays@example.net,"915 Ponce Vista Parkerborough, NE 23825",2020-09-21
33,Phillip Hammond,campostoni@example.org,"PSC 1432, Box 5815 APO AP 12225",2023-08-19
34,Emily Blair,cookmatthew@example.org,"788 Cook Viaduct Apt. 637 Donaldbury, IL 88669",2021-09-21
35,James Walker,marvinpaul@example.org,"77742 Jimenez Trail Maxwellton, MS 88594",2021-05-30
36,Justin Berg,johnhaley@example.com,"771 Christopher Islands East Crystal, FM 48162",2021-07-24
37,Ryan Nicholson,hamiltonamy@example.org,Unit 1664 Box 6166 DPO AP 47694,2020-09-27
38,Edward Wagner,hayesrachel@example.com,"71340 Sosa Shores East Jennifertown, MD 12793",2023-11-23
39,Mary Espinoza,brian91@example.org,"57250 Taylor Union Suite 192 Terryshire, WI 67231",2024-05-15
40,William Johnson,greenjoseph@example.net,"9875 Wilson Centers Johnsonshire, SC 75432",2024-05-23
41,James Martinez,vbennett@example.net,"24783 Patterson Freeway Suite 448 West Davestad, VI 46511",2023-12-05
42,Justin Oneill,sheachristopher@example.com,"3736 Mcdonald Ridges South Desireeton, ND 07934",2022-05-07
43,Marie Palmer,morsesara@example.com,"0787 Russell Squares Suite 425 South Katherine, CT 81273",2023-05-15
44,Heather Murray,qcarter@example.net,"6475 Robertson Springs South Julie, MO 67118",2022-06-27
45,Michael Pierce,greengloria@example.net,"738 Klein Prairie Port Meredithfort, LA 72026",2021-04-12
46,Kelly Sullivan,weekskatrina@example.org,"45200 Stephanie Island Suite 310 Debrachester, SD 37097",2021-03-15
47,Shannon Young,popediane@example.com,"292 Austin Island Apt. 703 Ritafort, AL 14066",2020-11-02
48,Andrew Jenkins,rcox@example.com,"14915 Fox Turnpike Alishastad, DE 66833",2022-07-19
49,Joseph Carson,kimberly02@example.com,"097 Juan Inlet Port Pamela, PW 82477",2023-12-04
50,Robert Lopez,carmenhunter@example.net,"0016 Robinson Bypass Jamesmouth, VA 85059",2020-04-04
51,Jose Wallace,udavis@example.org,"17961 Hunt Shores Suite 556 East Teresaland, DE 95857",2023-12-07
52,Juan Hernandez,krystalhayes@example.org,"227 Karen Terrace Apt. 458 West Heatherstad, CT 89374",2024-09-17
53,Dylan Gibson,evanskyle@example.org,"836 Paul Spur Suite 773 Millertown, HI 55377",2020-07-29
54,Samantha Nunez,yevans@example.com,"9685 Williams Prairie Sandrabury, HI 68231",2021-12-23
55,Janice Williams,kdorsey@example.net,"52992 Timothy Trafficway Apt. 806 Potterland, NV 96346",2021-08-23
56,Sherri Mendoza,jason76@example.net,"8345 Buchanan Bridge South Amanda, SD 39622",2021-10-02
57,Ronald Cooper,zfry@example.com,"521 Kim Hill Millermouth, DC 75180",2022-09-21
58,John Thompson,lauragilbert@example.org,"597 Michael Village Lake Patrickfurt, NC 72359",2020-10-12
59,Cheryl Jones,brucemoore@example.net,"77596 Bell Crescent Port Nicolestad, CA 96152",2022-08-19
60,Kevin Carney,kristiecase@example.com,"37547 Michael Walks New Rodney, MT 90909",2020-07-15
61,Mark Crane MD,jennifer12@example.org,"84009 Robert Mills New Alyssa, IN 33135",2020-07-02
62,Debra Morgan PhD,lisa03@example.org,"484 Jason Heights Suite 797 Amyshire, PW 28377",2024-01-24
63,Kelly Booth,matthewmccarthy@example.org,"826 Ortiz Underpass Apt. 396 Port Steven, WA 18316",2023-10-26
64,Anthony Rivers,ccross@example.net,"8724 Martinez Crossing Stephanieport, RI 16654",2024-09-04
65,Kristy Mills,awilliams@example.org,Unit 8816 Box 7374 DPO AA 18890,2024-04-16
66,Rose Robinson,dphillips@example.net,"2551 Peter Ridge Heathertown, WI 56014",2024-09-26
67,Christine Collins,wandascott@example.org,"474 Samantha Stream Carmenmouth, MT 77689",2024-03-18
68,Chad Pineda,jacqueline40@example.com,"639 Lindsey Parkway North Christian, AL 68203",2023-07-28
69,Heidi Johnson,aspencer@example.net,"5565 Austin Streets Fosterville, MA 50712",2023-11-25
70,Carl Davis,michaelharding@example.net,"274 Fuller Valleys Apt. 293 South Anthony, CA 41689",2022-08-16
71,Denise Mcdonald,frederick55@example.org,"6715 Jennifer Junction Suite 011 West Shawnborough, DC 45866",2021-01-06
72,Angela Cox,ycole@example.org,"8558 Luis Ramp Apt. 971 Wallerville, PW 36619",2024-05-19
73,Collin Kemp,ashley73@example.org,"1630 Chandler Valley Crawfordhaven, PR 26431",2021-02-27
74,Amanda Fox,osmith@example.net,"138 Dixon Prairie Apt. 217 Robertsonside, VA 68901",2020-02-14
75,Jackie Davis,paulbennett@example.com,"632 Lambert Estate Apt. 050 Patriciaside, OH 05221",2022-08-28
76,Michael Oneal,amywilliams@example.com,"482 Sanders Meadows Emilymouth, NE 53081",2023-03-05
77,Amanda Sullivan,lwilliams@example.org,"2747 Jamie Island Apt. 523 Robertbury, NY 11753",2020-11-25
78,Brooke Flores,salinassteven@example.net,"0551 Vincent Knolls Mikebury, MD 02553",2021-09-29
79,Matthew Rodriguez,bmarquez@example.org,Unit 1897 Box 9138 DPO AP 09346,2020-03-08
80,Kimberly Keller,brittany33@example.com,USS Cox FPO AA 12001,2022-04-01
81,Timothy Pena,pgutierrez@example.org,"972 Sherry Views Apt. 426 Lake Marieshire, OK 08442",2021-07-28
82,Brittany Miller,reeveskaren@example.com,"6545 Crawford Turnpike Amyberg, NC 30330",2020-04-13
83,Jeffrey Hall,jack31@example.net,"09329 White Gardens Codytown, NV 83189",2022-06-20
84,Bruce Fletcher,petersmark@example.com,"241 Fernando Walk Suite 695 Rebeccaside, VA 79312",2021-10-09
85,Nicholas Richardson,anthony18@example.net,"5212 Levine Hills Adkinstown, MP 12655",2022-04-25
86,Stuart Woods,tiffanyclark@example.net,"36103 Phillip Spring Suite 775 Floreschester, PA 06887",2020-06-14
87,Rachel Mcbride,rodriguezmeredith@example.net,"9103 Richard Parkway Apt. 163 Lake Jefferyburgh, NY 84315",2021-10-13
88,Shannon Johnson,bettytaylor@example.net,"18792 Hoffman Pine Suite 248 Derekmouth, AR 70623",2020-06-15
89,Scott Weber,krogers@example.net,"144 Brian Isle Suite 985 Robertsfurt, LA 34481",2020-04-25
90,Amy Freeman,teresa07@example.org,"05777 Lisa Extension Suite 283 New Sonya, KY 66172",2021-11-29
91,Kristin Stout,sararodriguez@example.net,"2941 Courtney Loop Suite 406 Wilsonchester, CO 39189",2020-08-15
92,Joseph Humphrey,vanessaalvarado@example.org,"1681 James Loaf Apt. 287 Burtonton, NC 31470",2021-08-14
93,Ryan Coleman,susan03@example.net,"808 Erica Key Suite 172 Jordanfurt, NM 34680",2021-03-22
94,Scott Smith,kvincent@example.net,"6593 Perez Ridge Port Megan, MH 65064",2023-09-19
95,Andrew Frost,jamesthomas@example.org,"29168 Eric Bridge Suite 440 Martinezton, AZ 62261",2023-04-17
96,Roy Gonzalez,jmartinez@example.org,USNS Alexander FPO AE 77345,2024-02-12
97,Michael Hernandez,creynolds@example.org,"218 Sanders Forges Petersenburgh, AK 21419",2021-11-08
98,Mark Mccormick,russoterrence@example.com,"9337 Stephanie Summit Lake Derrick, MT 08337",2020-02-01
99,Christopher Erickson,adamsangela@example.org,"832 Brandon Isle Beardmouth, IL 97837",2020-01-31
100,Erin Scott,agraves@example.org,"5448 Johnson Shores Suite 364 Oconnellview, WV 20223",2020-03-08
101,Mr. Sergio Grimes,amandabrewer@example.com,"474 Miller Ville Apt. 373 Hollybury, LA 37373",2021-12-02
102,Dawn Moreno,mshelton@example.net,"647 Sanders Grove Suite 106 Rickland, NH 68211",2023-08-13
103,Antonio Wright,maddoxcynthia@example.com,"2899 Joseph Stream Chavezland, CA 29835",2022-08-23
104,Heather Sanchez,kristiegoodman@example.com,"522 Ho Gardens New Robert, IL 15244",2023-12-05
105,Anthony Beard,molly40@example.net,"84794 Theresa Avenue Apt. 438 Frankborough, KS 18327",2020-08-12
106,Mrs. Jessica Medina,ctran@example.org,"389 Williams Ports Vegaburgh, AS 62885",2024-04-01
107,Thomas Roy,charles04@example.org,"752 Amanda Gateway Aaronport, HI 78257",2023-07-19
108,Desiree Anderson,brittanyreid@example.net,"639 Nathan Courts South Linda, AS 61168",2022-12-20
109,Beverly Solis,alyssa59@example.net,"392 Eric Street Carolfort, MD 41445",2023-04-27
110,Melissa Moore,alicia89@example.net,"3810 Schwartz Springs Jameston, ID 06256",2021-07-10
111,Paul Cook,pottsjames@example.org,"968 Angelica Stravenue Suite 452 New Stevenside, MS 74540",2024-08-24
112,Ryan Smith,smithjustin@example.com,"5724 Crane Flats Sanchezstad, SD 61498",2021-10-20
113,Natalie Black,jaime30@example.com,"643 Amber Junction Suite 274 Samanthaborough, MA 98323",2020-12-20
114,Beth Lowe,christopherhopkins@example.com,"PSC 5764, Box 7613 APO AE 54149",2022-03-04
115,Kimberly Collins,wgalvan@example.net,"174 Stephanie Corners New Paula, PW 92184",2021-01-14
116,Jay Townsend,michaelclark@example.org,"6720 Stuart Shores East David, WA 11703",2020-09-15
117,Jessica Miller,alexfowler@example.net,"71647 Salazar Path Pachecoshire, ID 80517",2021-05-08
118,Antonio Smith,nicholaswilliams@example.com,"338 Natasha Springs Veronicafurt, MD 72538",2022-06-02
119,Kelli Harris,darnold@example.net,Unit 6526 Box 5958 DPO AP 25032,2024-01-22
120,Isaac Flores,millerrobert@example.net,"79330 Gabriel Garden Apt. 947 New Jesse, MP 70517",2021-10-06
121,Carl Rios,kimberly70@example.org,"8199 Anderson Street Apt. 147 North Cody, DC 68330",2023-04-02
122,Tara Willis,charlesbarnes@example.net,"244 Steven Mission Apt. 844 West Hollytown, AL 31683",2021-02-15
123,Felicia Smith,ooconnell@example.org,"182 Washington Route East Matthew, OH 40799",2020-06-06
124,Peter Lambert,juan41@example.com,"40977 Smith Brooks Suite 021 Lake Jerrystad, MH 28172",2022-03-31
125,Betty Smith,ccameron@example.org,"1088 Ritter Cove Espinozaville, DC 32802",2021-03-28
126,Joseph Chapman,tamicaldwell@example.com,"616 Hill Plains Scottshire, PR 96284",2024-10-06
127,Vincent Jackson,charles03@example.org,"63314 Perry Stream Suite 292 West Elizabeth, AL 64493",2023-05-09
128,Mr. Paul Howard,amber63@example.org,"042 Dylan Flats Port Jason, OR 20585",2020-01-25
129,Sandra Baldwin,littlemiguel@example.net,"5821 Ashley Spurs Apt. 747 Markstad, LA 27791",2021-06-04
130,Heather Martin,harrissara@example.com,"5989 Love Flats Apt. 965 Bautistaton, OH 57605",2023-05-22
131,Linda Pope,gonzalezjason@example.com,"14199 Wilson Ford Stewartview, DC 77676",2022-10-10
132,Karen Lee,david97@example.com,Unit 0897 Box 9307 DPO AE 52033,2022-01-27
133,Mitchell Vasquez,jacquelinesanders@example.net,"PSC 9372, Box 8040 APO AP 28910",2021-08-14
134,Candice Castro,davislindsey@example.org,"PSC 6544, Box 4953 APO AE 69483",2020-05-21
135,Charles Scott,scrawford@example.com,"790 Shaw Crest East Ryan, PA 48110",2022-06-01
136,Christian Davis,nicolesmith@example.org,"9199 Douglas Vista South Lauren, NV 87300",2020-11-20
137,Michael Douglas,kaylahull@example.org,"184 Jennifer Cape Suite 259 Torreshaven, DC 60166",2020-10-22
138,Alexander Taylor,daniel15@example.net,"2298 Amy Springs Thomasfort, VT 01473",2023-09-22
139,Brian White,andrew01@example.org,"54558 Townsend Isle Apt. 568 Haynesberg, KY 37808",2021-09-15
140,Gary Green,dgraham@example.net,"8221 Terry Station Suite 788 North Lawrence, ND 64593",2022-01-10
141,Jeremy Alvarado,sparksdebra@example.net,"8955 Jaime Road Suite 285 East Christinastad, PW 97041",2020-08-10
142,Victoria Berry,martinezross@example.org,"207 Mark Locks Suite 654 Marcside, CT 68589",2021-01-18
143,Dennis Miranda,shelbyfisher@example.net,"589 Sarah River Suite 630 Lake Andrew, MS 59872",2023-12-15
144,Pamela Miller,ldominguez@example.net,"50284 Veronica Springs Apt. 283 Lake Douglasfurt, ID 40101",2024-05-30
145,Daniel Ballard,bennettsean@example.com,"08720 Miller Glen East Nicholasview, KY 96542",2023-12-13
146,Alexis Fuentes,danadouglas@example.net,"58098 Martin Stream North Nicholasburgh, AK 01500",2021-07-01
147,Debra Walls,dwatson@example.org,"38429 Day Plain Apt. 377 New Natalie, GA 75649",2020-06-10
148,Amanda James,marygarcia@example.net,"528 Douglas Highway Carolside, IA 56599",2024-03-14
149,James Hernandez,ymiller@example.com,"696 Cameron Roads Suite 231 Lewistown, AL 58436",2024-01-05
150,Mr. Jonathan Rios,huberjames@example.org,"14167 Benson Circles Evansburgh, TX 12198",2021-07-06
151,Ruben Wyatt,timothy30@example.net,"133 Kirk Street Lake Carolland, CA 55198",2020-02-15
152,Mark Lane,antoniodorsey@example.net,"81935 Megan Station Suite 031 Lake Elizabeth, NH 34688",2021-10-27
153,Emily Jones,johnsontodd@example.com,"88371 Nguyen Walk Yvonneton, VA 93469",2021-04-17
154,Marcia Young,hardinsheila@example.org,"85397 Williams Forest South Regina, ME 01778",2023-03-13
155,Helen Garcia,jill12@example.org,"7421 Melissa Hollow Suite 882 Arnoldside, MD 84342",2023-07-21
156,Heidi Baldwin,warrenrebecca@example.net,"69094 Walker Meadows Douglasfurt, MS 53387",2020-07-20
157,Jennifer Robertson,bmcdonald@example.org,"79924 Michael Unions Rogersmouth, MP 25754",2023-04-13
158,Nicole Sanchez,chasekevin@example.org,"1541 Anthony Mountains Patricktown, FL 61872",2022-03-28
159,Russell Carter,fharris@example.org,"165 Huynh Alley South Mikeview, DE 72955",2023-01-15
160,Casey Dodson,williamsmarc@example.com,"55146 Hayes Extension Whiteview, CO 06902",2022-09-12
161,Jason Hughes,jonathanfrost@example.org,"258 Goodman Hill New Nicoleshire, KS 52590",2021-05-13
162,Catherine Campos,josestone@example.net,USS Banks FPO AP 75634,2023-03-11
163,Kristin Stanley,jsandoval@example.org,"73123 Barbara Wells Apt. 000 Gallegosview, MP 40134",2024-09-06
164,Samantha Michael,sjohnson@example.net,"63787 Evans Hill Seanstad, WA 78229",2022-08-10
165,Christopher Garcia,tperry@example.net,"2585 Donald Spurs Apt. 406 New Christinabury, HI 33733",2022-07-11
166,Natasha Davis,reyesmichael@example.org,"10067 Love Lodge Port Megan, AS 16842",2023-06-13
167,Nicole Richardson,samanthawhite@example.net,"988 Teresa Trace Courtneytown, IL 92908",2022-06-09
168,Rebecca Turner,ashley49@example.net,USNS Lopez FPO AP 37173,2022-03-11
169,Brent Wilson,cortezsamantha@example.net,"052 Reilly Freeway New Haley, KY 75482",2020-06-23
170,David Parker,jordandeanna@example.org,"275 Berry Road Lake Tylerfurt, HI 68992",2024-07-05
171,Amanda Cooper,wilkersonangela@example.com,"766 Carol Crossroad Apt. 256 Port Pamela, MN 24350",2020-09-06
172,Donald Sims,fwade@example.org,"431 Chapman Square Jeremymouth, NY 22857",2021-09-09
173,Christopher Rhodes,sandra02@example.org,"9966 Schwartz Orchard Hansenchester, NV 18041",2021-02-04
174,Angelica Leon,smithrobert@example.net,"19486 Shawn Loop Suite 960 Lake Michael, MO 85122",2020-01-22
175,Timothy Lynn,adam33@example.com,"16571 Sexton Club North Stephanie, SC 85435",2021-03-02
176,Sandy Butler,amy28@example.net,"1956 Megan Knoll Reedmouth, CT 77804",2022-04-12
177,Allison Fischer DDS,bellrobert@example.com,"8546 Moore Place Suite 154 South Michael, NY 13115",2022-02-06
178,Jennifer Sweeney,mgutierrez@example.net,"10186 Gary Ways Suite 072 Singhstad, WV 66393",2024-06-10
179,James Gonzales,qboyd@example.net,"360 Cory Bridge Apt. 343 Dunnmouth, AL 47554",2022-02-08
180,Jennifer Kemp,kmarquez@example.net,USS Rivera FPO AP 30403,2021-01-12
181,Melissa Simmons,bevans@example.net,"025 Meyer Landing North Timothy, UT 66388",2024-07-22
182,Jacqueline Munoz,lawrencepetersen@example.net,Unit 9352 Box 3219 DPO AA 85778,2022-03-11
183,Cody Morales,millerrachel@example.org,"PSC 7077, Box 9777 APO AA 29277",2020-07-08
184,Max Burns,johnsonwilliam@example.com,"461 Jose Knolls Shirleyburgh, HI 30385",2023-04-28
185,Haley Hall,ocampbell@example.com,"44760 Carter Unions Andrewburgh, NC 40063",2023-01-08
186,Dr. Tracy Carlson,rebecca59@example.org,USNV Mccarthy FPO AA 01354,2022-08-07
187,Adam Pearson,kathleensmith@example.org,"371 Kyle Ways Suite 380 East Susanburgh, KS 59463",2020-04-30
188,Jaime Coleman,jasonbarton@example.com,"PSC 6516, Box 8954 APO AE 01716",2022-11-14
189,Kevin King,amber79@example.com,USNV Patterson FPO AA 93393,2020-01-04
190,Michael Maddox,pgeorge@example.org,"43027 Christopher Summit New Lauriemouth, SD 39073",2020-07-03
191,Steven Johnson,steven98@example.com,"3958 Trevor Greens Evanland, MN 11753",2022-01-24
192,Teresa Richardson MD,abigailgraves@example.com,"3011 Mary Courts Johnmouth, DC 25047",2022-04-30
193,Lisa Rogers,tstrickland@example.com,USCGC Mendoza FPO AP 08996,2023-01-09
194,Richard Woodard,xacosta@example.com,"03532 Allen Cliffs Martinside, DC 16849",2024-08-08
195,Teresa Williams,washingtonsteven@example.org,"2902 Mclean Ports Robinsonchester, MT 53570",2020-05-28
196,Fernando Stewart,slarson@example.com,"378 Aguirre Plains Apt. 449 New Christopher, AZ 58395",2024-07-11
197,Jessica Avery,rodriguezadam@example.net,"246 Margaret Ranch Suite 327 West Melissachester, MT 70940",2022-03-02
198,Jennifer Kent,makayla67@example.org,"1837 Kyle Shoal Apt. 628 West Brian, ID 87862",2022-03-16
199,Sara Riley,johnwoods@example.org,"5290 Kim Harbor Onealville, GA 53387",2023-05-14
200,Michael Walton,janet42@example.org,Unit 1782 Box 6881 DPO AE 78815,2022-06-28
201,Tiffany Francis,bsmith@example.com,"7071 Williams Run Parkerfort, FM 24291",2021-12-10
202,Kelly Matthews,heidimckenzie@example.com,"9166 Michael Points Suite 948 North Glenview, FL 83039",2023-01-08
203,Justin Owen,patrickreeves@example.com,"PSC 7773, Box 6562 APO AP 88047",2024-03-19
204,Ryan Jones,victoria39@example.org,"47274 Samantha Crossroad Crosbyshire, KY 18262",2022-09-03
205,Tanner Johnson,joyceferrell@example.com,USNS Tucker FPO AA 48631,2022-04-19
206,Marco Hill,rachelrush@example.org,Unit 1914 Box 4039 DPO AP 81552,2021-05-15
207,Maria Allen,ulambert@example.com,"15705 Johnson Glens Coopermouth, KY 26342",2020-02-25
208,Victoria Hendrix,thomas34@example.com,"477 Jessica Forest Kellyborough, MI 27997",2022-05-31
209,Lindsay Mayo DVM,robertsjennifer@example.org,"005 Watkins Stream Suite 752 East Sarah, GA 15568",2021-04-04
210,Leslie Reeves,kwilson@example.com,"9547 Ramirez Wall East Mitchellview, DC 14206",2021-12-12
211,Cheryl Park,marcortiz@example.net,"0200 Greene Expressway Michellechester, WY 44698",2020-02-03
212,John Thornton,kellyarmstrong@example.org,"8419 Lee Viaduct Apt. 739 Marychester, IN 71347",2021-07-28
213,Corey Raymond,walshchristopher@example.com,"671 Conway Center Port Angelatown, RI 77398",2022-07-06
214,Alyssa Young,jill81@example.net,"63147 Taylor Shoal Hudsonburgh, AS 59121",2022-04-26
215,Lance Jensen,nicholeburns@example.com,"450 Larson Station Brittanystad, AK 93547",2022-06-15
216,Lynn Fletcher,stevenmartin@example.net,"851 Martin Walk Suite 141 Lake Jessica, PR 24018",2024-08-20
217,Patrick Andrews,sotomariah@example.com,"4282 Cohen Square North Mackenzieshire, TN 78371",2022-10-11
218,Joseph Mills,ualexander@example.net,"146 Johnston Circle Davisshire, WA 97860",2021-11-12
219,Maria Davis,fergusonshawn@example.net,"6223 Chen Forest North Kelli, MO 73432",2023-03-12
220,Justin Baker,alamb@example.net,"1716 Lawson Street Carlafort, ME 68531",2024-02-07
221,Alicia Edwards,reynoldsluis@example.net,"332 Megan Vista East Robertland, AL 71959",2022-03-10
222,Stephanie Jones,oanderson@example.org,"50337 Shea Ridges Anthonymouth, AL 69088",2021-02-04
223,Patricia Walker,gyoder@example.com,USCGC Garcia FPO AE 74082,2023-04-06
224,Amanda Green,brandi93@example.net,"PSC 8831, Box 7626 APO AP 74979",2023-10-13
225,Angela Nichols,jeremy68@example.org,"8900 Maria Tunnel Jacobsfort, MS 27009",2023-03-23
226,Martin Nelson,jennifer49@example.com,Unit 8003 Box 5750 DPO AA 79264,2022-10-13
227,Jennifer Frederick,deborahwatson@example.org,"94826 Hernandez Crossing New Anthony, AZ 37196",2024-01-31
228,Courtney Berg,xdavis@example.net,"53278 Seth Greens Port Elizabethtown, OH 04666",2023-09-29
229,Theresa Moore,dukekenneth@example.com,Unit 1414 Box 0164 DPO AP 14537,2024-10-07
230,Kenneth Ortega,uharrison@example.net,"272 Beck Trail Powellside, ID 40644",2023-06-10
231,Christopher Ramirez,sandra31@example.com,"9562 Gomez Underpass Apt. 669 East Keithmouth, MO 10206",2021-12-21
232,Gloria Andrews,smithaustin@example.net,Unit 8514 Box 5158 DPO AE 55182,2020-02-18
233,Julia Montgomery,kchen@example.org,"58367 Brandy Shore Suite 758 Martinezshire, IL 26897",2022-07-10
234,Kenneth Hess,christopher82@example.com,"0500 Bryan Viaduct Suite 077 East James, CO 12943",2021-10-15
235,Bonnie Griffith,leesandra@example.com,"02607 Green Lake Suite 229 Johnsonton, NC 56135",2023-10-10
236,Thomas Vasquez,ewatts@example.net,"39283 Lisa Plain Apt. 552 Lake David, KY 75185",2023-04-04
237,Casey Williams,maureen49@example.org,"16984 Cooley Prairie South Kenneth, MO 21339",2020-02-11
238,Kenneth Cameron,cramos@example.net,"5589 James Summit Robinsonstad, TX 81839",2022-12-09
239,Russell Mcgrath,brad65@example.com,"2560 Cardenas Crossing South Taylor, NJ 22146",2024-08-12
240,Dawn Scott,patrick53@example.com,"337 Diaz Bridge Apt. 229 South Rachelton, WA 31685",2020-07-28
241,Jacob Rivera,aduncan@example.org,"657 Davis Corners Suite 630 Turnerport, MH 63935",2022-08-17
242,Matthew Aguilar,ibaird@example.com,"07277 Richardson Villages Suite 005 South Jasonview, MH 09355",2020-02-17
243,Denise Baker,ptaylor@example.net,"474 White Ford Apt. 733 Port Steven, KY 55372",2023-06-07
244,Melvin Harrison,markgilbert@example.net,"235 Cole Mountain South Martin, DE 41115",2020-08-01
245,Joseph Moreno,lindseyhansen@example.net,"PSC 8491, Box 7409 APO AA 87074",2024-01-30
246,Bradley White,brett09@example.com,"121 Pitts Stream Apt. 875 Meganside, NM 28572",2022-09-04
247,Jon Collins,denise78@example.net,"03092 Edwards Haven Suite 267 South Sarah, AS 76230",2021-05-12
248,Cynthia Tanner,shawn97@example.com,"0543 Christian Cove Port Stacey, CT 41535",2024-10-07
249,John Carlson,mdixon@example.org,"47059 Page Streets Port Davidton, OH 13145",2021-06-01
250,Angela Chambers,allenbooth@example.com,"3354 Marie Tunnel Apt. 850 Joshuaside, IL 15077",2020-06-01
251,Jason Bishop,tracy75@example.org,"92940 Heather Prairie Suite 678 East Calebside, AS 18011",2021-06-29
252,Jonathan Williams,kirbymonica@example.com,"94454 Walker Knoll Jacksonchester, ND 20004",2024-07-11
253,Jacob Flores,michaelthomas@example.net,"347 Gutierrez Mission Amandabury, IA 22915",2024-02-17
254,Dillon Archer,peter88@example.org,"3226 Downs Center Suite 626 Medinaside, TX 53035",2020-08-06
255,Alyssa Johnson,kyle51@example.org,"8155 Victoria Fort Apt. 883 New Laura, AK 42529",2024-10-01
256,Colton Watson,schneiderlaura@example.com,USNV May FPO AA 97191,2022-11-17
257,Matthew Duffy,mooremolly@example.com,"347 Ross Points Apt. 369 East Richardberg, GA 24240",2021-05-09
258,Sandra Robles,garciajoshua@example.org,Unit 5698 Box 4571 DPO AE 31116,2021-07-30
259,Philip Anthony,rpugh@example.org,"630 Jennifer Cliffs Suite 537 New Saraland, KS 13399",2022-06-14
260,Glenn Clark,pguerra@example.net,"0571 Victoria Terrace Mauriceville, IN 46261",2021-06-08
261,Crystal Moore,timothybrown@example.net,"02130 Shane Ville Apt. 002 Lake Mark, VI 82716",2022-12-14
262,Terry Mills,richard46@example.net,"22983 Thomas Falls Allenmouth, OR 47451",2023-03-17
263,Keith Larsen,mdickerson@example.com,"993 Wheeler Valleys Sextonchester, FL 64615",2024-07-19
264,Amber Thomas,bcarter@example.net,"2441 Smith Squares Lake Jose, IL 76486",2023-05-20
265,Lisa Robertson,lutzangela@example.net,"395 Conrad Lock Stuartstad, KS 66655",2020-11-16
266,Ronald Thompson,belldanielle@example.org,"081 Mendoza Squares Suite 009 North Jeanette, SD 73764",2024-06-12
267,Mr. Robert Mcdonald,kellymarsh@example.org,Unit 8907 Box 0984 DPO AA 56770,2024-09-08
268,James Chaney,sancheznicholas@example.net,"PSC 2008, Box 0614 APO AE 93788",2022-12-25
269,Sarah Hernandez,mccannjoseph@example.org,"0215 Gibson Mission Apt. 455 Charlesville, IL 15413",2024-02-17
270,Ethan Edwards,kimberly69@example.net,"723 Christy Junction Suite 752 Port Melissafort, TN 15498",2023-04-17
271,Russell Lewis,mhaley@example.com,"7707 Scott Lock Lake Brandon, AK 11940",2020-09-02
272,Brandon Parker,dukebrian@example.org,Unit 2092 Box 1765 DPO AA 85663,2023-08-12
273,Dr. Douglas Chan,janet60@example.org,"54379 Anne Prairie Briannafort, LA 29280",2020-03-08
274,Rose Wilson,huffmananthony@example.net,"41061 Garcia Court Suite 811 West Alyssa, VI 53873",2022-05-24
275,Danielle Jones,jshannon@example.net,"7194 Donna Lock Clarkhaven, OH 20818",2024-04-30
276,Robert Perez,vandrews@example.org,"66877 Scott Parks Suite 556 Rushville, PA 50879",2022-09-18
277,Jonathan Lowe,ksutton@example.org,"53212 Wall Drive Karenton, TN 95356",2023-12-28
278,Mark Stevenson,rbarrett@example.com,"67374 Courtney Crescent Suite 487 Abigailton, NV 97983",2022-02-03
279,Gabriel Frazier,smithantonio@example.org,"05049 Stephen Ways Suite 439 East Sharonshire, AZ 58825",2023-07-21
280,Paula Malone,katherine84@example.com,"5235 Brian Green East Christopherland, RI 55825",2022-08-02
281,Edwin Dennis,jordansamantha@example.net,"813 Michele Pass Apt. 644 Port Melinda, RI 17492",2021-11-11
282,Devin Rubio,josephtiffany@example.net,"9418 Erica Burg Stoutside, KY 38035",2023-09-05
283,Sarah Smith,lawrence28@example.org,"143 Daisy Union Suite 912 Michelleborough, OR 39568",2023-12-29
284,David Best,isaac06@example.org,Unit 2805 Box 0270 DPO AA 49799,2022-12-11
285,Jeffrey Hunt,michele98@example.net,Unit 9136 Box 1023 DPO AA 13930,2021-10-14
286,Luke Day,fstokes@example.com,"339 Darrell Canyon Suite 494 Rachelborough, MA 20068",2021-06-24
287,Connie Hernandez,nathaniellarson@example.com,"88685 Wilkins Lights Suite 243 Kimberlyberg, MT 82296",2022-03-12
288,Kerri Miller,jguzman@example.org,"735 Tina Springs Wilsonhaven, DC 48919",2020-06-25
289,Jeffery Vega,lgarrett@example.net,"110 Anthony Shoals South Andrealand, ID 63477",2020-01-19
290,Sheila Green,paige68@example.net,"642 Hess Shoals Christinastad, LA 37590",2023-07-08
291,Thomas Baldwin,iperkins@example.org,Unit 0614 Box 4711 DPO AP 69668,2023-06-10
292,Robert Moran,connertimothy@example.net,"646 Angela Court East Theresa, VA 72098",2021-09-22
293,David Pope,matthew62@example.com,"65972 Jeffery Fork Suite 108 Sellersport, WV 17589",2020-09-11
294,Tina Santana,brianjohnson@example.net,"225 Nicholas Causeway Suite 666 West Steven, AZ 02173",2021-05-12
295,Ariel Frey,veronicamorse@example.net,"5470 Ruiz Forks West Adamchester, SC 01167",2020-05-25
296,Sherry Brandt,wilsonsheena@example.org,"6471 Kiara Shore New Christopherport, OR 74737",2023-04-18
297,Christopher Byrd,olsonjoshua@example.org,"567 Norman Stream Suite 229 West Zacharychester, VT 80389",2020-11-23
298,Joseph Perez,annettecox@example.com,"288 Richard Valleys South Erin, VA 36295",2024-07-20
299,Maria Avila,sara91@example.com,"3977 Burton Summit Suite 457 New Marisaton, DE 20144",2023-12-27
300,Brittany Becker,robert40@example.com,"9545 Kevin Tunnel Apt. 178 Hallport, SC 85873",2021-01-23
301,Laura Espinoza,michaelduncan@example.net,"PSC 1759, Box 1789 APO AA 92978",2022-06-22
302,Jeff Clark,dylan33@example.org,"391 Patricia Groves Suite 083 East Stephentown, OH 60530",2024-02-28
303,Jeffrey Smith,sarah57@example.com,"9952 Lynn Stravenue Suite 226 South Margaretstad, FL 31258",2021-04-17
304,Carolyn Howe,gregory14@example.net,"70869 Henderson Wells Apt. 145 Port Stephanie, DC 04272",2022-06-27
305,Autumn Torres,anthonybenitez@example.net,"8316 Terri Canyon East Michael, HI 32016",2020-05-08
306,Kathryn Reyes,simsian@example.com,"42877 John Port South Joseph, NY 01810",2023-07-14
307,Abigail Mckay,maxwelljared@example.net,"5660 Joseph Stream North Christina, FL 25315",2021-08-25
308,Louis Leonard,colemandavid@example.net,"84841 Dean Ranch Apt. 510 Alvaradofurt, OK 33717",2024-08-27
309,Laura Powell,garystein@example.com,"PSC 6937, Box 0870 APO AA 21457",2021-04-08
310,Heather Harris,michael41@example.org,"22363 Bradshaw Parkway Suite 039 Christianborough, TN 94780",2022-06-30
311,Mark Arias,stantonjessica@example.com,"54819 Wilson Glens Jamesfurt, LA 33082",2020-07-07
312,Larry Adkins,hwhite@example.com,"03282 Jordan Curve Kimton, NH 88692",2020-02-09
313,Amber Herrera,patrickcastillo@example.org,"9656 Mendoza Valleys Apt. 311 West Rhonda, MH 92703",2020-02-10
314,Victoria Moore,martin51@example.com,"7861 Glenn Alley East Eric, PA 63394",2023-02-24
315,Christopher Dixon,zacharymolina@example.net,"610 Tyler Loop South Kimberlyport, KY 32569",2022-11-06
316,Lisa Salas,lgreen@example.org,"6992 Hernandez Cove Suite 694 New Eddie, DC 84998",2020-05-06
317,Melissa Williams,sonyacarrillo@example.com,"PSC 4715, Box 7997 APO AP 71145",2023-04-24
318,Sherry Anderson,thomas04@example.net,"52054 Donna Via Apt. 812 Rachelberg, AK 88027",2021-02-08
319,Timothy Webb,chad67@example.com,"7215 Robert Glen Apt. 538 Calvinland, VT 03468",2023-03-12
320,William Brown,gary63@example.org,"194 Ashley Mountains East Matthewstad, IN 26950",2022-06-11
321,Michael Torres,maloneanthony@example.org,"771 James Plain East Danberg, WY 78076",2020-01-24
322,Maria Hernandez,edavis@example.org,"PSC 6622, Box 3535 APO AP 72154",2021-04-27
323,Robert Williams,bradshawjames@example.com,"499 Wells Corners Brandiland, WI 39052",2022-12-17
324,Anthony Hale,hollandjessica@example.net,"0504 Olivia Port South Tara, MA 55537",2020-11-18
325,Kimberly Powell,morandaniel@example.com,"7699 Jenna Gardens Glassmouth, ME 38378",2023-06-12
326,Dr. John Shepherd,ashleyperez@example.com,"6230 Jerome Points Palmermouth, WA 74759",2023-04-24
327,Frank Williams,jonathan34@example.org,"25008 Williams Creek Susanshire, TX 75148",2023-05-06
328,Jonathan Lee,bellmark@example.com,"241 Isaac Springs Suite 483 Port Brittany, TN 57079",2023-06-02
329,Robert Russell,cbutler@example.net,"0638 Carpenter Cove Crystalport, PR 46100",2022-09-10
330,Katherine Cabrera,holmeskaren@example.com,"97777 Williams Forks Danielfurt, VA 37448",2021-04-28
331,Ashley Larson,hunterwalker@example.org,"600 Hill Summit Apt. 363 West Billy, NY 97873",2024-06-13
332,Brian Ray,landrymichelle@example.org,"6319 Melissa Way Maciasfort, LA 03937",2023-06-20
333,Melissa Clark,ctran@example.com,"33708 Linda Passage Dustinland, TN 43540",2020-04-07
334,Adriana Stephens,garciameredith@example.com,"24045 Mayo Ville Juliastad, MI 44064",2022-06-14
335,Brenda Foster,whitneyjohnson@example.org,"6714 Bradley Meadow Brendaburgh, OK 51539",2023-08-10
336,John Mooney,jimmy24@example.org,"8188 Ramirez Bypass Suite 444 Howardtown, KS 28380",2022-09-10
337,Peter Green,sjohnson@example.org,"3143 Richard Spurs Apt. 104 Atkinsonhaven, GA 38380",2023-05-10
338,Dana Vasquez,pwright@example.org,"741 Mejia Avenue Suite 523 Brownville, PA 40265",2020-11-15
339,Charles Jackson,torresallison@example.net,"8619 Martinez Shoals Suite 612 Robertview, NH 51303",2024-04-16
340,Ethan Bell,palmerkelly@example.org,"5885 Vernon Road Apt. 469 Martinezland, FL 53331",2024-08-30
341,Eric Hall,jonathan31@example.com,"8090 Holmes Dam Apt. 857 East Jamiehaven, NY 05053",2020-11-24
342,Bonnie Simmons,brian99@example.net,"71693 Gregory Locks Apt. 755 Johnland, MN 62252",2024-04-20
343,Candace Wilson,dunlapbrian@example.net,"3029 Darlene Trace East Corey, CO 35134",2023-09-21
344,Marissa Taylor,jasonhaynes@example.com,"64041 Glen Ridges Suite 994 Prattport, AS 10123",2020-01-16
345,David Bryan,danielmccoy@example.com,"260 Daniel Port Michaelfort, TN 22713",2023-03-12
346,Michael Kelly,rwhite@example.net,"8425 Thomas Island Suite 717 Jeffreyport, NM 28235",2023-01-08
347,Paula Gallegos,willisstanley@example.com,"69700 Mcdowell Coves Apt. 966 North Samanthaland, NJ 23806",2022-12-10
348,Stephanie Fischer,dianepace@example.com,"440 Gardner Springs Williamston, MO 66204",2022-10-14
349,Rebecca Miller,jackson19@example.com,Unit 0232 Box 3590 DPO AE 53380,2022-07-02
350,Juan Scott,patrick29@example.net,"65358 Gomez Mall Suite 452 Alvaradofurt, OR 95841",2022-03-07
351,Christopher Thomas,vargasfelicia@example.org,"201 Colin Mews Paulaland, NH 07217",2022-08-15
352,Bruce Boyd,hernandezdaniel@example.org,"4590 Christina Heights Apt. 128 Dianachester, HI 51110",2024-02-24
353,Amanda Johnson,frederickmartinez@example.org,"3093 Edwards Run Apt. 543 Lake Jonathan, NM 31891",2020-03-31
354,Kyle Greene,schmidtedward@example.com,"393 David River Suite 679 Chandlerhaven, FM 17276",2021-12-17
355,Fred Flores,rrusso@example.com,"647 Christopher Extensions West Shaneville, NC 78167",2022-09-26
356,Amy Miller,cunninghamangela@example.net,"0995 Marshall Valley Apt. 951 North Georgeborough, OK 81802",2023-07-08
357,Cameron Conrad,julie86@example.net,"69646 Williams Field Smithton, MP 73294",2020-03-28
358,Valerie Mccullough,heather47@example.org,"198 Jennifer Camp Suite 187 Michaelfort, IN 24844",2024-07-04
359,Angela Christian,karenreid@example.org,"188 Morales Mountain Suite 270 East Timothy, WA 78077",2023-01-14
360,Jessica Blake,samuelball@example.org,"316 Margaret Ridge Apt. 628 South Sarah, ND 40464",2021-07-13
361,Antonio Clarke,molinajessica@example.net,"394 Dixon Divide Suite 666 West Cassandra, KS 66382",2024-09-11
362,Christopher Evans,thuber@example.com,"90199 Rebecca Points Nelsonburgh, CA 73865",2024-08-11
363,Jesse Hughes,edwardsantiago@example.net,"7590 Thomas Fall Apt. 429 Richardtown, PW 20539",2022-12-22
364,Audrey Howard,robertpowell@example.com,"PSC 6729, Box 1376 APO AA 28918",2024-01-31
365,Jamie Wilson,david16@example.org,"745 Tammy Ports Suite 419 South Alex, FM 86847",2020-09-23
366,John Krueger,cindythompson@example.net,"5244 Adkins Falls West Sara, MP 93226",2022-02-28
367,Jessica Rush,andreahicks@example.net,"283 Andrew Estate North Hectorport, RI 57329",2024-09-10
368,Christina Friedman,michaelayoder@example.com,Unit 5955 Box 6839 DPO AE 46907,2021-08-09
369,Michael Nichols,brandonalvarado@example.com,"6548 Mary Mountains Jenniferland, PW 85659",2020-06-17
370,Luis Fitzgerald,vbishop@example.com,"7453 Olson Greens Apt. 507 Scotthaven, NV 59787",2021-08-28
371,Timothy Alvarez,bhorton@example.org,"15744 Whitney Bypass Apt. 348 Ericberg, AS 47778",2024-01-31
372,Charlene Reed,ashleyherring@example.net,"346 Johnson Trail Torresbury, AK 11057",2020-12-20
373,Nicholas Higgins,myersrobert@example.com,USNS Turner FPO AP 81863,2021-01-21
374,Marvin Mann,smcdaniel@example.net,"62314 Carrie Streets Port Michele, IL 28652",2021-07-02
375,Amanda Carrillo,kimberly24@example.org,Unit 5848 Box 6498 DPO AP 57914,2023-05-17
376,Kevin Stewart,cory56@example.com,"17536 Jacqueline Plain Suite 833 Jessicatown, MD 39803",2023-05-27
377,Ms. Katherine Ross,hsnow@example.com,"78500 Karen Islands Apt. 568 Millerborough, TN 44786",2022-11-20
378,Eddie Moore,sanchezjoshua@example.org,"808 Stewart Creek New Brandontown, PW 08225",2024-06-07
379,Christopher Garcia,yallen@example.net,USS Patterson FPO AA 62410,2022-12-11
380,Cheryl Wilson,annabryant@example.org,"22131 Burton View New Josephhaven, NE 34895",2023-05-27
381,Christopher Morris,fmay@example.org,USNS Smith FPO AP 83101,2024-04-02
382,Mckenzie Williams,daniel87@example.org,"0220 York Mountain Markberg, FL 37960",2020-09-26
383,Jennifer Vargas,meagan87@example.net,"25474 Shelby Mountain West Edwardberg, SC 01412",2022-09-22
384,Gary Lewis,pknapp@example.net,"79074 West Center Austinbury, NY 42742",2021-07-14
385,Laura Everett,paulgutierrez@example.org,"170 Shawn Terrace Suite 819 Jeanneshire, IN 08231",2020-02-14
386,Joe Jenkins,suzannenixon@example.org,"011 Mullen Crossing Apt. 192 Port Rachel, VA 89204",2022-01-18
387,Margaret Davenport,stephenrivera@example.org,"1580 Justin Camp Apt. 016 Adambury, NM 84861",2020-02-24
388,Michael Fields,clandry@example.com,"156 Sarah Stravenue Apt. 861 New Patrickchester, PW 63467",2024-03-03
389,David Kennedy,katherine83@example.net,"54892 Jones Plaza Millerburgh, MH 62014",2022-01-12
390,Cheryl Alvarez,stephanielara@example.net,"9304 Trevor Islands New Michaelfurt, NE 73629",2023-10-03
391,Samuel Smith,xdean@example.net,"278 Shawn Forest Riosburgh, KY 67156",2024-01-25
392,Elizabeth King,jonathan75@example.com,"715 Carol Falls Apt. 894 Williambury, CT 15561",2020-01-31
393,Madison Murphy,garrisonmichele@example.org,"065 Brown Estates Apt. 007 East Corey, VT 12959",2020-03-09
394,Jacqueline Arias,zquinn@example.org,Unit 7693 Box 6817 DPO AA 03144,2023-05-15
395,Jimmy Jenkins,bhernandez@example.net,Unit 7613 Box 8208 DPO AP 32731,2023-10-19
396,Timothy Fischer,omelton@example.com,"27647 James Avenue Whitebury, LA 73527",2023-12-10
397,Brandon Snyder,lawrencetheresa@example.org,"113 Simmons Club Tiffanyburgh, MA 66028",2022-08-02
398,Eric Hamilton,rstewart@example.net,"609 Davis Rest East Ronald, NV 71777",2022-10-20
399,Jennifer Copeland,michaelwagner@example.com,"245 Scott Highway Suite 785 Gallaghershire, IA 05190",2020-06-05
400,Joseph Castro,smccormick@example.org,"362 Jones Cove Port Charlenemouth, CA 07505",2022-02-04
401,Cathy Orr,mary95@example.net,"870 Abigail Crest Apt. 519 Marthabury, ME 67948",2020-01-12
402,Stephanie Thompson,umurray@example.com,"6267 Amy Brook Wheelermouth, IA 66972",2021-07-19
403,Kaitlyn Pierce,ernesttaylor@example.net,"99147 James Crest Suite 246 New Judith, TN 52886",2024-08-14
404,Jamie Porter,johnsonlaura@example.net,"91404 Bates Parks Suite 795 Angiestad, WY 46301",2022-11-09
405,Jennifer Green,robynjohnson@example.net,"6248 Katelyn Valley New Kristiport, MH 88903",2022-06-23
406,Steven Rosales,juliaprice@example.org,"9636 Frost Locks Suite 161 New April, CA 64348",2023-05-15
407,Michael Mcgrath,escott@example.com,"02965 Gary Unions Benjaminberg, SC 60044",2023-03-26
408,Ronald Davila,nicholasmunoz@example.net,"PSC 3306, Box 4159 APO AP 30632",2021-11-06
409,Raymond Lee,joshua63@example.com,"1489 Wang Brooks Jessicashire, VI 27147",2023-10-13
410,Austin Moore,jillian48@example.net,"4157 Amy Valleys East Jacksonshire, MI 39836",2024-03-04
411,Craig Chandler,udaniels@example.com,"7815 Anderson Wells Apt. 851 East Shelby, NJ 07774",2024-07-24
412,Stacey Maddox,donna55@example.com,"54090 Mahoney Mews Santiagoport, MO 56365",2021-08-09
413,Diane Garcia,johnphillips@example.net,"124 Monica Unions Suite 504 Lake Eric, WA 60104",2022-05-15
414,Kara Wood,ryan29@example.org,"393 Martin Mills Kelleyland, NM 40310",2020-11-19
415,Rachel Randall,smithshawn@example.net,"520 Leonard Shore Port Kristinaside, PA 97367",2022-07-18
416,Jane Munoz,anthony24@example.net,"PSC 8744, Box 7586 APO AA 21881",2024-10-04
417,Stacy Roberts,wendy65@example.net,"PSC 6304, Box 7647 APO AP 85011",2024-06-10
418,Veronica Bishop,erica82@example.com,"788 Kathleen Heights South Angie, OK 37540",2021-08-25
419,John Gomez,cboyd@example.com,"40823 Livingston Estate Apt. 739 Lake Samantha, PA 49190",2021-05-29
420,Jennifer Johnson,laurenrivera@example.net,"75534 Tony Union Suite 537 West Tiffanyview, OH 27758",2021-11-03
421,Karen Kim,shane69@example.org,"455 Patterson Port Port Richard, TN 68640",2021-08-21
422,Isaac Kane,johnsonrachel@example.com,"76898 Brown Causeway Apt. 646 Port Lisamouth, SD 44663",2022-02-12
423,Nicole Moore,sbruce@example.org,"7412 Jessica Pine Apt. 059 Terrellberg, DE 06062",2023-10-09
424,Antonio Davis,cheryl98@example.net,"5762 Richard Loaf Apt. 457 East Davidshire, PA 37926",2023-05-26
425,Kelly Humphrey,tclark@example.org,"350 Reed Stravenue Raymondburgh, OR 31679",2021-08-19
426,Dr. Michelle Barnett MD,kthompson@example.net,"0825 Cynthia Ramp Apt. 316 Lake Randy, MD 36961",2021-02-12
427,Logan Walker,robertsonkathleen@example.org,"32379 Nelson Extensions Apt. 977 Port Lindsay, IL 23858",2024-08-10
428,Jessica Mcintyre,michaelryan@example.com,"160 William Gateway Apt. 339 Martinezberg, MO 84592",2021-07-05
429,Matthew Carroll,stephen26@example.org,"729 Tiffany Parkways Apt. 329 Carolynview, PA 33464",2024-04-19
430,Brenda Figueroa,gmcdaniel@example.net,"821 Green Harbor Apt. 016 Sergioport, AS 14095",2020-06-10
431,Debra Cook,heatherdavis@example.net,"075 Isaac Squares Apt. 243 East Josephland, GA 47322",2023-04-06
432,Tara Jones,payneamanda@example.com,"002 Christopher Glens Suite 816 Ericview, SC 93790",2021-08-06
433,Janice Hamilton,hollymullins@example.org,"6778 Katrina Glens East Cheryl, FL 61688",2022-06-10
434,Eric Hall,samanthasavage@example.net,"23543 Steve Alley Michaelland, PA 79599",2024-01-27
435,Anna Barrett,lopezkeith@example.org,"1202 Stephens Turnpike Suite 633 East Thomas, GU 58531",2020-11-14
436,Gregory Giles,mklein@example.com,"4591 Jeremy Overpass Suite 877 Williamsmouth, DC 71384",2022-04-19
437,Bryan Clark,teresa82@example.com,"647 Tina Lock North Angela, GU 09604",2021-08-29
438,Jeffery Williams,keithpratt@example.com,"572 Daniel Square New Hannahburgh, LA 74776",2024-08-06
439,Thomas Brown,lindahayden@example.net,"4287 Henderson Camp Katherinechester, MO 83714",2023-08-14
440,Stephanie Garcia,genereyes@example.com,"6531 Robert Mills South Juliemouth, AR 25986",2022-12-29
441,Don Decker,john31@example.org,"2909 Lopez Plains Apt. 099 East Stevenborough, NJ 57355",2023-08-31
442,Jennifer Romero,reidamber@example.com,"PSC 5041, Box 9174 APO AE 84546",2023-10-17
443,Dale Johnson,bakerkatelyn@example.com,"2794 Carmen Brooks Smithstad, VA 24188",2020-02-17
444,Jordan Rhodes,gary32@example.net,"4449 Trevor Ways Apt. 794 Theresaberg, GA 03802",2020-06-28
445,Mark Boone,amandanovak@example.net,"2502 Thompson Trail Ramosside, WV 03403",2021-07-08
446,Tiffany Rubio,angelareeves@example.net,"29645 Kramer Passage Amandashire, IA 06272",2024-05-21
447,Alexander Jackson,kathryn78@example.org,"7783 Wheeler Camp South Linda, ME 31378",2022-01-30
448,Justin Landry,williamsalicia@example.org,"PSC 7336, Box 7514 APO AP 59064",2023-02-25
449,Shelby Porter,sherry72@example.org,USNS Love FPO AA 35002,2021-08-14
450,David Hood DVM,nicolesmith@example.org,"89771 Stephanie Drive Allisonburgh, UT 27506",2021-06-27
451,Kristi Tran,onichols@example.com,"07032 Catherine Mission Apt. 329 Lewisborough, GA 04554",2021-10-24
452,Matthew Davis,dwilson@example.com,"5685 Taylor Park Meganbury, WY 88668",2020-02-18
453,Vincent Davidson,abeck@example.com,"3137 Maria Mountain North Nicole, FL 93910",2023-09-29
454,Timothy Rodriguez,garciascott@example.org,USNV Martinez FPO AE 60381,2023-10-22
455,Nicole Smith,josephcooke@example.org,"2782 Bowers Square South Mathew, KY 14651",2024-04-03
456,Kyle Zhang,heidi28@example.net,"9041 Jones Hills Ortegafurt, NY 41282",2024-07-22
457,Jennifer Elliott,pinedajoshua@example.net,"8677 Smith Plains Brendanmouth, IL 03327",2022-12-19
458,Karen Jordan,terrineal@example.net,"58170 Henry Circles Suite 136 Lake Taratown, MS 82865",2024-01-09
459,Karen Brown,michael31@example.net,"834 Michelle Via Apt. 081 Barbarachester, MT 77677",2024-06-26
460,Kathryn Figueroa,vcarey@example.net,USNS Frazier FPO AA 61806,2020-01-06
461,Jessica Norman,karenwilliams@example.com,"9853 Vanessa Island Apt. 420 West Robertfort, NJ 91602",2022-07-14
462,Amy Estrada,erinturner@example.org,"01355 Doyle Orchard Suite 879 Jarvisfort, MD 53065",2024-10-06
463,William Dunn,perezjeffrey@example.com,"066 David Row Suite 605 Davisview, GA 22677",2021-04-29
464,Henry Collins,adam41@example.com,"048 Parsons Isle Port Clintonchester, HI 40534",2024-08-27
465,Stacy Nelson,yneal@example.org,"71544 Andrew Estate Apt. 250 North Kathryn, IN 72076",2024-09-23
466,Patrick Ruiz,alexander96@example.net,"58321 Bennett Court Dakotatown, PR 46125",2023-05-11
467,Kara Chambers,frederick51@example.com,"5500 Wood Garden Suite 885 Guerreromouth, MN 53781",2022-06-14
468,Amy Watson,debrabarnett@example.com,"785 Jason Mission Hoodfort, GU 64584",2020-03-08
469,Debbie Bonilla,tbuchanan@example.net,"52465 Newton Stravenue North Karenton, MT 06953",2021-06-22
470,William Carter,hubermarissa@example.org,"4248 Jessica Mall Apt. 091 North Darius, WV 26088",2024-07-18
471,Barbara Martinez,elizabeth28@example.com,"0432 Margaret Villages Suite 978 Powelltown, SD 72188",2020-09-22
472,Charles Miles PhD,robert88@example.com,"195 Brian Crossroad Thomasville, MT 10797",2024-08-01
473,Christopher Jones,dana02@example.net,"780 Gilmore Loaf Suite 097 Smithburgh, MH 67068",2024-02-16
474,Micheal Spence,quinnchristopher@example.com,"9089 Clay Turnpike North Charles, TN 34059",2023-12-28
475,Allison Henry,courtney88@example.org,"6681 Carrie Field Apt. 926 Taylorbury, MI 99524",2024-04-04
476,Garrett Mcgee,armstrongraymond@example.org,"87035 Erika Avenue West Michele, FM 04557",2020-02-06
477,Elizabeth Grant,joseph39@example.org,"5948 Brown Forge East Nathan, MI 38646",2024-03-28
478,Amanda Mcdaniel,garciaallison@example.org,"690 Kelly Fort Davidchester, NV 24007",2021-06-21
479,Mary Reed,jim03@example.net,"5399 Johnson Walk Suite 900 Port Davidton, IN 54247",2020-05-26
480,Karen West,stephenross@example.com,"3832 Wall Prairie Annastad, NM 10424",2021-07-08
481,Cheryl Crosby,vicki80@example.org,"566 Hayden Ridge Suite 299 North Brian, SC 28507",2021-12-14
482,Samantha Schmidt,sarahrivera@example.net,"6327 Aaron Forest Apt. 721 Smithfort, DE 63509",2022-12-23
483,Phillip Griffin,jdecker@example.org,"72140 Davis Keys Suite 583 Jonathanfurt, CT 04848",2021-05-20
484,Adam Holmes,petersonbrianna@example.org,"2682 Mcneil Common New Garrett, AR 64287",2023-04-02
485,Tyler Ramirez,michelleavila@example.org,"94998 Campbell Port Stevenborough, MO 33176",2021-01-18
486,Latoya Rodriguez,olivia88@example.com,"249 Steven Villages Susanmouth, DC 96862",2024-08-29
487,Seth White,mgonzalez@example.com,"63125 Aaron Plaza Apt. 688 East Barbarahaven, NV 01098",2021-07-09
488,Charles Stuart,paulgonzalez@example.org,"124 John Fords Deantown, MD 53700",2024-05-02
489,Angel Gonzalez,emilywarner@example.net,"11861 Martin Cliffs Suite 019 Dianeberg, GU 27232",2022-08-18
490,Sarah Carter,stephaniebrown@example.net,"1030 John Lights Suite 891 Josephtown, AZ 07854",2021-10-26
491,Kevin Drake,biancabaker@example.net,"36527 Kimberly Summit West Dustin, HI 98543",2022-07-17
492,Nicholas Adams,nbrowning@example.org,"28596 Eric Branch East Claudia, OR 58383",2022-10-04
493,Abigail Pierce,martinmolly@example.com,"43424 Jones Locks Suite 695 Garyberg, SD 37924",2022-10-17
494,Kimberly Smith,deannacummings@example.com,"859 Abigail Well Suite 283 South Leslieport, MA 05880",2020-06-09
495,James Lamb,christopher26@example.org,"45257 Morgan Manor Dennischester, IA 26609",2021-08-21
496,Matthew Norman,dianacooley@example.org,"63039 Tina Plains Suite 920 Jensenmouth, PW 67773",2023-09-01
497,Dominique Ruiz,jennifernguyen@example.org,"04909 Ashley Curve Suite 420 Lake Garyburgh, NV 88808",2024-01-04
498,Alexander Powell,ilawrence@example.com,"PSC 2732, Box 1411 APO AA 05528",2022-04-14
499,Kevin Murphy,dawn32@example.com,"314 King Summit North Scott, VI 63991",2022-02-23
500,Mr. Gary Boyd,ccampbell@example.net,"62533 Lewis Overpass North Nancyhaven, IA 70455",2020-05-25
