id,name,email,address,date_joined
1,Jennifer Hunt,nicholsonkeith@example.com,"6381 Cheryl Turnpike Suite 299 West David, PR 56314",2022-05-11
2,Brittany Singh,mcruz@example.com,"74915 Leah Squares Ryanberg, SC 25809",2022-06-07
3,Robert Thomas,susan37@example.com,"911 Swanson Shore Suite 538 South Lisaton, NM 45714",2022-11-13
4,Thomas Ortega,coryjohnson@example.org,"88764 Christopher Locks Port Sabrinaview, VT 22978",2020-09-25
5,Pamela Liu,batesbrett@example.net,"90372 Jessica Parks Suite 549 Lake Beth, TX 90044",2022-12-14
6,Stanley Villarreal,alanfrey@example.org,"3346 Gray Plains Aaronshire, NV 02606",2022-10-18
7,Laura Miller,david62@example.net,"53363 Nathan Ville Suite 086 Davidsonport, KY 64550",2020-12-04
8,April Gray,sgibbs@example.org,"743 Robertson Pines Garnershire, IL 96219",2020-04-25
9,Sarah Johnston,burgesserik@example.com,"44170 Martinez Rest Suite 857 Travishaven, NE 53170",2021-05-01
10,Darren Liu,warrenfrances@example.net,"03006 Winters Knolls Suite 662 North Eduardo, PW 75885",2022-06-14
11,Kimberly Erickson,bryanmills@example.com,"613 Bradley Tunnel West Jeffery, IA 30099",2021-02-08
12,Mr. Brett Blankenship,howard90@example.net,"028 Wayne Ports North Deanna, MN 39115",2024-08-03
13,Courtney Lopez,jonathan73@example.org,"76032 Thomas Estates Apt. 229 Lewisfort, FL 00938",2020-04-02
14,Timothy Williams,solomondavid@example.com,"2117 Williams Stravenue Suite 294 Port Laurieport, VI 03357",2021-12-10
15,Ashley Arnold,xcarpenter@example.net,"1595 Samantha Ville Lake William, AL 92811",2020-06-21
16,Michelle Sanchez,danielleharris@example.net,"830 Boyer Haven Tamimouth, IL 47616",2024-08-07
17,Tanya Douglas,amydennis@example.org,"6084 Montes Causeway Amandahaven, KY 59590",2020-11-15
18,Jamie Hall,klindsey@example.com,"7661 Madden Crossing North Maria, IN 97127",2022-04-29
19,Michael Robinson,mitchellbrandon@example.com,"9786 Derrick View Apt. 563 North Robert, MD 99020",2024-10-08
20,Randy Kaufman,amandaconway@example.com,"17496 Carlson Stream Lake Brian, NM 27792",2021-10-18
21,Kimberly Flores,zcooper@example.net,"37463 Cooper Light Suite 394 Sherrymouth, GA 82301",2022-11-08
22,Jonathan Williams,ginahamilton@example.net,"378 Medina Road Stephaniechester, TX 94710",2023-06-08
23,Kathryn Gray,tjones@example.org,"PSC 0765, Box 5182 APO AP 61159",2022-07-15
24,Tiffany Dominguez,jay60@example.org,"018 Patricia Estates Lake Brianfort, WA 95375",2021-10-12
25,Marcus Thomas DDS,fosterjonathon@example.net,"7882 Grace Mountains Apt. 875 North Brendan, VT 34703",2023-09-05
26,Mrs. Nicole Lee DDS,kylewalter@example.com,"602 Austin Ways Scottmouth, AL 24768",2022-05-26
27,Sarah Anderson,wheelermaria@example.net,"861 Susan Prairie Apt. 088 North Angela, NE 25172",2020-02-10
28,Emily Banks,coxgary@example.net,"66473 Smith Alley West Robertmouth, NM 32488",2021-06-07
29,Zachary Tucker,michael94@example.com,"135 Hannah Hill Suite 959 Michaelmouth, DC 98564",2021-08-05
30,Anna Todd,hannahcantrell@example.org,"74465 Jason Tunnel Apt. 668 Smithside, AL 83821",2023-04-08
31,John Flowers,heatherallen@example.com,"8508 Michelle Lakes Tarabury, CA 67799",2021-03-12
32,Laura Miller,sarahthomas@example.com,"91683 Hopkins Plains Apt. 480 Hessville, TX 61841",2022-01-25
33,Benjamin Martin,april91@example.com,"98739 Rhodes Glens Harperport, NH 01275",2023-04-18
34,Thomas Harrison,jensendennis@example.com,"0699 Cowan Lodge Suite 430 Thomasstad, NH 98995",2024-04-25
35,Jonathan Gutierrez,scott19@example.org,"6846 Foster Terrace East Nataliemouth, KY 94062",2024-05-08
36,Robert Hoffman,dhill@example.com,"83870 Greer Branch West Mary, TX 08435",2024-03-22
37,David Brown,ingramchristopher@example.net,"60953 Pamela Street Apt. 727 Lake Danielle, IA 18180",2022-12-04
38,Steven Rodriguez,tonyanelson@example.com,"PSC 5758, Box 6330 APO AP 75270",2024-02-23
39,Willie Barker,tiffanyking@example.com,"0613 Lindsey Park Millermouth, MD 75022",2020-03-08
40,Kimberly Kirk,aprilmartinez@example.net,"PSC 5509, Box 4518 APO AE 27505",2021-07-18
41,Frank Hinton,kari31@example.com,"899 Hess Mountain Apt. 285 Penahaven, UT 20837",2024-07-28
42,Brenda Cunningham,moonmonica@example.org,"353 Melissa Junctions West Amber, NM 61945",2020-09-25
43,Joseph Jones,sanchezlarry@example.org,"143 Erik Road Suite 744 Alexfurt, AL 47707",2021-09-28
44,Casey Lam,caleb69@example.org,"32204 Lisa Estates Suite 010 North Melissa, FL 54546",2022-05-02
45,Ana Williams,tanya30@example.net,"734 Morton Parkways Danielburgh, PA 88084",2023-10-07
46,Roy House,grahammichelle@example.org,"1370 Preston Square Apt. 539 Chavezborough, WY 72734",2023-02-02
47,Ms. Anna Holland,gina71@example.com,"99905 Jones Glen Apt. 631 Rickybury, ND 71160",2020-08-31
48,Jason Hernandez,haneymichael@example.com,"15405 Amber Manors South Amanda, KS 60443",2021-02-19
49,Mr. Steven Smith,racheljohnson@example.com,"3950 Briggs Lodge Apt. 075 Lake Darrenport, KY 33295",2020-12-30
50,John Booker,michellestokes@example.com,"272 Crane Mountains Apt. 497 Ashleymouth, OK 56351",2022-06-12
51,Carlos Patterson,gschroeder@example.org,"4730 Keith Dale Suite 696 New Mariamouth, NC 57681",2022-09-18
52,Cory Flores,joseph22@example.org,"333 Aguilar Unions New Barbaraville, AL 82905",2020-07-19
53,Jesse King,ashleydillon@example.com,"4696 Amanda Hill Apt. 753 Englishborough, RI 10159",2024-07-27
54,Jennifer Fernandez,linda40@example.org,"54418 Ryan Walks Johnsonburgh, ID 24859",2021-04-14
55,Elizabeth Foster,dunlapjillian@example.net,"586 Aaron Locks Apt. 954 Jamesfort, ME 59962",2021-03-02
56,Sara Hester,pattonsavannah@example.net,"81074 Kathy Haven Suite 569 New Amanda, MI 38893",2023-09-26
57,Billy Simmons,christine69@example.com,"54969 Steven Wall East Courtney, VA 21696",2024-09-09
58,Olivia Jenkins,wandasampson@example.com,"5612 Williams Forge Suite 749 Lopezmouth, NE 25210",2021-12-11
59,Michelle Obrien,thaynes@example.org,"062 Kaufman Haven West Austin, WV 75700",2021-07-11
60,Sarah Johnson,trowland@example.com,"8559 Mary Skyway Apt. 271 Williamsstad, NM 18862",2020-07-07
61,Joseph Brown,smithcraig@example.com,"1177 Franklin Locks Apt. 176 Martinezton, FM 49598",2024-01-11
62,Alejandra Collins,mcdanielchristopher@example.net,"39457 Bridget Tunnel Suite 866 Clarkshire, OH 49935",2023-03-06
63,James Sims,charles65@example.org,"81989 Wright Isle Lake James, LA 91584",2022-06-14
64,Kristen Bass,westholly@example.net,"372 Brown Trail East Cindymouth, NY 63331",2023-12-27
65,Marisa Brown,annawood@example.net,"49341 Lynn Pike Woodland, UT 58104",2022-07-23
66,William Nash,james56@example.net,"20075 Wanda Mountain Whitneyland, MN 46881",2023-02-18
67,Martha Murphy,timothy67@example.com,"58750 Deanna Mountain Suite 557 West Yolanda, RI 82471",2022-01-05
68,Daniel Osborne,robertwalker@example.com,"33552 Chavez Spur Suite 384 Port Cynthiaview, IL 67526",2023-06-28
69,Aaron Gomez,ebradley@example.com,"565 Laurie Isle Apt. 722 West Jonathan, SC 32390",2021-10-01
70,Nicole Morgan,joywilliams@example.com,"28942 Corey Forge Smithfort, WV 11084",2022-11-02
71,Kelli Savage,wattsmatthew@example.com,"9606 Adam Walks Bellfurt, CO 64680",2020-04-30
72,Alejandra Robinson,kathy14@example.com,"10667 Chapman Plaza South Courtney, NM 45019",2020-07-15
73,Ryan Robertson,adixon@example.net,"605 Shelly Fort Caitlinbury, IL 61086",2020-07-19
74,Jeffrey Williams,karldelgado@example.net,"4755 Joseph Bridge Apt. 953 Turnerland, NJ 24157",2021-03-20
75,Savannah Richardson,brandon35@example.net,"14412 Ashley Ferry Lake Samuel, NY 07251",2021-06-22
76,Ashlee Richardson,thomasmcgrath@example.com,"5510 Banks Curve North Amanda, PW 12406",2020-11-12
77,Tammy Fox,lhansen@example.org,"172 Heather Mountain Apt. 581 Port Sethton, MI 97611",2022-05-25
78,Vanessa Smith,wmason@example.net,"436 Julia Inlet Morenoport, ID 39107",2024-06-26
79,Tracy Greene,katieparker@example.com,"6791 Jeffrey Extension Suite 520 Santiagoshire, MH 06055",2021-05-02
80,Danielle Lynch,ruizkyle@example.com,"206 Andrew Harbors North Stevenview, OK 00581",2024-07-29
81,Crystal Morris,david87@example.org,"299 Leslie Glens Suite 886 Chelseamouth, WY 71955",2020-12-30
82,Jason Thomas,wesley62@example.net,"6209 Veronica Haven Huanghaven, ID 66618",2021-03-20
83,Candice Jones,kimshelby@example.net,"812 West Mount Port Randallberg, FM 16091",2022-12-03
84,Jessica Lopez,emmawhite@example.com,"828 Brittney Trace Townsendton, MD 04782",2020-11-27
85,Brandon Jordan,amanda48@example.net,"688 Elizabeth Port Suite 697 Ryanmouth, SC 94530",2022-03-30
86,Brad Curtis,lamlaura@example.org,"469 Kathleen Well Robinsonfort, NC 68939",2024-03-09
87,Steven Wilson,michaela56@example.net,"03068 Caroline Lakes South Markmouth, MA 23652",2022-11-17
88,Robert Little,brittanychandler@example.com,"010 Jackson Oval Apt. 940 North Scotthaven, WI 23781",2023-06-27
89,Christopher Harmon,clarkkarla@example.net,"4601 Barnes Forge Suite 631 South Eugenebury, MT 32433",2021-02-20
90,Harold Wilson,justin75@example.com,"PSC 5827, Box 0428 APO AA 30231",2023-01-20
91,Carrie Lawrence,sandragraham@example.com,"61460 Anderson Station Apt. 025 Rickyborough, CO 08052",2024-05-12
92,Tiffany Joseph,shahluis@example.net,"010 Matthew Ville Apt. 018 Joshuastad, WI 29083",2024-03-06
93,Jimmy Martin,brittany68@example.net,"51442 Ryan Square Olivertown, MD 81037",2020-05-15
94,Crystal Ingram,matthewmartinez@example.net,"75192 Kyle Green North Christinehaven, ID 84166",2023-02-18
95,Abigail Lopez MD,heatherlong@example.org,"6006 Bowen Shore Romeromouth, NH 26239",2021-06-30
96,Christina Kelley,darryl52@example.com,"750 Howard Streets Suite 619 New Timothy, MH 67053",2022-04-29
97,Carolyn Weaver,wagnercarla@example.org,"6315 Amy Port East Josebury, PA 95013",2023-02-18
98,Brandon Melendez,conwaymegan@example.net,"0542 Adam Road Gilmoreburgh, PW 48597",2020-09-25
99,Jeremy Vaughan,taylorpaul@example.com,"0718 Sanchez Lights Apt. 761 South Kaitlyn, VA 23602",2020-08-07
100,Mrs. Paula Stephens,smitholivia@example.org,"84199 Boyd Mall Suite 754 Port Johnside, ID 09977",2023-03-25
101,Shawn Ward,garymcgee@example.org,"4701 Katelyn Harbors Rachelshire, FL 79973",2024-10-01
102,Jill Foster,scottwilson@example.net,"701 Deborah Cliff Suite 970 Nicolemouth, MT 57354",2023-07-25
103,Lauren Richard,cynthiapearson@example.org,"1363 Kevin Harbors Suite 317 South Jenna, GA 17114",2024-09-13
104,Brenda Sloan,nicole07@example.com,"8940 Nathaniel Stream Apt. 560 Elizabethland, DE 18936",2023-02-23
105,Tamara Webb,carneyrobert@example.net,"376 Brown Forges Suite 520 New Maryton, NV 80616",2020-03-09
106,Kimberly Campbell,ruizbonnie@example.org,"2533 Carly Villages Marshton, PW 28363",2022-04-06
107,Debra Torres,johnbaird@example.com,"10257 Heather Lights West Katherinefort, ND 35707",2021-10-04
108,Amanda Horn,nicolesanders@example.net,"01121 Cassidy Way West Michael, VT 08290",2022-05-03
109,Monica Sharp,thomastiffany@example.com,"2140 Jill Views Suite 109 Lake Samantha, RI 48237",2020-12-09
110,Brittany Jackson,mrose@example.com,"375 Hodges Cape Joseview, NE 38043",2021-01-01
111,Donna Wheeler,melissa74@example.net,"90605 Parker Loaf Suite 325 New Meganchester, CA 11432",2024-01-07
112,Elizabeth Pacheco,weberamy@example.org,"69962 Gary Greens Suite 116 West Tinaland, HI 49011",2020-12-02
113,David Erickson,tiffanyhowell@example.net,"1003 Johnson Flat Suite 900 Port Jenniferside, GU 91356",2022-07-11
114,Emily Odonnell,james22@example.org,"41341 Tiffany Overpass Thomasville, ID 69768",2022-07-10
115,Michael Brady,ycarr@example.org,"0283 Henderson Club Suite 922 Markfort, ME 22823",2020-09-04
116,Erica Alvarez,benjaminhall@example.com,"PSC 8079, Box 2614 APO AA 97838",2021-04-05
117,Sara Hunt,laurieshelton@example.org,"45915 Lucas Island Amyburgh, IL 73488",2022-04-07
118,Michelle Watson,itaylor@example.net,"4651 William Overpass Lauraburgh, AL 05276",2023-02-18
119,Marie Hodges,michael68@example.net,"53576 Stephanie Lock New Christopherburgh, CT 06225",2021-05-27
120,Jordan Parker,courtney28@example.org,"4387 Wells Mount Jonesmouth, KY 12456",2023-07-22
121,David Smith,sheltonkelly@example.com,"991 Emily Parks Arthurmouth, OK 82914",2023-08-17
122,Charles Cain,daniel54@example.org,"32133 Joshua Radial Apt. 935 Davidsonview, AZ 62445",2024-02-04
123,Katherine Hardin,qschultz@example.com,"04570 Karen Port Apt. 086 Hillchester, VI 51463",2022-08-07
124,Anthony Hogan,whitakersteven@example.org,"17739 Elizabeth Island Mooremouth, MO 12364",2021-10-14
125,Brandon Zimmerman,eallen@example.net,"151 Hampton Manor West Michaelmouth, OR 84051",2020-10-23
126,Craig Sims,barajasamanda@example.org,"9302 Kimberly Streets Davidstad, VA 54608",2024-06-01
127,Scott Scott,matthewsalison@example.org,"PSC 7124, Box 9245 APO AA 53257",2020-04-18
128,William Contreras,jessica90@example.com,"44479 Natalie Valley Salazarfurt, AR 16398",2022-04-30
129,Thomas Griffith,dana43@example.org,"87238 Roberts Tunnel Lake Pamela, LA 47255",2022-09-17
130,Joy Thompson,shanejacobs@example.com,"5074 Rachel Orchard Apt. 451 New John, OK 70107",2020-07-25
131,Dr. Brandon Lester,kimberly82@example.net,"54124 Holden Greens Lake Evan, MT 45688",2024-03-11
132,Kristin Wilson,tparker@example.org,"76446 Brown Hill Reeseview, NV 44210",2020-02-19
133,Lauren Snyder,dpotts@example.org,"8583 Dwayne Underpass West Amyhaven, SD 09535",2023-02-24
134,Tammy Pierce,daniel52@example.net,"541 Stewart Neck Stephensstad, MT 85745",2020-11-29
135,Carlos Juarez,gordonnathan@example.org,"1052 Ralph Club Meaganborough, NJ 94027",2024-05-26
136,Patricia Johnson,mariemolina@example.net,"3458 Klein Camp Bennettfurt, MD 87601",2024-06-22
137,Sean Nash,oblake@example.com,"434 Travis Falls Gabrielport, HI 51648",2023-11-17
138,Daniel Meyer,scunningham@example.com,"43681 John Extension North Jonathanshire, NE 90625",2023-10-22
139,Alan Bruce,robertsgregory@example.net,"170 Ponce Spur Suite 432 Thomasbury, IL 71464",2024-07-05
140,Christopher Moreno,tbrown@example.org,"75275 Teresa Valleys East Cristianmouth, FL 47302",2020-09-29
141,Nicole Gordon,carrsarah@example.com,"7095 Lisa Parks West Adam, MS 66390",2020-12-23
142,Gabriel Williams,zcalderon@example.org,"896 Sarah Cliffs Apt. 493 Port Pamela, WA 62659",2021-11-21
143,Lisa Bauer,erin40@example.org,"4811 Allen Flat Apt. 902 North Jacob, OK 82837",2022-09-06
144,Abigail Ochoa,coopercheyenne@example.com,"47212 Jennifer Expressway New John, MP 77274",2021-09-25
145,James Summers,heather04@example.net,"37350 Stone Tunnel Christinaville, CA 98569",2024-08-23
146,Mr. Cesar Sanchez,joshuagaines@example.net,"02237 Hall Neck Suite 761 Haleyville, VA 51797",2020-08-09
147,Samuel Mendez,mercerjacqueline@example.net,"287 Hector Circles South Craigport, TX 60754",2024-02-14
148,Jeanne Cunningham,jwright@example.org,"41755 Jordan Harbors Suite 274 North Kevinfurt, FM 35596",2020-10-02
149,Evan Smith,simmonsbenjamin@example.org,"PSC 1206, Box 7057 APO AA 71947",2022-05-30
150,Mr. Patrick Brown PhD,alejandra06@example.net,"9774 Aguirre Heights Apt. 589 Roberthaven, TN 45361",2020-09-23
151,Kevin Costa,sandra67@example.net,"8640 Justin Branch Austinville, OR 58092",2023-09-03
152,Shannon Bowman,dennis33@example.net,"0971 Wong Street New Chelseaport, MP 31085",2021-06-23
153,Samantha Huff,moraleslindsay@example.com,"383 Ray Fields Apt. 977 Melaniefurt, IA 64859",2022-09-10
154,Brandy Cardenas,tgraham@example.net,"92282 Cory Forge Apt. 169 East Maxwell, SC 19666",2020-02-18
155,Phillip Smith,rebeccabauer@example.com,USNV Daniels FPO AE 33482,2021-02-12
156,Spencer Mcdowell,nbrown@example.net,"9638 Howard Dam North Hollyland, MS 70189",2024-09-23
157,Jason Logan DDS,johnclark@example.org,"32952 Kristin Park Suite 098 North Nancyfurt, OR 31507",2024-04-19
158,Rachel Lane,raypaul@example.org,"7689 Ronald Crescent West Emilyshire, WY 93688",2020-04-10
159,Janice Maynard,dillon43@example.com,"41667 Lisa Fall Bradleystad, UT 64815",2021-07-03
160,Timothy Smith,narmstrong@example.org,"782 Cross Field Suite 477 West Diane, ME 45630",2021-07-23
161,Jennifer Holden,eduardo67@example.org,"80554 Valdez Rapid Apt. 031 Youngberg, WI 55076",2023-01-30
162,Kelli Turner,hunterstark@example.org,Unit 9324 Box 0790 DPO AE 16363,2021-06-26
163,Jeff Turner,jeremy07@example.org,"290 Mitchell Springs Apt. 981 East David, NJ 95692",2022-04-06
164,Rebecca Johnson,christophersmith@example.org,"875 John Spur Suite 566 Lake Rebekahchester, ID 35091",2020-07-06
165,Erin Walker,erikjones@example.com,"1854 Wilson Ports Suite 946 North Kevin, NJ 47386",2020-06-17
166,Rebecca Jones,amber50@example.net,"7085 Miller Vista Boydstad, VI 92890",2022-06-19
167,Thomas Yates,caseynelson@example.org,"0958 Wesley Crest Isabelberg, GA 99650",2022-04-05
168,Christina White,perkinskathryn@example.com,"02381 Cooper Cliff Suite 447 Matthewborough, TX 01498",2020-05-17
169,Terry Riddle,melissajohnston@example.net,"48708 Victor Valley Apt. 089 Heiditon, MD 73449",2021-11-23
170,Jasmine Alexander,christopherdavis@example.net,"16083 Brooks Parks Lawrenceshire, NH 75560",2020-05-04
171,Rhonda Carrillo,robleswillie@example.org,"081 Mason Burg Lake Monicastad, WY 05299",2020-09-21
172,Melanie Norton,cassandramoon@example.org,"94423 Knight Orchard Suite 204 Piercefort, SC 09042",2021-04-05
173,Vincent Morgan,angelasoto@example.net,"65571 Nicholson Flat Apt. 017 Emilyfurt, ME 36013",2020-09-13
174,Zachary Heath,cwright@example.net,"40976 Lauren Ramp Apt. 086 East Seth, NE 78542",2020-11-15
175,David Ryan,shafferjustin@example.org,"44360 Alexander Parkways North Lisamouth, NC 19440",2023-10-28
176,Jose Davis,shari66@example.org,"02845 Brown Flat Port Chad, LA 52715",2022-12-02
177,Robert Davis,dbrown@example.net,"47000 Olson Ways Sellersstad, MI 76885",2020-09-24
178,Cory Martin,fjackson@example.org,"4016 Dickerson Fields Suite 886 Smithburgh, NY 27548",2020-07-02
179,Johnny Wang,bakerelizabeth@example.org,"870 Robinson Shoals Collinsshire, OK 22027",2021-03-04
180,Jamie Contreras,jerry16@example.org,"997 Stacy Terrace East Maryhaven, GA 42302",2023-06-18
181,Karen Weber,patricksmith@example.org,"23805 Watson Forge Wrightburgh, MO 08873",2023-04-30
182,Latasha Wells,jenny95@example.com,"955 David Freeway Suite 555 South Rileyberg, NV 75668",2022-09-14
183,Kristina Patterson,robert41@example.org,"017 Michael Islands Suite 013 Lake Jacobville, PR 19169",2022-11-21
184,Jason Harris,sullivanbrian@example.net,"56915 Michelle Way West Brianborough, DC 57527",2021-11-23
185,Sarah Green,dylan95@example.com,Unit 7797 Box 5212 DPO AE 12375,2023-11-23
186,Matthew Steele,melissaaguirre@example.net,"PSC 2310, Box 7919 APO AP 97173",2021-02-23
187,Karen Morris,iwarren@example.com,"PSC 9714, Box 2387 APO AP 84040",2022-08-19
188,Frances Bradley,michaelalvarez@example.net,"35887 Peggy Center Clarkhaven, GU 58507",2022-10-20
189,Amy Hughes,cowansamantha@example.net,"3589 Jerry Square Apt. 585 Nortonton, MI 06924",2024-02-08
190,Rebecca Wheeler,vbrown@example.org,"716 Louis Passage Apt. 769 Gordonborough, OH 52567",2020-11-04
191,Ryan Wagner,karen29@example.org,"42943 Stephanie Lights Cunninghamberg, ME 31820",2022-01-06
192,Joshua Brooks,shanecastro@example.net,"950 Dorothy View Cookmouth, IN 75735",2020-06-01
193,Vickie Brooks MD,blanchardwilliam@example.net,"11158 Catherine Flats Apt. 838 Nicholasland, CO 51901",2022-10-15
194,Antonio Rogers,lschmidt@example.com,"9665 Oliver River New Angel, KY 14631",2021-03-21
195,Kathleen Gonzalez,jirwin@example.org,"7082 Guzman Flats Port Kellyport, IL 31713",2020-04-06
196,Michael Mack,courtneybarrett@example.net,"9279 Oconnor Pike Edwardsport, ND 18465",2023-03-18
197,Matthew Davis,davidmyers@example.net,"PSC 5385, Box 4280 APO AA 18002",2021-05-23
198,Jeremy Chan,aarongarrison@example.net,"7675 Fowler Forges Suite 433 Lake Megantown, GA 30239",2024-09-20
199,Michelle Johnson,xdavis@example.com,"3517 Keller Pass Williamhaven, AZ 50925",2020-11-21
200,William Espinoza,tyler57@example.com,"360 Brent Viaduct New Rebekah, KY 15620",2022-05-26
201,Cameron Johnson,ooconnell@example.org,"799 Robert Roads Apt. 764 Stephenfurt, MD 32578",2024-04-18
202,Michael Allen,georgesmith@example.org,"34808 Stein Mountain Baileyside, MI 34793",2020-04-23
203,Cynthia Cook,kristindavidson@example.net,"2488 Carrie Plains Suite 344 Jeffersonberg, AL 50584",2020-05-19
204,Melissa Campbell,melissa74@example.net,"837 Robert Ville South Matthew, MD 25274",2020-02-16
205,Jasmine Reyes,lindareilly@example.com,"309 Barr Drives Douglasborough, PA 45815",2021-08-25
206,Darrell Koch,loribrooks@example.net,"7996 Kristin Gateway Danielburgh, AS 94971",2023-07-09
207,Karen Leon,ghess@example.net,"336 Elizabeth Brooks Suite 739 East Ronnieberg, MT 09162",2020-08-16
208,Allison Campbell,perry20@example.net,"1145 Jones Island Suite 294 Hallshire, SD 00647",2021-03-17
209,Mark Mcguire,hallrobin@example.org,"53008 Duarte Rapid East Joanna, PR 55981",2020-02-27
210,Heidi Rivera,rmartinez@example.net,"452 Buchanan Forks Thomasville, FM 25485",2023-10-18
211,Angel Adams,lisa99@example.com,"284 Anderson Stream Garciaville, MI 40436",2020-10-29
212,Anna Murray,richardcarroll@example.org,Unit 9172 Box 1672 DPO AA 15214,2023-06-11
213,Kristen Greene,christopherbaker@example.org,"3697 Logan Square Lake Anthonyville, NH 80541",2021-05-31
214,Phyllis Hudson,samuel71@example.net,"498 Cook Highway Smithbury, MP 93792",2024-08-24
215,Debra Barnett,shawamy@example.org,"23745 Fleming Course Apt. 774 East Terrance, SD 59077",2022-12-04
216,Kimberly Downs,snguyen@example.net,"188 Dalton Shore Apt. 585 Jenniferburgh, MT 43498",2020-01-27
217,Katelyn Martinez,diane22@example.com,"53269 April Street Apt. 637 Meganbury, MA 81956",2020-02-19
218,Emily White,michaelking@example.com,"3934 Wiley Prairie Apt. 286 Port Lauratown, OK 88785",2021-12-03
219,Tina Pollard,unorton@example.org,"92497 Joseph Walk Suite 595 Port Zachary, MP 02271",2022-06-25
220,Jordan Wells,dale51@example.net,"76152 Wolf Mill Lake Krystal, AR 08452",2024-04-14
221,Katherine Young,christine29@example.org,"83955 Haney Passage Suite 700 Jeanburgh, KS 06630",2020-01-18
222,James Wilson,xwalsh@example.net,"31485 Renee Track Apt. 999 West Joseph, MH 29518",2021-03-04
223,Steven Mosley,twalker@example.net,"141 Regina Route Apt. 946 East Trevor, MS 07981",2022-06-17
224,Erin Sanchez,chasekelli@example.net,"2052 Martin Square Apt. 018 West Amychester, UT 76047",2022-03-09
225,Jason Medina,melissa03@example.com,"50677 Brian Court Apt. 913 Port Tina, MO 54423",2021-06-18
226,Cassidy Maxwell,rlopez@example.com,"246 Sullivan Bridge South Michael, CO 70684",2020-01-28
227,David Carson,kristiesmith@example.com,"3516 Michael Cove Port Janice, LA 06865",2021-06-02
228,Mia Smith,cookjoseph@example.net,"22829 Mariah Glen South Jeremyview, AR 89830",2020-11-05
229,Eric Conner,fcarson@example.org,"35825 Steven Wall North Julianshire, OH 85882",2024-05-20
230,Jenna Reed,cheryl47@example.net,"399 Brooks Station Taylorland, MO 98887",2024-02-19
231,Dana Hanson,vmartinez@example.com,"491 Smith Road West Michaelfort, CO 48777",2020-04-03
232,Hunter Fields,tinamendoza@example.com,"35517 Timothy Court Lake Matthewmouth, TN 35447",2022-04-13
233,Nathan Taylor,kimalexander@example.org,"80666 Hunter Squares Apt. 815 Whitemouth, UT 36673",2024-05-23
234,Joy Herrera,ybrown@example.com,"77758 Brian Motorway North Tracy, IL 90754",2021-11-21
235,Pamela Wallace,jessicamack@example.com,"1759 Mary Trail Apt. 038 South Justin, NJ 18513",2023-02-23
236,Nathaniel Perez,bowerschristine@example.net,"486 Hicks Valleys Lake Anthonyhaven, FL 42156",2020-12-14
237,Angel Frazier,rollinssuzanne@example.com,"26471 Franklin Skyway Port Nancyport, PR 45836",2023-09-12
238,Holly Jimenez,spencer98@example.net,"67186 Valdez Knolls South Jason, PA 83954",2020-01-29
239,Michael Knapp,ymarsh@example.net,"9748 Heath Ferry Suite 553 New Brentmouth, MD 09748",2021-03-09
240,Samantha Ball,frederickhernandez@example.org,"54157 Lee Run Apt. 813 West Brian, MI 75382",2020-07-06
241,Caleb Smith,rjones@example.com,"01720 Tracy Plaza Apt. 726 West Megan, MA 22656",2022-07-28
242,Wendy Fisher MD,zhoward@example.org,"07573 Jonathan Run Suite 455 New Kathleen, WY 24499",2022-08-20
243,Matthew Mccarthy,bradley14@example.net,"5982 Helen Lights New Vanessa, MI 81110",2022-06-06
244,Amanda Parsons,danielconner@example.com,"5859 Brandt Curve South Alexis, AS 21824",2022-08-27
245,Melissa Campbell,mhinton@example.com,USNS Smith FPO AP 26830,2022-04-19
246,James Leonard,marilyn88@example.com,"3823 Baxter Glens Apt. 864 West Kimberly, WA 09840",2020-04-20
247,Mark Mills,cookjoseph@example.org,"63678 Madison Branch Apt. 036 Allenfurt, PW 41055",2023-10-03
248,Taylor Morrison,blackkenneth@example.com,"34304 Kevin Manors Suite 983 Sullivanville, ID 98379",2020-12-11
249,Julie Ward,gibsonpeter@example.net,"881 Taylor Park East Mariaborough, VT 14644",2023-06-26
250,Tara Curtis,imcgrath@example.org,"247 Sanchez Greens Floresburgh, NJ 75061",2024-06-15
251,Bryan Andrews,pittmanlogan@example.org,"8148 Fox Fall Apt. 543 Port Gloriachester, MD 73796",2024-01-24
252,Sarah Brown,jeffrey98@example.com,"65950 Ward Plains Suite 417 Dominguezmouth, NJ 12480",2024-01-01
253,Antonio Kennedy,hunterchristina@example.org,"7766 Weaver Brook Suite 384 Lake Brittany, VI 78913",2022-06-23
254,Megan Matthews,mandyjenkins@example.net,"47258 Shannon Plaza South Stephanieshire, MO 89606",2021-10-30
255,Desiree Friedman,salazarpatrick@example.org,"42066 Cody Gateway Johnsonberg, NE 92367",2021-09-11
256,David Porter,pjenkins@example.com,"897 Nicole Hill Suite 294 Davisberg, IN 51202",2021-07-03
257,Tracy Ford,bho@example.net,USS Bauer FPO AA 83428,2020-06-14
258,Jonathan Johnson,longrichard@example.com,"197 Susan Course Apt. 083 North Alexandriamouth, AZ 97657",2023-01-30
259,Jesus Anthony,stephanie21@example.org,"134 Hale Union Andrewmouth, TN 22487",2021-08-16
260,Lori Barnes,fwashington@example.org,"129 Goodwin Views Suite 301 Port Matthew, NE 66565",2024-03-01
261,Ashley Roach,cathy73@example.org,"659 Shelby Curve North Adam, DE 42403",2024-08-30
262,Timothy Hill,zjones@example.com,USS Abbott FPO AP 70615,2020-10-22
263,Cheryl Hansen,charles36@example.org,"87275 Alvarez Manors Suite 449 New Christine, SD 95495",2021-02-06
264,Megan Smith,mariaanderson@example.com,"83803 Mason Mills North Patty, NY 90869",2020-11-16
265,Stephanie Barnett,vasquezharry@example.net,USCGC Ramos FPO AE 92867,2022-08-27
266,Leroy Joseph,pgraham@example.com,"33065 Fernandez Port Suite 689 Lake Wyattville, NY 59258",2020-04-26
267,Frederick Richardson,morgancory@example.net,"5995 Aguirre Lane Phillipsshire, VA 04162",2023-01-03
268,Kevin Gray,olivia92@example.org,USNV Wood FPO AA 19703,2020-12-16
269,Mark Hopkins,pmoore@example.com,"65461 Richard Springs Brittanyview, OK 21619",2021-02-15
270,Robin Cameron,mshelton@example.net,"8945 Gonzales Oval Lake Laura, NH 51490",2020-11-07
271,Lisa Pena,jenkinswilliam@example.net,"61526 Bell Mountains North Dylanton, VT 14324",2022-10-31
272,Kathleen Tate,jessicamartin@example.net,"864 Victor Junction Carolburgh, IA 10042",2023-03-21
273,Patricia Armstrong,tammy19@example.com,"107 Meyer Turnpike Apt. 843 Guzmanshire, NE 16510",2024-06-02
274,Brendan Ballard,fdavis@example.net,"5067 Kimberly Valley Lake Georgechester, NJ 80293",2021-02-27
275,Rebecca Walker,jackali@example.net,"9401 Heather Camp Suite 014 Allentown, WV 09323",2020-01-01
276,Bill Ryan,richarddominguez@example.org,"70487 Tara Brooks Suite 397 Derekton, RI 81811",2024-05-19
277,Michael Taylor,lwalker@example.org,"3149 West Center Suite 186 Kaylafort, MP 34081",2023-12-27
278,Holly Hughes,teresa81@example.org,"151 Katelyn Cove Apt. 257 New Amberfort, TX 10701",2021-02-17
279,Ryan Myers,danasheppard@example.net,"2141 Mcdonald Lakes Hooverhaven, TX 84540",2023-06-15
280,Kerry Alexander,davisamy@example.org,"2633 Michael Knolls Suite 038 New Nancy, AR 51649",2021-12-24
281,Rebecca Tate,leonbrown@example.com,"582 Ruiz Crest Michellebury, NC 56656",2020-01-26
282,Robert Vance,cflores@example.org,"51225 Nicholas Keys Suite 316 Jacksonport, NE 10660",2023-02-21
283,Michael Chaney,jasonrasmussen@example.org,"196 Brown Ville Berryhaven, OH 98450",2020-09-28
284,Robert Andrews,huffmankimberly@example.net,"49892 Lewis Knoll West Danieltown, MN 54306",2022-05-17
285,Jennifer Macias,donald73@example.org,"95142 Phillip Union East Katherinetown, FL 03280",2021-07-10
286,Patrick Hughes,spencer58@example.org,"889 Michael Circles Apt. 732 West Codytown, NC 24804",2020-10-30
287,Jacob Bartlett,charvey@example.com,"2723 Brown Grove Suite 187 Nathanielstad, DC 75414",2021-10-24
288,Kevin Smith,vmaldonado@example.org,"17790 Rivera Islands West Micheleport, MD 72015",2022-09-04
289,Karen Brandt,davidreed@example.net,"PSC 1047, Box 4770 APO AE 46708",2020-04-10
290,Roy Macias,sheppardsandra@example.net,"535 Evans Forest Apt. 887 South Andreafurt, WY 70906",2021-02-22
291,Stacy Vargas,davisdebbie@example.org,"0736 Stevens Summit Williamview, VA 30621",2021-10-24
292,Randall Smith,ggutierrez@example.com,"7595 Christine Alley Suite 682 Finleychester, NM 94256",2021-08-26
293,Douglas Haynes,emoreno@example.net,"55447 Ricardo Terrace Whitetown, KY 30987",2021-05-21
294,Emily Boone,martha62@example.org,"376 Jessica Passage Suite 129 Crawfordfort, MO 89255",2024-01-17
295,James Arellano,bleach@example.com,"976 Holmes Via Suite 404 Robertstad, FL 12104",2024-08-19
296,Amber Williams,kim96@example.org,"2550 Jose Loaf Suite 759 Port Samantha, ID 94205",2022-08-29
297,James Williams,danielle13@example.com,"472 Hayes Freeway Suite 819 South Wendy, MN 90768",2020-05-03
298,Julie Robinson,joseph97@example.net,"97047 Sanford Knoll Briggsfurt, CT 36639",2020-12-02
299,Terrence Salazar,jenniferbaker@example.net,"62845 Durham Expressway Jonathanburgh, ID 80327",2024-02-01
300,Barbara Ramsey,gonzalezbrian@example.net,"99965 Cheryl Plaza Hernandezborough, MH 26876",2023-11-24
301,Christopher Rivera,scottwilliamson@example.org,"34827 Willis Orchard Apt. 751 North James, NC 45045",2020-09-21
302,Katie Shannon,sheila56@example.net,"37965 Joshua View Apt. 821 North Josephchester, RI 88438",2021-09-08
303,Shirley Ross,mwerner@example.com,"4476 Kevin Valleys Apt. 688 Beanmouth, WA 66838",2020-04-29
304,Tammy Williams,brookecohen@example.com,"76439 Gibson Path East Sherri, CA 44700",2023-02-10
305,Morgan Dean,millerallison@example.org,"148 Davis Roads South Brandon, WY 10906",2024-02-01
306,Tyler Hudson,sarah44@example.org,"2813 Corey Place West Valerie, IL 38780",2020-03-05
307,Timothy Pearson,brianmiller@example.org,"6528 Novak View South Kellyview, MP 81046",2020-01-23
308,Ashley Schroeder,johnsonduane@example.org,"55738 Philip Port Apt. 183 Robertside, ND 97719",2021-04-08
309,Charles Robinson,masseylisa@example.org,"554 Kristy Corners Bryanbury, AR 49180",2024-06-14
310,Norman Moore,evanselizabeth@example.com,"557 Richard Path Port Jillmouth, TN 63548",2024-07-21
311,Melissa Pace,bdominguez@example.net,"1898 Kristine Ville South Michaelberg, OR 81715",2021-04-04
312,Lisa Trevino,brent74@example.net,"0163 Bobby Road Michaelfurt, UT 02581",2022-06-30
313,Teresa Glover,ygarcia@example.org,"3900 Meyer Trace Apt. 906 Reyesburgh, TN 31883",2020-08-22
314,Catherine Lang,sanchezleslie@example.net,"26121 Stephanie Corners Apt. 914 West Walter, VI 10436",2024-04-03
315,Corey Harris,pereznancy@example.org,"774 Powell Row Apt. 791 Woodwardhaven, NV 09449",2021-04-08
316,Brittany Harrell,lori61@example.org,"16718 Rivera Grove Suite 413 Port Ashleyport, VI 49460",2020-02-17
317,Mary Lopez,woodsallison@example.net,"75955 Ian Crossroad Moorechester, ND 77978",2021-01-24
318,Courtney Reed,bradleyvictoria@example.net,"398 Benson Manor Suite 894 Zacharyfurt, PW 40813",2024-09-27
319,Elizabeth Jackson,kenneth96@example.com,"75737 Jay Walk Apt. 685 Johnborough, SC 49011",2021-09-10
320,Tiffany Young,sylviarodriguez@example.net,"9297 Ingram Drive Hernandeztown, NJ 09919",2021-01-23
321,Mikayla Lindsey,philipwhite@example.com,USNS Hernandez FPO AE 71809,2021-12-15
322,Danielle Smith,dennisnancy@example.net,"26821 James Road Apt. 453 Millerberg, OK 26965",2022-12-12
323,Joshua Gilmore,xferrell@example.com,"151 Philip Center Suite 691 East Luis, MH 23344",2024-06-16
324,Mr. David Molina Jr.,stacyvega@example.org,"7645 Carrillo Bridge Port Robert, NC 77156",2024-04-01
325,Sally Graham,richardsnicholas@example.org,"4361 Bond Station East Andrew, NH 24919",2020-10-14
326,William Ross,reedjodi@example.org,"4660 Brown Pines Apt. 517 Port Sydney, MN 50442",2020-06-08
327,Richard Moore,ihamilton@example.com,"698 Jerry Canyon Port Christinaborough, GA 89698",2022-04-26
328,Miranda Johnson,madeline43@example.net,"6897 Perry Mission Steveburgh, MT 44563",2020-02-01
329,Terri Perkins,katherine99@example.net,"81688 Peterson Views Smithstad, MN 19282",2022-02-25
330,Bradley Tanner,carolinebrown@example.com,"1578 Casey Cape Port Joshuamouth, PA 89083",2024-02-21
331,Nicole Harris,sharonramirez@example.com,"398 Nguyen Canyon West Dakota, GU 54464",2023-08-03
332,Nicholas Simmons,sbradley@example.org,"72865 Davis Field South Nicolehaven, ID 75028",2024-07-03
333,David Frey,brendafletcher@example.org,"0871 Johnston Mission Michellefort, WY 01148",2023-08-04
334,Cassandra Spencer,nhart@example.org,"600 Mary Gateway North Jeremy, AZ 48686",2023-11-27
335,Diana Ward,elizabethellis@example.net,"64866 Walker Meadows Sherryburgh, VT 64281",2024-04-29
336,Sherry Hamilton,pellison@example.org,"121 Eric Grove West Christopher, ME 02249",2023-01-08
337,Christine Ross,nicole36@example.net,"57785 Kennedy Walks Suite 383 North Caitlinfort, MI 99948",2024-07-10
338,Vincent Miller,rrowe@example.net,"28081 Timothy Greens Laurabury, KS 90781",2022-03-11
339,James Bonilla,bruceevans@example.com,"3979 Trevor Prairie Lake Samantha, NM 12034",2023-07-13
340,Thomas Delgado,barnesgina@example.net,"PSC 1826, Box 3680 APO AP 75812",2023-06-28
341,Amanda Meyer,ugriffin@example.com,"430 Bird Stream Port Patriciaton, TX 53849",2022-12-01
342,Michael Robertson,johnsonterri@example.org,Unit 4485 Box 8051 DPO AE 41009,2022-11-09
343,Douglas Oneal,vrichards@example.com,"08611 Jennifer Extension Port Tyler, OH 69234",2023-09-26
344,Victoria Alexander,justinporter@example.com,"997 Dylan Shore Wallaceside, AR 54114",2022-02-19
345,John Maldonado,john30@example.com,"2341 Young Squares Suite 904 Pearsonville, MD 18118",2021-10-15
346,Michelle Campbell,paulmorrison@example.org,USS Baker FPO AE 52995,2020-05-04
347,Jeffery Fowler,asmith@example.org,"9219 Timothy Summit West Charles, WV 48379",2024-01-17
348,Manuel Miller,whitakermichael@example.com,"6686 Holmes Falls Apt. 947 North Benjaminside, AR 00889",2023-12-31
349,Yvette Adams,jessica72@example.net,Unit 4996 Box 7631 DPO AP 50090,2023-12-01
350,Daniel Thompson,phillipskeith@example.net,"8361 Ian Junctions Lake Savannah, OR 92724",2024-03-08
351,Emily Mills,jalvarado@example.com,"248 Wright Knolls Suite 073 Smithhaven, NJ 95040",2022-01-12
352,Kathleen Vasquez,wlynch@example.org,"237 Rodriguez Camp Suite 096 West Matthewside, DE 39282",2021-08-02
353,Allison Rowe,xhernandez@example.net,"7144 Shelly Court South Jessicamouth, VA 13399",2022-02-15
354,Bryan Wilkins,ialexander@example.org,"529 Rodriguez Camp Brittanyhaven, WI 08621",2021-05-08
355,Anthony Ferguson,shari74@example.org,"90764 Carolyn Plain Port Gina, AZ 15163",2020-08-23
356,Kathryn Brown,jose32@example.com,"0628 Cunningham Stravenue South Carlshire, LA 52703",2022-09-15
357,Daniel Mitchell,sarahporter@example.net,Unit 3846 Box 9488 DPO AA 31541,2021-02-26
358,Brandon Salas,stewartlinda@example.net,"04222 Krista Row Suite 649 Palmerhaven, AZ 50120",2022-04-14
359,Pamela Hunt,sparksmelinda@example.org,"1662 Obrien Divide Fergusonmouth, MI 97308",2022-10-17
360,Victor Osborne,rcisneros@example.org,"0373 Courtney Ports Michaelbury, MP 73034",2023-04-02
361,Brenda Washington,derekcole@example.com,"5768 Alexander Islands New Kenneth, AZ 69916",2020-09-03
362,Alexis Gonzalez,steven60@example.net,"73300 Gloria Islands Apt. 251 Williamsfurt, DE 13037",2020-03-18
363,Alice Robinson,gkelly@example.org,"90915 Padilla Walk West Jenniferview, IL 12127",2022-06-14
364,Martin Wright,vmarshall@example.org,"3903 Chase Roads Apt. 425 Port Logan, NM 99030",2024-09-25
365,Ethan Jackson,andersonkatrina@example.com,"88441 Marks Knolls North Maxfurt, CA 88856",2023-07-26
366,Erin Hines,jason00@example.org,"70216 Cochran Pine Alexandertown, MI 14631",2021-07-14
367,Matthew Schmitt MD,marquezdouglas@example.net,"0860 Catherine Parkway South Christinechester, FM 03205",2023-10-09
368,Rhonda Garcia,ejohnson@example.net,"27693 Stephanie Trail Apt. 284 Dawnport, GU 62258",2020-01-02
369,Andrea Case,donald51@example.org,Unit 8647 Box 2288 DPO AA 89159,2022-01-10
370,Jordan Parker,lwright@example.org,"66224 Thomas Path Suite 417 New Timothystad, PR 54157",2023-11-06
371,Shane Lopez,jesse59@example.net,"PSC 7646, Box 9211 APO AP 36139",2021-08-19
372,Kyle Anderson,daniel50@example.net,"77315 Ray Ferry Coreyside, TN 27602",2022-10-07
373,Nicole Lopez,kevin50@example.com,"0075 Moore Extensions Suite 649 Morganberg, WI 26276",2022-05-21
374,Kaitlyn Kidd,kelsey94@example.org,"785 Robin Path Suite 155 West Stevenport, ME 40875",2023-08-27
375,Peggy Dalton,kevin46@example.com,"503 Carter Glen Gonzalezland, RI 25549",2022-08-05
376,John Ponce,erinwatson@example.org,"6464 Steele Village Lake Regina, CT 92271",2023-10-28
377,Dakota Fitzgerald,xmercado@example.org,"244 Paul Knoll Apt. 508 Houstonstad, NY 71566",2023-08-28
378,Stanley Jordan,austinjohnson@example.org,"563 Hunter River Thompsonbury, VT 76683",2022-08-15
379,Debbie Davis,abbottjoshua@example.com,"80131 Ortega Loop Suite 470 Jordanmouth, SD 27717",2023-03-02
380,Douglas Moore,mcdowellrebecca@example.org,"529 Le Glen North Johnmouth, UT 04103",2023-03-19
381,Natalie Hansen,jacobfuentes@example.com,"26726 Amber Circles East Jeremy, MS 90645",2023-10-16
382,Becky Smith,wilkersongabriel@example.com,"3136 Miguel Points Apt. 442 Jamesville, IA 86347",2024-08-04
383,Elizabeth Sheppard,lorijensen@example.net,"9390 Elizabeth Place Suite 881 North Rubenton, MH 66287",2021-08-20
384,William Price,cindyacosta@example.org,"96452 Heather Station Suite 810 New Patrick, AR 98770",2020-11-26
385,Ryan Morris,frosario@example.net,"6471 Bauer Avenue North Reginamouth, ME 38078",2024-03-27
386,James Ryan,opearson@example.net,"8506 Smith Burgs Henryview, NE 68177",2024-01-04
387,Olivia Hutchinson,kristin93@example.org,"2870 Brian Overpass Apt. 580 Melissahaven, HI 72216",2020-02-29
388,Kevin Martinez,nancyreyes@example.com,"PSC 5990, Box 0510 APO AP 48201",2021-10-26
389,Jonathan Russell,thompsoncraig@example.com,"45842 Theresa Landing Danielview, WV 37389",2024-06-02
390,Krista Morrow,simspamela@example.net,USNS Gonzales FPO AE 82246,2023-09-22
391,Benjamin Finley,richard05@example.net,"76529 Marshall Forks Suite 545 Patrickbury, OR 86862",2022-01-13
392,Deborah Andersen PhD,frankpaul@example.org,"732 Burton Shoals North Scottburgh, NH 73758",2024-05-03
393,Christopher Pierce,cwilliams@example.com,"903 Williams Trail Suite 875 Jasonview, VT 13981",2021-02-15
394,Ana Carter,jason60@example.org,"83187 Harvey Trafficway Apt. 520 West Lynn, NJ 15679",2020-06-22
395,Frederick Jones,allenjacob@example.com,"779 Peters Valley North Christopherbury, SC 25355",2024-03-14
396,Jason Miller,idrake@example.org,"912 Rebecca Trafficway Suite 613 South Raymondburgh, SC 05794",2024-02-27
397,Crystal Dixon,zcurry@example.com,"720 Carrie Ways Apt. 352 Kevinport, WA 32384",2020-01-01
398,Michele Harris,dchavez@example.com,"26546 Ortiz Hills Apt. 979 Henryburgh, AL 34423",2023-07-08
399,Christine Bauer DDS,tami48@example.com,"9383 Hill Mission Suite 111 South Breannaport, OK 33629",2024-05-11
400,Lee Kramer,justinalvarado@example.org,"1634 Farrell Greens Suite 423 Cameronville, MT 87236",2020-09-27
401,Alicia Crosby,jonathanwest@example.net,"2185 Dickerson Pass Apt. 814 Nolanside, NM 74927",2022-05-23
402,Allison Graham,tjohnson@example.com,"820 David Ferry East Josephport, HI 92373",2020-04-29
403,Melissa Brown,glogan@example.net,"9213 Mills Street Suite 598 New Tracy, VA 43250",2023-05-05
404,Briana Jenkins,elizabeth12@example.com,"62211 Scott Brook Suite 841 East Julie, MS 43634",2020-02-14
405,Jaclyn Hodge,jameswade@example.org,"08165 Zachary Extensions Apt. 759 New Michaeltown, NH 01082",2022-05-03
406,Sherry Lam,oallen@example.org,Unit 6396 Box 7775 DPO AA 10370,2022-11-05
407,Ashley Bond,gwendolynbruce@example.org,"80898 Oconnor Shore Apt. 968 Erinborough, IN 11185",2022-12-21
408,Kelly Sanchez,jfloyd@example.org,"890 Scott Groves Chavezfort, FM 58730",2021-07-11
409,Brian Burgess,michael34@example.com,"62997 Michael Groves Apt. 074 Meganshire, CA 71500",2023-05-15
410,Catherine Washington,john58@example.com,"PSC 0585, Box 6441 APO AE 25778",2023-04-07
411,Matthew Mcguire,lopezelizabeth@example.org,"8540 Cindy Estate Apt. 743 Singletonview, NV 36739",2022-07-17
412,Anthony Anderson,robingarner@example.org,"77043 Lisa Plains Apt. 659 Evanborough, OH 72096",2022-10-02
413,Amanda Wolfe,gabriela69@example.net,"631 Brittney Center Suite 098 South Matthew, VT 40369",2020-08-12
414,Brenda Hamilton,sherri41@example.org,"5971 Rodriguez Trace Suite 692 East Adamview, MN 78431",2020-04-18
415,Melissa Little,kingangel@example.com,"2332 Garcia Avenue Suite 957 Erikafort, TX 53030",2021-07-16
416,Amy Davis,davidbauer@example.org,"48118 Tiffany Port West Jacquelinestad, PA 08738",2022-08-07
417,Jennifer Griffin,alvarezkevin@example.org,"352 Laura Keys Apt. 094 Caseside, CT 14128",2021-06-07
418,Brent Richardson,hollybeck@example.org,"829 Beth Trail Suite 275 Veronicachester, DC 67361",2021-08-25
419,Leah Riley,kiara57@example.com,USNV Alvarez FPO AP 99312,2020-02-25
420,Lee Wilson PhD,angel10@example.org,"54761 Elizabeth Forges Apt. 857 Jonathanstad, NH 45506",2020-05-18
421,Chelsea Moore,nicole64@example.com,"317 Elizabeth Estate Gregorystad, MI 03053",2024-06-21
422,Gerald Davis,singletoncourtney@example.com,"67718 Jill Meadows Apt. 533 North Ashley, NV 49810",2021-07-13
423,Devon Hogan,moorewilliam@example.net,"472 Tiffany Islands Suite 365 Allenfort, CO 94816",2021-01-24
424,Scott Reid,jeremy84@example.net,"196 Ricardo Parkway Suite 382 Wardmouth, MP 42652",2024-08-13
425,April Stewart MD,aaron79@example.com,"732 Guerrero Parks Suite 063 South Donnachester, GA 53054",2023-04-26
426,Melissa Hartman,jroberts@example.net,"18596 Jones Mills South Johntown, WA 66292",2024-02-03
427,Laura Lopez,xavier08@example.org,"8991 Kelly Ways Cooleyberg, ND 49247",2021-07-16
428,James Stevens,melissa93@example.net,"18297 Bennett Roads Perkinshaven, MH 23716",2021-10-31
429,Sheena Schultz,jeremy12@example.org,"312 Karen Parkways Suite 624 Port Shannon, NM 63149",2023-02-12
430,Dale Coleman,mestrada@example.org,"787 Jacob Trace Suite 146 Bentonside, ME 05723",2022-02-04
431,Timothy Hall,colonemily@example.net,Unit 3670 Box 9984 DPO AP 08615,2022-07-03
432,Stacey Frank,katherinegonzales@example.com,"33237 Andrews Mission Jamesport, DE 58158",2023-07-08
433,Robin Hughes,jessegonzalez@example.com,"69371 Ruben Mountains Suite 942 South Andrewfort, WA 08493",2021-09-16
434,Peggy Castro,bullocknicole@example.org,"324 Michael Locks Apt. 992 Adkinsfurt, UT 19761",2023-09-24
435,Crystal Martinez,wileyjessica@example.org,"054 Pam Neck Hutchinsonborough, VT 23281",2020-08-25
436,Brent Wilson,kevinjones@example.net,"109 Matthew Radial West Tylerbury, UT 31315",2022-12-27
437,Dennis Nixon,dustinwatkins@example.org,"4882 Keith Drives Suite 270 Nicolasberg, GA 65224",2022-08-19
438,Angela Vaughn,tonyallen@example.org,"24145 Stone Road Taylorfort, FM 46791",2020-09-13
439,Carl Gallegos,wilsonbrittany@example.net,"33887 Michelle Gardens Jamesview, MS 99520",2020-03-23
440,Shari Smith,carralexandria@example.org,"56177 Jones Way North Andrea, KY 86409",2024-06-19
441,Richard Marquez,frank24@example.com,"570 Andre Crossroad Suite 886 Meltonfort, WV 01765",2023-01-10
442,Vanessa Foster,desiree74@example.com,"389 Hamilton Courts Suite 638 East Brentstad, IN 29444",2020-10-28
443,Dawn Wilson,ssimpson@example.org,"15174 Carlson Mount Jenniferberg, MP 54005",2021-11-13
444,John Smith,trujillodebra@example.com,"448 Lester Islands Apt. 724 Conradstad, CO 36407",2020-08-01
445,Denise Carpenter,sarahdiaz@example.net,"61854 Mullins Harbor Apt. 219 South George, WY 84911",2021-02-09
446,Patrick Lynch,timothygraham@example.com,"23781 Joseph Summit Apt. 629 Amyfort, ND 35766",2020-12-22
447,Jon Stewart,erik44@example.org,"45703 Perry Mission Mcdanielton, AK 63364",2022-02-18
448,Amanda Watts,phillipsjoel@example.net,"198 Combs Inlet Port David, FL 08592",2022-12-13
449,Phillip Brown,teresaroberts@example.com,Unit 8116 Box 7297 DPO AP 10244,2021-09-04
450,Joyce Hendricks,gregorytaylor@example.org,"7852 Robinson Bridge Apt. 877 Ramirezfurt, FL 96067",2020-05-13
451,Brooke Peterson,pbernard@example.net,"5579 Brittany Spring Suite 788 North Stevenport, FM 76162",2021-03-09
452,Denise Chapman,bradshawbarry@example.com,"54956 Hawkins Groves Davidville, GA 94655",2020-06-30
453,Robert Thompson,smithmargaret@example.net,"6264 Davis Pines Suite 043 Gentryport, HI 46623",2021-07-04
454,Jason Miller,vaughnmargaret@example.org,"064 Miller Mountains Port Brittanytown, OK 11582",2024-08-04
455,Justin Jones,kendraromero@example.net,"05997 Bond Cape Coleville, AZ 37769",2020-09-11
456,Christopher Davenport,jimmydecker@example.org,"091 Pearson Hill New Sonyafort, MH 30727",2022-10-31
457,Shelly West,cooperkristen@example.net,"017 Castro Rest Warrenton, HI 59812",2022-09-01
458,Cory Byrd,david05@example.com,"4747 Rodriguez Drive Apt. 371 Castrostad, IA 72908",2022-04-09
459,Juan Jones,nicoledavidson@example.com,"716 Knapp Hollow Suite 858 Autumnland, GU 92829",2020-04-08
460,Sarah Johnson,sharonneal@example.net,"765 Stark Neck Lake Richard, HI 82498",2023-01-13
461,Andrew Sanders,burchbrandon@example.org,"6534 Li Land Apt. 144 Mccannfort, RI 94970",2022-09-12
462,James Levine,joshua69@example.com,"1088 Lopez Locks Suite 670 Sabrinaton, GU 55144",2021-12-01
463,Michele George,patricia84@example.com,"5206 Gregory Bypass Apt. 735 North Andres, WV 18720",2020-12-14
464,Justin Collins,hendersondarlene@example.org,"PSC 5566, Box 0432 APO AP 97699",2020-10-23
465,Samuel Lee,scott01@example.com,"82186 Thomas Villages Apt. 867 East Brett, KS 06886",2023-04-14
466,Timothy Gonzales,lpeterson@example.com,Unit 2618 Box 7376 DPO AA 08507,2022-07-05
467,Kaitlin Wiley,samuel73@example.com,"924 Brown Valleys Suite 756 Ibarrabury, KS 21740",2020-03-14
468,Raymond Lee,peteranderson@example.com,"PSC 4279, Box 8831 APO AA 15157",2023-05-28
469,Thomas Mendez,wilsonamanda@example.org,"424 Brenda Key Pateltown, VI 18868",2020-07-22
470,James Smith DDS,hudsontimothy@example.net,"1341 Rodriguez Union Suite 488 North Tracyville, UT 21327",2024-07-17
471,Jacqueline Taylor,mcdanielmary@example.net,"390 Bradley Canyon North Loriberg, NC 42756",2022-04-12
472,Kristine Petersen,jessica35@example.com,"69064 Brenda Ford Suite 554 Lake Margaretstad, CO 28876",2022-05-26
473,Jeffrey Mcneil,cynthiaschneider@example.org,"30255 Flores Points Nguyentown, MO 89599",2022-03-06
474,Kristen Daniels,lisacole@example.com,"130 Jackson Underpass Bruceborough, FL 49580",2021-08-12
475,Morgan Aguilar,russell88@example.org,"4029 Jose Ramp Suite 093 Josephburgh, DE 77641",2020-01-03
476,Anthony Dominguez,scottchavez@example.net,"7184 Darrell Cove Suite 089 New Thomas, WA 90597",2022-03-09
477,Matthew Duncan,johnsontracy@example.com,"61597 Eileen Land Suite 212 Kimberlyside, WA 02277",2022-05-17
478,Jonathan Bradley,vbryan@example.org,"486 May Mill Apt. 772 Aaronbury, NY 68697",2024-05-08
479,Timothy Wilson,buchanantiffany@example.org,USNV Summers FPO AA 60957,2020-02-17
480,Carla Day,wmartin@example.com,"493 Sharp Square Apt. 389 Lake Jacobborough, TN 32874",2023-10-07
481,Kristin Moore,etrujillo@example.net,"767 Carter Ramp Port Jimmyfurt, WV 96162",2022-02-05
482,Charles Foster,danielrodriguez@example.net,"5441 Brandy Overpass Bethborough, SD 12978",2020-08-09
483,Nathan Morales,dwood@example.com,"0257 Powers Underpass Haileymouth, LA 37732",2023-02-07
484,Robert Peters,woodmark@example.com,"1130 Vincent Shoals Nathanfurt, IL 57792",2021-07-27
485,Erika Collins,emack@example.com,"2400 Hunt Skyway Suite 106 Port Kyleberg, GA 24404",2020-01-24
486,Jose Higgins,maryballard@example.org,"5242 Robert Fork Suite 602 West Travisport, OK 89072",2023-07-22
487,Jamie Pierce,chad98@example.org,"27055 Murray Manors Suite 075 Andradeborough, WI 41404",2022-01-25
488,Daniel Arroyo,prose@example.org,"2937 Sara Lights Suite 178 South Mark, RI 79909",2022-05-28
489,Cassie Maddox,michael29@example.org,"31891 Joseph Burg North Edwardmouth, WI 42359",2024-06-25
490,Laura Clayton,dale81@example.org,Unit 9783 Box 6201 DPO AA 68496,2022-07-12
491,Michelle Sanders,francis34@example.com,"483 James Square Apt. 832 West Nicholas, DC 59529",2024-05-20
492,Susan Barry,cward@example.net,"2140 Sandra Mission Timothyhaven, MI 11251",2024-05-16
493,Donald Foster,wallacenicole@example.com,"95603 Byrd Circles Suite 183 North Brittanyton, PA 09898",2022-12-07
494,William Byrd,melindabowman@example.org,"18858 Sarah Rapids Parksmouth, VA 57171",2024-08-24
495,Jacob Harris,lewiscarmen@example.com,"7356 Walter Road North Samuel, VI 34736",2021-02-09
496,Sara Conner,xbecker@example.net,"47627 Nielsen Port East Monicashire, AS 23092",2021-02-23
497,Allison Lawrence MD,sarahmoore@example.org,"5652 Young Meadow South Jessicatown, DE 41268",2023-08-04
498,Juan Pham,romerokristi@example.net,"00958 Kathryn Ferry Suite 810 North Alexton, CO 86743",2020-12-24
499,Matthew Guerrero,brandon15@example.org,"635 Huang Glens South Nicole, KY 57300",2021-11-16
500,Miguel Kelly,ostrong@example.org,"2053 Andrew Square East Charles, MH 17889",2020-04-21
